type	GSM
timestamp	12:15:11	13-June-2026
resolution	29
xmin	-79.01781602
xmax	-78.98761208
ymin	-2.911280451
ymax	-2.884219779
x_num_pixels	116
y_num_pixels	103


-79.00321171;-2.911254546;	Site4_1;-102.0000
-79.00269013;-2.911253617;	Site4_1;-102.0000
-79.00242934;-2.911253153;	Site4_1;-102.0000
-79.00216855;-2.911252688;	Site4_1;-102.0000
-79.00190776;-2.911252224;	Site4_1;-102.0000
-79.00477691;-2.910995126;	Site4_1;-102.0000
-79.00451612;-2.910994662;	Site4_1;-101.9375
-79.00425533;-2.910994198;	Site4_1;-101.8750
-79.00399454;-2.910993734;	Site4_1;-101.8750
-79.00373375;-2.91099327;	Site4_1;-101.8125
-79.00347296;-2.910992806;	Site4_1;-101.7500
-79.00321217;-2.910992342;	Site4_1;-101.7500
-79.00295138;-2.910991877;	Site4_1;-101.7500
-79.00269059;-2.910991413;	Site4_1;-101.7500
-79.00242980;-2.910990949;	Site4_1;-101.7500
-79.00216901;-2.910990484;	Site4_1;-101.7500
-79.00190822;-2.91099002;	Site4_1;-101.7500
-79.00164743;-2.910989555;	Site4_1;-101.8125
-79.00138664;-2.91098909;	Site4_1;-101.8750
-79.00112585;-2.910988626;	Site4_1;-101.9375
-79.00086506;-2.910988161;	Site4_1;-102.0000
-79.00608132;-2.91073524;	Site4_1;-101.9375
-79.00582053;-2.910734776;	Site4_1;-101.8750
-79.00555974;-2.910734313;	Site4_1;-101.8750
-79.00529895;-2.910733849;	Site4_1;-101.8750
-79.00503816;-2.910733385;	Site4_1;-101.8125
-79.00477737;-2.910732921;	Site4_1;-101.7500
-79.00451658;-2.910732457;	Site4_1;-101.6875
-79.00425579;-2.910731994;	Site4_1;-101.5625
-79.003995;-2.91073153;	Site4_1;-101.5625
-79.00373421;-2.910731065;	Site4_1;-101.5625
-79.00347342;-2.910730601;	Site4_1;-101.5000
-79.00321263;-2.910730137;	Site4_1;-101.4375
-79.00295184;-2.910729673;	Site4_1;-101.5000
-79.00269105;-2.910729209;	Site4_1;-101.4375
-79.00243026;-2.910728744;	Site4_1;-101.5000
-79.00216947;-2.91072828;	Site4_1;-101.4375
-79.00190868;-2.910727815;	Site4_1;-101.5000
-79.00164789;-2.910727351;	Site4_1;-101.5625
-79.0013871;-2.910726886;	Site4_1;-101.6250
-79.00112631;-2.910726422;	Site4_1;-101.6875
-79.00086552;-2.910725957;	Site4_1;-101.7500
-79.00060473;-2.910725492;	Site4_1;-101.8125
-79.00034394;-2.910725027;	Site4_1;-101.8125
-79.00008315;-2.910724562;	Site4_1;-101.8750
-78.99982236;-2.910724097;	Site4_1;-102.0000
-79.00712495;-2.910474888;	Site4_1;-101.9375
-79.00686416;-2.910474425;	Site4_1;-101.8750
-79.00660337;-2.910473962;	Site4_1;-101.8125
-79.00634258;-2.910473498;	Site4_1;-101.7500
-79.00608178;-2.910473035;	Site4_1;-101.6875
-79.00582099;-2.910472571;	Site4_1;-101.6250
-79.00556020;-2.910472108;	Site4_1;-101.6250
-79.00529941;-2.910471644;	Site4_1;-101.5625
-79.00503862;-2.91047118;	Site4_1;-101.5625
-79.00477783;-2.910470717;	Site4_1;-101.5000
-79.00451704;-2.910470253;	Site4_1;-101.3750
-79.00425625;-2.910469789;	Site4_1;-101.3125
-79.00399546;-2.910469325;	Site4_1;-101.3125
-79.00373467;-2.910468861;	Site4_1;-101.3125
-79.00347388;-2.910468397;	Site4_1;-101.2500
-79.00321309;-2.910467933;	Site4_1;-101.1875
-79.00295230;-2.910467469;	Site4_1;-101.2500
-79.00269151;-2.910467004;	Site4_1;-101.1875
-79.00243072;-2.91046654;	Site4_1;-101.1875
-79.00216993;-2.910466076;	Site4_1;-101.1875
-79.00190914;-2.910465611;	Site4_1;-101.1875
-79.00164835;-2.910465147;	Site4_1;-101.2500
-79.00138756;-2.910464682;	Site4_1;-101.3125
-79.00112677;-2.910464217;	Site4_1;-101.3750
-79.00086598;-2.910463753;	Site4_1;-101.4375
-79.00060519;-2.910463288;	Site4_1;-101.5000
-79.00034440;-2.910462823;	Site4_1;-101.5000
-79.00008361;-2.910462358;	Site4_1;-101.5625
-78.99982283;-2.910461893;	Site4_1;-101.7500
-78.99956204;-2.910461428;	Site4_1;-101.8750
-78.99930125;-2.910460963;	Site4_1;-101.9375
-79.00816857;-2.910214536;	Site4_1;-102.0000
-79.00790778;-2.910214073;	Site4_1;-101.9375
-79.00764699;-2.91021361;	Site4_1;-101.8750
-79.00738620;-2.910213147;	Site4_1;-101.7500
-79.00712541;-2.910212683;	Site4_1;-101.6875
-79.00686462;-2.91021222;	Site4_1;-101.5625
-79.00660383;-2.910211757;	Site4_1;-101.5625
-79.00634304;-2.910211294;	Site4_1;-101.5000
-79.00608225;-2.91021083;	Site4_1;-101.4375
-79.00582146;-2.910210367;	Site4_1;-101.3125
-79.00556066;-2.910209903;	Site4_1;-101.3125
-79.00529987;-2.910209439;	Site4_1;-101.3125
-79.00503908;-2.910208976;	Site4_1;-101.2500
-79.00477829;-2.910208512;	Site4_1;-101.1875
-79.00451750;-2.910208048;	Site4_1;-101.1250
-79.00425671;-2.910207584;	Site4_1;-101.0625
-79.00399592;-2.91020712;	Site4_1;-101.0000
-79.00373513;-2.910206656;	Site4_1;-101.0000
-79.00347434;-2.910206192;	Site4_1;-100.9375
-79.00321355;-2.910205728;	Site4_1;-100.8750
-79.00295276;-2.910205264;	Site4_1;-100.9375
-79.00269197;-2.9102048;	Site4_1;-100.8750
-79.00243118;-2.910204336;	Site4_1;-100.9375
-79.00217039;-2.910203871;	Site4_1;-100.8750
-79.00190960;-2.910203407;	Site4_1;-100.9375
-79.00164881;-2.910202943;	Site4_1;-101.0000
-79.00138802;-2.910202478;	Site4_1;-101.0625
-79.00112724;-2.910202013;	Site4_1;-101.1250
-79.00086645;-2.910201549;	Site4_1;-101.1875
-79.00060566;-2.910201084;	Site4_1;-101.2500
-79.00034487;-2.910200619;	Site4_1;-101.2500
-79.00008408;-2.910200154;	Site4_1;-101.3125
-78.99982329;-2.91019969;	Site4_1;-101.4375
-78.99956250;-2.910199225;	Site4_1;-101.6250
-78.99930171;-2.91019876;	Site4_1;-101.6875
-78.99904092;-2.910198295;	Site4_1;-101.8125
-78.99878013;-2.910197829;	Site4_1;-101.8750
-79.00842982;-2.909952794;	Site4_1;-101.9375
-79.00816903;-2.909952331;	Site4_1;-101.8125
-79.00790824;-2.909951868;	Site4_1;-101.6875
-79.00764745;-2.909951405;	Site4_1;-101.6250
-79.00738666;-2.909950942;	Site4_1;-101.5000
-79.00712587;-2.909950478;	Site4_1;-101.4375
-79.00686508;-2.909950015;	Site4_1;-101.3125
-79.00660429;-2.909949552;	Site4_1;-101.2500
-79.00634350;-2.909949089;	Site4_1;-101.2500
-79.00608271;-2.909948625;	Site4_1;-101.1250
-79.00582192;-2.909948162;	Site4_1;-101.0625
-79.00556113;-2.909947698;	Site4_1;-101.0625
-79.00530034;-2.909947235;	Site4_1;-101.0000
-79.00503955;-2.909946771;	Site4_1;-101.0000
-79.00477876;-2.909946307;	Site4_1;-100.9375
-79.00451797;-2.909945844;	Site4_1;-100.8750
-79.00425718;-2.90994538;	Site4_1;-100.7500
-79.00399638;-2.909944916;	Site4_1;-100.7500
-79.00373559;-2.909944452;	Site4_1;-100.7500
-79.00347481;-2.909943988;	Site4_1;-100.6875
-79.00321402;-2.909943524;	Site4_1;-100.6250
-79.00295323;-2.90994306;	Site4_1;-100.6250
-79.00269244;-2.909942596;	Site4_1;-100.6250
-79.00243165;-2.909942131;	Site4_1;-100.6250
-79.00217086;-2.909941667;	Site4_1;-100.6250
-79.00191007;-2.909941203;	Site4_1;-100.6250
-79.00164928;-2.909940738;	Site4_1;-100.6875
-79.00138849;-2.909940274;	Site4_1;-100.7500
-79.00112770;-2.909939809;	Site4_1;-100.8125
-79.00086691;-2.909939345;	Site4_1;-100.8750
-79.00060612;-2.90993888;	Site4_1;-100.9375
-79.00034533;-2.909938415;	Site4_1;-100.9375
-79.00008454;-2.909937951;	Site4_1;-101.0625
-78.99982375;-2.909937486;	Site4_1;-101.1875
-78.99956296;-2.909937021;	Site4_1;-101.3125
-78.99930217;-2.909936556;	Site4_1;-101.4375
-78.99904138;-2.909936091;	Site4_1;-101.5000
-78.99878059;-2.909935626;	Site4_1;-101.6250
-78.99851980;-2.909935161;	Site4_1;-101.8125
-78.99825901;-2.909934695;	Site4_1;-101.9375
-79.00895186;-2.909691514;	Site4_1;-102.0000
-79.00869107;-2.909691051;	Site4_1;-101.8750
-79.00843028;-2.909690588;	Site4_1;-101.6875
-79.00816949;-2.909690125;	Site4_1;-101.5625
-79.0079087;-2.909689662;	Site4_1;-101.4375
-79.00764791;-2.9096892;	Site4_1;-101.3750
-79.00738712;-2.909688736;	Site4_1;-101.2500
-79.00712633;-2.909688273;	Site4_1;-101.1875
-79.00686554;-2.90968781;	Site4_1;-101.0625
-79.00660475;-2.909687347;	Site4_1;-101.0000
-79.00634396;-2.909686884;	Site4_1;-100.9375
-79.00608317;-2.90968642;	Site4_1;-100.8750
-79.00582238;-2.909685957;	Site4_1;-100.7500
-79.00556159;-2.909685493;	Site4_1;-100.7500
-79.00530080;-2.90968503;	Site4_1;-100.7500
-79.00504001;-2.909684566;	Site4_1;-100.6875
-79.00477922;-2.909684103;	Site4_1;-100.6250
-79.00451843;-2.909683639;	Site4_1;-100.5625
-79.00425764;-2.909683175;	Site4_1;-100.5000
-79.00399685;-2.909682711;	Site4_1;-100.4375
-79.00373606;-2.909682248;	Site4_1;-100.4375
-79.00347527;-2.909681784;	Site4_1;-100.3750
-79.00321448;-2.90968132;	Site4_1;-100.3125
-79.00295369;-2.909680855;	Site4_1;-100.3750
-79.00269290;-2.909680391;	Site4_1;-100.3125
-79.00243211;-2.909679927;	Site4_1;-100.3125
-79.00217132;-2.909679463;	Site4_1;-100.3125
-79.00191053;-2.909678999;	Site4_1;-100.3125
-79.00164974;-2.909678534;	Site4_1;-100.3750
-79.00138895;-2.90967807;	Site4_1;-100.4375
-79.00112816;-2.909677605;	Site4_1;-100.5625
-79.00086737;-2.909677141;	Site4_1;-100.6250
-79.00060658;-2.909676676;	Site4_1;-100.6875
-79.00034579;-2.909676211;	Site4_1;-100.6875
-79.00008500;-2.909675747;	Site4_1;-100.7500
-78.99982421;-2.909675282;	Site4_1;-100.9375
-78.99956342;-2.909674817;	Site4_1;-101.0625
-78.99930263;-2.909674352;	Site4_1;-101.1250
-78.99904184;-2.909673887;	Site4_1;-101.2500
-78.99878106;-2.909673422;	Site4_1;-101.3750
-78.99852027;-2.909672957;	Site4_1;-101.5625
-78.99825948;-2.909672492;	Site4_1;-101.6875
-78.99799869;-2.909672027;	Site4_1;-101.8750
-78.99773790;-2.909671561;	Site4_1;-102.0000
-79.00921311;-2.909429771;	Site4_1;-101.9375
-79.00895232;-2.909429308;	Site4_1;-101.7500
-79.00869153;-2.909428846;	Site4_1;-101.6250
-79.00843074;-2.909428383;	Site4_1;-101.4375
-79.00816995;-2.90942792;	Site4_1;-101.3125
-79.00790916;-2.909427457;	Site4_1;-101.1875
-79.00764837;-2.909426994;	Site4_1;-101.1250
-79.00738758;-2.909426531;	Site4_1;-101.0000
-79.00712679;-2.909426068;	Site4_1;-100.8750
-79.00686600;-2.909425605;	Site4_1;-100.8125
-79.00660521;-2.909425142;	Site4_1;-100.6875
-79.00634442;-2.909424679;	Site4_1;-100.6250
-79.00608363;-2.909424215;	Site4_1;-100.6250
-79.00582284;-2.909423752;	Site4_1;-100.5000
-79.00556205;-2.909423289;	Site4_1;-100.4375
-79.00530126;-2.909422825;	Site4_1;-100.4375
-79.00504047;-2.909422362;	Site4_1;-100.3750
-79.00477968;-2.909421898;	Site4_1;-100.3750
-79.00451889;-2.909421434;	Site4_1;-100.2500
-79.00425810;-2.909420971;	Site4_1;-100.1875
-79.00399731;-2.909420507;	Site4_1;-100.1250
-79.00373652;-2.909420043;	Site4_1;-100.1250
-79.00347573;-2.909419579;	Site4_1;-100.0625
-79.00321494;-2.909419115;	Site4_1;-100.0000
-79.00295415;-2.909418651;	Site4_1;-100.0625
-79.00269336;-2.909418187;	Site4_1;-100.0000
-79.00243257;-2.909417723;	Site4_1;-100.0625
-79.00217178;-2.909417259;	Site4_1;-100.0000
-79.00191099;-2.909416794;	Site4_1;-100.0625
-79.0016502;-2.90941633;	Site4_1;-100.1250
-79.00138941;-2.909415866;	Site4_1;-100.1875
-79.00112862;-2.909415401;	Site4_1;-100.2500
-79.00086783;-2.909414937;	Site4_1;-100.3125
-79.00060704;-2.909414472;	Site4_1;-100.3750
-79.00034625;-2.909414007;	Site4_1;-100.3750
-79.00008546;-2.909413543;	Site4_1;-100.5000
-78.99982467;-2.909413078;	Site4_1;-100.6875
-78.99956389;-2.909412613;	Site4_1;-100.7500
-78.99930310;-2.909412148;	Site4_1;-100.8750
-78.99904231;-2.909411683;	Site4_1;-101.0000
-78.99878152;-2.909411218;	Site4_1;-101.1250
-78.99852073;-2.909410753;	Site4_1;-101.3125
-78.99825994;-2.909410288;	Site4_1;-101.4375
-78.99799915;-2.909409823;	Site4_1;-101.6250
-78.99773836;-2.909409358;	Site4_1;-101.7500
-78.99747757;-2.909408892;	Site4_1;-102.0000
-79.00973516;-2.909168491;	Site4_1;-102.0000
-79.00947436;-2.909168028;	Site4_1;-101.8750
-79.00921357;-2.909167566;	Site4_1;-101.6875
-79.00895278;-2.909167103;	Site4_1;-101.5625
-79.00869199;-2.909166641;	Site4_1;-101.3750
-79.00843120;-2.909166178;	Site4_1;-101.2500
-79.00817041;-2.909165715;	Site4_1;-101.0625
-79.00790962;-2.909165252;	Site4_1;-100.9375
-79.00764883;-2.909164789;	Site4_1;-100.8125
-79.00738804;-2.909164326;	Site4_1;-100.7500
-79.00712725;-2.909163863;	Site4_1;-100.6250
-79.00686646;-2.9091634;	Site4_1;-100.5625
-79.00660567;-2.909162937;	Site4_1;-100.4375
-79.00634488;-2.909162474;	Site4_1;-100.3750
-79.00608409;-2.909162011;	Site4_1;-100.3125
-79.00582330;-2.909161547;	Site4_1;-100.2500
-79.00556251;-2.909161084;	Site4_1;-100.1250
-79.00530172;-2.90916062;	Site4_1;-100.1250
-79.00504093;-2.909160157;	Site4_1;-100.1250
-79.00478014;-2.909159693;	Site4_1;-100.0625
-79.00451935;-2.90915923;	Site4_1;-100.0000
-79.00425856;-2.909158766;	Site4_1;-99.8750
-79.00399777;-2.909158302;	Site4_1;-99.8125
-79.00373698;-2.909157839;	Site4_1;-99.8750
-79.00347619;-2.909157375;	Site4_1;-99.8125
-79.00321540;-2.909156911;	Site4_1;-99.7500
-79.00295461;-2.909156447;	Site4_1;-99.7500
-79.00269382;-2.909155983;	Site4_1;-99.6875
-79.00243303;-2.909155519;	Site4_1;-99.7500
-79.00217224;-2.909155054;	Site4_1;-99.7500
-79.00191145;-2.90915459;	Site4_1;-99.7500
-79.00165066;-2.909154126;	Site4_1;-99.8125
-79.00138987;-2.909153662;	Site4_1;-99.8750
-79.00112908;-2.909153197;	Site4_1;-99.9375
-79.00086829;-2.909152733;	Site4_1;-100.0000
-79.00060750;-2.909152268;	Site4_1;-100.0625
-79.00034672;-2.909151804;	Site4_1;-100.0625
-79.00008593;-2.909151339;	Site4_1;-100.1875
-78.99982514;-2.909150874;	Site4_1;-100.3750
-78.99956435;-2.909150409;	Site4_1;-100.5000
-78.99930356;-2.909149945;	Site4_1;-100.5625
-78.99904277;-2.90914948;	Site4_1;-100.6875
-78.99878198;-2.909149015;	Site4_1;-100.8750
-78.99852119;-2.90914855;	Site4_1;-101.0000
-78.99826040;-2.909148085;	Site4_1;-101.1875
-78.99799961;-2.909147619;	Site4_1;-101.3750
-78.99773882;-2.909147154;	Site4_1;-101.5625
-78.99747804;-2.909146689;	Site4_1;-101.7500
-78.99721725;-2.909146224;	Site4_1;-101.8750
-79.00999641;-2.908906748;	Site4_1;-101.8750
-79.00973562;-2.908906285;	Site4_1;-101.7500
-79.00947482;-2.908905823;	Site4_1;-101.6250
-79.00921403;-2.90890536;	Site4_1;-101.4375
-79.00895324;-2.908904898;	Site4_1;-101.3125
-79.00869245;-2.908904435;	Site4_1;-101.1250
-79.00843166;-2.908903973;	Site4_1;-101.0000
-79.00817087;-2.90890351;	Site4_1;-100.8125
-79.00791008;-2.908903047;	Site4_1;-100.6875
-79.00764929;-2.908902584;	Site4_1;-100.5625
-79.0073885;-2.908902121;	Site4_1;-100.5000
-79.00712771;-2.908901658;	Site4_1;-100.3125
-79.00686692;-2.908901195;	Site4_1;-100.2500
-79.00660613;-2.908900732;	Site4_1;-100.1250
-79.00634534;-2.908900269;	Site4_1;-100.0625
-79.00608455;-2.908899806;	Site4_1;-100.0000
-79.00582376;-2.908899342;	Site4_1;-99.9375
-79.00556297;-2.908898879;	Site4_1;-99.8750
-79.00530218;-2.908898416;	Site4_1;-99.8125
-79.00504139;-2.908897952;	Site4_1;-99.8125
-79.00478060;-2.908897489;	Site4_1;-99.7500
-79.00451981;-2.908897025;	Site4_1;-99.6875
-79.00425902;-2.908896561;	Site4_1;-99.6250
-79.00399823;-2.908896098;	Site4_1;-99.5000
-79.00373744;-2.908895634;	Site4_1;-99.5000
-79.00347665;-2.90889517;	Site4_1;-99.5000
-79.00321586;-2.908894706;	Site4_1;-99.4375
-79.00295507;-2.908894242;	Site4_1;-99.4375
-79.00269428;-2.908893778;	Site4_1;-99.3750
-79.00243349;-2.908893314;	Site4_1;-99.4375
-79.00217270;-2.90889285;	Site4_1;-99.4375
-79.00191191;-2.908892386;	Site4_1;-99.4375
-79.00165112;-2.908891922;	Site4_1;-99.5000
-79.00139033;-2.908891457;	Site4_1;-99.5625
-79.00112955;-2.908890993;	Site4_1;-99.6250
-79.00086876;-2.908890529;	Site4_1;-99.6875
-79.00060797;-2.908890064;	Site4_1;-99.7500
-79.00034718;-2.9088896;	Site4_1;-99.8125
-79.00008639;-2.908889135;	Site4_1;-99.9375
-78.99982560;-2.90888867;	Site4_1;-100.0625
-78.99956481;-2.908888206;	Site4_1;-100.1875
-78.99930402;-2.908887741;	Site4_1;-100.3125
-78.99904323;-2.908887276;	Site4_1;-100.4375
-78.99878244;-2.908886811;	Site4_1;-100.6250
-78.99852165;-2.908886346;	Site4_1;-100.7500
-78.99826087;-2.908885881;	Site4_1;-100.9375
-78.99800008;-2.908885416;	Site4_1;-101.1250
-78.99773929;-2.908884951;	Site4_1;-101.3125
-78.99747850;-2.908884486;	Site4_1;-101.4375
-78.99721771;-2.90888402;	Site4_1;-101.6250
-78.99695692;-2.908883555;	Site4_1;-101.8750
-79.01025766;-2.908645004;	Site4_1;-101.9375
-79.00999687;-2.908644542;	Site4_1;-101.6875
-79.00973608;-2.90864408;	Site4_1;-101.5000
-79.00947528;-2.908643617;	Site4_1;-101.3750
-79.00921449;-2.908643155;	Site4_1;-101.2500
-79.00895370;-2.908642692;	Site4_1;-101.0625
-79.00869291;-2.90864223;	Site4_1;-100.8750
-79.00843212;-2.908641767;	Site4_1;-100.7500
-79.00817133;-2.908641305;	Site4_1;-100.5625
-79.00791054;-2.908640842;	Site4_1;-100.4375
-79.00764975;-2.908640379;	Site4_1;-100.2500
-79.00738896;-2.908639916;	Site4_1;-100.1875
-79.00712817;-2.908639453;	Site4_1;-100.0625
-79.00686738;-2.90863899;	Site4_1;-99.9375
-79.00660659;-2.908638527;	Site4_1;-99.8750
-79.0063458;-2.908638064;	Site4_1;-99.7500
-79.00608501;-2.908637601;	Site4_1;-99.6875
-79.00582422;-2.908637138;	Site4_1;-99.6875
-79.00556343;-2.908636674;	Site4_1;-99.5625
-79.00530264;-2.908636211;	Site4_1;-99.5000
-79.00504185;-2.908635748;	Site4_1;-99.5000
-79.00478106;-2.908635284;	Site4_1;-99.4375
-79.00452027;-2.908634821;	Site4_1;-99.3750
-79.00425948;-2.908634357;	Site4_1;-99.3125
-79.00399869;-2.908633893;	Site4_1;-99.1875
-79.00373790;-2.90863343;	Site4_1;-99.1875
-79.00347711;-2.908632966;	Site4_1;-99.1875
-79.00321632;-2.908632502;	Site4_1;-99.1250
-79.00295553;-2.908632038;	Site4_1;-99.1250
-79.00269474;-2.908631574;	Site4_1;-99.0625
-79.00243395;-2.90863111;	Site4_1;-99.1250
-79.00217316;-2.908630646;	Site4_1;-99.0625
-79.00191238;-2.908630182;	Site4_1;-99.1250
-79.00165159;-2.908629718;	Site4_1;-99.1875
-79.00139080;-2.908629253;	Site4_1;-99.2500
-79.00113001;-2.908628789;	Site4_1;-99.3125
-79.00086922;-2.908628325;	Site4_1;-99.4375
-79.00060843;-2.90862786;	Site4_1;-99.4375
-79.00034764;-2.908627396;	Site4_1;-99.5000
-79.00008685;-2.908626931;	Site4_1;-99.6250
-78.99982606;-2.908626466;	Site4_1;-99.8125
-78.99956527;-2.908626002;	Site4_1;-99.8750
-78.99930448;-2.908625537;	Site4_1;-100.0000
-78.99904369;-2.908625072;	Site4_1;-100.1250
-78.99878291;-2.908624607;	Site4_1;-100.3125
-78.99852212;-2.908624142;	Site4_1;-100.5000
-78.99826133;-2.908623677;	Site4_1;-100.6875
-78.99800054;-2.908623212;	Site4_1;-100.8125
-78.99773975;-2.908622747;	Site4_1;-101.0625
-78.99747896;-2.908622282;	Site4_1;-101.1875
-78.99721817;-2.908621817;	Site4_1;-101.4375
-78.99695738;-2.908621352;	Site4_1;-101.6250
-78.99669660;-2.908620886;	Site4_1;-101.8750
-78.99643581;-2.908620421;	Site2_1;-102.0000
-79.01051891;-2.908383261;	Site4_1;-101.8750
-79.01025812;-2.908382799;	Site4_1;-101.6875
-79.00999733;-2.908382337;	Site4_1;-101.5000
-79.00973654;-2.908381874;	Site4_1;-101.2500
-79.00947574;-2.908381412;	Site4_1;-101.1250
-79.00921495;-2.90838095;	Site4_1;-101.0000
-79.00895416;-2.908380487;	Site4_1;-100.8125
-79.00869337;-2.908380025;	Site4_1;-100.6250
-79.00843258;-2.908379562;	Site4_1;-100.5000
-79.00817179;-2.908379099;	Site4_1;-100.3125
-79.00791100;-2.908378637;	Site4_1;-100.1875
-79.00765021;-2.908378174;	Site4_1;-100.0000
-79.00738942;-2.908377711;	Site4_1;-99.8750
-79.00712863;-2.908377248;	Site4_1;-99.8125
-79.00686784;-2.908376785;	Site4_1;-99.6250
-79.00660705;-2.908376322;	Site4_1;-99.5625
-79.00634626;-2.908375859;	Site4_1;-99.4375
-79.00608547;-2.908375396;	Site4_1;-99.3750
-79.00582468;-2.908374933;	Site4_1;-99.3750
-79.00556389;-2.90837447;	Site4_1;-99.2500
-79.00530310;-2.908374006;	Site4_1;-99.1875
-79.00504231;-2.908373543;	Site4_1;-99.1875
-79.00478152;-2.908373079;	Site4_1;-99.1250
-79.00452073;-2.908372616;	Site4_1;-99.0625
-79.00425994;-2.908372152;	Site4_1;-99.0000
-79.00399915;-2.908371689;	Site4_1;-98.8750
-79.00373836;-2.908371225;	Site4_1;-98.8750
-79.00347757;-2.908370761;	Site4_1;-98.8750
-79.00321678;-2.908370297;	Site4_1;-98.7500
-79.00295599;-2.908369834;	Site4_1;-98.7500
-79.00269520;-2.90836937;	Site4_1;-98.7500
-79.00243442;-2.908368906;	Site4_1;-98.7500
-79.00217363;-2.908368442;	Site4_1;-98.7500
-79.00191284;-2.908367978;	Site4_1;-98.8125
-79.00165205;-2.908367513;	Site4_1;-98.8750
-79.00139126;-2.908367049;	Site4_1;-98.9375
-79.00113047;-2.908366585;	Site4_1;-99.0000
-79.00086968;-2.908366121;	Site4_1;-99.0625
-79.00060889;-2.908365656;	Site4_1;-99.1250
-79.00034810;-2.908365192;	Site4_1;-99.1875
-79.00008731;-2.908364727;	Site4_1;-99.3125
-78.99982652;-2.908364263;	Site4_1;-99.5000
-78.99956573;-2.908363798;	Site4_1;-99.5625
-78.99930495;-2.908363333;	Site4_1;-99.6875
-78.99904416;-2.908362868;	Site4_1;-99.8750
-78.99878337;-2.908362404;	Site4_1;-100.0625
-78.99852258;-2.908361939;	Site4_1;-100.1875
-78.99826179;-2.908361474;	Site4_1;-100.3750
-78.99800100;-2.908361009;	Site4_1;-100.5625
-78.99774021;-2.908360544;	Site4_1;-100.7500
-78.99747942;-2.908360079;	Site4_1;-100.9375
-78.99721864;-2.908359613;	Site4_1;-101.1875
-78.99695785;-2.908359148;	Site4_1;-101.4375
-78.99669706;-2.908358683;	Site2_1;-101.6250
-78.99643627;-2.908358217;	Site2_1;-101.6875
-78.99617548;-2.908357752;	Site2_1;-101.7500
-78.99591469;-2.908357286;	Site2_1;-101.8125
-78.99565390;-2.908356821;	Site2_1;-101.8750
-78.99539312;-2.908356355;	Site2_1;-101.9375
-79.01104095;-2.90812198;	Site3_1;-102.0000
-79.01078016;-2.908121518;	Site4_1;-101.8750
-79.01051937;-2.908121055;	Site4_1;-101.6875
-79.01025858;-2.908120593;	Site4_1;-101.5000
-79.00999779;-2.908120131;	Site4_1;-101.3125
-79.00973700;-2.908119669;	Site4_1;-101.0625
-79.00947620;-2.908119207;	Site4_1;-100.8750
-79.00921541;-2.908118744;	Site4_1;-100.7500
-79.00895462;-2.908118282;	Site4_1;-100.5625
-79.00869383;-2.908117819;	Site4_1;-100.4375
-79.00843304;-2.908117357;	Site4_1;-100.2500
-79.00817225;-2.908116894;	Site4_1;-100.0625
-79.00791146;-2.908116432;	Site4_1;-99.8750
-79.00765067;-2.908115969;	Site4_1;-99.7500
-79.00738988;-2.908115506;	Site4_1;-99.5625
-79.00712909;-2.908115043;	Site4_1;-99.5000
-79.00686830;-2.90811458;	Site4_1;-99.3750
-79.00660751;-2.908114117;	Site4_1;-99.3125
-79.00634672;-2.908113654;	Site4_1;-99.1875
-79.00608593;-2.908113191;	Site4_1;-99.0625
-79.00582514;-2.908112728;	Site4_1;-99.0625
-79.00556435;-2.908112265;	Site4_1;-98.9375
-79.00530356;-2.908111801;	Site4_1;-98.8750
-79.00504277;-2.908111338;	Site4_1;-98.8125
-79.00478198;-2.908110875;	Site4_1;-98.8125
-79.00452119;-2.908110411;	Site4_1;-98.7500
-79.00426040;-2.908109948;	Site4_1;-98.6875
-79.00399961;-2.908109484;	Site4_1;-98.5625
-79.00373882;-2.908109021;	Site4_1;-98.5625
-79.00347803;-2.908108557;	Site4_1;-98.5000
-79.00321725;-2.908108093;	Site4_1;-98.4375
-79.00295646;-2.908107629;	Site4_1;-98.4375
-79.00269567;-2.908107165;	Site4_1;-98.4375
-79.00243488;-2.908106701;	Site4_1;-98.4375
-79.00217409;-2.908106237;	Site4_1;-98.4375
-79.00191330;-2.908105773;	Site4_1;-98.4375
-79.00165251;-2.908105309;	Site4_1;-98.5000
-79.00139172;-2.908104845;	Site4_1;-98.6250
-79.00113093;-2.908104381;	Site4_1;-98.6875
-79.00087014;-2.908103917;	Site4_1;-98.7500
-79.00060935;-2.908103452;	Site4_1;-98.8125
-79.00034856;-2.908102988;	Site4_1;-98.8750
-79.00008777;-2.908102523;	Site4_1;-99.0625
-78.99982699;-2.908102059;	Site4_1;-99.1875
-78.99956620;-2.908101594;	Site4_1;-99.2500
-78.99930541;-2.908101129;	Site4_1;-99.3750
-78.99904462;-2.908100665;	Site4_1;-99.5625
-78.99878383;-2.9081002;	Site4_1;-99.7500
-78.99852304;-2.908099735;	Site4_1;-99.9375
-78.99826225;-2.90809927;	Site4_1;-100.1250
-78.99800146;-2.908098805;	Site4_1;-100.3125
-78.99774068;-2.90809834;	Site4_1;-100.5000
-78.99747989;-2.908097875;	Site4_1;-100.6875
-78.99721910;-2.90809741;	Site4_1;-100.9375
-78.99695831;-2.908096945;	Site4_1;-101.1875
-78.99669752;-2.908096479;	Site2_1;-101.3125
-78.99643673;-2.908096014;	Site2_1;-101.4375
-78.99617594;-2.908095549;	Site2_1;-101.4375
-78.99591516;-2.908095083;	Site2_1;-101.5000
-78.99565437;-2.908094618;	Site2_1;-101.5625
-78.99539358;-2.908094152;	Site2_1;-101.6875
-78.99513279;-2.908093687;	Site2_1;-101.7500
-78.99487200;-2.908093221;	Site2_1;-101.8125
-78.99461122;-2.908092755;	Site2_1;-101.9375
-78.99435043;-2.908092289;	Site2_1;-102.0000
-79.01156299;-2.907860698;	Site3_1;-102.0000
-79.01130220;-2.907860236;	Site3_1;-101.8750
-79.01104141;-2.907859774;	Site3_1;-101.7500
-79.01078062;-2.907859312;	Site3_1;-101.6250
-79.01051983;-2.90785885;	Site4_1;-101.4375
-79.01025904;-2.907858388;	Site4_1;-101.2500
-79.00999825;-2.907857926;	Site4_1;-101.0625
-79.00973745;-2.907857463;	Site4_1;-100.8750
-79.00947666;-2.907857001;	Site4_1;-100.6250
-79.00921587;-2.907856539;	Site4_1;-100.5000
-79.00895508;-2.907856076;	Site4_1;-100.3125
-79.00869429;-2.907855614;	Site4_1;-100.1875
-79.00843350;-2.907855152;	Site4_1;-100.0000
-79.00817271;-2.907854689;	Site4_1;-99.8125
-79.00791192;-2.907854226;	Site4_1;-99.6250
-79.00765113;-2.907853764;	Site4_1;-99.4375
-79.00739034;-2.907853301;	Site4_1;-99.3125
-79.00712955;-2.907852838;	Site4_1;-99.1875
-79.00686876;-2.907852375;	Site4_1;-99.0625
-79.00660797;-2.907851912;	Site4_1;-99.0000
-79.00634718;-2.907851449;	Site4_1;-98.8750
-79.00608639;-2.907850986;	Site4_1;-98.7500
-79.00582560;-2.907850523;	Site4_1;-98.6875
-79.00556481;-2.90785006;	Site4_1;-98.6250
-79.00530402;-2.907849597;	Site4_1;-98.5625
-79.00504323;-2.907849133;	Site4_1;-98.5000
-79.00478244;-2.90784867;	Site4_1;-98.5000
-79.00452165;-2.907848207;	Site4_1;-98.4375
-79.00426086;-2.907847743;	Site4_1;-98.3125
-79.00400007;-2.90784728;	Site4_1;-98.2500
-79.00373929;-2.907846816;	Site4_1;-98.1875
-79.00347850;-2.907846352;	Site4_1;-98.1875
-79.00321771;-2.907845889;	Site4_1;-98.1250
-79.00295692;-2.907845425;	Site4_1;-98.1250
-79.00269613;-2.907844961;	Site4_1;-98.1250
-79.00243534;-2.907844497;	Site4_1;-98.1250
-79.00217455;-2.907844033;	Site4_1;-98.1250
-79.00191376;-2.907843569;	Site4_1;-98.1250
-79.00165297;-2.907843105;	Site4_1;-98.1875
-79.00139218;-2.907842641;	Site4_1;-98.2500
-79.00113139;-2.907842177;	Site4_1;-98.3750
-79.00087060;-2.907841712;	Site4_1;-98.4375
-79.00060981;-2.907841248;	Site4_1;-98.4375
-79.00034903;-2.907840784;	Site4_1;-98.5625
-79.00008824;-2.907840319;	Site4_1;-98.7500
-78.99982745;-2.907839855;	Site4_1;-98.8750
-78.99956666;-2.90783939;	Site4_1;-98.9375
-78.99930587;-2.907838926;	Site4_1;-99.0625
-78.99904508;-2.907838461;	Site4_1;-99.3125
-78.99878429;-2.907837996;	Site4_1;-99.4375
-78.99852350;-2.907837531;	Site4_1;-99.6875
-78.99826272;-2.907837067;	Site4_1;-99.8125
-78.99800193;-2.907836602;	Site4_1;-100.0625
-78.99774114;-2.907836137;	Site4_1;-100.1875
-78.99748035;-2.907835672;	Site4_1;-100.4375
-78.99721956;-2.907835206;	Site4_1;-100.6875
-78.99695877;-2.907834741;	Site2_1;-100.9375
-78.99669798;-2.907834276;	Site2_1;-101.0000
-78.99643720;-2.907833811;	Site2_1;-101.0625
-78.99617641;-2.907833345;	Site2_1;-101.1250
-78.99591562;-2.90783288;	Site2_1;-101.1875
-78.99565483;-2.907832415;	Site2_1;-101.2500
-78.99539404;-2.907831949;	Site2_1;-101.3750
-78.99513325;-2.907831483;	Site2_1;-101.4375
-78.99487247;-2.907831018;	Site2_1;-101.5625
-78.99461168;-2.907830552;	Site2_1;-101.6250
-78.99435089;-2.907830086;	Site2_1;-101.7500
-78.99409010;-2.90782962;	Site2_1;-101.8750
-78.99382931;-2.907829155;	Site2_1;-102.0000
-79.01182424;-2.907598954;	Site3_1;-101.9375
-79.01156345;-2.907598492;	Site3_1;-101.7500
-79.01130266;-2.90759803;	Site3_1;-101.6250
-79.01104187;-2.907597568;	Site3_1;-101.5000
-79.01078108;-2.907597106;	Site3_1;-101.3125
-79.01052029;-2.907596644;	Site3_1;-101.1875
-79.01025950;-2.907596182;	Site3_1;-101.0625
-79.00999870;-2.90759572;	Site4_1;-100.8125
-79.00973791;-2.907595258;	Site4_1;-100.6250
-79.00947712;-2.907594796;	Site4_1;-100.4375
-79.00921633;-2.907594334;	Site4_1;-100.1875
-79.00895554;-2.907593871;	Site4_1;-100.0625
-79.00869475;-2.907593409;	Site4_1;-99.8750
-79.00843396;-2.907592946;	Site4_1;-99.7500
-79.00817317;-2.907592484;	Site4_1;-99.5625
-79.00791238;-2.907592021;	Site4_1;-99.3750
-79.00765159;-2.907591559;	Site4_1;-99.1875
-79.00739080;-2.907591096;	Site4_1;-99.0000
-79.00713001;-2.907590633;	Site4_1;-98.8750
-79.00686922;-2.90759017;	Site4_1;-98.8125
-79.00660843;-2.907589707;	Site4_1;-98.6250
-79.00634764;-2.907589244;	Site4_1;-98.5625
-79.00608685;-2.907588781;	Site4_1;-98.4375
-79.00582606;-2.907588318;	Site4_1;-98.3750
-79.00556527;-2.907587855;	Site4_1;-98.3125
-79.00530448;-2.907587392;	Site4_1;-98.1875
-79.00504369;-2.907586929;	Site4_1;-98.1875
-79.00478290;-2.907586465;	Site4_1;-98.1250
-79.00452211;-2.907586002;	Site4_1;-98.1250
-79.00426133;-2.907585539;	Site4_1;-98.0000
-79.00400054;-2.907585075;	Site4_1;-97.9375
-79.00373975;-2.907584612;	Site4_1;-97.8750
-79.00347896;-2.907584148;	Site4_1;-97.8750
-79.00321817;-2.907583684;	Site4_1;-97.8125
-79.00295738;-2.907583221;	Site4_1;-97.7500
-79.00269659;-2.907582757;	Site4_1;-97.7500
-79.00243580;-2.907582293;	Site4_1;-97.7500
-79.00217501;-2.907581829;	Site4_1;-97.7500
-79.00191422;-2.907581365;	Site4_1;-97.8125
-79.00165343;-2.907580901;	Site4_1;-97.8750
-79.00139264;-2.907580437;	Site4_1;-97.9375
-79.00113185;-2.907579973;	Site4_1;-98.0000
-79.00087107;-2.907579508;	Site4_1;-98.1250
-79.00061028;-2.907579044;	Site4_1;-98.1250
-79.00034949;-2.90757858;	Site4_1;-98.1875
-79.00008870;-2.907578115;	Site4_1;-98.4375
-78.99982791;-2.907577651;	Site4_1;-98.5000
-78.99956712;-2.907577186;	Site4_1;-98.6250
-78.99930633;-2.907576722;	Site4_1;-98.7500
-78.99904554;-2.907576257;	Site4_1;-99.0000
-78.99878475;-2.907575792;	Site4_1;-99.1250
-78.99852397;-2.907575328;	Site4_1;-99.3750
-78.99826318;-2.907574863;	Site4_1;-99.5000
-78.99800239;-2.907574398;	Site4_1;-99.7500
-78.9977416;-2.907573933;	Site4_1;-99.9375
-78.99748081;-2.907573468;	Site4_1;-100.1875
-78.99722002;-2.907573003;	Site4_1;-100.4375
-78.99695924;-2.907572538;	Site2_1;-100.6250
-78.99669845;-2.907572073;	Site2_1;-100.6875
-78.99643766;-2.907571607;	Site2_1;-100.7500
-78.99617687;-2.907571142;	Site2_1;-100.7500
-78.99591608;-2.907570677;	Site2_1;-100.8750
-78.99565529;-2.907570211;	Site2_1;-101.0000
-78.99539451;-2.907569746;	Site2_1;-101.0000
-78.99513372;-2.90756928;	Site2_1;-101.1875
-78.99487293;-2.907568815;	Site2_1;-101.2500
-78.99461214;-2.907568349;	Site2_1;-101.3125
-78.99435135;-2.907567883;	Site2_1;-101.4375
-78.99409057;-2.907567417;	Site2_1;-101.6250
-78.99382978;-2.907566952;	Site2_1;-101.7500
-78.99356899;-2.907566486;	Site2_1;-101.8750
-78.99330820;-2.90756602;	Site2_1;-102.0000
-79.01234628;-2.907337671;	Site3_1;-101.9375
-79.01208549;-2.907337209;	Site3_1;-101.7500
-79.01182470;-2.907336748;	Site3_1;-101.6250
-79.01156391;-2.907336286;	Site3_1;-101.5000
-79.01130312;-2.907335824;	Site3_1;-101.3125
-79.01104233;-2.907335363;	Site3_1;-101.1875
-79.01078154;-2.907334901;	Site3_1;-101.0625
-79.01052075;-2.907334439;	Site3_1;-100.8750
-79.01025995;-2.907333977;	Site3_1;-100.7500
-79.00999916;-2.907333515;	Site3_1;-100.6250
-79.00973837;-2.907333053;	Site4_1;-100.4375
-79.00947758;-2.90733259;	Site4_1;-100.2500
-79.00921679;-2.907332128;	Site4_1;-99.9375
-79.00895600;-2.907331666;	Site4_1;-99.8125
-79.00869521;-2.907331203;	Site4_1;-99.6250
-79.00843442;-2.907330741;	Site4_1;-99.4375
-79.00817363;-2.907330279;	Site4_1;-99.2500
-79.00791284;-2.907329816;	Site4_1;-99.0625
-79.00765205;-2.907329353;	Site4_1;-98.9375
-79.00739126;-2.907328891;	Site4_1;-98.7500
-79.00713047;-2.907328428;	Site4_1;-98.5625
-79.00686968;-2.907327965;	Site4_1;-98.5000
-79.00660889;-2.907327502;	Site4_1;-98.3125
-79.00634810;-2.907327039;	Site4_1;-98.2500
-79.00608731;-2.907326576;	Site4_1;-98.1250
-79.00582652;-2.907326113;	Site4_1;-98.0625
-79.00556573;-2.90732565;	Site4_1;-98.0000
-79.00530494;-2.907325187;	Site4_1;-97.8750
-79.00504415;-2.907324724;	Site4_1;-97.8125
-79.00478337;-2.907324261;	Site4_1;-97.8125
-79.00452258;-2.907323797;	Site4_1;-97.7500
-79.00426179;-2.907323334;	Site4_1;-97.6875
-79.00400100;-2.907322871;	Site4_1;-97.5625
-79.00374021;-2.907322407;	Site4_1;-97.5000
-79.00347942;-2.907321943;	Site4_1;-97.5000
-79.00321863;-2.90732148;	Site4_1;-97.4375
-79.00295784;-2.907321016;	Site4_1;-97.3750
-79.00269705;-2.907320552;	Site4_1;-97.4375
-79.00243626;-2.907320089;	Site4_1;-97.3750
-79.00217547;-2.907319625;	Site4_1;-97.4375
-79.00191468;-2.907319161;	Site4_1;-97.4375
-79.00165389;-2.907318697;	Site4_1;-97.5000
-79.00139310;-2.907318233;	Site4_1;-97.5625
-79.00113232;-2.907317769;	Site4_1;-97.6875
-79.00087153;-2.907317304;	Site4_1;-97.7500
-79.00061074;-2.90731684;	Site4_1;-97.7500
-79.00034995;-2.907316376;	Site4_1;-97.8750
-79.00008916;-2.907315911;	Site4_1;-98.0625
-78.99982837;-2.907315447;	Site4_1;-98.1875
-78.99956758;-2.907314983;	Site4_1;-98.3125
-78.99930679;-2.907314518;	Site4_1;-98.5000
-78.99904601;-2.907314053;	Site4_1;-98.6875
-78.99878522;-2.907313589;	Site4_1;-98.8750
-78.99852443;-2.907313124;	Site4_1;-99.0625
-78.99826364;-2.907312659;	Site4_1;-99.2500
-78.99800285;-2.907312194;	Site4_1;-99.4375
-78.99774206;-2.90731173;	Site4_1;-99.6875
-78.99748127;-2.907311265;	Site4_1;-99.9375
-78.99722049;-2.9073108;	Site2_1;-100.1875
-78.99695970;-2.907310334;	Site2_1;-100.3125
-78.99669891;-2.907309869;	Site2_1;-100.3750
-78.99643812;-2.907309404;	Site2_1;-100.3750
-78.99617733;-2.907308939;	Site2_1;-100.4375
-78.99591654;-2.907308474;	Site2_1;-100.5625
-78.99565576;-2.907308008;	Site2_1;-100.6250
-78.99539497;-2.907307543;	Site2_1;-100.7500
-78.99513418;-2.907307077;	Site2_1;-100.8750
-78.99487339;-2.907306612;	Site2_1;-100.9375
-78.99461260;-2.907306146;	Site2_1;-101.0625
-78.99435182;-2.90730568;	Site2_1;-101.1875
-78.99409103;-2.907305215;	Site2_1;-101.3750
-78.99383024;-2.907304749;	Site2_1;-101.5000
-78.99356945;-2.907304283;	Site2_1;-101.6250
-78.99330867;-2.907303817;	Site2_1;-101.7500
-78.99304788;-2.907303351;	Site2_1;-101.8750
-79.01260753;-2.907075927;	Site3_1;-101.8750
-79.01234674;-2.907075465;	Site3_1;-101.6875
-79.01208595;-2.907075004;	Site3_1;-101.5625
-79.01182516;-2.907074542;	Site3_1;-101.3750
-79.01156437;-2.90707408;	Site3_1;-101.2500
-79.01130358;-2.907073619;	Site3_1;-101.0625
-79.01104279;-2.907073157;	Site3_1;-100.9375
-79.01078200;-2.907072695;	Site3_1;-100.7500
-79.01052120;-2.907072233;	Site3_1;-100.6250
-79.01026041;-2.907071771;	Site3_1;-100.4375
-79.00999962;-2.907071309;	Site3_1;-100.3125
-79.00973883;-2.907070847;	Site3_1;-100.1875
-79.00947804;-2.907070385;	Site4_1;-100.0000
-79.00921725;-2.907069923;	Site4_1;-99.7500
-79.00895646;-2.90706946;	Site4_1;-99.5000
-79.00869567;-2.907068998;	Site4_1;-99.3750
-79.00843488;-2.907068536;	Site4_1;-99.1875
-79.00817409;-2.907068073;	Site4_1;-99.0000
-79.00791330;-2.907067611;	Site4_1;-98.8125
-79.00765251;-2.907067148;	Site4_1;-98.6250
-79.00739172;-2.907066686;	Site4_1;-98.4375
-79.00713093;-2.907066223;	Site4_1;-98.2500
-79.00687014;-2.90706576;	Site4_1;-98.1875
-79.00660935;-2.907065297;	Site4_1;-98.0000
-79.00634856;-2.907064835;	Site4_1;-97.9375
-79.00608777;-2.907064372;	Site4_1;-97.8125
-79.00582698;-2.907063909;	Site4_1;-97.6875
-79.00556619;-2.907063446;	Site4_1;-97.6250
-79.00530541;-2.907062982;	Site4_1;-97.5625
-79.00504462;-2.907062519;	Site4_1;-97.4375
-79.00478383;-2.907062056;	Site4_1;-97.4375
-79.00452304;-2.907061593;	Site4_1;-97.4375
-79.00426225;-2.907061129;	Site4_1;-97.3125
-79.00400146;-2.907060666;	Site4_1;-97.2500
-79.00374067;-2.907060203;	Site4_1;-97.1250
-79.00347988;-2.907059739;	Site4_1;-97.1250
-79.00321909;-2.907059275;	Site4_1;-97.0625
-79.0029583;-2.907058812;	Site4_1;-97.0625
-79.00269751;-2.907058348;	Site4_1;-97.0625
-79.00243672;-2.907057884;	Site4_1;-97.0625
-79.00217593;-2.90705742;	Site4_1;-97.0625
-79.00191514;-2.907056957;	Site4_1;-97.0625
-79.00165436;-2.907056493;	Site4_1;-97.1250
-79.00139357;-2.907056029;	Site4_1;-97.2500
-79.00113278;-2.907055564;	Site4_1;-97.3125
-79.00087199;-2.9070551;	Site4_1;-97.4375
-79.00061120;-2.907054636;	Site4_1;-97.4375
-79.00035041;-2.907054172;	Site4_1;-97.5625
-79.00008962;-2.907053708;	Site4_1;-97.7500
-78.99982883;-2.907053243;	Site4_1;-97.8750
-78.99956804;-2.907052779;	Site4_1;-98.0000
-78.99930726;-2.907052314;	Site4_1;-98.1875
-78.99904647;-2.90705185;	Site4_1;-98.3750
-78.99878568;-2.907051385;	Site4_1;-98.5625
-78.99852489;-2.90705092;	Site4_1;-98.7500
-78.99826410;-2.907050456;	Site4_1;-98.9375
-78.99800331;-2.907049991;	Site4_1;-99.1875
-78.99774253;-2.907049526;	Site4_1;-99.3750
-78.99748174;-2.907049061;	Site4_1;-99.6250
-78.99722095;-2.907048596;	Site2_1;-99.8750
-78.99696016;-2.907048131;	Site2_1;-99.9375
-78.99669937;-2.907047666;	Site2_1;-100.0000
-78.99643858;-2.907047201;	Site2_1;-100.0625
-78.99617780;-2.907046736;	Site2_1;-100.1875
-78.99591701;-2.90704627;	Site2_1;-100.2500
-78.99565622;-2.907045805;	Site2_1;-100.3125
-78.99539543;-2.90704534;	Site2_1;-100.4375
-78.99513464;-2.907044874;	Site2_1;-100.5000
-78.99487386;-2.907044409;	Site2_1;-100.6875
-78.99461307;-2.907043943;	Site2_1;-100.8125
-78.99435228;-2.907043477;	Site2_1;-100.9375
-78.99409149;-2.907043012;	Site2_1;-101.1250
-78.99383070;-2.907042546;	Site2_1;-101.2500
-78.99356992;-2.90704208;	Site2_1;-101.3750
-78.99330913;-2.907041614;	Site2_1;-101.5000
-78.99304834;-2.907041148;	Site2_1;-101.6250
-78.99278755;-2.907040682;	Site2_1;-101.8750
-78.99252677;-2.907040216;	Site2_1;-102.0000
-79.01312957;-2.906814643;	Site3_1;-102.0000
-79.01286878;-2.906814182;	Site3_1;-101.8750
-79.01260799;-2.906813721;	Site3_1;-101.6875
-79.01234720;-2.906813259;	Site3_1;-101.5000
-79.01208641;-2.906812798;	Site3_1;-101.3125
-79.01182562;-2.906812336;	Site3_1;-101.1250
-79.01156483;-2.906811875;	Site3_1;-100.9375
-79.01130404;-2.906811413;	Site3_1;-100.8125
-79.01104325;-2.906810951;	Site3_1;-100.6875
-79.01078245;-2.906810489;	Site3_1;-100.5000
-79.01052166;-2.906810028;	Site3_1;-100.3125
-79.01026087;-2.906809566;	Site3_1;-100.1875
-79.01000008;-2.906809104;	Site3_1;-100.0000
-79.00973929;-2.906808642;	Site3_1;-99.8750
-79.00947850;-2.90680818;	Site3_1;-99.7500
-79.00921771;-2.906807717;	Site4_1;-99.5000
-79.00895692;-2.906807255;	Site4_1;-99.2500
-79.00869613;-2.906806793;	Site4_1;-99.0625
-79.00843534;-2.906806331;	Site4_1;-98.9375
-79.00817455;-2.906805868;	Site4_1;-98.7500
-79.00791376;-2.906805406;	Site4_1;-98.5625
-79.00765297;-2.906804943;	Site4_1;-98.3750
-79.00739218;-2.906804481;	Site4_1;-98.1875
-79.00713139;-2.906804018;	Site4_1;-98.0000
-79.00687060;-2.906803555;	Site4_1;-97.8125
-79.00660981;-2.906803092;	Site4_1;-97.7500
-79.00634902;-2.90680263;	Site4_1;-97.5625
-79.00608823;-2.906802167;	Site4_1;-97.5000
-79.00582744;-2.906801704;	Site4_1;-97.3750
-79.00556666;-2.906801241;	Site4_1;-97.3125
-79.00530587;-2.906800778;	Site4_1;-97.1875
-79.00504508;-2.906800315;	Site4_1;-97.1250
-79.00478429;-2.906799851;	Site4_1;-97.0625
-79.00452350;-2.906799388;	Site4_1;-97.0625
-79.00426271;-2.906798925;	Site4_1;-96.9375
-79.00400192;-2.906798461;	Site4_1;-96.8750
-79.00374113;-2.906797998;	Site4_1;-96.7500
-79.00348034;-2.906797535;	Site4_1;-96.8125
-79.00321955;-2.906797071;	Site4_1;-96.6875
-79.00295876;-2.906796607;	Site4_1;-96.6875
-79.00269797;-2.906796144;	Site4_1;-96.6875
-79.00243718;-2.90679568;	Site4_1;-96.6875
-79.00217639;-2.906795216;	Site4_1;-96.6875
-79.00191561;-2.906794752;	Site4_1;-96.6875
-79.00165482;-2.906794288;	Site4_1;-96.8125
-79.00139403;-2.906793824;	Site4_1;-96.8750
-79.00113324;-2.90679336;	Site4_1;-96.9375
-79.00087245;-2.906792896;	Site4_1;-97.0625
-79.00061166;-2.906792432;	Site4_1;-97.0625
-79.00035087;-2.906791968;	Site4_1;-97.1875
-79.00009008;-2.906791504;	Site4_1;-97.3750
-78.99982930;-2.906791039;	Site4_1;-97.5000
-78.99956851;-2.906790575;	Site4_1;-97.6250
-78.99930772;-2.90679011;	Site4_1;-97.8750
-78.99904693;-2.906789646;	Site4_1;-98.0000
-78.99878614;-2.906789181;	Site4_1;-98.2500
-78.99852535;-2.906788717;	Site4_1;-98.4375
-78.99826456;-2.906788252;	Site4_1;-98.6875
-78.99800378;-2.906787787;	Site4_1;-98.8750
-78.99774299;-2.906787322;	Site4_1;-99.1250
-78.99748220;-2.906786858;	Site4_1;-99.3750
-78.99722141;-2.906786393;	Site2_1;-99.5625
-78.99696062;-2.906785928;	Site2_1;-99.5625
-78.99669983;-2.906785463;	Site2_1;-99.6250
-78.99643905;-2.906784997;	Site2_1;-99.7500
-78.99617826;-2.906784532;	Site2_1;-99.8125
-78.99591747;-2.906784067;	Site2_1;-99.9375
-78.99565668;-2.906783602;	Site2_1;-100.0625
-78.99539589;-2.906783136;	Site2_1;-100.1250
-78.99513511;-2.906782671;	Site2_1;-100.2500
-78.99487432;-2.906782205;	Site2_1;-100.3750
-78.99461353;-2.90678174;	Site2_1;-100.5625
-78.99435274;-2.906781274;	Site2_1;-100.6875
-78.99409196;-2.906780809;	Site2_1;-100.8125
-78.99383117;-2.906780343;	Site2_1;-101.0000
-78.99357038;-2.906779877;	Site2_1;-101.0625
-78.99330959;-2.906779411;	Site2_1;-101.2500
-78.99304881;-2.906778945;	Site2_1;-101.4375
-78.99278802;-2.906778479;	Site2_1;-101.6250
-78.99252723;-2.906778013;	Site2_1;-101.8125
-78.99226644;-2.906777547;	Site2_1;-101.9375
-79.01339082;-2.906552899;	Site3_1;-101.9375
-79.01313003;-2.906552437;	Site3_1;-101.7500
-79.01286924;-2.906551976;	Site3_1;-101.5625
-79.01260845;-2.906551515;	Site3_1;-101.4375
-79.01234766;-2.906551053;	Site3_1;-101.2500
-79.01208687;-2.906550592;	Site3_1;-101.0625
-79.01182608;-2.90655013;	Site3_1;-100.8750
-79.01156529;-2.906549669;	Site3_1;-100.6875
-79.01130449;-2.906549207;	Site3_1;-100.5000
-79.01104370;-2.906548746;	Site3_1;-100.3750
-79.01078291;-2.906548284;	Site3_1;-100.2500
-79.01052212;-2.906547822;	Site3_1;-100.0625
-79.01026133;-2.90654736;	Site3_1;-99.8750
-79.01000054;-2.906546898;	Site3_1;-99.7500
-79.00973975;-2.906546436;	Site3_1;-99.5625
-79.00947896;-2.906545974;	Site3_1;-99.4375
-79.00921817;-2.906545512;	Site4_1;-99.2500
-79.00895738;-2.90654505;	Site4_1;-99.0625
-79.00869659;-2.906544588;	Site4_1;-98.7500
-79.00843580;-2.906544125;	Site4_1;-98.6250
-79.00817501;-2.906543663;	Site4_1;-98.4375
-79.00791422;-2.9065432;	Site4_1;-98.2500
-79.00765343;-2.906542738;	Site4_1;-98.0625
-79.00739264;-2.906542275;	Site4_1;-97.8750
-79.00713185;-2.906541813;	Site4_1;-97.6875
-79.00687106;-2.90654135;	Site4_1;-97.5000
-79.00661027;-2.906540887;	Site4_1;-97.3750
-79.00634948;-2.906540425;	Site4_1;-97.2500
-79.00608869;-2.906539962;	Site4_1;-97.1250
-79.00582791;-2.906539499;	Site4_1;-97.0000
-79.00556712;-2.906539036;	Site4_1;-96.9375
-79.00530633;-2.906538573;	Site4_1;-96.8750
-79.00504554;-2.90653811;	Site4_1;-96.7500
-79.00478475;-2.906537647;	Site4_1;-96.6875
-79.00452396;-2.906537183;	Site4_1;-96.6875
-79.00426317;-2.90653672;	Site4_1;-96.6250
-79.00400238;-2.906536257;	Site4_1;-96.5000
-79.00374159;-2.906535794;	Site4_1;-96.4375
-79.00348080;-2.90653533;	Site4_1;-96.4375
-79.00322001;-2.906534867;	Site4_1;-96.3750
-79.00295922;-2.906534403;	Site4_1;-96.3125
-79.00269843;-2.906533939;	Site4_1;-96.3125
-79.00243764;-2.906533476;	Site4_1;-96.3125
-79.00217686;-2.906533012;	Site4_1;-96.3125
-79.00191607;-2.906532548;	Site4_1;-96.3125
-79.00165528;-2.906532084;	Site4_1;-96.4375
-79.00139449;-2.90653162;	Site4_1;-96.5000
-79.0011337;-2.906531156;	Site4_1;-96.5625
-79.00087291;-2.906530692;	Site4_1;-96.6875
-79.00061212;-2.906530228;	Site4_1;-96.6875
-79.00035133;-2.906529764;	Site4_1;-96.8750
-79.00009055;-2.9065293;	Site4_1;-97.0625
-78.99982976;-2.906528835;	Site4_1;-97.1875
-78.99956897;-2.906528371;	Site4_1;-97.3125
-78.99930818;-2.906527907;	Site4_1;-97.5625
-78.99904739;-2.906527442;	Site4_1;-97.6875
-78.99878660;-2.906526978;	Site4_1;-97.9375
-78.99852581;-2.906526513;	Site4_1;-98.1250
-78.99826503;-2.906526048;	Site4_1;-98.3750
-78.99800424;-2.906525584;	Site4_1;-98.5625
-78.99774345;-2.906525119;	Site4_1;-98.8125
-78.99748266;-2.906524654;	Site2_1;-99.1250
-78.99722187;-2.906524189;	Site2_1;-99.1875
-78.99696109;-2.906523724;	Site2_1;-99.1875
-78.99670030;-2.906523259;	Site2_1;-99.3125
-78.99643951;-2.906522794;	Site2_1;-99.4375
-78.99617872;-2.906522329;	Site2_1;-99.5000
-78.99591793;-2.906521864;	Site2_1;-99.6250
-78.99565715;-2.906521399;	Site2_1;-99.6875
-78.99539636;-2.906520933;	Site2_1;-99.8125
-78.99513557;-2.906520468;	Site2_1;-99.9375
-78.99487478;-2.906520002;	Site2_1;-100.1250
-78.99461399;-2.906519537;	Site2_1;-100.2500
-78.99435321;-2.906519071;	Site2_1;-100.4375
-78.99409242;-2.906518606;	Site2_1;-100.5625
-78.99383163;-2.90651814;	Site2_1;-100.6875
-78.99357084;-2.906517674;	Site2_1;-100.8125
-78.99331006;-2.906517208;	Site2_1;-101.0625
-78.99304927;-2.906516743;	Site2_1;-101.2500
-78.99278848;-2.906516277;	Site2_1;-101.3750
-78.99252769;-2.906515811;	Site2_1;-101.5625
-78.99226691;-2.906515345;	Site2_1;-101.6875
-78.99200612;-2.906514878;	Site2_1;-101.8750
-79.01365207;-2.906291154;	Site3_1;-102.0000
-79.01339128;-2.906290693;	Site3_1;-101.7500
-79.01313049;-2.906290231;	Site3_1;-101.5625
-79.01286970;-2.90628977;	Site3_1;-101.3750
-79.01260891;-2.906289309;	Site3_1;-101.1875
-79.01234812;-2.906288848;	Site3_1;-101.0000
-79.01208733;-2.906288386;	Site3_1;-100.8750
-79.01182653;-2.906287925;	Site1_1;-100.6875
-79.01156574;-2.906287463;	Site3_1;-100.5000
-79.01130495;-2.906287002;	Site3_1;-100.2500
-79.01104416;-2.90628654;	Site3_1;-100.0625
-79.01078337;-2.906286078;	Site3_1;-99.9375
-79.01052258;-2.906285616;	Site3_1;-99.7500
-79.01026179;-2.906285155;	Site3_1;-99.5625
-79.01000100;-2.906284693;	Site1_1;-99.4375
-79.00974021;-2.906284231;	Site1_1;-99.3125
-79.00947942;-2.906283769;	Site3_1;-99.0625
-79.00921863;-2.906283307;	Site3_1;-98.9375
-79.00895784;-2.906282844;	Site3_1;-98.8125
-79.00869705;-2.906282382;	Site4_1;-98.5000
-79.00843626;-2.90628192;	Site4_1;-98.3125
-79.00817547;-2.906281458;	Site4_1;-98.1875
-79.00791468;-2.906280995;	Site4_1;-97.9375
-79.00765389;-2.906280533;	Site4_1;-97.7500
-79.00739310;-2.90628007;	Site4_1;-97.5625
-79.00713231;-2.906279608;	Site4_1;-97.3750
-79.00687152;-2.906279145;	Site4_1;-97.1875
-79.00661073;-2.906278682;	Site4_1;-97.0625
-79.00634994;-2.90627822;	Site4_1;-96.9375
-79.00608916;-2.906277757;	Site4_1;-96.8125
-79.00582837;-2.906277294;	Site4_1;-96.6250
-79.00556758;-2.906276831;	Site4_1;-96.5625
-79.00530679;-2.906276368;	Site4_1;-96.5000
-79.00504600;-2.906275905;	Site4_1;-96.3750
-79.00478521;-2.906275442;	Site4_1;-96.3125
-79.00452442;-2.906274979;	Site4_1;-96.3125
-79.00426363;-2.906274516;	Site4_1;-96.2500
-79.00400284;-2.906274052;	Site4_1;-96.1250
-79.00374205;-2.906273589;	Site4_1;-96.0625
-79.00348126;-2.906273126;	Site4_1;-96.0000
-79.00322047;-2.906272662;	Site4_1;-95.9375
-79.00295968;-2.906272199;	Site4_1;-95.8750
-79.00269890;-2.906271735;	Site4_1;-95.9375
-79.00243811;-2.906271271;	Site4_1;-95.8750
-79.00217732;-2.906270808;	Site4_1;-95.9375
-79.00191653;-2.906270344;	Site4_1;-95.9375
-79.00165574;-2.90626988;	Site4_1;-96.0000
-79.00139495;-2.906269416;	Site4_1;-96.1250
-79.00113416;-2.906268952;	Site4_1;-96.1875
-79.00087337;-2.906268488;	Site4_1;-96.3125
-79.00061258;-2.906268024;	Site4_1;-96.3125
-79.00035180;-2.90626756;	Site4_1;-96.5000
-79.00009101;-2.906267096;	Site4_1;-96.6875
-78.99983022;-2.906266632;	Site4_1;-96.8125
-78.99956943;-2.906266167;	Site4_1;-96.9375
-78.99930864;-2.906265703;	Site4_1;-97.1875
-78.99904785;-2.906265238;	Site4_1;-97.3750
-78.99878707;-2.906264774;	Site4_1;-97.6250
-78.99852628;-2.906264309;	Site4_1;-97.8125
-78.99826549;-2.906263845;	Site4_1;-98.0625
-78.9980047;-2.90626338;	Site4_1;-98.2500
-78.99774391;-2.906262915;	Site4_1;-98.5625
-78.99748312;-2.906262451;	Site2_1;-98.7500
-78.99722234;-2.906261986;	Site2_1;-98.8125
-78.99696155;-2.906261521;	Site2_1;-98.8125
-78.99670076;-2.906261056;	Site2_1;-99.0000
-78.99643997;-2.906260591;	Site2_1;-99.0625
-78.99617918;-2.906260126;	Site2_1;-99.1875
-78.99591840;-2.906259661;	Site2_1;-99.3125
-78.99565761;-2.906259195;	Site2_1;-99.3750
-78.99539682;-2.90625873;	Site2_1;-99.5000
-78.99513603;-2.906258265;	Site2_1;-99.6875
-78.99487524;-2.906257799;	Site2_1;-99.8125
-78.99461446;-2.906257334;	Site2_1;-100.0000
-78.99435367;-2.906256868;	Site2_1;-100.1875
-78.99409288;-2.906256403;	Site2_1;-100.2500
-78.99383209;-2.906255937;	Site2_1;-100.4375
-78.99357131;-2.906255471;	Site2_1;-100.6250
-78.99331052;-2.906255006;	Site2_1;-100.8125
-78.99304973;-2.90625454;	Site2_1;-101.0000
-78.99278894;-2.906254074;	Site2_1;-101.1250
-78.99252816;-2.906253608;	Site2_1;-101.3125
-78.99226737;-2.906253142;	Site2_1;-101.5000
-78.99200658;-2.906252676;	Site2_1;-101.6875
-78.99174580;-2.90625221;	Site2_1;-101.8125
-78.99148501;-2.906251744;	Site2_1;-102.0000
-79.01391332;-2.906029409;	Site1_1;-102.0000
-79.01365253;-2.906028948;	Site1_1;-101.7500
-79.01339174;-2.906028487;	Site1_1;-101.5625
-79.01313095;-2.906028025;	Site1_1;-101.3750
-79.01287016;-2.906027564;	Site1_1;-101.1250
-79.01260936;-2.906027103;	Site1_1;-100.9375
-79.01234857;-2.906026642;	Site1_1;-100.6875
-79.01208778;-2.90602618;	Site1_1;-100.5000
-79.01182699;-2.906025719;	Site1_1;-100.3750
-79.01156620;-2.906025257;	Site1_1;-100.1250
-79.01130541;-2.906024796;	Site1_1;-99.9375
-79.01104462;-2.906024334;	Site1_1;-99.7500
-79.01078383;-2.906023873;	Site1_1;-99.5625
-79.01052304;-2.906023411;	Site1_1;-99.3125
-79.01026225;-2.906022949;	Site1_1;-99.1875
-79.01000146;-2.906022487;	Site1_1;-99.0000
-79.00974067;-2.906022025;	Site1_1;-98.8125
-79.00947988;-2.906021563;	Site1_1;-98.6875
-79.00921909;-2.906021101;	Site1_1;-98.5625
-79.00895830;-2.906020639;	Site1_1;-98.3750
-79.00869751;-2.906020177;	Site1_1;-98.2500
-79.00843672;-2.906019715;	Site4_1;-98.0000
-79.00817593;-2.906019252;	Site4_1;-97.8750
-79.00791514;-2.90601879;	Site4_1;-97.6875
-79.00765435;-2.906018328;	Site4_1;-97.4375
-79.00739356;-2.906017865;	Site4_1;-97.2500
-79.00713277;-2.906017403;	Site4_1;-97.0625
-79.00687198;-2.90601694;	Site4_1;-96.8750
-79.00661119;-2.906016478;	Site4_1;-96.6875
-79.00635041;-2.906016015;	Site4_1;-96.5625
-79.00608962;-2.906015552;	Site4_1;-96.4375
-79.00582883;-2.906015089;	Site4_1;-96.3125
-79.00556804;-2.906014626;	Site4_1;-96.1875
-79.00530725;-2.906014163;	Site4_1;-96.1250
-79.00504646;-2.9060137;	Site4_1;-96.0000
-79.00478567;-2.906013237;	Site4_1;-95.9375
-79.00452488;-2.906012774;	Site4_1;-95.8750
-79.00426409;-2.906012311;	Site4_1;-95.8750
-79.00400330;-2.906011848;	Site4_1;-95.7500
-79.00374251;-2.906011384;	Site4_1;-95.6250
-79.00348172;-2.906010921;	Site4_1;-95.6250
-79.00322093;-2.906010458;	Site4_1;-95.5625
-79.00296015;-2.906009994;	Site4_1;-95.5000
-79.00269936;-2.906009531;	Site4_1;-95.5625
-79.00243857;-2.906009067;	Site4_1;-95.5000
-79.00217778;-2.906008603;	Site4_1;-95.5000
-79.00191699;-2.90600814;	Site4_1;-95.5625
-79.0016562;-2.906007676;	Site4_1;-95.6250
-79.00139541;-2.906007212;	Site4_1;-95.7500
-79.00113462;-2.906006748;	Site4_1;-95.8125
-79.00087383;-2.906006284;	Site4_1;-95.8750
-79.00061305;-2.90600582;	Site4_1;-95.9375
-79.00035226;-2.906005356;	Site4_1;-96.1875
-79.00009147;-2.906004892;	Site4_1;-96.3125
-78.99983068;-2.906004428;	Site4_1;-96.4375
-78.99956989;-2.906003963;	Site4_1;-96.6250
-78.99930910;-2.906003499;	Site4_1;-96.8125
-78.99904832;-2.906003035;	Site4_1;-97.0625
-78.99878753;-2.90600257;	Site4_1;-97.2500
-78.99852674;-2.906002106;	Site4_1;-97.5000
-78.99826595;-2.906001641;	Site4_1;-97.6875
-78.99800516;-2.906001177;	Site4_1;-98.0000
-78.99774437;-2.906000712;	Site4_1;-98.2500
-78.99748359;-2.906000247;	Site2_1;-98.3750
-78.99722280;-2.905999782;	Site2_1;-98.3750
-78.99696201;-2.905999317;	Site2_1;-98.5000
-78.99670122;-2.905998852;	Site2_1;-98.6250
-78.99644043;-2.905998387;	Site2_1;-98.6875
-78.99617965;-2.905997922;	Site2_1;-98.8750
-78.99591886;-2.905997457;	Site2_1;-98.9375
-78.99565807;-2.905996992;	Site2_1;-99.0625
-78.99539728;-2.905996527;	Site2_1;-99.2500
-78.99513650;-2.905996062;	Site2_1;-99.3750
-78.99487571;-2.905995596;	Site2_1;-99.5625
-78.99461492;-2.905995131;	Site2_1;-99.7500
-78.99435413;-2.905994665;	Site2_1;-99.8125
-78.99409334;-2.9059942;	Site2_1;-100.0000
-78.99383256;-2.905993734;	Site2_1;-100.2500
-78.99357177;-2.905993268;	Site2_1;-100.3750
-78.99331098;-2.905992803;	Site2_1;-100.5625
-78.99305020;-2.905992337;	Site2_1;-100.7500
-78.99278941;-2.905991871;	Site2_1;-100.9375
-78.99252862;-2.905991405;	Site2_1;-101.0625
-78.99226783;-2.905990939;	Site2_1;-101.2500
-78.99200705;-2.905990473;	Site2_1;-101.4375
-78.99174626;-2.905990007;	Site2_1;-101.6250
-78.99148547;-2.905989541;	Site2_1;-101.8125
-78.99122468;-2.905989075;	Site2_1;-101.9375
-79.01417457;-2.905767663;	Site1_1;-101.9375
-79.01391378;-2.905767202;	Site1_1;-101.6875
-79.01365299;-2.905766741;	Site1_1;-101.5000
-79.01339220;-2.90576628;	Site1_1;-101.2500
-79.01313140;-2.905765819;	Site1_1;-101.0625
-79.01287061;-2.905765358;	Site1_1;-100.8125
-79.01260982;-2.905764897;	Site1_1;-100.6250
-79.01234903;-2.905764436;	Site1_1;-100.3750
-79.01208824;-2.905763974;	Site1_1;-100.1250
-79.01182745;-2.905763513;	Site1_1;-99.9375
-79.01156666;-2.905763052;	Site1_1;-99.7500
-79.01130587;-2.90576259;	Site1_1;-99.5625
-79.01104508;-2.905762128;	Site1_1;-99.3125
-79.01078429;-2.905761667;	Site1_1;-99.1250
-79.01052350;-2.905761205;	Site1_1;-98.9375
-79.01026271;-2.905760743;	Site1_1;-98.7500
-79.01000192;-2.905760282;	Site1_1;-98.5625
-79.00974113;-2.90575982;	Site1_1;-98.3750
-79.00948034;-2.905759358;	Site1_1;-98.1875
-79.00921955;-2.905758896;	Site1_1;-98.0625
-79.00895876;-2.905758434;	Site1_1;-97.8750
-79.00869797;-2.905757972;	Site1_1;-97.7500
-79.00843718;-2.905757509;	Site1_1;-97.5625
-79.00817639;-2.905757047;	Site1_1;-97.4375
-79.00791560;-2.905756585;	Site1_1;-97.3125
-79.00765481;-2.905756123;	Site1_1;-97.1250
-79.00739402;-2.90575566;	Site4_1;-96.9375
-79.00713323;-2.905755198;	Site4_1;-96.7500
-79.00687244;-2.905754735;	Site4_1;-96.5625
-79.00661165;-2.905754273;	Site4_1;-96.3125
-79.00635087;-2.90575381;	Site4_1;-96.2500
-79.00609008;-2.905753347;	Site4_1;-96.0625
-79.00582929;-2.905752884;	Site4_1;-95.9375
-79.00556850;-2.905752422;	Site4_1;-95.8125
-79.00530771;-2.905751959;	Site4_1;-95.7500
-79.00504692;-2.905751496;	Site4_1;-95.6250
-79.00478613;-2.905751033;	Site4_1;-95.5625
-79.00452534;-2.90575057;	Site4_1;-95.5000
-79.00426455;-2.905750106;	Site4_1;-95.4375
-79.00400376;-2.905749643;	Site4_1;-95.3750
-79.00374297;-2.90574918;	Site4_1;-95.2500
-79.00348218;-2.905748717;	Site4_1;-95.1875
-79.00322140;-2.905748253;	Site4_1;-95.1875
-79.00296061;-2.90574779;	Site4_1;-95.1250
-79.00269982;-2.905747326;	Site4_1;-95.1250
-79.00243903;-2.905746863;	Site4_1;-95.1250
-79.00217824;-2.905746399;	Site4_1;-95.1250
-79.00191745;-2.905745935;	Site4_1;-95.1250
-79.00165666;-2.905745472;	Site4_1;-95.2500
-79.00139587;-2.905745008;	Site4_1;-95.3125
-79.00113508;-2.905744544;	Site4_1;-95.4375
-79.00087430;-2.90574408;	Site4_1;-95.5000
-79.00061351;-2.905743616;	Site4_1;-95.5625
-79.00035272;-2.905743152;	Site4_1;-95.8125
-79.00009193;-2.905742688;	Site4_1;-95.9375
-78.99983114;-2.905742224;	Site4_1;-96.0625
-78.99957035;-2.90574176;	Site4_1;-96.2500
-78.99930957;-2.905741295;	Site4_1;-96.5000
-78.99904878;-2.905740831;	Site4_1;-96.7500
-78.99878799;-2.905740367;	Site4_1;-96.9375
-78.9985272;-2.905739902;	Site4_1;-97.1875
-78.99826641;-2.905739438;	Site4_1;-97.3750
-78.99800562;-2.905738973;	Site4_1;-97.6875
-78.99774484;-2.905738508;	Site2_1;-97.8750
-78.99748405;-2.905738044;	Site2_1;-97.9375
-78.99722326;-2.905737579;	Site2_1;-98.0625
-78.99696247;-2.905737114;	Site2_1;-98.1875
-78.99670168;-2.905736649;	Site2_1;-98.2500
-78.99644090;-2.905736184;	Site2_1;-98.3750
-78.99618011;-2.905735719;	Site2_1;-98.5000
-78.99591932;-2.905735254;	Site2_1;-98.6250
-78.99565853;-2.905734789;	Site2_1;-98.7500
-78.99539775;-2.905734324;	Site2_1;-98.9375
-78.99513696;-2.905733858;	Site2_1;-99.1250
-78.99487617;-2.905733393;	Site2_1;-99.3125
-78.99461538;-2.905732928;	Site2_1;-99.3750
-78.99435460;-2.905732462;	Site2_1;-99.5625
-78.99409381;-2.905731997;	Site2_1;-99.8125
-78.99383302;-2.905731531;	Site2_1;-100.0000
-78.99357223;-2.905731066;	Site2_1;-100.1250
-78.99331145;-2.9057306;	Site2_1;-100.3125
-78.99305066;-2.905730134;	Site2_1;-100.5000
-78.99278987;-2.905729668;	Site2_1;-100.6875
-78.99252908;-2.905729203;	Site2_1;-100.8750
-78.99226830;-2.905728737;	Site2_1;-101.0625
-78.99200751;-2.905728271;	Site2_1;-101.1875
-78.99174672;-2.905727805;	Site2_1;-101.3750
-78.99148594;-2.905727338;	Site2_1;-101.5625
-78.99122515;-2.905726872;	Site2_1;-101.8125
-78.99096436;-2.905726406;	Site2_1;-102.0000
-79.01469661;-2.905506379;	Site1_1;-102.0000
-79.01443582;-2.905505918;	Site1_1;-101.7500
-79.01417503;-2.905505457;	Site1_1;-101.5625
-79.01391423;-2.905504996;	Site1_1;-101.3750
-79.01365344;-2.905504535;	Site1_1;-101.1875
-79.01339265;-2.905504074;	Site1_1;-101.0000
-79.01313186;-2.905503613;	Site1_1;-100.7500
-79.01287107;-2.905503152;	Site1_1;-100.5000
-79.01261028;-2.905502691;	Site1_1;-100.3125
-79.01234949;-2.90550223;	Site1_1;-100.0625
-79.01208870;-2.905501769;	Site1_1;-99.8125
-79.01182791;-2.905501307;	Site1_1;-99.5625
-79.01156712;-2.905500846;	Site1_1;-99.3750
-79.01130633;-2.905500384;	Site1_1;-99.1250
-79.01104554;-2.905499923;	Site1_1;-98.9375
-79.01078475;-2.905499461;	Site1_1;-98.6875
-79.01052396;-2.905499;	Site1_1;-98.5000
-79.01026317;-2.905498538;	Site1_1;-98.3125
-79.01000238;-2.905498076;	Site1_1;-98.1250
-79.00974159;-2.905497614;	Site1_1;-97.8750
-79.0094808;-2.905497152;	Site1_1;-97.7500
-79.00922001;-2.90549669;	Site1_1;-97.5625
-79.00895922;-2.905496228;	Site1_1;-97.3750
-79.00869843;-2.905495766;	Site1_1;-97.1875
-79.00843764;-2.905495304;	Site1_1;-97.0625
-79.00817685;-2.905494842;	Site1_1;-96.8750
-79.00791606;-2.90549438;	Site1_1;-96.6875
-79.00765527;-2.905493917;	Site1_1;-96.6250
-79.00739448;-2.905493455;	Site1_1;-96.4375
-79.00713369;-2.905492993;	Site1_1;-96.3125
-79.00687290;-2.90549253;	Site1_1;-96.1875
-79.00661211;-2.905492068;	Site4_1;-96.0000
-79.00635133;-2.905491605;	Site4_1;-95.8750
-79.00609054;-2.905491142;	Site4_1;-95.6875
-79.00582975;-2.90549068;	Site4_1;-95.5625
-79.00556896;-2.905490217;	Site4_1;-95.4375
-79.00530817;-2.905489754;	Site4_1;-95.3125
-79.00504738;-2.905489291;	Site4_1;-95.2500
-79.00478659;-2.905488828;	Site4_1;-95.1250
-79.0045258;-2.905488365;	Site4_1;-95.0625
-79.00426501;-2.905487902;	Site4_1;-95.0625
-79.00400422;-2.905487439;	Site4_1;-94.9375
-79.00374343;-2.905486975;	Site4_1;-94.8750
-79.00348264;-2.905486512;	Site4_1;-94.8125
-79.00322186;-2.905486049;	Site4_1;-94.7500
-79.00296107;-2.905485585;	Site4_1;-94.6875
-79.00270028;-2.905485122;	Site4_1;-94.7500
-79.00243949;-2.905484658;	Site4_1;-94.6875
-79.0021787;-2.905484195;	Site4_1;-94.6875
-79.00191791;-2.905483731;	Site4_1;-94.7500
-79.00165712;-2.905483268;	Site4_1;-94.8125
-79.00139633;-2.905482804;	Site4_1;-94.9375
-79.00113555;-2.90548234;	Site4_1;-95.0625
-79.00087476;-2.905481876;	Site4_1;-95.0625
-79.00061397;-2.905481412;	Site4_1;-95.1875
-79.00035318;-2.905480948;	Site4_1;-95.3750
-79.00009239;-2.905480484;	Site4_1;-95.5625
-78.99983160;-2.90548002;	Site4_1;-95.6875
-78.99957082;-2.905479556;	Site4_1;-95.9375
-78.99931003;-2.905479091;	Site4_1;-96.1250
-78.99904924;-2.905478627;	Site4_1;-96.3750
-78.99878845;-2.905478163;	Site4_1;-96.5625
-78.99852766;-2.905477698;	Site4_1;-96.8125
-78.99826687;-2.905477234;	Site4_1;-97.0625
-78.99800609;-2.905476769;	Site4_1;-97.3750
-78.99774530;-2.905476305;	Site2_1;-97.5000
-78.99748451;-2.90547584;	Site2_1;-97.5625
-78.99722372;-2.905475375;	Site2_1;-97.6875
-78.99696293;-2.905474911;	Site2_1;-97.7500
-78.99670215;-2.905474446;	Site2_1;-97.9375
-78.99644136;-2.905473981;	Site2_1;-98.0000
-78.99618057;-2.905473516;	Site2_1;-98.1250
-78.99591978;-2.905473051;	Site2_1;-98.3125
-78.99565900;-2.905472586;	Site2_1;-98.5000
-78.99539821;-2.905472121;	Site2_1;-98.6250
-78.99513742;-2.905471655;	Site2_1;-98.8125
-78.99487663;-2.90547119;	Site2_1;-98.9375
-78.99461585;-2.905470725;	Site2_1;-99.1250
-78.99435506;-2.905470259;	Site2_1;-99.3750
-78.99409427;-2.905469794;	Site2_1;-99.5625
-78.99383348;-2.905469328;	Site2_1;-99.6875
-78.99357270;-2.905468863;	Site2_1;-99.8750
-78.99331191;-2.905468397;	Site2_1;-100.0625
-78.99305112;-2.905467931;	Site2_1;-100.2500
-78.99279033;-2.905467466;	Site2_1;-100.4375
-78.99252955;-2.905467;	Site2_1;-100.6250
-78.99226876;-2.905466534;	Site2_1;-100.8125
-78.99200797;-2.905466068;	Site2_1;-101.0000
-78.99174719;-2.905465602;	Site2_1;-101.1875
-78.99148640;-2.905465136;	Site2_1;-101.4375
-78.99122561;-2.90546467;	Site2_1;-101.6250
-78.99096483;-2.905464204;	Site2_1;-101.8125
-79.01495786;-2.905244633;	Site1_1;-101.9375
-79.01469706;-2.905244172;	Site1_1;-101.7500
-79.01443627;-2.905243712;	Site1_1;-101.5000
-79.01417548;-2.905243251;	Site1_1;-101.3125
-79.01391469;-2.90524279;	Site1_1;-101.0625
-79.01365390;-2.905242329;	Site1_1;-100.8125
-79.01339311;-2.905241868;	Site1_1;-100.6250
-79.01313232;-2.905241407;	Site1_1;-100.4375
-79.01287153;-2.905240946;	Site1_1;-100.2500
-79.01261074;-2.905240485;	Site1_1;-100.0000
-79.01234995;-2.905240024;	Site1_1;-99.7500
-79.01208916;-2.905239563;	Site1_1;-99.5000
-79.01182837;-2.905239101;	Site1_1;-99.2500
-79.01156758;-2.90523864;	Site1_1;-99.0000
-79.01130679;-2.905238179;	Site1_1;-98.7500
-79.01104600;-2.905237717;	Site1_1;-98.5000
-79.01078521;-2.905237256;	Site1_1;-98.2500
-79.01052442;-2.905236794;	Site1_1;-98.1250
-79.01026363;-2.905236332;	Site1_1;-97.8750
-79.01000284;-2.905235871;	Site1_1;-97.6250
-79.00974205;-2.905235409;	Site1_1;-97.5000
-79.00948126;-2.905234947;	Site1_1;-97.2500
-79.00922047;-2.905234485;	Site1_1;-97.0625
-79.00895968;-2.905234023;	Site1_1;-96.8750
-79.00869889;-2.905233561;	Site1_1;-96.6250
-79.00843810;-2.905233099;	Site1_1;-96.5000
-79.00817731;-2.905232637;	Site1_1;-96.3125
-79.00791652;-2.905232175;	Site1_1;-96.1250
-79.00765573;-2.905231712;	Site1_1;-95.9375
-79.00739494;-2.90523125;	Site1_1;-95.8125
-79.00713415;-2.905230788;	Site1_1;-95.6875
-79.00687336;-2.905230325;	Site1_1;-95.5000
-79.00661257;-2.905229863;	Site1_1;-95.4375
-79.00635179;-2.9052294;	Site1_1;-95.3125
-79.00609100;-2.905228937;	Site1_1;-95.2500
-79.00583021;-2.905228475;	Site1_1;-95.1875
-79.00556942;-2.905228012;	Site4_1;-95.0625
-79.00530863;-2.905227549;	Site4_1;-94.9375
-79.00504784;-2.905227086;	Site4_1;-94.8750
-79.00478705;-2.905226623;	Site4_1;-94.7500
-79.00452626;-2.90522616;	Site4_1;-94.6875
-79.00426547;-2.905225697;	Site4_1;-94.6250
-79.00400468;-2.905225234;	Site4_1;-94.5625
-79.00374389;-2.905224771;	Site4_1;-94.4375
-79.00348311;-2.905224308;	Site4_1;-94.3750
-79.00322232;-2.905223844;	Site4_1;-94.3750
-79.00296153;-2.905223381;	Site4_1;-94.3125
-79.00270074;-2.905222918;	Site4_1;-94.3125
-79.00243995;-2.905222454;	Site4_1;-94.3125
-79.00217916;-2.905221991;	Site4_1;-94.3125
-79.00191837;-2.905221527;	Site4_1;-94.3750
-79.00165758;-2.905221063;	Site4_1;-94.4375
-79.00139680;-2.9052206;	Site4_1;-94.5625
-79.00113601;-2.905220136;	Site4_1;-94.6250
-79.00087522;-2.905219672;	Site4_1;-94.6875
-79.00061443;-2.905219208;	Site4_1;-94.8125
-79.00035364;-2.905218744;	Site4_1;-95.0000
-79.00009285;-2.90521828;	Site4_1;-95.1875
-78.99983207;-2.905217816;	Site4_1;-95.3125
-78.99957128;-2.905217352;	Site4_1;-95.5625
-78.99931049;-2.905216888;	Site4_1;-95.7500
-78.99904970;-2.905216423;	Site4_1;-96.0000
-78.99878891;-2.905215959;	Site4_1;-96.2500
-78.99852812;-2.905215495;	Site4_1;-96.4375
-78.99826734;-2.90521503;	Site4_1;-96.7500
-78.99800655;-2.905214566;	Site2_1;-97.0000
-78.99774576;-2.905214101;	Site2_1;-97.0625
-78.99748497;-2.905213637;	Site2_1;-97.1875
-78.99722419;-2.905213172;	Site2_1;-97.3125
-78.99696340;-2.905212707;	Site2_1;-97.4375
-78.99670261;-2.905212242;	Site2_1;-97.5625
-78.99644182;-2.905211777;	Site2_1;-97.6250
-78.99618103;-2.905211313;	Site2_1;-97.8125
-78.99592025;-2.905210848;	Site2_1;-98.0000
-78.99565946;-2.905210382;	Site2_1;-98.1875
-78.99539867;-2.905209917;	Site2_1;-98.3750
-78.99513788;-2.905209452;	Site2_1;-98.5000
-78.99487710;-2.905208987;	Site2_1;-98.6250
-78.99461631;-2.905208522;	Site2_1;-98.8750
-78.99435552;-2.905208056;	Site2_1;-99.0625
-78.99409473;-2.905207591;	Site2_1;-99.2500
-78.99383395;-2.905207125;	Site2_1;-99.4375
-78.99357316;-2.90520666;	Site2_1;-99.6250
-78.99331237;-2.905206194;	Site2_1;-99.8125
-78.99305158;-2.905205729;	Site2_1;-100.0000
-78.99279080;-2.905205263;	Site2_1;-100.1875
-78.99253001;-2.905204797;	Site2_1;-100.3750
-78.99226922;-2.905204331;	Site2_1;-100.5625
-78.99200844;-2.905203865;	Site2_1;-100.8125
-78.99174765;-2.905203399;	Site2_1;-101.0625
-78.99148686;-2.905202933;	Site2_1;-101.2500
-78.99122608;-2.905202467;	Site2_1;-101.4375
-78.99096529;-2.905202001;	Site2_1;-101.6875
-78.99070450;-2.905201535;	Site2_1;-101.8750
-79.01521910;-2.904982887;	Site1_1;-102.0000
-79.01495831;-2.904982427;	Site1_1;-101.6875
-79.01469752;-2.904981966;	Site1_1;-101.5000
-79.01443673;-2.904981506;	Site1_1;-101.2500
-79.01417594;-2.904981045;	Site1_1;-101.0000
-79.01391515;-2.904980584;	Site1_1;-100.8125
-79.01365436;-2.904980123;	Site1_1;-100.5625
-79.01339357;-2.904979662;	Site1_1;-100.3125
-79.01313278;-2.904979201;	Site1_1;-100.0625
-79.01287199;-2.90497874;	Site1_1;-99.8125
-79.01261120;-2.904978279;	Site1_1;-99.6250
-79.01235041;-2.904977818;	Site1_1;-99.4375
-79.01208962;-2.904977357;	Site1_1;-99.1875
-79.01182883;-2.904976896;	Site1_1;-98.9375
-79.01156804;-2.904976434;	Site1_1;-98.6875
-79.01130725;-2.904975973;	Site1_1;-98.3750
-79.01104646;-2.904975511;	Site1_1;-98.1250
-79.01078567;-2.90497505;	Site1_1;-97.8750
-79.01052488;-2.904974588;	Site1_1;-97.6250
-79.01026409;-2.904974127;	Site1_1;-97.4375
-79.01000330;-2.904973665;	Site1_1;-97.2500
-79.00974251;-2.904973203;	Site1_1;-97.0000
-79.00948172;-2.904972742;	Site1_1;-96.8125
-79.00922093;-2.90497228;	Site1_1;-96.6250
-79.00896014;-2.904971818;	Site1_1;-96.3750
-79.00869935;-2.904971356;	Site1_1;-96.1875
-79.00843856;-2.904970894;	Site1_1;-95.9375
-79.00817777;-2.904970432;	Site1_1;-95.7500
-79.00791698;-2.904969969;	Site1_1;-95.5625
-79.00765619;-2.904969507;	Site1_1;-95.3750
-79.00739540;-2.904969045;	Site1_1;-95.1875
-79.00713461;-2.904968583;	Site1_1;-95.0625
-79.00687382;-2.90496812;	Site1_1;-94.8750
-79.00661303;-2.904967658;	Site1_1;-94.6875
-79.00635225;-2.904967195;	Site1_1;-94.6250
-79.00609146;-2.904966733;	Site1_1;-94.5000
-79.00583067;-2.90496627;	Site1_1;-94.4375
-79.00556988;-2.904965807;	Site1_1;-94.3750
-79.00530909;-2.904965344;	Site1_1;-94.3125
-79.00504830;-2.904964882;	Site1_1;-94.3125
-79.00478751;-2.904964419;	Site1_1;-94.3125
-79.00452672;-2.904963956;	Site4_1;-94.2500
-79.00426593;-2.904963493;	Site4_1;-94.2500
-79.00400514;-2.90496303;	Site4_1;-94.1875
-79.00374436;-2.904962566;	Site4_1;-94.0625
-79.00348357;-2.904962103;	Site4_1;-94.0000
-79.00322278;-2.90496164;	Site4_1;-94.0000
-79.00296199;-2.904961177;	Site4_1;-93.8750
-79.0027012;-2.904960713;	Site4_1;-93.9375
-79.00244041;-2.90496025;	Site4_1;-93.8750
-79.00217962;-2.904959786;	Site4_1;-93.9375
-79.00191883;-2.904959323;	Site4_1;-93.9375
-79.00165805;-2.904958859;	Site4_1;-94.0625
-79.00139726;-2.904958395;	Site4_1;-94.1250
-79.00113647;-2.904957932;	Site4_1;-94.2500
-79.00087568;-2.904957468;	Site4_1;-94.2500
-79.00061489;-2.904957004;	Site4_1;-94.4375
-79.00035410;-2.90495654;	Site4_1;-94.6250
-79.00009332;-2.904956076;	Site4_1;-94.8125
-78.99983253;-2.904955612;	Site4_1;-94.9375
-78.99957174;-2.904955148;	Site4_1;-95.1875
-78.99931095;-2.904954684;	Site4_1;-95.4375
-78.99905016;-2.90495422;	Site4_1;-95.6250
-78.99878937;-2.904953755;	Site4_1;-95.9375
-78.99852859;-2.904953291;	Site4_1;-96.1250
-78.99826780;-2.904952827;	Site4_1;-96.4375
-78.99800701;-2.904952362;	Site2_1;-96.5625
-78.99774622;-2.904951898;	Site2_1;-96.6875
-78.99748544;-2.904951433;	Site2_1;-96.8125
-78.99722465;-2.904950968;	Site2_1;-96.8750
-78.99696386;-2.904950504;	Site2_1;-97.0625
-78.99670307;-2.904950039;	Site2_1;-97.1250
-78.99644228;-2.904949574;	Site2_1;-97.3125
-78.99618150;-2.904949109;	Site2_1;-97.5000
-78.99592071;-2.904948644;	Site2_1;-97.6875
-78.99565992;-2.904948179;	Site2_1;-97.8750
-78.99539913;-2.904947714;	Site2_1;-98.0000
-78.99513835;-2.904947249;	Site2_1;-98.1250
-78.99487756;-2.904946784;	Site2_1;-98.4375
-78.99461677;-2.904946319;	Site2_1;-98.6250
-78.99435598;-2.904945853;	Site2_1;-98.8125
-78.99409520;-2.904945388;	Site2_1;-99.0000
-78.99383441;-2.904944922;	Site2_1;-99.1875
-78.99357362;-2.904944457;	Site2_1;-99.3750
-78.99331284;-2.904943991;	Site2_1;-99.5625
-78.99305205;-2.904943526;	Site2_1;-99.7500
-78.99279126;-2.90494306;	Site2_1;-99.9375
-78.99253047;-2.904942594;	Site2_1;-100.1250
-78.99226969;-2.904942129;	Site2_1;-100.3750
-78.99200890;-2.904941663;	Site2_1;-100.6250
-78.99174811;-2.904941197;	Site2_1;-100.8125
-78.99148733;-2.904940731;	Site2_1;-101.0625
-78.99122654;-2.904940265;	Site2_1;-101.3125
-78.99096575;-2.904939799;	Site2_1;-101.5000
-78.99070497;-2.904939333;	Site2_1;-101.6875
-78.99044418;-2.904938866;	Site2_1;-101.9375
-79.01548035;-2.904721141;	Site1_1;-102.0000
-79.01521956;-2.904720681;	Site1_1;-101.8125
-79.01495877;-2.90472022;	Site1_1;-101.5625
-79.01469798;-2.90471976;	Site1_1;-101.3125
-79.01443719;-2.904719299;	Site1_1;-101.0000
-79.0141764;-2.904718839;	Site1_1;-100.7500
-79.01391561;-2.904718378;	Site1_1;-100.5000
-79.01365482;-2.904717917;	Site1_1;-100.2500
-79.01339403;-2.904717456;	Site1_1;-100.0000
-79.01313324;-2.904716995;	Site1_1;-99.7500
-79.01287245;-2.904716534;	Site1_1;-99.5000
-79.01261166;-2.904716073;	Site1_1;-99.2500
-79.01235087;-2.904715612;	Site1_1;-99.0000
-79.01209008;-2.904715151;	Site1_1;-98.8125
-79.01182929;-2.90471469;	Site1_1;-98.5625
-79.01156850;-2.904714229;	Site1_1;-98.3125
-79.01130771;-2.904713767;	Site1_1;-98.0625
-79.01104692;-2.904713306;	Site1_1;-97.7500
-79.01078613;-2.904712844;	Site1_1;-97.5000
-79.01052534;-2.904712383;	Site1_1;-97.2500
-79.01026455;-2.904711921;	Site1_1;-97.0000
-79.01000376;-2.90471146;	Site1_1;-96.7500
-79.00974297;-2.904710998;	Site1_1;-96.5625
-79.00948218;-2.904710536;	Site1_1;-96.3125
-79.00922139;-2.904710074;	Site1_1;-96.0625
-79.00896060;-2.904709612;	Site1_1;-95.8750
-79.00869981;-2.90470915;	Site1_1;-95.6250
-79.00843902;-2.904708688;	Site1_1;-95.3750
-79.00817823;-2.904708226;	Site1_1;-95.1875
-79.00791744;-2.904707764;	Site1_1;-94.9375
-79.00765665;-2.904707302;	Site1_1;-94.7500
-79.00739586;-2.90470684;	Site1_1;-94.6250
-79.00713507;-2.904706377;	Site1_1;-94.3750
-79.00687428;-2.904705915;	Site1_1;-94.1875
-79.00661349;-2.904705453;	Site1_1;-94.0625
-79.00635271;-2.90470499;	Site1_1;-93.8750
-79.00609192;-2.904704528;	Site1_1;-93.7500
-79.00583113;-2.904704065;	Site1_1;-93.6250
-79.00557034;-2.904703602;	Site1_1;-93.5625
-79.00530955;-2.90470314;	Site1_1;-93.5000
-79.00504876;-2.904702677;	Site1_1;-93.4375
-79.00478797;-2.904702214;	Site1_1;-93.4375
-79.00452718;-2.904701751;	Site1_1;-93.4375
-79.00426639;-2.904701288;	Site1_1;-93.4375
-79.00400560;-2.904700825;	Site1_1;-93.6250
-79.00374482;-2.904700362;	Site1_1;-93.6875
-79.00348403;-2.904699899;	Site4_1;-93.5625
-79.00322324;-2.904699436;	Site4_1;-93.5625
-79.00296245;-2.904698972;	Site4_1;-93.5000
-79.00270166;-2.904698509;	Site4_1;-93.5000
-79.00244087;-2.904698046;	Site4_1;-93.4375
-79.00218008;-2.904697582;	Site4_1;-93.5000
-79.00191930;-2.904697119;	Site4_1;-93.5000
-79.00165851;-2.904696655;	Site4_1;-93.6250
-79.00139772;-2.904696191;	Site4_1;-93.7500
-79.00113693;-2.904695728;	Site4_1;-93.8125
-79.00087614;-2.904695264;	Site4_1;-93.8750
-79.00061535;-2.9046948;	Site4_1;-94.0625
-79.00035457;-2.904694336;	Site4_1;-94.2500
-79.00009378;-2.904693872;	Site4_1;-94.3750
-78.99983299;-2.904693408;	Site4_1;-94.5625
-78.9995722;-2.904692944;	Site4_1;-94.8125
-78.99931141;-2.90469248;	Site4_1;-95.0625
-78.99905062;-2.904692016;	Site4_1;-95.2500
-78.99878984;-2.904691552;	Site4_1;-95.5625
-78.99852905;-2.904691087;	Site4_1;-95.8125
-78.99826826;-2.904690623;	Site2_1;-96.0625
-78.99800747;-2.904690159;	Site2_1;-96.1250
-78.99774668;-2.904689694;	Site2_1;-96.3125
-78.99748590;-2.90468923;	Site2_1;-96.3750
-78.99722511;-2.904688765;	Site2_1;-96.5625
-78.99696432;-2.9046883;	Site2_1;-96.6250
-78.99670353;-2.904687836;	Site2_1;-96.8125
-78.99644275;-2.904687371;	Site2_1;-97.0000
-78.99618196;-2.904686906;	Site2_1;-97.1875
-78.99592117;-2.904686441;	Site2_1;-97.3750
-78.99566038;-2.904685976;	Site2_1;-97.5000
-78.99539960;-2.904685511;	Site2_1;-97.6250
-78.99513881;-2.904685046;	Site2_1;-97.9375
-78.99487802;-2.904684581;	Site2_1;-98.1250
-78.99461723;-2.904684116;	Site2_1;-98.3125
-78.99435645;-2.90468365;	Site2_1;-98.5000
-78.99409566;-2.904683185;	Site2_1;-98.7500
-78.99383487;-2.90468272;	Site2_1;-98.9375
-78.99357409;-2.904682254;	Site2_1;-99.1250
-78.99331330;-2.904681789;	Site2_1;-99.3125
-78.99305251;-2.904681323;	Site2_1;-99.5000
-78.99279172;-2.904680857;	Site2_1;-99.7500
-78.99253094;-2.904680392;	Site2_1;-100.0000
-78.99227015;-2.904679926;	Site2_1;-100.2500
-78.99200936;-2.90467946;	Site2_1;-100.4375
-78.99174858;-2.904678994;	Site2_1;-100.6250
-78.99148779;-2.904678528;	Site2_1;-100.8750
-78.99122700;-2.904678062;	Site2_1;-101.1250
-78.99096622;-2.904677596;	Site2_1;-101.3125
-78.99070543;-2.90467713;	Site2_1;-101.5625
-78.99044464;-2.904676664;	Site2_1;-101.8125
-78.99018386;-2.904676198;	Site2_1;-102.0000
-79.01574160;-2.904459395;	Site1_1;-102.0000
-79.01548081;-2.904458935;	Site1_1;-101.8125
-79.01522002;-2.904458475;	Site1_1;-101.5625
-79.01495923;-2.904458014;	Site1_1;-101.3125
-79.01469844;-2.904457554;	Site1_1;-101.0625
-79.01443765;-2.904457093;	Site1_1;-100.8125
-79.01417686;-2.904456632;	Site1_1;-100.5625
-79.01391607;-2.904456172;	Site1_1;-100.3125
-79.01365528;-2.904455711;	Site1_1;-100.0000
-79.01339449;-2.90445525;	Site1_1;-99.7500
-79.01313370;-2.904454789;	Site1_1;-99.5000
-79.01287291;-2.904454328;	Site1_1;-99.2500
-79.01261212;-2.904453867;	Site1_1;-98.9375
-79.01235133;-2.904453406;	Site1_1;-98.6875
-79.01209054;-2.904452945;	Site1_1;-98.4375
-79.01182975;-2.904452484;	Site1_1;-98.1250
-79.01156896;-2.904452023;	Site1_1;-97.9375
-79.01130817;-2.904451561;	Site1_1;-97.6875
-79.01104738;-2.9044511;	Site1_1;-97.4375
-79.01078659;-2.904450639;	Site1_1;-97.1875
-79.01052580;-2.904450177;	Site1_1;-96.8750
-79.01026501;-2.904449716;	Site1_1;-96.6250
-79.01000422;-2.904449254;	Site1_1;-96.3750
-79.00974343;-2.904448792;	Site1_1;-96.0625
-79.00948264;-2.904448331;	Site1_1;-95.8125
-79.00922185;-2.904447869;	Site1_1;-95.6250
-79.00896106;-2.904447407;	Site1_1;-95.3750
-79.00870027;-2.904446945;	Site1_1;-95.0625
-79.00843948;-2.904446483;	Site1_1;-94.8750
-79.00817869;-2.904446021;	Site1_1;-94.6250
-79.00791790;-2.904445559;	Site1_1;-94.3750
-79.00765711;-2.904445097;	Site1_1;-94.1250
-79.00739632;-2.904444635;	Site1_1;-93.9375
-79.00713553;-2.904444172;	Site1_1;-93.7500
-79.00687474;-2.90444371;	Site1_1;-93.5000
-79.00661395;-2.904443248;	Site1_1;-93.3125
-79.00635317;-2.904442785;	Site1_1;-93.1875
-79.00609238;-2.904442323;	Site1_1;-92.9375
-79.00583159;-2.90444186;	Site1_1;-92.8125
-79.00557080;-2.904441398;	Site1_1;-92.6875
-79.00531001;-2.904440935;	Site1_1;-92.6250
-79.00504922;-2.904440472;	Site1_1;-92.5625
-79.00478843;-2.904440009;	Site1_1;-92.5000
-79.00452764;-2.904439546;	Site1_1;-92.5000
-79.00426685;-2.904439083;	Site1_1;-92.5000
-79.00400607;-2.90443862;	Site1_1;-92.5625
-79.00374528;-2.904438157;	Site1_1;-92.6875
-79.00348449;-2.904437694;	Site1_1;-92.8125
-79.00322370;-2.904437231;	Site1_1;-93.0000
-79.00296291;-2.904436768;	Site4_1;-93.0625
-79.00270212;-2.904436305;	Site4_1;-93.0625
-79.00244133;-2.904435841;	Site4_1;-93.0000
-79.00218054;-2.904435378;	Site4_1;-93.0625
-79.00191976;-2.904434914;	Site4_1;-93.1250
-79.00165897;-2.904434451;	Site4_1;-93.1875
-79.00139818;-2.904433987;	Site4_1;-93.3125
-79.00113739;-2.904433524;	Site4_1;-93.4375
-79.00087660;-2.90443306;	Site4_1;-93.4375
-79.00061581;-2.904432596;	Site4_1;-93.6250
-79.00035503;-2.904432132;	Site4_1;-93.8125
-79.00009424;-2.904431668;	Site4_1;-94.0000
-78.99983345;-2.904431204;	Site4_1;-94.1875
-78.99957266;-2.90443074;	Site4_1;-94.4375
-78.99931187;-2.904430276;	Site4_1;-94.6875
-78.99905109;-2.904429812;	Site4_1;-94.9375
-78.99879030;-2.904429348;	Site4_1;-95.1875
-78.99852951;-2.904428884;	Site4_1;-95.5000
-78.99826872;-2.904428419;	Site2_1;-95.6250
-78.99800793;-2.904427955;	Site2_1;-95.7500
-78.99774715;-2.904427491;	Site2_1;-95.8125
-78.99748636;-2.904427026;	Site2_1;-96.0000
-78.99722557;-2.904426561;	Site2_1;-96.1250
-78.99696478;-2.904426097;	Site2_1;-96.2500
-78.99670400;-2.904425632;	Site2_1;-96.4375
-78.99644321;-2.904425167;	Site2_1;-96.6250
-78.99618242;-2.904424703;	Site2_1;-96.8125
-78.99592163;-2.904424238;	Site2_1;-97.0000
-78.99566085;-2.904423773;	Site2_1;-97.1250
-78.99540006;-2.904423308;	Site2_1;-97.4375
-78.99513927;-2.904422843;	Site2_1;-97.6250
-78.99487848;-2.904422378;	Site2_1;-97.8125
-78.99461770;-2.904421913;	Site2_1;-98.0625
-78.99435691;-2.904421447;	Site2_1;-98.2500
-78.99409612;-2.904420982;	Site2_1;-98.4375
-78.99383534;-2.904420517;	Site2_1;-98.6875
-78.99357455;-2.904420051;	Site2_1;-98.8750
-78.99331376;-2.904419586;	Site2_1;-99.0625
-78.99305297;-2.90441912;	Site2_1;-99.3125
-78.99279219;-2.904418655;	Site2_1;-99.5625
-78.9925314;-2.904418189;	Site2_1;-99.8125
-78.99227061;-2.904417723;	Site2_1;-100.0000
-78.99200983;-2.904417258;	Site2_1;-100.2500
-78.99174904;-2.904416792;	Site2_1;-100.5000
-78.99148825;-2.904416326;	Site2_1;-100.6875
-78.99122747;-2.90441586;	Site2_1;-100.9375
-78.99096668;-2.904415394;	Site2_1;-101.1875
-78.99070589;-2.904414928;	Site2_1;-101.4375
-78.99044511;-2.904414462;	Site2_1;-101.6875
-78.99018432;-2.904413995;	Site2_1;-101.8750
-79.01600285;-2.904197649;	Site1_1;-102.0000
-79.01574206;-2.904197189;	Site1_1;-101.8125
-79.01548127;-2.904196729;	Site1_1;-101.5625
-79.01522048;-2.904196268;	Site1_1;-101.3125
-79.01495969;-2.904195808;	Site1_1;-101.0625
-79.01469890;-2.904195347;	Site1_1;-100.8125
-79.01443811;-2.904194887;	Site1_1;-100.5625
-79.01417732;-2.904194426;	Site1_1;-100.3125
-79.01391653;-2.904193966;	Site1_1;-100.0625
-79.01365574;-2.904193505;	Site1_1;-99.8125
-79.01339495;-2.904193044;	Site1_1;-99.5000
-79.01313416;-2.904192583;	Site1_1;-99.2500
-79.01287337;-2.904192122;	Site1_1;-98.9375
-79.01261258;-2.904191661;	Site1_1;-98.6875
-79.01235179;-2.9041912;	Site1_1;-98.3750
-79.01209100;-2.904190739;	Site1_1;-98.1250
-79.01183021;-2.904190278;	Site1_1;-97.8125
-79.01156942;-2.904189817;	Site1_1;-97.5625
-79.01130863;-2.904189356;	Site1_1;-97.2500
-79.01104784;-2.904188894;	Site1_1;-97.0000
-79.01078705;-2.904188433;	Site1_1;-96.7500
-79.01052626;-2.904187972;	Site1_1;-96.5000
-79.01026547;-2.90418751;	Site1_1;-96.2500
-79.01000468;-2.904187048;	Site1_1;-95.9375
-79.00974389;-2.904186587;	Site1_1;-95.6875
-79.00948310;-2.904186125;	Site1_1;-95.3750
-79.00922231;-2.904185663;	Site1_1;-95.1250
-79.00896152;-2.904185202;	Site1_1;-94.8125
-79.00870073;-2.90418474;	Site1_1;-94.6250
-79.00843994;-2.904184278;	Site1_1;-94.3125
-79.00817915;-2.904183816;	Site1_1;-94.0625
-79.00791836;-2.904183354;	Site1_1;-93.8125
-79.00765757;-2.904182892;	Site1_1;-93.5625
-79.00739678;-2.90418243;	Site1_1;-93.3125
-79.00713599;-2.904181967;	Site1_1;-93.0625
-79.00687520;-2.904181505;	Site1_1;-92.8750
-79.00661441;-2.904181043;	Site1_1;-92.6250
-79.00635363;-2.90418058;	Site1_1;-92.3750
-79.00609284;-2.904180118;	Site1_1;-92.2500
-79.00583205;-2.904179655;	Site1_1;-92.0000
-79.00557126;-2.904179193;	Site1_1;-91.8750
-79.00531047;-2.90417873;	Site1_1;-91.7500
-79.00504968;-2.904178267;	Site1_1;-91.6250
-79.00478889;-2.904177805;	Site1_1;-91.5625
-79.00452810;-2.904177342;	Site1_1;-91.5000
-79.00426731;-2.904176879;	Site1_1;-91.5000
-79.00400653;-2.904176416;	Site1_1;-91.5000
-79.00374574;-2.904175953;	Site1_1;-91.6250
-79.00348495;-2.90417549;	Site1_1;-91.7500
-79.00322416;-2.904175027;	Site1_1;-91.8750
-79.00296337;-2.904174564;	Site1_1;-92.1875
-79.00270258;-2.9041741;	Site1_1;-92.4375
-79.00244179;-2.904173637;	Site4_1;-92.5625
-79.00218101;-2.904173174;	Site4_1;-92.6250
-79.00192022;-2.90417271;	Site4_1;-92.6250
-79.00165943;-2.904172247;	Site4_1;-92.7500
-79.00139864;-2.904171783;	Site4_1;-92.8750
-79.00113785;-2.904171319;	Site4_1;-93.0000
-79.00087706;-2.904170856;	Site4_1;-93.0000
-79.00061628;-2.904170392;	Site4_1;-93.2500
-79.00035549;-2.904169928;	Site4_1;-93.4375
-79.00009470;-2.904169464;	Site4_1;-93.5625
-78.99983391;-2.904169;	Site4_1;-93.8125
-78.99957312;-2.904168537;	Site4_1;-94.0625
-78.99931234;-2.904168072;	Site4_1;-94.3125
-78.99905155;-2.904167608;	Site4_1;-94.6250
-78.99879076;-2.904167144;	Site4_1;-94.8125
-78.99852997;-2.90416668;	Site2_1;-95.1250
-78.99826918;-2.904166216;	Site2_1;-95.2500
-78.99800840;-2.904165751;	Site2_1;-95.3125
-78.99774761;-2.904165287;	Site2_1;-95.4375
-78.99748682;-2.904164823;	Site2_1;-95.5625
-78.99722603;-2.904164358;	Site2_1;-95.6875
-78.99696525;-2.904163893;	Site2_1;-95.9375
-78.99670446;-2.904163429;	Site2_1;-96.1250
-78.99644367;-2.904162964;	Site2_1;-96.3125
-78.99618288;-2.904162499;	Site2_1;-96.5000
-78.99592210;-2.904162034;	Site2_1;-96.6250
-78.99566131;-2.90416157;	Site2_1;-96.8750
-78.99540052;-2.904161105;	Site2_1;-97.1250
-78.99513973;-2.90416064;	Site2_1;-97.3125
-78.99487895;-2.904160175;	Site2_1;-97.5625
-78.99461816;-2.904159709;	Site2_1;-97.7500
-78.99435737;-2.904159244;	Site2_1;-98.0000
-78.99409659;-2.904158779;	Site2_1;-98.1875
-78.99383580;-2.904158314;	Site2_1;-98.3750
-78.99357501;-2.904157848;	Site2_1;-98.6250
-78.99331422;-2.904157383;	Site2_1;-98.8125
-78.99305344;-2.904156917;	Site2_1;-99.1250
-78.99279265;-2.904156452;	Site2_1;-99.3125
-78.99253186;-2.904155986;	Site2_1;-99.5625
-78.99227108;-2.904155521;	Site2_1;-99.8125
-78.99201029;-2.904155055;	Site2_1;-100.0625
-78.99174950;-2.904154589;	Site2_1;-100.2500
-78.99148872;-2.904154123;	Site2_1;-100.5000
-78.99122793;-2.904153657;	Site2_1;-100.7500
-78.99096714;-2.904153191;	Site2_1;-101.0000
-78.99070636;-2.904152725;	Site2_1;-101.3125
-78.99044557;-2.904152259;	Site2_1;-101.5000
-78.99018478;-2.904151793;	Site2_1;-101.6875
-78.98992400;-2.904151327;	Site2_1;-101.9375
-79.01600331;-2.903935443;	Site1_1;-101.8750
-79.01574252;-2.903934982;	Site1_1;-101.6250
-79.01548173;-2.903934522;	Site1_1;-101.3125
-79.01522094;-2.903934062;	Site1_1;-101.0625
-79.01496015;-2.903933602;	Site1_1;-100.8125
-79.01469936;-2.903933141;	Site1_1;-100.5625
-79.01443857;-2.903932681;	Site1_1;-100.3125
-79.01417777;-2.90393222;	Site1_1;-100.0625
-79.01391698;-2.903931759;	Site1_1;-99.8125
-79.01365619;-2.903931299;	Site1_1;-99.5625
-79.01339540;-2.903930838;	Site1_1;-99.3125
-79.01313461;-2.903930377;	Site1_1;-99.0000
-79.01287382;-2.903929916;	Site1_1;-98.7500
-79.01261303;-2.903929455;	Site1_1;-98.4375
-79.01235224;-2.903928994;	Site1_1;-98.0625
-79.01209145;-2.903928533;	Site1_1;-97.8125
-79.01183066;-2.903928072;	Site1_1;-97.5000
-79.01156987;-2.903927611;	Site1_1;-97.1875
-79.01130908;-2.90392715;	Site1_1;-96.9375
-79.01104829;-2.903926689;	Site1_1;-96.6250
-79.01078750;-2.903926227;	Site1_1;-96.3125
-79.01052672;-2.903925766;	Site1_1;-96.0625
-79.01026593;-2.903925304;	Site1_1;-95.8125
-79.01000514;-2.903924843;	Site1_1;-95.5625
-79.00974435;-2.903924381;	Site1_1;-95.2500
-79.00948356;-2.90392392;	Site1_1;-95.0000
-79.00922277;-2.903923458;	Site1_1;-94.6875
-79.00896198;-2.903922996;	Site1_1;-94.3750
-79.00870119;-2.903922534;	Site1_1;-94.0625
-79.00844040;-2.903922073;	Site1_1;-93.7500
-79.00817961;-2.903921611;	Site1_1;-93.5000
-79.00791882;-2.903921149;	Site1_1;-93.1875
-79.00765803;-2.903920687;	Site1_1;-93.0000
-79.00739724;-2.903920224;	Site1_1;-92.6875
-79.00713645;-2.903919762;	Site1_1;-92.4375
-79.00687566;-2.9039193;	Site1_1;-92.1250
-79.00661487;-2.903918838;	Site1_1;-91.8750
-79.00635409;-2.903918375;	Site1_1;-91.6875
-79.00609330;-2.903917913;	Site1_1;-91.4375
-79.00583251;-2.90391745;	Site1_1;-91.2500
-79.00557172;-2.903916988;	Site1_1;-91.0000
-79.00531093;-2.903916525;	Site1_1;-90.8125
-79.00505014;-2.903916063;	Site1_1;-90.6875
-79.00478935;-2.9039156;	Site1_1;-90.5625
-79.00452856;-2.903915137;	Site1_1;-90.5000
-79.00426777;-2.903914674;	Site1_1;-90.4375
-79.00400699;-2.903914211;	Site1_1;-90.4375
-79.00374620;-2.903913748;	Site1_1;-90.5000
-79.00348541;-2.903913285;	Site1_1;-90.6875
-79.00322462;-2.903912822;	Site1_1;-90.8125
-79.00296383;-2.903912359;	Site1_1;-91.0000
-79.00270304;-2.903911896;	Site1_1;-91.3125
-79.00244226;-2.903911433;	Site1_1;-91.6250
-79.00218147;-2.903910969;	Site1_1;-92.0000
-79.00192068;-2.903910506;	Site4_1;-92.1875
-79.00165989;-2.903910042;	Site4_1;-92.3125
-79.00139910;-2.903909579;	Site4_1;-92.4375
-79.00113831;-2.903909115;	Site4_1;-92.5625
-79.00087753;-2.903908652;	Site4_1;-92.5625
-79.00061674;-2.903908188;	Site4_1;-92.8125
-79.00035595;-2.903907724;	Site4_1;-93.0000
-79.00009516;-2.90390726;	Site4_1;-93.1875
-78.99983437;-2.903906797;	Site4_1;-93.4375
-78.99957359;-2.903906333;	Site4_1;-93.6875
-78.99931280;-2.903905869;	Site4_1;-93.9375
-78.99905201;-2.903905405;	Site4_1;-94.2500
-78.99879122;-2.90390494;	Site4_1;-94.5000
-78.99853043;-2.903904476;	Site2_1;-94.6875
-78.99826965;-2.903904012;	Site2_1;-94.8125
-78.99800886;-2.903903548;	Site2_1;-94.9375
-78.99774807;-2.903903083;	Site2_1;-95.0625
-78.99748728;-2.903902619;	Site2_1;-95.1875
-78.99722650;-2.903902155;	Site2_1;-95.3750
-78.99696571;-2.90390169;	Site2_1;-95.5625
-78.99670492;-2.903901225;	Site2_1;-95.7500
-78.99644413;-2.903900761;	Site2_1;-95.9375
-78.99618335;-2.903900296;	Site2_1;-96.0625
-78.99592256;-2.903899831;	Site2_1;-96.3750
-78.99566177;-2.903899366;	Site2_1;-96.6250
-78.99540098;-2.903898901;	Site2_1;-96.8125
-78.99514020;-2.903898437;	Site2_1;-97.0625
-78.99487941;-2.903897971;	Site2_1;-97.2500
-78.99461862;-2.903897506;	Site2_1;-97.5000
-78.99435784;-2.903897041;	Site2_1;-97.6875
-78.99409705;-2.903896576;	Site2_1;-97.9375
-78.99383626;-2.903896111;	Site2_1;-98.1250
-78.99357547;-2.903895645;	Site2_1;-98.3750
-78.99331469;-2.90389518;	Site2_1;-98.6875
-78.9930539;-2.903894715;	Site2_1;-98.8750
-78.99279311;-2.903894249;	Site2_1;-99.1250
-78.99253233;-2.903893784;	Site2_1;-99.3750
-78.99227154;-2.903893318;	Site2_1;-99.6250
-78.99201075;-2.903892852;	Site2_1;-99.8125
-78.99174997;-2.903892387;	Site2_1;-100.1250
-78.99148918;-2.903891921;	Site2_1;-100.3750
-78.99122839;-2.903891455;	Site2_1;-100.6250
-78.99096761;-2.903890989;	Site2_1;-100.8750
-78.99070682;-2.903890523;	Site2_1;-101.1250
-78.99044603;-2.903890057;	Site2_1;-101.3125
-78.99018525;-2.903889591;	Site2_1;-101.5625
-78.98992446;-2.903889125;	Site2_1;-101.8125
-79.01626456;-2.903673696;	Site1_1;-101.9375
-79.01600377;-2.903673236;	Site1_1;-101.6875
-79.01574297;-2.903672776;	Site1_1;-101.4375
-79.01548218;-2.903672316;	Site1_1;-101.1875
-79.01522139;-2.903671856;	Site1_1;-100.9375
-79.01496060;-2.903671395;	Site1_1;-100.6250
-79.01469981;-2.903670935;	Site1_1;-100.3750
-79.01443902;-2.903670474;	Site1_1;-100.0625
-79.01417823;-2.903670014;	Site1_1;-99.8125
-79.01391744;-2.903669553;	Site1_1;-99.5625
-79.01365665;-2.903669093;	Site1_1;-99.3125
-79.01339586;-2.903668632;	Site1_1;-99.0000
-79.01313507;-2.903668171;	Site1_1;-98.7500
-79.01287428;-2.90366771;	Site1_1;-98.4375
-79.01261349;-2.90366725;	Site1_1;-98.1875
-79.01235270;-2.903666789;	Site1_1;-97.8750
-79.01209191;-2.903666328;	Site1_1;-97.5625
-79.01183112;-2.903665867;	Site1_1;-97.1875
-79.01157033;-2.903665405;	Site1_1;-96.8750
-79.01130954;-2.903664944;	Site1_1;-96.5625
-79.01104875;-2.903664483;	Site1_1;-96.2500
-79.01078796;-2.903664022;	Site1_1;-96.0000
-79.01052717;-2.90366356;	Site1_1;-95.6875
-79.01026638;-2.903663099;	Site1_1;-95.3750
-79.01000559;-2.903662637;	Site1_1;-95.0625
-79.00974481;-2.903662176;	Site1_1;-94.8125
-79.00948402;-2.903661714;	Site1_1;-94.5625
-79.00922323;-2.903661253;	Site1_1;-94.2500
-79.00896244;-2.903660791;	Site1_1;-93.9375
-79.00870165;-2.903660329;	Site1_1;-93.5625
-79.00844086;-2.903659867;	Site1_1;-93.2500
-79.00818007;-2.903659405;	Site1_1;-92.9375
-79.00791928;-2.903658943;	Site1_1;-92.6250
-79.00765849;-2.903658481;	Site1_1;-92.3750
-79.00739770;-2.903658019;	Site1_1;-92.0625
-79.00713691;-2.903657557;	Site1_1;-91.7500
-79.00687612;-2.903657095;	Site1_1;-91.4375
-79.00661533;-2.903656633;	Site1_1;-91.1875
-79.00635455;-2.90365617;	Site1_1;-90.8750
-79.00609376;-2.903655708;	Site1_1;-90.6875
-79.00583297;-2.903655246;	Site1_1;-90.3750
-79.00557218;-2.903654783;	Site1_1;-90.1875
-79.00531139;-2.903654321;	Site1_1;-89.9375
-79.00505060;-2.903653858;	Site1_1;-89.6875
-79.00478981;-2.903653395;	Site1_1;-89.5625
-79.00452902;-2.903652932;	Site1_1;-89.4375
-79.00426824;-2.90365247;	Site1_1;-89.3750
-79.00400745;-2.903652007;	Site1_1;-89.3750
-79.00374666;-2.903651544;	Site1_1;-89.3750
-79.00348587;-2.903651081;	Site1_1;-89.4375
-79.00322508;-2.903650618;	Site1_1;-89.6250
-79.00296429;-2.903650155;	Site1_1;-89.8125
-79.00270350;-2.903649692;	Site1_1;-90.1250
-79.00244272;-2.903649228;	Site1_1;-90.4375
-79.00218193;-2.903648765;	Site1_1;-90.7500
-79.00192114;-2.903648302;	Site1_1;-91.1875
-79.00166035;-2.903647838;	Site1_1;-91.6875
-79.00139956;-2.903647375;	Site4_1;-91.9375
-79.00113877;-2.903646911;	Site4_1;-92.0625
-79.00087799;-2.903646448;	Site4_1;-92.1250
-79.00061720;-2.903645984;	Site4_1;-92.3750
-79.00035641;-2.90364552;	Site4_1;-92.5625
-79.00009562;-2.903645057;	Site4_1;-92.7500
-78.99983483;-2.903644593;	Site4_1;-93.0000
-78.99957405;-2.903644129;	Site4_1;-93.3125
-78.99931326;-2.903643665;	Site4_1;-93.5625
-78.99905247;-2.903643201;	Site4_1;-93.8125
-78.99879168;-2.903642737;	Site2_1;-94.1250
-78.99853090;-2.903642273;	Site2_1;-94.2500
-78.99827011;-2.903641808;	Site2_1;-94.3750
-78.99800932;-2.903641344;	Site2_1;-94.5000
-78.99774853;-2.90364088;	Site2_1;-94.6250
-78.99748775;-2.903640415;	Site2_1;-94.8125
-78.99722696;-2.903639951;	Site2_1;-95.0000
-78.99696617;-2.903639487;	Site2_1;-95.1875
-78.99670538;-2.903639022;	Site2_1;-95.3750
-78.99644460;-2.903638557;	Site2_1;-95.5625
-78.99618381;-2.903638093;	Site2_1;-95.8125
-78.99592302;-2.903637628;	Site2_1;-96.0625
-78.99566223;-2.903637163;	Site2_1;-96.2500
-78.99540145;-2.903636698;	Site2_1;-96.5000
-78.99514066;-2.903636233;	Site2_1;-96.7500
-78.99487987;-2.903635768;	Site2_1;-96.9375
-78.99461908;-2.903635303;	Site2_1;-97.1875
-78.99435830;-2.903634838;	Site2_1;-97.4375
-78.99409751;-2.903634373;	Site2_1;-97.6250
-78.99383672;-2.903633908;	Site2_1;-97.9375
-78.99357594;-2.903633443;	Site2_1;-98.1875
-78.99331515;-2.903632977;	Site2_1;-98.4375
-78.99305436;-2.903632512;	Site2_1;-98.6875
-78.99279358;-2.903632046;	Site2_1;-98.9375
-78.99253279;-2.903631581;	Site2_1;-99.1875
-78.99227200;-2.903631115;	Site2_1;-99.4375
-78.99201122;-2.90363065;	Site2_1;-99.6875
-78.99175043;-2.903630184;	Site2_1;-99.9375
-78.99148964;-2.903629718;	Site2_1;-100.2500
-78.99122886;-2.903629252;	Site2_1;-100.4375
-78.99096807;-2.903628786;	Site2_1;-100.6875
-78.99070728;-2.903628321;	Site2_1;-100.9375
-78.99044650;-2.903627854;	Site2_1;-101.1875
-78.99018571;-2.903627388;	Site2_1;-101.4375
-78.98992492;-2.903626922;	Site2_1;-101.6875
-78.98966414;-2.903626456;	Site2_1;-101.9375
-79.01626501;-2.90341149;	Site1_1;-101.7500
-79.01600422;-2.90341103;	Site1_1;-101.5000
-79.01574343;-2.90341057;	Site1_1;-101.2500
-79.01548264;-2.903410109;	Site1_1;-101.0000
-79.01522185;-2.903409649;	Site1_1;-100.7500
-79.01496106;-2.903409189;	Site1_1;-100.4375
-79.01470027;-2.903408729;	Site1_1;-100.1875
-79.01443948;-2.903408268;	Site1_1;-99.9375
-79.01417869;-2.903407808;	Site1_1;-99.6250
-79.0139179;-2.903407347;	Site1_1;-99.3125
-79.01365711;-2.903406887;	Site1_1;-99.0000
-79.01339632;-2.903406426;	Site1_1;-98.7500
-79.01313553;-2.903405965;	Site1_1;-98.4375
-79.01287474;-2.903405504;	Site1_1;-98.1875
-79.01261395;-2.903405044;	Site1_1;-97.8750
-79.01235316;-2.903404583;	Site1_1;-97.5625
-79.01209237;-2.903404122;	Site1_1;-97.2500
-79.01183158;-2.903403661;	Site1_1;-96.9375
-79.01157079;-2.9034032;	Site1_1;-96.6250
-79.01131000;-2.903402739;	Site1_1;-96.3125
-79.01104921;-2.903402277;	Site1_1;-95.9375
-79.01078842;-2.903401816;	Site1_1;-95.6250
-79.01052763;-2.903401355;	Site1_1;-95.3125
-79.01026684;-2.903400893;	Site1_1;-95.0000
-79.01000605;-2.903400432;	Site1_1;-94.6875
-79.00974526;-2.90339997;	Site1_1;-94.3750
-79.00948448;-2.903399509;	Site1_1;-94.0625
-79.00922369;-2.903399047;	Site1_1;-93.7500
-79.00896290;-2.903398586;	Site1_1;-93.4375
-79.00870211;-2.903398124;	Site1_1;-93.1250
-79.00844132;-2.903397662;	Site1_1;-92.7500
-79.00818053;-2.9033972;	Site1_1;-92.4375
-79.00791974;-2.903396738;	Site1_1;-92.0625
-79.00765895;-2.903396276;	Site1_1;-91.7500
-79.00739816;-2.903395814;	Site1_1;-91.4375
-79.00713737;-2.903395352;	Site1_1;-91.1250
-79.00687658;-2.90339489;	Site1_1;-90.8125
-79.00661579;-2.903394428;	Site1_1;-90.4375
-79.00635501;-2.903393965;	Site1_1;-90.1875
-79.00609422;-2.903393503;	Site1_1;-89.8125
-79.00583343;-2.903393041;	Site1_1;-89.5625
-79.00557264;-2.903392578;	Site1_1;-89.3125
-79.00531185;-2.903392116;	Site1_1;-89.0000
-79.00505106;-2.903391653;	Site1_1;-88.8125
-79.00479027;-2.903391191;	Site1_1;-88.5625
-79.00452948;-2.903390728;	Site1_1;-88.3750
-79.00426870;-2.903390265;	Site1_1;-88.3125
-79.00400791;-2.903389802;	Site1_1;-88.2500
-79.00374712;-2.903389339;	Site1_1;-88.2500
-79.00348633;-2.903388876;	Site1_1;-88.2500
-79.00322554;-2.903388413;	Site1_1;-88.3750
-79.00296475;-2.90338795;	Site1_1;-88.5625
-79.00270396;-2.903387487;	Site1_1;-88.7500
-79.00244318;-2.903387024;	Site1_1;-89.1250
-79.00218239;-2.903386561;	Site1_1;-89.4375
-79.0019216;-2.903386097;	Site1_1;-89.8750
-79.00166081;-2.903385634;	Site1_1;-90.3750
-79.00140002;-2.903385171;	Site1_1;-90.9375
-79.00113924;-2.903384707;	Site1_1;-91.5625
-79.00087845;-2.903384244;	Site4_1;-91.6875
-79.00061766;-2.90338378;	Site4_1;-91.9375
-79.00035687;-2.903383316;	Site4_1;-92.1250
-79.00009608;-2.903382853;	Site4_1;-92.3125
-78.99983530;-2.903382389;	Site4_1;-92.5625
-78.99957451;-2.903381925;	Site4_1;-92.8750
-78.99931372;-2.903381461;	Site4_1;-93.1875
-78.99905293;-2.903380997;	Site4_1;-93.4375
-78.99879214;-2.903380533;	Site2_1;-93.6875
-78.99853136;-2.903380069;	Site2_1;-93.8125
-78.99827057;-2.903379605;	Site2_1;-93.9375
-78.99800978;-2.903379141;	Site2_1;-94.0625
-78.99774899;-2.903378676;	Site2_1;-94.2500
-78.99748821;-2.903378212;	Site2_1;-94.4375
-78.99722742;-2.903377748;	Site2_1;-94.6250
-78.99696663;-2.903377283;	Site2_1;-94.8750
-78.99670584;-2.903376819;	Site2_1;-95.0000
-78.99644506;-2.903376354;	Site2_1;-95.2500
-78.99618427;-2.903375889;	Site2_1;-95.5000
-78.99592348;-2.903375425;	Site2_1;-95.7500
-78.99566270;-2.90337496;	Site2_1;-95.9375
-78.99540191;-2.903374495;	Site2_1;-96.1875
-78.99514112;-2.90337403;	Site2_1;-96.4375
-78.99488033;-2.903373565;	Site2_1;-96.6250
-78.99461955;-2.9033731;	Site2_1;-96.8750
-78.99435876;-2.903372635;	Site2_1;-97.1250
-78.99409797;-2.90337217;	Site2_1;-97.4375
-78.99383719;-2.903371705;	Site2_1;-97.6875
-78.99357640;-2.90337124;	Site2_1;-97.9375
-78.99331561;-2.903370774;	Site2_1;-98.1875
-78.99305483;-2.903370309;	Site2_1;-98.5000
-78.99279404;-2.903369844;	Site2_1;-98.6875
-78.99253325;-2.903369378;	Site2_1;-99.0000
-78.99227247;-2.903368913;	Site2_1;-99.2500
-78.99201168;-2.903368447;	Site2_1;-99.5625
-78.99175089;-2.903367981;	Site2_1;-99.8125
-78.99149011;-2.903367516;	Site2_1;-100.0625
-78.99122932;-2.90336705;	Site2_1;-100.2500
-78.99096853;-2.903366584;	Site2_1;-100.5625
-78.99070775;-2.903366118;	Site2_1;-100.8125
-78.99044696;-2.903365652;	Site2_1;-101.0625
-78.99018617;-2.903365186;	Site2_1;-101.3125
-78.98992539;-2.90336472;	Site2_1;-101.5625
-78.98966460;-2.903364254;	Site2_1;-101.8125
-79.01652626;-2.903149743;	Site1_1;-101.8750
-79.01626547;-2.903149283;	Site1_1;-101.6250
-79.01600468;-2.903148823;	Site1_1;-101.3750
-79.01574389;-2.903148363;	Site1_1;-101.1250
-79.01548310;-2.903147903;	Site1_1;-100.8125
-79.01522231;-2.903147443;	Site1_1;-100.5625
-79.01496152;-2.903146983;	Site1_1;-100.2500
-79.01470073;-2.903146522;	Site1_1;-100.0000
-79.01443994;-2.903146062;	Site1_1;-99.6875
-79.01417915;-2.903145601;	Site1_1;-99.4375
-79.01391836;-2.903145141;	Site1_1;-99.1250
-79.01365757;-2.90314468;	Site1_1;-98.8750
-79.01339678;-2.90314422;	Site1_1;-98.5625
-79.01313599;-2.903143759;	Site1_1;-98.1875
-79.01287520;-2.903143298;	Site1_1;-97.8750
-79.01261441;-2.903142838;	Site1_1;-97.5625
-79.01235362;-2.903142377;	Site1_1;-97.2500
-79.01209283;-2.903141916;	Site1_1;-96.9375
-79.01183204;-2.903141455;	Site1_1;-96.6250
-79.01157125;-2.903140994;	Site1_1;-96.3125
-79.01131046;-2.903140533;	Site1_1;-96.0000
-79.01104967;-2.903140072;	Site1_1;-95.6875
-79.01078888;-2.90313961;	Site1_1;-95.3750
-79.01052809;-2.903139149;	Site1_1;-95.0000
-79.01026730;-2.903138688;	Site1_1;-94.6250
-79.01000651;-2.903138226;	Site1_1;-94.3125
-79.00974572;-2.903137765;	Site1_1;-93.9375
-79.00948493;-2.903137303;	Site1_1;-93.6250
-79.00922414;-2.903136842;	Site1_1;-93.2500
-79.00896336;-2.90313638;	Site1_1;-92.9375
-79.00870257;-2.903135919;	Site1_1;-92.6250
-79.00844178;-2.903135457;	Site1_1;-92.3125
-79.00818099;-2.903134995;	Site1_1;-91.9375
-79.00792020;-2.903134533;	Site1_1;-91.5625
-79.00765941;-2.903134071;	Site1_1;-91.1875
-79.00739862;-2.903133609;	Site1_1;-90.8125
-79.00713783;-2.903133147;	Site1_1;-90.4375
-79.00687704;-2.903132685;	Site1_1;-90.1250
-79.00661625;-2.903132223;	Site1_1;-89.7500
-79.00635547;-2.903131761;	Site1_1;-89.4375
-79.00609468;-2.903131298;	Site1_1;-89.0625
-79.00583389;-2.903130836;	Site1_1;-88.7500
-79.00557310;-2.903130373;	Site1_1;-88.3750
-79.00531231;-2.903129911;	Site1_1;-88.1250
-79.00505152;-2.903129448;	Site1_1;-87.8125
-79.00479073;-2.903128986;	Site1_1;-87.5625
-79.00452994;-2.903128523;	Site1_1;-87.3125
-79.00426916;-2.90312806;	Site1_1;-87.1875
-79.00400837;-2.903127598;	Site1_1;-87.1250
-79.00374758;-2.903127135;	Site1_1;-87.0625
-79.00348679;-2.903126672;	Site1_1;-87.0000
-79.00322600;-2.903126209;	Site1_1;-87.0625
-79.00296521;-2.903125746;	Site1_1;-87.2500
-79.00270443;-2.903125283;	Site1_1;-87.4375
-79.00244364;-2.90312482;	Site1_1;-87.6875
-79.00218285;-2.903124356;	Site1_1;-88.0625
-79.00192206;-2.903123893;	Site1_1;-88.4375
-79.00166127;-2.90312343;	Site1_1;-88.9375
-79.00140048;-2.903122967;	Site1_1;-89.5625
-79.00113970;-2.903122503;	Site1_1;-90.2500
-79.00087891;-2.90312204;	Site1_1;-90.9375
-79.00061812;-2.903121576;	Site4_1;-91.5000
-79.00035733;-2.903121112;	Site4_1;-91.6250
-79.00009655;-2.903120649;	Site4_1;-91.8750
-78.99983576;-2.903120185;	Site4_1;-92.1250
-78.99957497;-2.903119721;	Site4_1;-92.4375
-78.99931418;-2.903119257;	Site4_1;-92.7500
-78.99905339;-2.903118793;	Site2_1;-93.0625
-78.99879261;-2.903118329;	Site2_1;-93.2500
-78.99853182;-2.903117865;	Site2_1;-93.3750
-78.99827103;-2.903117401;	Site2_1;-93.5000
-78.99801024;-2.903116937;	Site2_1;-93.6250
-78.99774946;-2.903116473;	Site2_1;-93.8750
-78.99748867;-2.903116008;	Site2_1;-94.0625
-78.99722788;-2.903115544;	Site2_1;-94.2500
-78.99696709;-2.90311508;	Site2_1;-94.4375
-78.99670631;-2.903114615;	Site2_1;-94.6875
-78.99644552;-2.903114151;	Site2_1;-94.9375
-78.99618473;-2.903113686;	Site2_1;-95.1250
-78.99592395;-2.903113221;	Site2_1;-95.3750
-78.99566316;-2.903112757;	Site2_1;-95.6250
-78.99540237;-2.903112292;	Site2_1;-95.8750
-78.99514158;-2.903111827;	Site2_1;-96.1250
-78.99488080;-2.903111362;	Site2_1;-96.3750
-78.99462001;-2.903110897;	Site2_1;-96.6250
-78.99435922;-2.903110432;	Site2_1;-96.9375
-78.99409844;-2.903109967;	Site2_1;-97.1875
-78.99383765;-2.903109502;	Site2_1;-97.4375
-78.99357686;-2.903109037;	Site2_1;-97.7500
-78.99331608;-2.903108572;	Site2_1;-98.0000
-78.99305529;-2.903108106;	Site2_1;-98.2500
-78.99279450;-2.903107641;	Site2_1;-98.5625
-78.99253372;-2.903107175;	Site2_1;-98.8125
-78.99227293;-2.90310671;	Site2_1;-99.1250
-78.99201214;-2.903106244;	Site2_1;-99.3750
-78.99175136;-2.903105779;	Site2_1;-99.6250
-78.99149057;-2.903105313;	Site2_1;-99.8750
-78.99122978;-2.903104847;	Site2_1;-100.1250
-78.99096900;-2.903104382;	Site2_1;-100.4375
-78.99070821;-2.903103916;	Site2_1;-100.6875
-78.99044742;-2.90310345;	Site2_1;-100.9375
-78.99018664;-2.903102984;	Site2_1;-101.1875
-78.98992585;-2.903102518;	Site2_1;-101.4375
-78.98966507;-2.903102052;	Site2_1;-101.6875
-78.98940428;-2.903101585;	Site2_1;-101.9375
-79.01678751;-2.902887996;	Site1_1;-102.0000
-79.01652672;-2.902887537;	Site1_1;-101.6875
-79.01626593;-2.902887077;	Site1_1;-101.4375
-79.01600514;-2.902886617;	Site1_1;-101.1875
-79.01574435;-2.902886157;	Site1_1;-100.8750
-79.01548356;-2.902885697;	Site1_1;-100.6250
-79.01522277;-2.902885236;	Site1_1;-100.3750
-79.01496198;-2.902884776;	Site1_1;-100.1250
-79.01470119;-2.902884316;	Site1_1;-99.8125
-79.01444040;-2.902883856;	Site1_1;-99.5625
-79.01417961;-2.902883395;	Site1_1;-99.2500
-79.01391882;-2.902882935;	Site1_1;-98.9375
-79.01365803;-2.902882474;	Site1_1;-98.6250
-79.01339724;-2.902882014;	Site1_1;-98.3125
-79.01313645;-2.902881553;	Site1_1;-98.0000
-79.01287566;-2.902881092;	Site1_1;-97.6875
-79.01261487;-2.902880632;	Site1_1;-97.3750
-79.01235408;-2.902880171;	Site1_1;-97.0000
-79.01209329;-2.90287971;	Site1_1;-96.6875
-79.01183250;-2.902879249;	Site1_1;-96.3125
-79.01157171;-2.902878788;	Site1_1;-96.0000
-79.01131092;-2.902878327;	Site1_1;-95.6875
-79.01105013;-2.902877866;	Site1_1;-95.3750
-79.01078934;-2.902877405;	Site1_1;-95.0625
-79.01052855;-2.902876944;	Site1_1;-94.6875
-79.01026776;-2.902876482;	Site1_1;-94.3750
-79.01000697;-2.902876021;	Site1_1;-94.0000
-79.00974618;-2.902875559;	Site1_1;-93.6250
-79.00948539;-2.902875098;	Site1_1;-93.1875
-79.00922460;-2.902874636;	Site1_1;-92.8750
-79.00896381;-2.902874175;	Site1_1;-92.5000
-79.00870303;-2.902873713;	Site1_1;-92.1250
-79.00844224;-2.902873251;	Site1_1;-91.7500
-79.00818145;-2.90287279;	Site1_1;-91.3750
-79.00792066;-2.902872328;	Site1_1;-91.0625
-79.00765987;-2.902871866;	Site1_1;-90.6250
-79.00739908;-2.902871404;	Site1_1;-90.2500
-79.00713829;-2.902870942;	Site1_1;-89.8125
-79.00687750;-2.90287048;	Site1_1;-89.4375
-79.00661671;-2.902870018;	Site1_1;-89.0000
-79.00635592;-2.902869556;	Site1_1;-88.6875
-79.00609514;-2.902869093;	Site1_1;-88.2500
-79.00583435;-2.902868631;	Site1_1;-87.8750
-79.00557356;-2.902868169;	Site1_1;-87.5625
-79.00531277;-2.902867706;	Site1_1;-87.1250
-79.00505198;-2.902867244;	Site1_1;-86.8750
-79.00479119;-2.902866781;	Site1_1;-86.5625
-79.00453040;-2.902866319;	Site1_1;-86.3125
-79.00426962;-2.902865856;	Site1_1;-86.0625
-79.00400883;-2.902865393;	Site1_1;-85.9375
-79.00374804;-2.90286493;	Site1_1;-85.8125
-79.00348725;-2.902864467;	Site1_1;-85.7500
-79.00322646;-2.902864005;	Site1_1;-85.7500
-79.00296567;-2.902863542;	Site1_1;-85.7500
-79.00270489;-2.902863078;	Site1_1;-86.0000
-79.00244410;-2.902862615;	Site1_1;-86.1875
-79.00218331;-2.902862152;	Site1_1;-86.5625
-79.00192252;-2.902861689;	Site1_1;-86.9375
-79.00166173;-2.902861226;	Site1_1;-87.5000
-79.00140095;-2.902860762;	Site1_1;-88.1250
-79.00114016;-2.902860299;	Site1_1;-88.8750
-79.00087937;-2.902859835;	Site1_1;-89.5625
-79.00061858;-2.902859372;	Site1_1;-90.3750
-79.00035779;-2.902858908;	Site1_1;-90.9375
-79.00009701;-2.902858445;	Site4_1;-91.4375
-78.99983622;-2.902857981;	Site4_1;-91.7500
-78.99957543;-2.902857517;	Site4_1;-92.0000
-78.99931464;-2.902857053;	Site4_1;-92.3750
-78.99905386;-2.90285659;	Site2_1;-92.6250
-78.99879307;-2.902856126;	Site2_1;-92.7500
-78.99853228;-2.902855662;	Site2_1;-92.8750
-78.99827149;-2.902855198;	Site2_1;-93.0625
-78.99801071;-2.902854733;	Site2_1;-93.2500
-78.99774992;-2.902854269;	Site2_1;-93.4375
-78.99748913;-2.902853805;	Site2_1;-93.6875
-78.99722834;-2.902853341;	Site2_1;-93.8750
-78.99696756;-2.902852876;	Site2_1;-94.0625
-78.99670677;-2.902852412;	Site2_1;-94.3750
-78.99644598;-2.902851947;	Site2_1;-94.5625
-78.99618519;-2.902851483;	Site2_1;-94.8125
-78.99592441;-2.902851018;	Site2_1;-95.0625
-78.99566362;-2.902850553;	Site2_1;-95.3125
-78.99540283;-2.902850089;	Site2_1;-95.5625
-78.99514205;-2.902849624;	Site2_1;-95.8125
-78.99488126;-2.902849159;	Site2_1;-96.0625
-78.99462047;-2.902848694;	Site2_1;-96.3750
-78.99435969;-2.902848229;	Site2_1;-96.6250
-78.99409890;-2.902847764;	Site2_1;-96.9375
-78.99383811;-2.902847299;	Site2_1;-97.2500
-78.99357733;-2.902846834;	Site2_1;-97.5000
-78.99331654;-2.902846369;	Site2_1;-97.7500
-78.99305575;-2.902845903;	Site2_1;-98.0625
-78.99279497;-2.902845438;	Site2_1;-98.3750
-78.99253418;-2.902844973;	Site2_1;-98.6875
-78.99227339;-2.902844507;	Site2_1;-98.9375
-78.99201261;-2.902844042;	Site2_1;-99.1875
-78.99175182;-2.902843576;	Site2_1;-99.4375
-78.99149103;-2.902843111;	Site2_1;-99.7500
-78.99123025;-2.902842645;	Site2_1;-100.0000
-78.99096946;-2.902842179;	Site2_1;-100.3125
-78.99070867;-2.902841713;	Site2_1;-100.5625
-78.99044789;-2.902841247;	Site2_1;-100.8125
-78.99018710;-2.902840781;	Site2_1;-101.0625
-78.98992632;-2.902840315;	Site2_1;-101.3125
-78.98966553;-2.902839849;	Site2_1;-101.5000
-78.98940474;-2.902839383;	Site2_1;-101.7500
-78.98914396;-2.902838917;	Site2_1;-101.9375
-79.01678797;-2.90262579;	Site1_1;-101.8125
-79.01652718;-2.90262533;	Site1_1;-101.5625
-79.01626639;-2.90262487;	Site1_1;-101.3125
-79.01600560;-2.90262441;	Site1_1;-101.0625
-79.01574481;-2.90262395;	Site1_1;-100.7500
-79.01548402;-2.90262349;	Site1_1;-100.5000
-79.01522322;-2.90262303;	Site1_1;-100.1875
-79.01496243;-2.90262257;	Site1_1;-99.8750
-79.01470164;-2.90262211;	Site1_1;-99.6250
-79.01444085;-2.902621649;	Site1_1;-99.3125
-79.01418006;-2.902621189;	Site1_1;-99.0000
-79.01391927;-2.902620729;	Site1_1;-98.7500
-79.01365848;-2.902620268;	Site1_1;-98.4375
-79.01339770;-2.902619808;	Site1_1;-98.1250
-79.01313691;-2.902619347;	Site1_1;-97.8125
-79.01287612;-2.902618886;	Site1_1;-97.4375
-79.01261533;-2.902618426;	Site1_1;-97.1250
-79.01235454;-2.902617965;	Site1_1;-96.7500
-79.01209375;-2.902617504;	Site1_1;-96.4375
-79.01183296;-2.902617043;	Site1_1;-96.1250
-79.01157217;-2.902616582;	Site1_1;-95.7500
-79.01131138;-2.902616121;	Site1_1;-95.3750
-79.01105059;-2.90261566;	Site1_1;-95.0625
-79.01078980;-2.902615199;	Site1_1;-94.6875
-79.01052901;-2.902614738;	Site1_1;-94.3750
-79.01026822;-2.902614277;	Site1_1;-94.0000
-79.01000743;-2.902613815;	Site1_1;-93.6250
-79.00974664;-2.902613354;	Site1_1;-93.3125
-79.00948585;-2.902612893;	Site1_1;-92.9375
-79.00922506;-2.902612431;	Site1_1;-92.5000
-79.00896427;-2.902611969;	Site1_1;-92.0625
-79.00870348;-2.902611508;	Site1_1;-91.6875
-79.00844270;-2.902611046;	Site1_1;-91.2500
-79.00818191;-2.902610584;	Site1_1;-90.8750
-79.00792112;-2.902610123;	Site1_1;-90.4375
-79.00766033;-2.902609661;	Site1_1;-90.0000
-79.00739954;-2.902609199;	Site1_1;-89.6875
-79.00713875;-2.902608737;	Site1_1;-89.2500
-79.00687796;-2.902608275;	Site1_1;-88.8125
-79.00661717;-2.902607813;	Site1_1;-88.3750
-79.00635638;-2.902607351;	Site1_1;-87.8750
-79.00609560;-2.902606888;	Site1_1;-87.5000
-79.00583481;-2.902606426;	Site1_1;-87.0625
-79.00557402;-2.902605964;	Site1_1;-86.6875
-79.00531323;-2.902605501;	Site1_1;-86.1875
-79.00505244;-2.902605039;	Site1_1;-85.8750
-79.00479165;-2.902604576;	Site1_1;-85.5625
-79.00453086;-2.902604114;	Site1_1;-85.2500
-79.00427008;-2.902603651;	Site1_1;-85.0000
-79.00400929;-2.902603189;	Site1_1;-84.6875
-79.00374850;-2.902602726;	Site1_1;-84.5000
-79.00348771;-2.902602263;	Site1_1;-84.3750
-79.00322692;-2.9026018;	Site1_1;-84.3125
-79.00296613;-2.902601337;	Site1_1;-84.3125
-79.00270535;-2.902600874;	Site1_1;-84.3750
-79.00244456;-2.902600411;	Site1_1;-84.6250
-79.00218377;-2.902599948;	Site1_1;-84.8750
-79.00192298;-2.902599485;	Site1_1;-85.4375
-79.00166219;-2.902599022;	Site1_1;-85.9375
-79.00140141;-2.902598558;	Site1_1;-86.5625
-79.00114062;-2.902598095;	Site1_1;-87.3750
-79.00087983;-2.902597631;	Site1_1;-88.1875
-79.00061904;-2.902597168;	Site1_1;-88.9375
-79.00035826;-2.902596704;	Site1_1;-89.6250
-79.00009747;-2.902596241;	Site1_1;-90.3750
-78.99983668;-2.902595777;	Site1_1;-90.9375
-78.99957589;-2.902595313;	Site1_1;-91.4375
-78.99931510;-2.90259485;	Site4_1;-91.8750
-78.99905432;-2.902594386;	Site2_1;-92.1250
-78.99879353;-2.902593922;	Site2_1;-92.3125
-78.99853274;-2.902593458;	Site2_1;-92.3750
-78.99827195;-2.902592994;	Site2_1;-92.6250
-78.99801117;-2.90259253;	Site2_1;-92.8750
-78.99775038;-2.902592066;	Site2_1;-93.0625
-78.99748959;-2.902591601;	Site2_1;-93.2500
-78.99722881;-2.902591137;	Site2_1;-93.5000
-78.99696802;-2.902590673;	Site2_1;-93.7500
-78.99670723;-2.902590208;	Site2_1;-94.0000
-78.99644644;-2.902589744;	Site2_1;-94.2500
-78.99618566;-2.902589279;	Site2_1;-94.5000
-78.99592487;-2.902588815;	Site2_1;-94.7500
-78.99566408;-2.90258835;	Site2_1;-94.9375
-78.99540330;-2.902587886;	Site2_1;-95.2500
-78.99514251;-2.902587421;	Site2_1;-95.5625
-78.99488172;-2.902586956;	Site2_1;-95.8750
-78.99462093;-2.902586491;	Site2_1;-96.1250
-78.99436015;-2.902586026;	Site2_1;-96.4375
-78.99409936;-2.902585561;	Site2_1;-96.7500
-78.99383857;-2.902585096;	Site2_1;-97.0000
-78.99357779;-2.902584631;	Site2_1;-97.3125
-78.99331700;-2.902584166;	Site2_1;-97.6250
-78.99305621;-2.902583701;	Site2_1;-97.9375
-78.99279543;-2.902583235;	Site2_1;-98.1875
-78.99253464;-2.90258277;	Site2_1;-98.4375
-78.99227385;-2.902582305;	Site2_1;-98.7500
-78.99201307;-2.902581839;	Site2_1;-99.0000
-78.99175228;-2.902581374;	Site2_1;-99.3125
-78.99149150;-2.902580908;	Site2_1;-99.6250
-78.99123071;-2.902580442;	Site2_1;-99.8750
-78.99096992;-2.902579977;	Site2_1;-100.1875
-78.99070914;-2.902579511;	Site2_1;-100.4375
-78.99044835;-2.902579045;	Site2_1;-100.6250
-78.99018756;-2.902578579;	Site2_1;-100.8750
-78.98992678;-2.902578113;	Site2_1;-101.1250
-78.98966599;-2.902577647;	Site2_1;-101.3750
-78.98940521;-2.902577181;	Site2_1;-101.5625
-78.98914442;-2.902576715;	Site2_1;-101.8125
-79.01704921;-2.902364043;	Site1_1;-101.9375
-79.01678842;-2.902363583;	Site1_1;-101.6875
-79.01652763;-2.902363123;	Site1_1;-101.3750
-79.01626684;-2.902362664;	Site1_1;-101.1250
-79.01600605;-2.902362204;	Site1_1;-100.8125
-79.01574526;-2.902361744;	Site1_1;-100.5625
-79.01548447;-2.902361284;	Site1_1;-100.3125
-79.01522368;-2.902360824;	Site1_1;-100.0000
-79.01496289;-2.902360364;	Site1_1;-99.7500
-79.01470210;-2.902359903;	Site1_1;-99.4375
-79.01444131;-2.902359443;	Site1_1;-99.1875
-79.01418052;-2.902358983;	Site1_1;-98.8750
-79.01391973;-2.902358523;	Site1_1;-98.5000
-79.01365894;-2.902358062;	Site1_1;-98.1875
-79.01339815;-2.902357602;	Site1_1;-97.8750
-79.01313736;-2.902357141;	Site1_1;-97.5625
-79.01287657;-2.90235668;	Site1_1;-97.2500
-79.01261578;-2.90235622;	Site1_1;-96.9375
-79.01235499;-2.902355759;	Site1_1;-96.5625
-79.01209420;-2.902355298;	Site1_1;-96.1875
-79.01183342;-2.902354837;	Site1_1;-95.8125
-79.01157263;-2.902354377;	Site1_1;-95.5000
-79.01131184;-2.902353916;	Site1_1;-95.1250
-79.01105105;-2.902353455;	Site1_1;-94.8125
-79.01079026;-2.902352993;	Site1_1;-94.4375
-79.01052947;-2.902352532;	Site1_1;-94.0625
-79.01026868;-2.902352071;	Site1_1;-93.6250
-79.01000789;-2.90235161;	Site1_1;-93.2500
-79.0097471;-2.902351148;	Site1_1;-92.8750
-79.00948631;-2.902350687;	Site1_1;-92.5000
-79.00922552;-2.902350226;	Site1_1;-92.1250
-79.00896473;-2.902349764;	Site1_1;-91.7500
-79.00870394;-2.902349303;	Site1_1;-91.3125
-79.00844315;-2.902348841;	Site1_1;-90.8750
-79.00818237;-2.902348379;	Site1_1;-90.3750
-79.00792158;-2.902347917;	Site1_1;-89.9375
-79.00766079;-2.902347456;	Site1_1;-89.5000
-79.00740000;-2.902346994;	Site1_1;-89.0625
-79.00713921;-2.902346532;	Site1_1;-88.5625
-79.00687842;-2.90234607;	Site1_1;-88.1875
-79.00661763;-2.902345608;	Site1_1;-87.7500
-79.00635684;-2.902345146;	Site1_1;-87.2500
-79.00609606;-2.902344684;	Site1_1;-86.7500
-79.00583527;-2.902344221;	Site1_1;-86.2500
-79.00557448;-2.902343759;	Site1_1;-85.7500
-79.00531369;-2.902343297;	Site1_1;-85.3125
-79.00505290;-2.902342834;	Site1_1;-84.9375
-79.00479211;-2.902342372;	Site1_1;-84.5625
-79.00453132;-2.902341909;	Site1_1;-84.1250
-79.00427054;-2.902341447;	Site1_1;-83.8750
-79.00400975;-2.902340984;	Site1_1;-83.5000
-79.00374896;-2.902340521;	Site1_1;-83.1875
-79.00348817;-2.902340058;	Site1_1;-83.0000
-79.00322738;-2.902339596;	Site1_1;-82.8125
-79.00296660;-2.902339133;	Site1_1;-82.7500
-79.00270581;-2.90233867;	Site1_1;-82.7500
-79.00244502;-2.902338207;	Site1_1;-83.0000
-79.00218423;-2.902337744;	Site1_1;-83.2500
-79.00192344;-2.902337281;	Site1_1;-83.7500
-79.00166266;-2.902336817;	Site1_1;-84.2500
-79.00140187;-2.902336354;	Site1_1;-84.8750
-79.00114108;-2.902335891;	Site1_1;-85.6875
-79.00088029;-2.902335427;	Site1_1;-86.5625
-79.00061950;-2.902334964;	Site1_1;-87.4375
-79.00035872;-2.9023345;	Site1_1;-88.2500
-79.00009793;-2.902334037;	Site1_1;-89.0000
-78.99983714;-2.902333573;	Site1_1;-89.6875
-78.99957635;-2.90233311;	Site1_1;-90.2500
-78.99931557;-2.902332646;	Site1_1;-90.9375
-78.99905478;-2.902332182;	Site2_1;-91.6250
-78.99879399;-2.902331718;	Site2_1;-91.7500
-78.99853320;-2.902331254;	Site2_1;-92.0000
-78.99827242;-2.90233079;	Site2_1;-92.1875
-78.99801163;-2.902330326;	Site2_1;-92.4375
-78.99775084;-2.902329862;	Site2_1;-92.6250
-78.99749005;-2.902329398;	Site2_1;-92.8750
-78.99722927;-2.902328934;	Site2_1;-93.1875
-78.99696848;-2.902328469;	Site2_1;-93.3750
-78.99670769;-2.902328005;	Site2_1;-93.6250
-78.99644691;-2.902327541;	Site2_1;-93.8750
-78.99618612;-2.902327076;	Site2_1;-94.1250
-78.99592533;-2.902326612;	Site2_1;-94.3750
-78.99566454;-2.902326147;	Site2_1;-94.6250
-78.99540376;-2.902325682;	Site2_1;-94.9375
-78.99514297;-2.902325218;	Site2_1;-95.2500
-78.99488218;-2.902324753;	Site2_1;-95.5625
-78.99462140;-2.902324288;	Site2_1;-95.8750
-78.99436061;-2.902323823;	Site2_1;-96.1875
-78.99409982;-2.902323358;	Site2_1;-96.4375
-78.99383904;-2.902322893;	Site2_1;-96.8125
-78.99357825;-2.902322428;	Site2_1;-97.1250
-78.99331746;-2.902321963;	Site2_1;-97.4375
-78.99305668;-2.902321498;	Site2_1;-97.6875
-78.99279589;-2.902321033;	Site2_1;-97.9375
-78.99253510;-2.902320567;	Site2_1;-98.2500
-78.99227432;-2.902320102;	Site2_1;-98.5625
-78.99201353;-2.902319636;	Site2_1;-98.8750
-78.99175275;-2.902319171;	Site2_1;-99.1875
-78.99149196;-2.902318705;	Site2_1;-99.5000
-78.99123117;-2.90231824;	Site2_1;-99.7500
-78.99097039;-2.902317774;	Site2_1;-100.0000
-78.9907096;-2.902317308;	Site2_1;-100.2500
-78.99044881;-2.902316843;	Site2_1;-100.5000
-78.99018803;-2.902316377;	Site2_1;-100.7500
-78.98992724;-2.902315911;	Site2_1;-100.9375
-78.98966646;-2.902315445;	Site2_1;-101.1875
-78.98940567;-2.902314979;	Site2_1;-101.4375
-78.98914488;-2.902314513;	Site2_1;-101.7500
-78.98888410;-2.902314047;	Site2_1;-102.0000
-79.01704967;-2.902101836;	Site1_1;-101.8125
-79.01678888;-2.902101377;	Site1_1;-101.5625
-79.01652809;-2.902100917;	Site1_1;-101.3125
-79.0162673;-2.902100457;	Site1_1;-101.0000
-79.01600651;-2.902099997;	Site1_1;-100.7500
-79.01574572;-2.902099537;	Site1_1;-100.4375
-79.01548493;-2.902099077;	Site1_1;-100.1250
-79.01522414;-2.902098617;	Site1_1;-99.8750
-79.01496335;-2.902098157;	Site1_1;-99.5625
-79.01470256;-2.902097697;	Site1_1;-99.2500
-79.01444177;-2.902097237;	Site1_1;-98.9375
-79.01418098;-2.902096777;	Site1_1;-98.6250
-79.01392019;-2.902096316;	Site1_1;-98.3750
-79.0136594;-2.902095856;	Site1_1;-98.0625
-79.01339861;-2.902095396;	Site1_1;-97.7500
-79.01313782;-2.902094935;	Site1_1;-97.3750
-79.01287703;-2.902094474;	Site1_1;-97.0000
-79.01261624;-2.902094014;	Site1_1;-96.6875
-79.01235545;-2.902093553;	Site1_1;-96.3125
-79.01209466;-2.902093092;	Site1_1;-95.9375
-79.01183387;-2.902092632;	Site1_1;-95.6250
-79.01157308;-2.902092171;	Site1_1;-95.2500
-79.01131229;-2.90209171;	Site1_1;-94.9375
-79.01105151;-2.902091249;	Site1_1;-94.5625
-79.01079072;-2.902090788;	Site1_1;-94.1250
-79.01052993;-2.902090327;	Site1_1;-93.7500
-79.01026914;-2.902089866;	Site1_1;-93.3750
-79.01000835;-2.902089404;	Site1_1;-93.0000
-79.00974756;-2.902088943;	Site1_1;-92.5625
-79.00948677;-2.902088482;	Site1_1;-92.1250
-79.00922598;-2.90208802;	Site1_1;-91.6875
-79.00896519;-2.902087559;	Site1_1;-91.3125
-79.00870440;-2.902087097;	Site1_1;-90.8750
-79.00844361;-2.902086636;	Site1_1;-90.4375
-79.00818283;-2.902086174;	Site1_1;-90.0000
-79.00792204;-2.902085712;	Site1_1;-89.5625
-79.00766125;-2.902085251;	Site1_1;-89.0000
-79.00740046;-2.902084789;	Site1_1;-88.5000
-79.00713967;-2.902084327;	Site1_1;-88.0000
-79.00687888;-2.902083865;	Site1_1;-87.5000
-79.00661809;-2.902083403;	Site1_1;-87.0000
-79.00635730;-2.902082941;	Site1_1;-86.5000
-79.00609652;-2.902082479;	Site1_1;-86.0000
-79.00583573;-2.902082016;	Site1_1;-85.5000
-79.00557494;-2.902081554;	Site1_1;-84.9375
-79.00531415;-2.902081092;	Site1_1;-84.4375
-79.00505336;-2.902080629;	Site1_1;-84.0000
-79.00479257;-2.902080167;	Site1_1;-83.5000
-79.00453178;-2.902079705;	Site1_1;-83.0625
-79.00427100;-2.902079242;	Site1_1;-82.6250
-79.00401021;-2.902078779;	Site1_1;-82.2500
-79.00374942;-2.902078317;	Site1_1;-81.8750
-79.00348863;-2.902077854;	Site1_1;-81.5625
-79.00322784;-2.902077391;	Site1_1;-81.2500
-79.00296706;-2.902076928;	Site1_1;-81.1250
-79.00270627;-2.902076465;	Site1_1;-81.1250
-79.00244548;-2.902076002;	Site1_1;-81.1875
-79.00218469;-2.902075539;	Site1_1;-81.5000
-79.00192390;-2.902075076;	Site1_1;-81.8125
-79.00166312;-2.902074613;	Site1_1;-82.3750
-79.00140233;-2.90207415;	Site1_1;-83.0625
-79.00114154;-2.902073687;	Site1_1;-83.8750
-79.00088075;-2.902073223;	Site1_1;-85.0000
-79.00061996;-2.90207276;	Site1_1;-85.9375
-79.00035918;-2.902072296;	Site1_1;-86.8125
-79.00009839;-2.902071833;	Site1_1;-87.6875
-78.99983760;-2.902071369;	Site1_1;-88.4375
-78.99957681;-2.902070906;	Site1_1;-89.0625
-78.99931603;-2.902070442;	Site1_1;-89.7500
-78.99905524;-2.902069978;	Site1_1;-90.6250
-78.99879445;-2.902069514;	Site2_1;-91.3125
-78.99853366;-2.902069051;	Site2_1;-91.5000
-78.99827288;-2.902068587;	Site2_1;-91.7500
-78.99801209;-2.902068123;	Site2_1;-92.0000
-78.99775130;-2.902067658;	Site2_1;-92.1875
-78.99749052;-2.902067194;	Site2_1;-92.5000
-78.99722973;-2.90206673;	Site2_1;-92.7500
-78.99696894;-2.902066266;	Site2_1;-93.0625
-78.99670815;-2.902065802;	Site2_1;-93.3125
-78.99644737;-2.902065337;	Site2_1;-93.5625
-78.99618658;-2.902064873;	Site2_1;-93.8125
-78.99592579;-2.902064408;	Site2_1;-94.0625
-78.99566501;-2.902063944;	Site2_1;-94.4375
-78.99540422;-2.902063479;	Site2_1;-94.6875
-78.99514343;-2.902063015;	Site2_1;-95.0000
-78.99488265;-2.90206255;	Site2_1;-95.3125
-78.99462186;-2.902062085;	Site2_1;-95.6250
-78.99436107;-2.90206162;	Site2_1;-95.9375
-78.99410029;-2.902061155;	Site2_1;-96.2500
-78.99383950;-2.90206069;	Site2_1;-96.6250
-78.99357871;-2.902060225;	Site2_1;-96.9375
-78.99331793;-2.90205976;	Site2_1;-97.1875
-78.99305714;-2.902059295;	Site2_1;-97.5000
-78.99279635;-2.90205883;	Site2_1;-97.8125
-78.99253557;-2.902058365;	Site2_1;-98.1250
-78.99227478;-2.902057899;	Site2_1;-98.4375
-78.99201399;-2.902057434;	Site2_1;-98.7500
-78.99175321;-2.902056968;	Site2_1;-99.0625
-78.99149242;-2.902056503;	Site2_1;-99.3125
-78.99123164;-2.902056037;	Site2_1;-99.5625
-78.99097085;-2.902055572;	Site2_1;-99.8125
-78.99071006;-2.902055106;	Site2_1;-100.0625
-78.99044928;-2.90205464;	Site2_1;-100.3125
-78.99018849;-2.902054174;	Site2_1;-100.5625
-78.98992771;-2.902053709;	Site2_1;-100.8125
-78.98966692;-2.902053243;	Site2_1;-101.1250
-78.98940613;-2.902052777;	Site2_1;-101.3750
-78.98914535;-2.902052311;	Site2_1;-101.6250
-78.98888456;-2.902051844;	Site2_1;-101.8125
-79.01731092;-2.901840089;	Site1_1;-102.0000
-79.01705013;-2.90183963;	Site1_1;-101.7500
-79.01678934;-2.90183917;	Site1_1;-101.4375
-79.01652855;-2.90183871;	Site1_1;-101.1875
-79.01626776;-2.901838251;	Site1_1;-100.9375
-79.01600697;-2.901837791;	Site1_1;-100.6250
-79.01574618;-2.901837331;	Site1_1;-100.3125
-79.01548539;-2.901836871;	Site1_1;-100.0625
-79.01522460;-2.901836411;	Site1_1;-99.7500
-79.01496381;-2.901835951;	Site1_1;-99.4375
-79.01470302;-2.901835491;	Site1_1;-99.1250
-79.01444223;-2.901835031;	Site1_1;-98.8125
-79.01418144;-2.90183457;	Site1_1;-98.5000
-79.01392065;-2.90183411;	Site1_1;-98.1875
-79.01365986;-2.90183365;	Site1_1;-97.8125
-79.01339907;-2.901833189;	Site1_1;-97.5000
-79.01313828;-2.901832729;	Site1_1;-97.1250
-79.01287749;-2.901832268;	Site1_1;-96.8125
-79.0126167;-2.901831808;	Site1_1;-96.5000
-79.01235591;-2.901831347;	Site1_1;-96.1250
-79.01209512;-2.901830887;	Site1_1;-95.7500
-79.01183433;-2.901830426;	Site1_1;-95.3750
-79.01157354;-2.901829965;	Site1_1;-95.0000
-79.01131275;-2.901829504;	Site1_1;-94.6250
-79.01105196;-2.901829043;	Site1_1;-94.2500
-79.01079117;-2.901828582;	Site1_1;-93.8750
-79.01053039;-2.901828121;	Site1_1;-93.5000
-79.01026960;-2.90182766;	Site1_1;-93.1250
-79.01000881;-2.901827199;	Site1_1;-92.6875
-79.00974802;-2.901826738;	Site1_1;-92.2500
-79.00948723;-2.901826276;	Site1_1;-91.8125
-79.00922644;-2.901825815;	Site1_1;-91.4375
-79.00896565;-2.901825353;	Site1_1;-90.9375
-79.00870486;-2.901824892;	Site1_1;-90.5000
-79.00844407;-2.90182443;	Site1_1;-90.0000
-79.00818328;-2.901823969;	Site1_1;-89.5000
-79.00792250;-2.901823507;	Site1_1;-89.0625
-79.00766171;-2.901823045;	Site1_1;-88.5625
-79.00740092;-2.901822584;	Site1_1;-88.0625
-79.00714013;-2.901822122;	Site1_1;-87.5000
-79.00687934;-2.90182166;	Site1_1;-86.9375
-79.00661855;-2.901821198;	Site1_1;-86.3750
-79.00635776;-2.901820736;	Site1_1;-85.8125
-79.00609697;-2.901820274;	Site1_1;-85.2500
-79.00583619;-2.901819812;	Site1_1;-84.6875
-79.00557540;-2.901819349;	Site1_1;-84.1875
-79.00531461;-2.901818887;	Site1_1;-83.6250
-79.00505382;-2.901818425;	Site1_1;-83.0625
-79.00479303;-2.901817962;	Site1_1;-82.5000
-79.00453224;-2.9018175;	Site1_1;-82.0000
-79.00427146;-2.901817037;	Site1_1;-81.5000
-79.00401067;-2.901816575;	Site1_1;-81.0000
-79.00374988;-2.901816112;	Site1_1;-80.5000
-79.00348909;-2.901815649;	Site1_1;-80.1250
-79.00322830;-2.901815187;	Site1_1;-79.7500
-79.00296752;-2.901814724;	Site1_1;-79.5000
-79.00270673;-2.901814261;	Site1_1;-79.3750
-79.00244594;-2.901813798;	Site1_1;-79.3750
-79.00218515;-2.901813335;	Site1_1;-79.5000
-79.00192436;-2.901812872;	Site1_1;-79.8750
-79.00166358;-2.901812409;	Site1_1;-80.3750
-79.00140279;-2.901811946;	Site1_1;-81.1250
-79.00114200;-2.901811483;	Site1_1;-82.0625
-79.00088121;-2.901811019;	Site1_1;-83.1875
-79.00062043;-2.901810556;	Site1_1;-84.3125
-79.00035964;-2.901810092;	Site1_1;-85.3125
-79.00009885;-2.901809629;	Site1_1;-86.3125
-78.99983806;-2.901809165;	Site1_1;-87.1250
-78.99957728;-2.901808702;	Site1_1;-87.8750
-78.99931649;-2.901808238;	Site1_1;-88.6875
-78.9990557;-2.901807774;	Site1_1;-89.8125
-78.99879491;-2.901807311;	Site2_1;-90.8125
-78.99853413;-2.901806847;	Site2_1;-91.0625
-78.99827334;-2.901806383;	Site2_1;-91.3125
-78.99801255;-2.901805919;	Site2_1;-91.5625
-78.99775176;-2.901805455;	Site2_1;-91.8750
-78.99749098;-2.901804991;	Site2_1;-92.1250
-78.99723019;-2.901804527;	Site2_1;-92.3750
-78.99696940;-2.901804063;	Site2_1;-92.6875
-78.99670862;-2.901803598;	Site2_1;-92.9375
-78.99644783;-2.901803134;	Site2_1;-93.1875
-78.99618704;-2.90180267;	Site2_1;-93.5000
-78.99592626;-2.901802205;	Site2_1;-93.8125
-78.99566547;-2.901801741;	Site2_1;-94.1250
-78.99540468;-2.901801276;	Site2_1;-94.4375
-78.99514390;-2.901800811;	Site2_1;-94.7500
-78.99488311;-2.901800347;	Site2_1;-95.0625
-78.99462232;-2.901799882;	Site2_1;-95.3750
-78.99436154;-2.901799417;	Site2_1;-95.7500
-78.99410075;-2.901798952;	Site2_1;-96.0625
-78.99383996;-2.901798487;	Site2_1;-96.3750
-78.99357918;-2.901798022;	Site2_1;-96.6875
-78.99331839;-2.901797557;	Site2_1;-97.0000
-78.99305760;-2.901797092;	Site2_1;-97.3125
-78.99279682;-2.901796627;	Site2_1;-97.6875
-78.99253603;-2.901796162;	Site2_1;-98.0000
-78.99227524;-2.901795697;	Site2_1;-98.3125
-78.99201446;-2.901795231;	Site2_1;-98.5625
-78.99175367;-2.901794766;	Site2_1;-98.8125
-78.99149288;-2.9017943;	Site2_1;-99.1250
-78.99123210;-2.901793835;	Site2_1;-99.3750
-78.99097131;-2.901793369;	Site2_1;-99.6250
-78.99071053;-2.901792904;	Site2_1;-99.8750
-78.99044974;-2.901792438;	Site2_1;-100.1875
-78.99018895;-2.901791972;	Site2_1;-100.4375
-78.98992817;-2.901791506;	Site2_1;-100.7500
-78.98966738;-2.90179104;	Site2_1;-101.0000
-78.98940660;-2.901790574;	Site2_1;-101.2500
-78.98914581;-2.901790108;	Site2_1;-101.4375
-78.98888503;-2.901789642;	Site2_1;-101.6875
-78.98862424;-2.901789176;	Site2_1;-101.9375
-79.01731138;-2.901577882;	Site1_1;-101.8750
-79.01705059;-2.901577423;	Site1_1;-101.6250
-79.01678980;-2.901576963;	Site1_1;-101.3750
-79.01652901;-2.901576504;	Site1_1;-101.0625
-79.01626822;-2.901576044;	Site1_1;-100.8125
-79.01600743;-2.901575584;	Site1_1;-100.5000
-79.01574664;-2.901575124;	Site1_1;-100.2500
-79.01548585;-2.901574665;	Site1_1;-99.9375
-79.01522506;-2.901574205;	Site1_1;-99.6250
-79.01496427;-2.901573745;	Site1_1;-99.3125
-79.01470348;-2.901573285;	Site1_1;-99.0000
-79.01444269;-2.901572824;	Site1_1;-98.6875
-79.01418190;-2.901572364;	Site1_1;-98.3750
-79.01392111;-2.901571904;	Site1_1;-98.0625
-79.01366032;-2.901571444;	Site1_1;-97.6875
-79.01339953;-2.901570983;	Site1_1;-97.3750
-79.01313874;-2.901570523;	Site1_1;-97.0000
-79.01287795;-2.901570062;	Site1_1;-96.6250
-79.01261716;-2.901569602;	Site1_1;-96.2500
-79.01235637;-2.901569141;	Site1_1;-95.8750
-79.01209558;-2.901568681;	Site1_1;-95.5000
-79.01183479;-2.90156822;	Site1_1;-95.1250
-79.011574;-2.901567759;	Site1_1;-94.8125
-79.01131321;-2.901567298;	Site1_1;-94.4375
-79.01105242;-2.901566837;	Site1_1;-94.0625
-79.01079163;-2.901566376;	Site1_1;-93.6875
-79.01053084;-2.901565915;	Site1_1;-93.2500
-79.01027005;-2.901565454;	Site1_1;-92.8125
-79.01000927;-2.901564993;	Site1_1;-92.3750
-79.00974848;-2.901564532;	Site1_1;-92.0000
-79.00948769;-2.901564071;	Site1_1;-91.5625
-79.00922690;-2.901563609;	Site1_1;-91.1250
-79.00896611;-2.901563148;	Site1_1;-90.6250
-79.00870532;-2.901562687;	Site1_1;-90.1250
-79.00844453;-2.901562225;	Site1_1;-89.6250
-79.00818374;-2.901561764;	Site1_1;-89.1875
-79.00792295;-2.901561302;	Site1_1;-88.6250
-79.00766217;-2.90156084;	Site1_1;-88.0625
-79.00740138;-2.901560378;	Site1_1;-87.5000
-79.00714059;-2.901559917;	Site1_1;-87.0000
-79.00687980;-2.901559455;	Site1_1;-86.4375
-79.00661901;-2.901558993;	Site1_1;-85.8125
-79.00635822;-2.901558531;	Site1_1;-85.1875
-79.00609743;-2.901558069;	Site1_1;-84.5625
-79.00583665;-2.901557607;	Site1_1;-83.9375
-79.00557586;-2.901557145;	Site1_1;-83.3125
-79.00531507;-2.901556682;	Site1_1;-82.7500
-79.00505428;-2.90155622;	Site1_1;-82.1875
-79.00479349;-2.901555758;	Site1_1;-81.5625
-79.00453270;-2.901555295;	Site1_1;-80.9375
-79.00427192;-2.901554833;	Site1_1;-80.3125
-79.00401113;-2.90155437;	Site1_1;-79.7500
-79.00375034;-2.901553908;	Site1_1;-79.1875
-79.00348955;-2.901553445;	Site1_1;-78.6250
-79.00322876;-2.901552982;	Site1_1;-78.2500
-79.00296798;-2.90155252;	Site1_1;-77.8750
-79.00270719;-2.901552057;	Site1_1;-77.5625
-79.0024464;-2.901551594;	Site1_1;-77.4375
-79.00218561;-2.901551131;	Site1_1;-77.4375
-79.00192482;-2.901550668;	Site1_1;-77.6875
-79.00166404;-2.901550205;	Site1_1;-78.2500
-79.00140325;-2.901549742;	Site1_1;-79.0000
-79.00114246;-2.901549278;	Site1_1;-79.9375
-79.00088167;-2.901548815;	Site1_1;-81.1875
-79.00062089;-2.901548352;	Site1_1;-82.5625
-79.00036010;-2.901547888;	Site1_1;-83.8125
-79.00009931;-2.901547425;	Site1_1;-84.8750
-78.99983852;-2.901546962;	Site1_1;-85.8125
-78.99957774;-2.901546498;	Site1_1;-86.6250
-78.99931695;-2.901546034;	Site1_1;-87.5625
-78.99905616;-2.901545571;	Site1_1;-88.9375
-78.99879537;-2.901545107;	Site2_1;-90.3750
-78.99853459;-2.901544643;	Site2_1;-90.6250
-78.9982738;-2.901544179;	Site2_1;-90.8125
-78.99801301;-2.901543715;	Site2_1;-91.1875
-78.99775223;-2.901543251;	Site2_1;-91.4375
-78.99749144;-2.901542787;	Site2_1;-91.7500
-78.99723065;-2.901542323;	Site2_1;-92.0000
-78.99696986;-2.901541859;	Site2_1;-92.3125
-78.99670908;-2.901541395;	Site2_1;-92.5625
-78.99644829;-2.901540931;	Site2_1;-92.8750
-78.99618750;-2.901540466;	Site2_1;-93.2500
-78.99592672;-2.901540002;	Site2_1;-93.5000
-78.99566593;-2.901539537;	Site2_1;-93.8750
-78.99540514;-2.901539073;	Site2_1;-94.1875
-78.99514436;-2.901538608;	Site2_1;-94.5000
-78.99488357;-2.901538144;	Site2_1;-94.8125
-78.99462278;-2.901537679;	Site2_1;-95.1875
-78.99436200;-2.901537214;	Site2_1;-95.5000
-78.99410121;-2.901536749;	Site2_1;-95.8125
-78.99384042;-2.901536284;	Site2_1;-96.1875
-78.99357964;-2.901535819;	Site2_1;-96.5000
-78.99331885;-2.901535354;	Site2_1;-96.8750
-78.99305807;-2.901534889;	Site2_1;-97.1875
-78.99279728;-2.901534424;	Site2_1;-97.5000
-78.99253649;-2.901533959;	Site2_1;-97.8125
-78.99227571;-2.901533494;	Site2_1;-98.1250
-78.99201492;-2.901533029;	Site2_1;-98.3750
-78.99175413;-2.901532563;	Site2_1;-98.6250
-78.99149335;-2.901532098;	Site2_1;-98.9375
-78.99123256;-2.901531632;	Site2_1;-99.1875
-78.99097178;-2.901531167;	Site2_1;-99.5000
-78.99071099;-2.901530701;	Site2_1;-99.8125
-78.99045020;-2.901530235;	Site2_1;-100.0625
-78.99018942;-2.90152977;	Site2_1;-100.3125
-78.98992863;-2.901529304;	Site2_1;-100.5625
-78.98966785;-2.901528838;	Site2_1;-100.8125
-78.98940706;-2.901528372;	Site2_1;-101.0625
-78.98914627;-2.901527906;	Site2_1;-101.3125
-78.98888549;-2.90152744;	Site2_1;-101.5625
-78.98862470;-2.901526974;	Site2_1;-101.8750
-79.01757262;-2.901316135;	Site1_1;-102.0000
-79.01731183;-2.901315676;	Site1_1;-101.7500
-79.01705104;-2.901315216;	Site1_1;-101.4375
-79.01679025;-2.901314757;	Site1_1;-101.1875
-79.01652946;-2.901314297;	Site1_1;-100.9375
-79.01626867;-2.901313837;	Site1_1;-100.6250
-79.01600788;-2.901313378;	Site1_1;-100.3750
-79.01574709;-2.901312918;	Site1_1;-100.0625
-79.01548630;-2.901312458;	Site1_1;-99.8125
-79.01522551;-2.901311998;	Site1_1;-99.5000
-79.01496472;-2.901311538;	Site1_1;-99.1875
-79.01470393;-2.901311078;	Site1_1;-98.8750
-79.01444314;-2.901310618;	Site1_1;-98.5625
-79.01418235;-2.901310158;	Site1_1;-98.2500
-79.01392156;-2.901309698;	Site1_1;-97.9375
-79.01366077;-2.901309238;	Site1_1;-97.5625
-79.01339998;-2.901308777;	Site1_1;-97.2500
-79.01313920;-2.901308317;	Site1_1;-96.8750
-79.01287841;-2.901307856;	Site1_1;-96.5000
-79.01261762;-2.901307396;	Site1_1;-96.1250
-79.01235683;-2.901306935;	Site1_1;-95.7500
-79.01209604;-2.901306475;	Site1_1;-95.3750
-79.01183525;-2.901306014;	Site1_1;-95.0000
-79.01157446;-2.901305553;	Site1_1;-94.6250
-79.01131367;-2.901305093;	Site1_1;-94.1875
-79.01105288;-2.901304632;	Site1_1;-93.8125
-79.01079209;-2.901304171;	Site1_1;-93.3750
-79.01053130;-2.90130371;	Site1_1;-93.0000
-79.01027051;-2.901303249;	Site1_1;-92.5625
-79.01000972;-2.901302788;	Site1_1;-92.1250
-79.00974894;-2.901302327;	Site1_1;-91.7500
-79.00948815;-2.901301865;	Site1_1;-91.2500
-79.00922736;-2.901301404;	Site1_1;-90.7500
-79.00896657;-2.901300943;	Site1_1;-90.2500
-79.00870578;-2.901300481;	Site1_1;-89.8125
-79.00844499;-2.90130002;	Site1_1;-89.3125
-79.00818420;-2.901299558;	Site1_1;-88.7500
-79.00792341;-2.901299097;	Site1_1;-88.1875
-79.00766263;-2.901298635;	Site1_1;-87.6250
-79.00740184;-2.901298173;	Site1_1;-87.1250
-79.00714105;-2.901297712;	Site1_1;-86.5000
-79.00688026;-2.90129725;	Site1_1;-85.8750
-79.00661947;-2.901296788;	Site1_1;-85.2500
-79.00635868;-2.901296326;	Site1_1;-84.6250
-79.00609789;-2.901295864;	Site1_1;-83.9375
-79.00583711;-2.901295402;	Site1_1;-83.3125
-79.00557632;-2.90129494;	Site1_1;-82.6250
-79.00531553;-2.901294478;	Site1_1;-81.9375
-79.00505474;-2.901294015;	Site1_1;-81.2500
-79.00479395;-2.901293553;	Site1_1;-80.5625
-79.00453316;-2.901293091;	Site1_1;-80.0000
-79.00427238;-2.901292628;	Site1_1;-79.2500
-79.00401159;-2.901292166;	Site1_1;-78.5000
-79.0037508;-2.901291703;	Site1_1;-77.8125
-79.00349001;-2.901291241;	Site1_1;-77.1875
-79.00322922;-2.901290778;	Site1_1;-76.6875
-79.00296844;-2.901290315;	Site1_1;-76.1875
-79.00270765;-2.901289852;	Site1_1;-75.6875
-79.00244686;-2.901289389;	Site1_1;-75.3750
-79.00218607;-2.901288927;	Site1_1;-75.3125
-79.00192529;-2.901288464;	Site1_1;-75.5000
-79.00166450;-2.901288001;	Site1_1;-75.9375
-79.00140371;-2.901287537;	Site1_1;-76.6250
-79.00114292;-2.901287074;	Site1_1;-77.7500
-79.00088213;-2.901286611;	Site1_1;-79.1250
-79.00062135;-2.901286148;	Site1_1;-80.8125
-79.00036056;-2.901285684;	Site1_1;-82.3125
-79.00009977;-2.901285221;	Site1_1;-83.5000
-78.99983899;-2.901284758;	Site1_1;-84.5625
-78.99957820;-2.901284294;	Site1_1;-85.5000
-78.99931741;-2.901283831;	Site1_1;-86.7500
-78.99905662;-2.901283367;	Site1_1;-88.3125
-78.99879584;-2.901282903;	Site2_1;-89.8750
-78.99853505;-2.901282439;	Site2_1;-90.0625
-78.99827426;-2.901281976;	Site2_1;-90.4375
-78.99801347;-2.901281512;	Site2_1;-90.7500
-78.99775269;-2.901281048;	Site2_1;-91.0000
-78.9974919;-2.901280584;	Site2_1;-91.3125
-78.99723111;-2.90128012;	Site2_1;-91.6250
-78.99697033;-2.901279656;	Site2_1;-91.9375
-78.99670954;-2.901279191;	Site2_1;-92.2500
-78.99644875;-2.901278727;	Site2_1;-92.6250
-78.99618797;-2.901278263;	Site2_1;-92.9375
-78.99592718;-2.901277799;	Site2_1;-93.3125
-78.99566639;-2.901277334;	Site2_1;-93.5625
-78.99540561;-2.90127687;	Site2_1;-93.9375
-78.99514482;-2.901276405;	Site2_1;-94.3125
-78.99488403;-2.90127594;	Site2_1;-94.6250
-78.99462325;-2.901275476;	Site2_1;-94.9375
-78.99436246;-2.901275011;	Site2_1;-95.2500
-78.99410167;-2.901274546;	Site2_1;-95.6250
-78.99384089;-2.901274081;	Site2_1;-96.0000
-78.9935801;-2.901273617;	Site2_1;-96.3750
-78.99331931;-2.901273152;	Site2_1;-96.6875
-78.99305853;-2.901272687;	Site2_1;-97.0000
-78.99279774;-2.901272222;	Site2_1;-97.3125
-78.99253696;-2.901271756;	Site2_1;-97.6250
-78.99227617;-2.901271291;	Site2_1;-97.8750
-78.99201538;-2.901270826;	Site2_1;-98.1875
-78.99175460;-2.901270361;	Site2_1;-98.4375
-78.99149381;-2.901269895;	Site2_1;-98.7500
-78.99123302;-2.90126943;	Site2_1;-99.0625
-78.99097224;-2.901268964;	Site2_1;-99.3750
-78.99071145;-2.901268499;	Site2_1;-99.6250
-78.99045067;-2.901268033;	Site2_1;-99.9375
-78.99018988;-2.901267567;	Site2_1;-100.1875
-78.98992910;-2.901267102;	Site2_1;-100.4375
-78.98966831;-2.901266636;	Site2_1;-100.6875
-78.98940752;-2.90126617;	Site2_1;-101.0000
-78.98914674;-2.901265704;	Site2_1;-101.2500
-78.98888595;-2.901265238;	Site2_1;-101.5000
-78.98862517;-2.901264772;	Site2_1;-101.7500
-78.98836438;-2.901264306;	Site2_1;-102.0000
-79.01757308;-2.901053928;	Site1_1;-101.9375
-79.01731229;-2.901053469;	Site1_1;-101.6250
-79.01705150;-2.90105301;	Site1_1;-101.3750
-79.01679071;-2.90105255;	Site1_1;-101.1250
-79.01652992;-2.901052091;	Site1_1;-100.8125
-79.01626913;-2.901051631;	Site1_1;-100.5000
-79.01600834;-2.901051171;	Site1_1;-100.2500
-79.01574755;-2.901050712;	Site1_1;-99.9375
-79.01548676;-2.901050252;	Site1_1;-99.6250
-79.01522597;-2.901049792;	Site1_1;-99.3125
-79.01496518;-2.901049332;	Site1_1;-99.0000
-79.01470439;-2.901048872;	Site1_1;-98.6875
-79.0144436;-2.901048412;	Site1_1;-98.3750
-79.01418281;-2.901047952;	Site1_1;-98.0625
-79.01392202;-2.901047492;	Site1_1;-97.7500
-79.01366123;-2.901047032;	Site1_1;-97.3750
-79.01340044;-2.901046571;	Site1_1;-97.0625
-79.01313965;-2.901046111;	Site1_1;-96.6875
-79.01287886;-2.90104565;	Site1_1;-96.3750
-79.01261807;-2.90104519;	Site1_1;-96.0000
-79.01235729;-2.90104473;	Site1_1;-95.6250
-79.01209650;-2.901044269;	Site1_1;-95.1875
-79.01183571;-2.901043808;	Site1_1;-94.8125
-79.01157492;-2.901043348;	Site1_1;-94.4375
-79.01131413;-2.901042887;	Site1_1;-94.0625
-79.01105334;-2.901042426;	Site1_1;-93.6250
-79.01079255;-2.901041965;	Site1_1;-93.2500
-79.01053176;-2.901041504;	Site1_1;-92.8125
-79.01027097;-2.901041043;	Site1_1;-92.3750
-79.01001018;-2.901040582;	Site1_1;-91.8750
-79.00974939;-2.901040121;	Site1_1;-91.4375
-79.00948861;-2.90103966;	Site1_1;-90.9375
-79.00922782;-2.901039199;	Site1_1;-90.4375
-79.00896703;-2.901038737;	Site1_1;-90.0000
-79.00870624;-2.901038276;	Site1_1;-89.5000
-79.00844545;-2.901037815;	Site1_1;-89.0000
-79.00818466;-2.901037353;	Site1_1;-88.4375
-79.00792387;-2.901036891;	Site1_1;-87.8125
-79.00766308;-2.90103643;	Site1_1;-87.2500
-79.00740230;-2.901035968;	Site1_1;-86.6875
-79.00714151;-2.901035506;	Site1_1;-86.0625
-79.00688072;-2.901035045;	Site1_1;-85.3750
-79.00661993;-2.901034583;	Site1_1;-84.7500
-79.00635914;-2.901034121;	Site1_1;-84.0625
-79.00609835;-2.901033659;	Site1_1;-83.3125
-79.00583757;-2.901033197;	Site1_1;-82.6250
-79.00557678;-2.901032735;	Site1_1;-81.9375
-79.00531599;-2.901032273;	Site1_1;-81.2500
-79.0050552;-2.901031811;	Site1_1;-80.5625
-79.00479441;-2.901031348;	Site1_1;-79.6875
-79.00453362;-2.901030886;	Site1_1;-78.9375
-79.00427284;-2.901030424;	Site1_1;-78.1250
-79.00401205;-2.901029961;	Site1_1;-77.3750
-79.00375126;-2.901029499;	Site1_1;-76.5625
-79.00349047;-2.901029036;	Site1_1;-75.8125
-79.00322968;-2.901028573;	Site1_1;-75.1250
-79.00296890;-2.901028111;	Site1_1;-74.4375
-79.00270811;-2.901027648;	Site1_1;-73.7500
-79.00244732;-2.901027185;	Site1_1;-73.3125
-79.00218653;-2.901026722;	Site1_1;-73.0625
-79.00192575;-2.901026259;	Site1_1;-73.0625
-79.00166496;-2.901025796;	Site1_1;-73.3750
-79.00140417;-2.901025333;	Site1_1;-74.1875
-79.00114338;-2.90102487;	Site1_1;-75.3750
-79.00088260;-2.901024407;	Site1_1;-76.9375
-79.00062181;-2.901023944;	Site1_1;-79.0000
-79.00036102;-2.90102348;	Site1_1;-80.8750
-79.00010023;-2.901023017;	Site1_1;-82.3125
-78.99983945;-2.901022554;	Site1_1;-83.4375
-78.99957866;-2.90102209;	Site1_1;-84.6250
-78.99931787;-2.901021627;	Site1_1;-86.1250
-78.99905708;-2.901021163;	Site1_1;-88.1250
-78.99879630;-2.901020699;	Site2_1;-89.3125
-78.99853551;-2.901020236;	Site2_1;-89.6875
-78.99827472;-2.901019772;	Site2_1;-90.0000
-78.99801394;-2.901019308;	Site2_1;-90.3125
-78.99775315;-2.901018844;	Site2_1;-90.6250
-78.99749236;-2.90101838;	Site2_1;-90.9375
-78.99723158;-2.901017916;	Site2_1;-91.2500
-78.99697079;-2.901017452;	Site2_1;-91.6250
-78.99671000;-2.901016988;	Site2_1;-91.9375
-78.99644921;-2.901016524;	Site2_1;-92.3125
-78.99618843;-2.90101606;	Site2_1;-92.6875
-78.99592764;-2.901015595;	Site2_1;-93.0000
-78.99566685;-2.901015131;	Site2_1;-93.3750
-78.99540607;-2.901014666;	Site2_1;-93.7500
-78.99514528;-2.901014202;	Site2_1;-94.0625
-78.99488449;-2.901013737;	Site2_1;-94.3750
-78.99462371;-2.901013273;	Site2_1;-94.7500
-78.99436292;-2.901012808;	Site2_1;-95.0625
-78.99410214;-2.901012343;	Site2_1;-95.4375
-78.99384135;-2.901011879;	Site2_1;-95.8125
-78.99358056;-2.901011414;	Site2_1;-96.1875
-78.99331978;-2.901010949;	Site2_1;-96.5000
-78.99305899;-2.901010484;	Site2_1;-96.8125
-78.99279820;-2.901010019;	Site2_1;-97.1250
-78.99253742;-2.901009554;	Site2_1;-97.3750
-78.99227663;-2.901009088;	Site2_1;-97.6875
-78.99201585;-2.901008623;	Site2_1;-98.0000
-78.99175506;-2.901008158;	Site2_1;-98.3750
-78.99149427;-2.901007693;	Site2_1;-98.6875
-78.99123349;-2.901007227;	Site2_1;-98.9375
-78.99097270;-2.901006762;	Site2_1;-99.1875
-78.99071192;-2.901006296;	Site2_1;-99.5000
-78.99045113;-2.901005831;	Site2_1;-99.7500
-78.99019034;-2.901005365;	Site2_1;-100.0625
-78.98992956;-2.901004899;	Site2_1;-100.3125
-78.98966877;-2.901004434;	Site2_1;-100.6250
-78.98940799;-2.901003968;	Site2_1;-100.8750
-78.98914720;-2.901003502;	Site2_1;-101.1250
-78.98888642;-2.901003036;	Site2_1;-101.3750
-78.98862563;-2.90100257;	Site2_1;-101.6250
-78.98836485;-2.901002104;	Site2_1;-101.9375
-79.01757354;-2.900791722;	Site1_1;-101.9375
-79.01731275;-2.900791262;	Site1_1;-101.6875
-79.01705196;-2.900790803;	Site1_1;-101.3750
-79.01679117;-2.900790343;	Site1_1;-101.1250
-79.01653038;-2.900789884;	Site1_1;-100.8125
-79.01626959;-2.900789424;	Site1_1;-100.5000
-79.01600880;-2.900788965;	Site1_1;-100.1875
-79.01574801;-2.900788505;	Site1_1;-99.8750
-79.01548722;-2.900788045;	Site1_1;-99.5625
-79.01522643;-2.900787586;	Site1_1;-99.2500
-79.01496564;-2.900787126;	Site1_1;-98.9375
-79.01470485;-2.900786666;	Site1_1;-98.6250
-79.01444406;-2.900786206;	Site1_1;-98.2500
-79.01418327;-2.900785746;	Site1_1;-97.9375
-79.01392248;-2.900785286;	Site1_1;-97.5625
-79.01366169;-2.900784825;	Site1_1;-97.2500
-79.0134009;-2.900784365;	Site1_1;-96.8750
-79.01314011;-2.900783905;	Site1_1;-96.5000
-79.01287932;-2.900783444;	Site1_1;-96.1250
-79.01261853;-2.900782984;	Site1_1;-95.7500
-79.01235774;-2.900782524;	Site1_1;-95.3750
-79.01209695;-2.900782063;	Site1_1;-95.0000
-79.01183616;-2.900781602;	Site1_1;-94.6250
-79.01157538;-2.900781142;	Site1_1;-94.2500
-79.01131459;-2.900780681;	Site1_1;-93.8750
-79.01105380;-2.90078022;	Site1_1;-93.5000
-79.01079301;-2.900779759;	Site1_1;-93.0625
-79.01053222;-2.900779299;	Site1_1;-92.6250
-79.01027143;-2.900778838;	Site1_1;-92.1875
-79.01001064;-2.900778377;	Site1_1;-91.6875
-79.00974985;-2.900777916;	Site1_1;-91.2500
-79.00948906;-2.900777454;	Site1_1;-90.7500
-79.00922828;-2.900776993;	Site1_1;-90.2500
-79.00896749;-2.900776532;	Site1_1;-89.7500
-79.00870670;-2.900776071;	Site1_1;-89.1875
-79.00844591;-2.900775609;	Site1_1;-88.6250
-79.00818512;-2.900775148;	Site1_1;-88.0625
-79.00792433;-2.900774686;	Site1_1;-87.5000
-79.00766354;-2.900774225;	Site1_1;-86.8750
-79.00740275;-2.900773763;	Site1_1;-86.3125
-79.00714197;-2.900773301;	Site1_1;-85.6875
-79.00688118;-2.90077284;	Site1_1;-85.0000
-79.00662039;-2.900772378;	Site1_1;-84.2500
-79.00635960;-2.900771916;	Site1_1;-83.5625
-79.00609881;-2.900771454;	Site1_1;-82.8125
-79.00583802;-2.900770992;	Site1_1;-82.0625
-79.00557724;-2.90077053;	Site1_1;-81.3750
-79.00531645;-2.900770068;	Site1_1;-80.5625
-79.00505566;-2.900769606;	Site1_1;-79.7500
-79.00479487;-2.900769144;	Site1_1;-78.9375
-79.00453408;-2.900768681;	Site1_1;-78.0625
-79.00427330;-2.900768219;	Site1_1;-77.1875
-79.00401251;-2.900767757;	Site1_1;-76.1875
-79.00375172;-2.900767294;	Site1_1;-75.3125
-79.00349093;-2.900766832;	Site1_1;-74.5000
-79.00323014;-2.900766369;	Site1_1;-73.6250
-79.00296936;-2.900765906;	Site1_1;-72.6875
-79.00270857;-2.900765444;	Site1_1;-71.8750
-79.00244778;-2.900764981;	Site1_1;-71.3125
-79.00218699;-2.900764518;	Site1_1;-70.8125
-79.00192621;-2.900764055;	Site1_1;-70.5625
-79.00166542;-2.900763592;	Site1_1;-70.7500
-79.00140463;-2.900763129;	Site1_1;-71.4375
-79.00114384;-2.900762666;	Site1_1;-72.7500
-79.00088306;-2.900762203;	Site1_1;-74.7500
-79.00062227;-2.90076174;	Site1_1;-77.2500
-79.00036148;-2.900761276;	Site1_1;-79.8125
-79.00010069;-2.900760813;	Site1_1;-81.6875
-78.99983991;-2.90076035;	Site1_1;-82.9375
-78.99957912;-2.900759886;	Site1_1;-84.1250
-78.99931833;-2.900759423;	Site1_1;-86.0000
-78.99905755;-2.900758959;	Site1_1;-88.4375
-78.99879676;-2.900758496;	Site2_1;-88.8750
-78.99853597;-2.900758032;	Site2_1;-89.1875
-78.99827518;-2.900757568;	Site2_1;-89.5625
-78.99801440;-2.900757105;	Site2_1;-89.8750
-78.99775361;-2.900756641;	Site2_1;-90.1875
-78.99749282;-2.900756177;	Site2_1;-90.5000
-78.99723204;-2.900755713;	Site2_1;-90.9375
-78.99697125;-2.900755249;	Site2_1;-91.2500
-78.99671046;-2.900754785;	Site2_1;-91.6250
-78.99644968;-2.90075432;	Site2_1;-92.0000
-78.99618889;-2.900753856;	Site2_1;-92.3750
-78.99592810;-2.900753392;	Site2_1;-92.7500
-78.99566732;-2.900752928;	Site2_1;-93.1250
-78.99540653;-2.900752463;	Site2_1;-93.4375
-78.99514574;-2.900751999;	Site2_1;-93.8125
-78.99488496;-2.900751534;	Site2_1;-94.1875
-78.99462417;-2.90075107;	Site2_1;-94.5625
-78.99436338;-2.900750605;	Site2_1;-94.9375
-78.99410260;-2.90075014;	Site2_1;-95.3125
-78.99384181;-2.900749676;	Site2_1;-95.6250
-78.99358103;-2.900749211;	Site2_1;-95.9375
-78.99332024;-2.900748746;	Site2_1;-96.2500
-78.99305945;-2.900748281;	Site2_1;-96.5625
-78.99279867;-2.900747816;	Site2_1;-96.8750
-78.99253788;-2.900747351;	Site2_1;-97.2500
-78.99227709;-2.900746886;	Site2_1;-97.5625
-78.99201631;-2.900746421;	Site2_1;-97.8750
-78.99175552;-2.900745955;	Site2_1;-98.1875
-78.99149474;-2.90074549;	Site2_1;-98.5000
-78.99123395;-2.900745025;	Site2_1;-98.7500
-78.99097316;-2.900744559;	Site2_1;-99.0625
-78.99071238;-2.900744094;	Site2_1;-99.3750
-78.99045159;-2.900743628;	Site2_1;-99.6875
-78.99019081;-2.900743163;	Site2_1;-99.9375
-78.98993002;-2.900742697;	Site2_1;-100.2500
-78.98966924;-2.900742231;	Site2_1;-100.5000
-78.98940845;-2.900741765;	Site2_1;-100.7500
-78.98914767;-2.9007413;	Site2_1;-101.0625
-78.98888688;-2.900740834;	Site2_1;-101.3125
-78.98862609;-2.900740368;	Site2_1;-101.5625
-78.98836531;-2.900739902;	Site2_1;-101.8125
-79.01757399;-2.900529515;	Site1_1;-101.8750
-79.01731320;-2.900529056;	Site1_1;-101.5625
-79.01705241;-2.900528596;	Site1_1;-101.3125
-79.01679162;-2.900528137;	Site1_1;-101.0625
-79.01653083;-2.900527677;	Site1_1;-100.7500
-79.01627004;-2.900527218;	Site1_1;-100.4375
-79.01600925;-2.900526758;	Site1_1;-100.1875
-79.01574846;-2.900526299;	Site1_1;-99.8750
-79.01548767;-2.900525839;	Site1_1;-99.5625
-79.01522688;-2.900525379;	Site1_1;-99.2500
-79.01496610;-2.900524919;	Site1_1;-98.9375
-79.01470531;-2.900524459;	Site1_1;-98.6250
-79.01444452;-2.900523999;	Site1_1;-98.2500
-79.01418373;-2.900523539;	Site1_1;-97.9375
-79.01392294;-2.900523079;	Site1_1;-97.5625
-79.01366215;-2.900522619;	Site1_1;-97.1875
-79.01340136;-2.900522159;	Site1_1;-96.8125
-79.01314057;-2.900521699;	Site1_1;-96.4375
-79.01287978;-2.900521238;	Site1_1;-96.0625
-79.01261899;-2.900520778;	Site1_1;-95.6875
-79.01235820;-2.900520318;	Site1_1;-95.2500
-79.01209741;-2.900519857;	Site1_1;-94.8750
-79.01183662;-2.900519397;	Site1_1;-94.5000
-79.01157583;-2.900518936;	Site1_1;-94.0625
-79.01131504;-2.900518475;	Site1_1;-93.6875
-79.01105426;-2.900518015;	Site1_1;-93.2500
-79.01079347;-2.900517554;	Site1_1;-92.8125
-79.01053268;-2.900517093;	Site1_1;-92.3750
-79.01027189;-2.900516632;	Site1_1;-91.9375
-79.0100111;-2.900516171;	Site1_1;-91.5000
-79.00975031;-2.90051571;	Site1_1;-91.0000
-79.00948952;-2.900515249;	Site1_1;-90.5625
-79.00922873;-2.900514788;	Site1_1;-90.0625
-79.00896795;-2.900514327;	Site1_1;-89.5000
-79.00870716;-2.900513865;	Site1_1;-89.0000
-79.00844637;-2.900513404;	Site1_1;-88.4375
-79.00818558;-2.900512943;	Site1_1;-87.8125
-79.00792479;-2.900512481;	Site1_1;-87.2500
-79.00766400;-2.90051202;	Site1_1;-86.6250
-79.00740321;-2.900511558;	Site1_1;-85.9375
-79.00714243;-2.900511096;	Site1_1;-85.2500
-79.00688164;-2.900510635;	Site1_1;-84.5625
-79.00662085;-2.900510173;	Site1_1;-83.8125
-79.00636006;-2.900509711;	Site1_1;-83.0625
-79.00609927;-2.900509249;	Site1_1;-82.3125
-79.00583848;-2.900508787;	Site1_1;-81.5625
-79.00557770;-2.900508325;	Site1_1;-80.7500
-79.00531691;-2.900507863;	Site1_1;-80.0000
-79.00505612;-2.900507401;	Site1_1;-79.1250
-79.00479533;-2.900506939;	Site1_1;-78.1875
-79.00453454;-2.900506477;	Site1_1;-77.2500
-79.00427376;-2.900506014;	Site1_1;-76.1875
-79.00401297;-2.900505552;	Site1_1;-75.1875
-79.00375218;-2.90050509;	Site1_1;-74.2500
-79.00349139;-2.900504627;	Site1_1;-73.1875
-79.00323060;-2.900504164;	Site1_1;-72.1250
-79.00296982;-2.900503702;	Site1_1;-71.0625
-79.00270903;-2.900503239;	Site1_1;-70.1250
-79.00244824;-2.900502776;	Site1_1;-69.1875
-79.00218745;-2.900502314;	Site1_1;-68.5000
-79.00192667;-2.900501851;	Site1_1;-68.0625
-79.00166588;-2.900501388;	Site1_1;-68.0000
-79.00140509;-2.900500925;	Site1_1;-68.5625
-79.00114430;-2.900500462;	Site1_1;-70.0625
-79.00088352;-2.900499999;	Site1_1;-72.6875
-79.00062273;-2.900499536;	Site1_1;-76.0625
-79.00036194;-2.900499072;	Site1_1;-79.8750
-79.00010116;-2.900498609;	Site1_1;-82.4375
-78.99984037;-2.900498146;	Site1_1;-83.5625
-78.99957958;-2.900497683;	Site1_1;-84.7500
-78.99931879;-2.900497219;	Site1_1;-86.9375
-78.99905801;-2.900496756;	Site0_1;-88.0000
-78.99879722;-2.900496292;	Site2_1;-88.3750
-78.99853643;-2.900495828;	Site2_1;-88.7500
-78.99827565;-2.900495365;	Site2_1;-89.0625
-78.99801486;-2.900494901;	Site2_1;-89.4375
-78.99775407;-2.900494437;	Site2_1;-89.7500
-78.99749328;-2.900493973;	Site2_1;-90.1875
-78.99723250;-2.900493509;	Site2_1;-90.5625
-78.99697171;-2.900493045;	Site2_1;-91.0000
-78.99671092;-2.900492581;	Site2_1;-91.3125
-78.99645014;-2.900492117;	Site2_1;-91.7500
-78.99618935;-2.900491653;	Site2_1;-92.1250
-78.99592856;-2.900491189;	Site2_1;-92.5000
-78.99566778;-2.900490724;	Site2_1;-92.8125
-78.99540699;-2.90049026;	Site2_1;-93.2500
-78.99514621;-2.900489796;	Site2_1;-93.6250
-78.99488542;-2.900489331;	Site2_1;-94.0000
-78.99462463;-2.900488867;	Site2_1;-94.3750
-78.99436385;-2.900488402;	Site2_1;-94.7500
-78.99410306;-2.900487937;	Site2_1;-95.0625
-78.99384227;-2.900487473;	Site2_1;-95.3750
-78.99358149;-2.900487008;	Site2_1;-95.7500
-78.99332070;-2.900486543;	Site2_1;-96.0625
-78.99305992;-2.900486078;	Site2_1;-96.3750
-78.99279913;-2.900485613;	Site2_1;-96.7500
-78.99253834;-2.900485148;	Site2_1;-97.1250
-78.99227756;-2.900484683;	Site2_1;-97.4375
-78.99201677;-2.900484218;	Site2_1;-97.6875
-78.99175599;-2.900483753;	Site2_1;-98.0000
-78.99149520;-2.900483288;	Site2_1;-98.3125
-78.99123441;-2.900482822;	Site2_1;-98.6250
-78.99097363;-2.900482357;	Site2_1;-98.9375
-78.99071284;-2.900481891;	Site2_1;-99.2500
-78.99045206;-2.900481426;	Site2_1;-99.5625
-78.99019127;-2.90048096;	Site2_1;-99.8125
-78.98993048;-2.900480495;	Site2_1;-100.1250
-78.98966970;-2.900480029;	Site2_1;-100.3750
-78.98940891;-2.900479563;	Site2_1;-100.6875
-78.98914813;-2.900479097;	Site2_1;-100.9375
-78.98888734;-2.900478632;	Site2_1;-101.1875
-78.98862656;-2.900478166;	Site2_1;-101.4375
-78.98836577;-2.9004777;	Site2_1;-101.6875
-78.98810499;-2.900477234;	Site2_1;-102.0000
-79.01757445;-2.900267308;	Site1_1;-101.8125
-79.01731366;-2.900266849;	Site1_1;-101.5000
-79.01705287;-2.90026639;	Site1_1;-101.2500
-79.01679208;-2.90026593;	Site1_1;-100.9375
-79.01653129;-2.900265471;	Site1_1;-100.6875
-79.0162705;-2.900265011;	Site1_1;-100.3750
-79.01600971;-2.900264552;	Site1_1;-100.0625
-79.01574892;-2.900264092;	Site1_1;-99.8125
-79.01548813;-2.900263633;	Site1_1;-99.5000
-79.01522734;-2.900263173;	Site1_1;-99.1875
-79.01496655;-2.900262713;	Site1_1;-98.8750
-79.01470576;-2.900262253;	Site1_1;-98.5000
-79.01444497;-2.900261793;	Site1_1;-98.1875
-79.01418418;-2.900261333;	Site1_1;-97.8125
-79.01392339;-2.900260873;	Site1_1;-97.5000
-79.01366261;-2.900260413;	Site1_1;-97.1250
-79.01340182;-2.900259953;	Site1_1;-96.7500
-79.01314103;-2.900259493;	Site1_1;-96.3750
-79.01288024;-2.900259032;	Site1_1;-96.0000
-79.01261945;-2.900258572;	Site1_1;-95.6250
-79.01235866;-2.900258112;	Site1_1;-95.2500
-79.01209787;-2.900257651;	Site1_1;-94.8125
-79.01183708;-2.900257191;	Site1_1;-94.4375
-79.01157629;-2.90025673;	Site1_1;-94.0625
-79.01131550;-2.90025627;	Site1_1;-93.6250
-79.01105471;-2.900255809;	Site1_1;-93.1875
-79.01079393;-2.900255348;	Site1_1;-92.7500
-79.01053314;-2.900254887;	Site1_1;-92.3125
-79.01027235;-2.900254426;	Site1_1;-91.8125
-79.01001156;-2.900253966;	Site1_1;-91.3125
-79.00975077;-2.900253505;	Site1_1;-90.8125
-79.00948998;-2.900253043;	Site1_1;-90.3125
-79.00922919;-2.900252582;	Site1_1;-89.7500
-79.00896840;-2.900252121;	Site1_1;-89.2500
-79.00870762;-2.90025166;	Site1_1;-88.6875
-79.00844683;-2.900251199;	Site1_1;-88.1250
-79.00818604;-2.900250737;	Site1_1;-87.5000
-79.00792525;-2.900250276;	Site1_1;-86.9375
-79.00766446;-2.900249814;	Site1_1;-86.3125
-79.00740367;-2.900249353;	Site1_1;-85.6875
-79.00714288;-2.900248891;	Site1_1;-85.0000
-79.00688210;-2.90024843;	Site1_1;-84.2500
-79.00662131;-2.900247968;	Site1_1;-83.5000
-79.00636052;-2.900247506;	Site1_1;-82.6875
-79.00609973;-2.900247044;	Site1_1;-81.8750
-79.00583894;-2.900246582;	Site1_1;-81.1250
-79.00557816;-2.90024612;	Site1_1;-80.2500
-79.00531737;-2.900245658;	Site1_1;-79.3750
-79.00505658;-2.900245196;	Site1_1;-78.5000
-79.00479579;-2.900244734;	Site1_1;-77.5625
-79.00453500;-2.900244272;	Site1_1;-76.5000
-79.00427422;-2.90024381;	Site1_1;-75.4375
-79.00401343;-2.900243347;	Site1_1;-74.3125
-79.00375264;-2.900242885;	Site1_1;-73.2500
-79.00349185;-2.900242423;	Site1_1;-72.0625
-79.00323106;-2.90024196;	Site1_1;-70.8125
-79.00297028;-2.900241497;	Site1_1;-69.6250
-79.00270949;-2.900241035;	Site1_1;-68.3750
-79.00244870;-2.900240572;	Site1_1;-67.2500
-79.00218791;-2.900240109;	Site1_1;-66.3125
-79.00192713;-2.900239647;	Site1_1;-65.5000
-79.00166634;-2.900239184;	Site1_1;-65.1875
-79.00140555;-2.900238721;	Site1_1;-65.7500
-79.00114476;-2.900238258;	Site1_1;-67.5000
-79.00088398;-2.900237795;	Site1_1;-71.3125
-79.00062319;-2.900237332;	Site1_1;-77.1875
-79.00036240;-2.900236869;	Site3_1;-82.4375
-79.00010162;-2.900236405;	Site3_1;-83.1875
-78.99984083;-2.900235942;	Site3_1;-84.0000
-78.99958004;-2.900235479;	Site3_1;-85.0625
-78.99931925;-2.900235015;	Site3_1;-86.1250
-78.99905847;-2.900234552;	Site0_1;-87.2500
-78.99879768;-2.900234088;	Site0_1;-87.8750
-78.99853689;-2.900233625;	Site2_1;-88.2500
-78.99827611;-2.900233161;	Site2_1;-88.6250
-78.99801532;-2.900232697;	Site2_1;-89.0000
-78.99775453;-2.900232234;	Site2_1;-89.4375
-78.99749375;-2.90023177;	Site2_1;-89.8125
-78.99723296;-2.900231306;	Site2_1;-90.2500
-78.99697217;-2.900230842;	Site2_1;-90.6250
-78.99671139;-2.900230378;	Site2_1;-91.0625
-78.99645060;-2.900229914;	Site2_1;-91.5000
-78.99618981;-2.90022945;	Site2_1;-91.8125
-78.99592903;-2.900228985;	Site2_1;-92.2500
-78.99566824;-2.900228521;	Site2_1;-92.6250
-78.99540745;-2.900228057;	Site2_1;-93.0625
-78.99514667;-2.900227592;	Site2_1;-93.4375
-78.99488588;-2.900227128;	Site2_1;-93.8125
-78.99462509;-2.900226664;	Site2_1;-94.1250
-78.99436431;-2.900226199;	Site2_1;-94.5000
-78.99410352;-2.900225734;	Site2_1;-94.8125
-78.99384274;-2.90022527;	Site2_1;-95.1875
-78.99358195;-2.900224805;	Site2_1;-95.5625
-78.99332116;-2.90022434;	Site2_1;-95.9375
-78.99306038;-2.900223875;	Site2_1;-96.2500
-78.99279959;-2.90022341;	Site2_1;-96.5625
-78.99253881;-2.900222945;	Site2_1;-96.9375
-78.99227802;-2.90022248;	Site2_1;-97.2500
-78.99201723;-2.900222015;	Site2_1;-97.5625
-78.99175645;-2.90022155;	Site2_1;-97.8750
-78.99149566;-2.900221085;	Site2_1;-98.2500
-78.99123488;-2.90022062;	Site2_1;-98.5000
-78.99097409;-2.900220154;	Site2_1;-98.8125
-78.99071330;-2.900219689;	Site2_1;-99.1250
-78.99045252;-2.900219223;	Site2_1;-99.4375
-78.99019173;-2.900218758;	Site2_1;-99.7500
-78.98993095;-2.900218292;	Site2_1;-100.0000
-78.98967016;-2.900217827;	Site2_1;-100.3125
-78.98940938;-2.900217361;	Site2_1;-100.5625
-78.98914859;-2.900216895;	Site2_1;-100.8125
-78.98888781;-2.900216429;	Site2_1;-101.1250
-78.98862702;-2.900215964;	Site2_1;-101.3750
-78.98836624;-2.900215498;	Site2_1;-101.6875
-78.98810545;-2.900215032;	Site2_1;-101.9375
-79.01783570;-2.900005561;	Site1_1;-102.0000
-79.01757491;-2.900005101;	Site1_1;-101.7500
-79.01731412;-2.900004642;	Site1_1;-101.4375
-79.01705333;-2.900004183;	Site1_1;-101.1875
-79.01679254;-2.900003724;	Site1_1;-100.8750
-79.01653175;-2.900003264;	Site1_1;-100.6250
-79.01627096;-2.900002805;	Site1_1;-100.3125
-79.01601017;-2.900002345;	Site1_1;-100.0000
-79.01574938;-2.900001886;	Site1_1;-99.6875
-79.01548859;-2.900001426;	Site1_1;-99.3750
-79.01522780;-2.900000966;	Site1_1;-99.0625
-79.01496701;-2.900000507;	Site1_1;-98.7500
-79.01470622;-2.900000047;	Site1_1;-98.4375
-79.01444543;-2.899999587;	Site1_1;-98.1250
-79.01418464;-2.899999127;	Site1_1;-97.7500
-79.01392385;-2.899998667;	Site1_1;-97.3750
-79.01366306;-2.899998207;	Site1_1;-97.0625
-79.01340227;-2.899997747;	Site1_1;-96.6875
-79.01314148;-2.899997287;	Site1_1;-96.3125
-79.01288070;-2.899996826;	Site1_1;-95.9375
-79.01261991;-2.899996366;	Site1_1;-95.5000
-79.01235912;-2.899995906;	Site1_1;-95.1250
-79.01209833;-2.899995445;	Site1_1;-94.7500
-79.01183754;-2.899994985;	Site1_1;-94.3125
-79.01157675;-2.899994524;	Site1_1;-93.9375
-79.01131596;-2.899994064;	Site1_1;-93.5000
-79.01105517;-2.899993603;	Site1_1;-93.0625
-79.01079438;-2.899993142;	Site1_1;-92.6250
-79.01053359;-2.899992682;	Site1_1;-92.1875
-79.01027281;-2.899992221;	Site1_1;-91.7500
-79.01001202;-2.89999176;	Site1_1;-91.2500
-79.00975123;-2.899991299;	Site1_1;-90.7500
-79.00949044;-2.899990838;	Site1_1;-90.2500
-79.00922965;-2.899990377;	Site1_1;-89.6875
-79.00896886;-2.899989916;	Site1_1;-89.1875
-79.00870807;-2.899989455;	Site1_1;-88.6250
-79.00844729;-2.899988993;	Site1_1;-88.0000
-79.00818650;-2.899988532;	Site1_1;-87.3750
-79.00792571;-2.899988071;	Site1_1;-86.7500
-79.00766492;-2.899987609;	Site1_1;-86.0625
-79.00740413;-2.899987148;	Site1_1;-85.3750
-79.00714334;-2.899986686;	Site1_1;-84.6250
-79.00688256;-2.899986225;	Site1_1;-83.9375
-79.00662177;-2.899985763;	Site1_1;-83.1250
-79.00636098;-2.899985301;	Site1_1;-82.3125
-79.00610019;-2.899984839;	Site1_1;-81.5000
-79.00583940;-2.899984377;	Site1_1;-80.6875
-79.00557862;-2.899983916;	Site1_1;-79.8750
-79.00531783;-2.899983454;	Site1_1;-79.0000
-79.00505704;-2.899982992;	Site1_1;-78.0000
-79.00479625;-2.899982529;	Site1_1;-77.0000
-79.00453546;-2.899982067;	Site1_1;-75.8750
-79.00427468;-2.899981605;	Site1_1;-74.7500
-79.00401389;-2.899981143;	Site1_1;-73.5625
-79.0037531;-2.89998068;	Site1_1;-72.3750
-79.00349231;-2.899980218;	Site1_1;-71.1250
-79.00323152;-2.899979756;	Site1_1;-69.6875
-79.00297074;-2.899979293;	Site1_1;-68.3125
-79.00270995;-2.89997883;	Site1_1;-67.0000
-79.00244916;-2.899978368;	Site1_1;-65.5000
-79.00218837;-2.899977905;	Site1_1;-64.2500
-79.00192759;-2.899977442;	Site1_1;-63.1250
-79.0016668;-2.89997698;	Site1_1;-62.5625
-79.00140601;-2.899976517;	Site1_1;-62.9375
-79.00114523;-2.899976054;	Site1_1;-65.5000
-79.00088444;-2.899975591;	Site1_1;-71.5625
-79.00062365;-2.899975128;	Site1_1;-74.2500
-79.00036286;-2.899974665;	Site1_1;-74.0000
-79.00010208;-2.899974201;	Site1_1;-76.4375
-78.99984129;-2.899973738;	Site1_1;-80.9375
-78.99958050;-2.899973275;	Site3_1;-83.8125
-78.99931972;-2.899972811;	Site3_1;-85.0000
-78.99905893;-2.899972348;	Site3_1;-86.1875
-78.99879814;-2.899971884;	Site0_1;-87.1875
-78.99853735;-2.899971421;	Site2_1;-87.7500
-78.99827657;-2.899970957;	Site2_1;-88.1875
-78.99801578;-2.899970494;	Site2_1;-88.6250
-78.99775499;-2.89997003;	Site2_1;-89.0625
-78.99749421;-2.899969566;	Site2_1;-89.5000
-78.99723342;-2.899969102;	Site2_1;-89.8750
-78.99697263;-2.899968638;	Site2_1;-90.3750
-78.99671185;-2.899968174;	Site2_1;-90.7500
-78.99645106;-2.89996771;	Site2_1;-91.1875
-78.99619027;-2.899967246;	Site2_1;-91.6250
-78.99592949;-2.899966782;	Site2_1;-92.0000
-78.99566870;-2.899966318;	Site2_1;-92.4375
-78.99540792;-2.899965854;	Site2_1;-92.8750
-78.99514713;-2.899965389;	Site2_1;-93.1875
-78.99488634;-2.899964925;	Site2_1;-93.5625
-78.99462556;-2.899964461;	Site2_1;-93.9375
-78.99436477;-2.899963996;	Site2_1;-94.2500
-78.99410398;-2.899963531;	Site2_1;-94.6250
-78.99384320;-2.899963067;	Site2_1;-95.0000
-78.99358241;-2.899962602;	Site2_1;-95.3750
-78.99332163;-2.899962137;	Site2_1;-95.7500
-78.99306084;-2.899961673;	Site2_1;-96.0625
-78.99280005;-2.899961208;	Site2_1;-96.3750
-78.99253927;-2.899960743;	Site2_1;-96.7500
-78.99227848;-2.899960278;	Site2_1;-97.1250
-78.99201770;-2.899959813;	Site2_1;-97.4375
-78.99175691;-2.899959348;	Site2_1;-97.7500
-78.99149612;-2.899958882;	Site2_1;-98.0625
-78.99123534;-2.899958417;	Site2_1;-98.3750
-78.99097455;-2.899957952;	Site2_1;-98.7500
-78.99071377;-2.899957486;	Site2_1;-99.0625
-78.99045298;-2.899957021;	Site2_1;-99.3125
-78.99019220;-2.899956556;	Site2_1;-99.6250
-78.98993141;-2.89995609;	Site2_1;-99.8750
-78.98967063;-2.899955624;	Site2_1;-100.1875
-78.98940984;-2.899955159;	Site2_1;-100.5000
-78.98914905;-2.899954693;	Site2_1;-100.8125
-78.98888827;-2.899954227;	Site2_1;-101.0625
-78.98862748;-2.899953761;	Site2_1;-101.3750
-78.98836670;-2.899953296;	Site2_1;-101.6250
-78.98810591;-2.89995283;	Site2_1;-101.9375
-79.01783615;-2.899743354;	Site1_1;-101.9375
-79.01757536;-2.899742895;	Site1_1;-101.6875
-79.01731457;-2.899742436;	Site1_1;-101.3750
-79.01705378;-2.899741976;	Site1_1;-101.1250
-79.01679299;-2.899741517;	Site1_1;-100.8125
-79.01653220;-2.899741058;	Site1_1;-100.5625
-79.01627141;-2.899740598;	Site1_1;-100.2500
-79.01601063;-2.899740139;	Site1_1;-99.9375
-79.01574984;-2.899739679;	Site1_1;-99.6250
-79.01548905;-2.89973922;	Site1_1;-99.3125
-79.01522826;-2.89973876;	Site1_1;-99.0000
-79.01496747;-2.8997383;	Site1_1;-98.6875
-79.01470668;-2.899737841;	Site1_1;-98.3750
-79.01444589;-2.899737381;	Site1_1;-98.0000
-79.01418510;-2.899736921;	Site1_1;-97.6875
-79.01392431;-2.899736461;	Site1_1;-97.3125
-79.01366352;-2.899736001;	Site1_1;-96.9375
-79.01340273;-2.899735541;	Site1_1;-96.5625
-79.01314194;-2.899735081;	Site1_1;-96.1875
-79.01288115;-2.89973462;	Site1_1;-95.8125
-79.01262036;-2.89973416;	Site1_1;-95.4375
-79.01235957;-2.8997337;	Site1_1;-95.0000
-79.01209879;-2.89973324;	Site1_1;-94.6250
-79.01183800;-2.899732779;	Site1_1;-94.2500
-79.01157721;-2.899732319;	Site1_1;-93.8125
-79.01131642;-2.899731858;	Site1_1;-93.3750
-79.01105563;-2.899731397;	Site1_1;-93.0000
-79.01079484;-2.899730937;	Site1_1;-92.5000
-79.01053405;-2.899730476;	Site1_1;-92.0625
-79.01027326;-2.899730015;	Site1_1;-91.6250
-79.01001248;-2.899729554;	Site1_1;-91.1250
-79.00975169;-2.899729094;	Site1_1;-90.6250
-79.00949090;-2.899728633;	Site1_1;-90.1250
-79.00923011;-2.899728172;	Site1_1;-89.5625
-79.00896932;-2.89972771;	Site1_1;-89.0000
-79.00870853;-2.899727249;	Site1_1;-88.4375
-79.00844774;-2.899726788;	Site1_1;-87.8750
-79.00818696;-2.899726327;	Site1_1;-87.2500
-79.00792617;-2.899725865;	Site1_1;-86.6250
-79.00766538;-2.899725404;	Site1_1;-85.9375
-79.00740459;-2.899724943;	Site1_1;-85.2500
-79.00714380;-2.899724481;	Site1_1;-84.5000
-79.00688301;-2.89972402;	Site1_1;-83.7500
-79.00662223;-2.899723558;	Site1_1;-83.0000
-79.00636144;-2.899723096;	Site1_1;-82.1250
-79.00610065;-2.899722634;	Site1_1;-81.3125
-79.00583986;-2.899722173;	Site1_1;-80.5000
-79.00557907;-2.899721711;	Site1_1;-79.5625
-79.00531829;-2.899721249;	Site1_1;-78.6250
-79.00505750;-2.899720787;	Site1_1;-77.6250
-79.00479671;-2.899720325;	Site1_1;-76.5000
-79.00453592;-2.899719863;	Site1_1;-75.3750
-79.00427514;-2.8997194;	Site1_1;-74.1250
-79.00401435;-2.899718938;	Site1_1;-72.8750
-79.00375356;-2.899718476;	Site1_1;-71.6875
-79.00349277;-2.899718014;	Site1_1;-70.3125
-79.00323198;-2.899717551;	Site1_1;-68.8125
-79.00297120;-2.899717089;	Site1_1;-67.3125
-79.00271041;-2.899716626;	Site1_1;-65.6875
-79.00244962;-2.899716163;	Site1_1;-64.0625
-79.00218884;-2.899715701;	Site1_1;-62.5000
-79.00192805;-2.899715238;	Site1_1;-61.0625
-79.00166726;-2.899714775;	Site1_1;-60.1875
-79.00140647;-2.899714312;	Site1_1;-60.5000
-79.00114569;-2.89971385;	Site1_1;-64.2500
-79.00088490;-2.899713387;	Site1_1;-67.1875
-79.00062411;-2.899712924;	Site1_1;-64.6250
-79.00036332;-2.899712461;	Site1_1;-76.2500
-79.00010254;-2.899711997;	Site3_1;-80.3750
-78.99984175;-2.899711534;	Site1_1;-79.8125
-78.99958096;-2.899711071;	Site3_1;-82.5000
-78.99932018;-2.899710608;	Site3_1;-83.7500
-78.99905939;-2.899710144;	Site3_1;-85.0000
-78.99879860;-2.899709681;	Site3_1;-86.3750
-78.99853782;-2.899709217;	Site0_1;-87.2500
-78.99827703;-2.899708754;	Site2_1;-87.7500
-78.99801624;-2.89970829;	Site2_1;-88.2500
-78.99775546;-2.899707826;	Site2_1;-88.6875
-78.99749467;-2.899707363;	Site2_1;-89.1875
-78.99723388;-2.899706899;	Site2_1;-89.6250
-78.99697310;-2.899706435;	Site2_1;-90.0625
-78.99671231;-2.899705971;	Site2_1;-90.5000
-78.99645152;-2.899705507;	Site2_1;-90.9375
-78.99619074;-2.899705043;	Site2_1;-91.3750
-78.99592995;-2.899704579;	Site2_1;-91.8125
-78.99566916;-2.899704115;	Site2_1;-92.1875
-78.99540838;-2.89970365;	Site2_1;-92.5625
-78.99514759;-2.899703186;	Site2_1;-92.9375
-78.99488680;-2.899702722;	Site2_1;-93.3125
-78.99462602;-2.899702257;	Site2_1;-93.6875
-78.99436523;-2.899701793;	Site2_1;-94.1250
-78.99410445;-2.899701328;	Site2_1;-94.5000
-78.99384366;-2.899700864;	Site2_1;-94.8125
-78.99358287;-2.899700399;	Site2_1;-95.1875
-78.99332209;-2.899699934;	Site2_1;-95.5000
-78.99306130;-2.89969947;	Site2_1;-95.9375
-78.99280052;-2.899699005;	Site2_1;-96.3125
-78.99253973;-2.89969854;	Site2_1;-96.6250
-78.99227894;-2.899698075;	Site2_1;-96.9375
-78.99201816;-2.89969761;	Site2_1;-97.3125
-78.99175737;-2.899697145;	Site2_1;-97.6250
-78.99149659;-2.89969668;	Site2_1;-98.0000
-78.99123580;-2.899696215;	Site2_1;-98.3125
-78.99097502;-2.899695749;	Site2_1;-98.6250
-78.99071423;-2.899695284;	Site2_1;-98.8750
-78.99045345;-2.899694819;	Site2_1;-99.2500
-78.99019266;-2.899694353;	Site2_1;-99.5625
-78.98993187;-2.899693888;	Site2_1;-99.8750
-78.98967109;-2.899693422;	Site2_1;-100.1250
-78.98941030;-2.899692957;	Site2_1;-100.4375
-78.98914952;-2.899692491;	Site2_1;-100.7500
-78.98888873;-2.899692025;	Site2_1;-101.0625
-78.98862795;-2.899691559;	Site2_1;-101.3125
-78.98836716;-2.899691094;	Site2_1;-101.6250
-78.98810638;-2.899690628;	Site2_1;-101.8750
-79.01783661;-2.899481147;	Site1_1;-101.8750
-79.01757582;-2.899480688;	Site1_1;-101.6250
-79.01731503;-2.899480229;	Site1_1;-101.3125
-79.01705424;-2.89947977;	Site1_1;-101.0625
-79.01679345;-2.89947931;	Site1_1;-100.7500
-79.01653266;-2.899478851;	Site1_1;-100.5000
-79.01627187;-2.899478392;	Site1_1;-100.1875
-79.01601108;-2.899477932;	Site1_1;-99.8750
-79.01575029;-2.899477473;	Site1_1;-99.5625
-79.01548950;-2.899477013;	Site1_1;-99.2500
-79.01522871;-2.899476554;	Site1_1;-98.9375
-79.01496792;-2.899476094;	Site1_1;-98.6250
-79.01470713;-2.899475634;	Site1_1;-98.3125
-79.01444635;-2.899475174;	Site1_1;-97.9375
-79.01418556;-2.899474715;	Site1_1;-97.6250
-79.01392477;-2.899474255;	Site1_1;-97.2500
-79.01366398;-2.899473795;	Site1_1;-96.8750
-79.01340319;-2.899473335;	Site1_1;-96.5000
-79.01314240;-2.899472875;	Site1_1;-96.1250
-79.01288161;-2.899472414;	Site1_1;-95.7500
-79.01262082;-2.899471954;	Site1_1;-95.3750
-79.01236003;-2.899471494;	Site1_1;-94.9375
-79.01209924;-2.899471034;	Site1_1;-94.5625
-79.01183845;-2.899470573;	Site1_1;-94.1250
-79.01157767;-2.899470113;	Site1_1;-93.7500
-79.01131688;-2.899469652;	Site1_1;-93.3125
-79.01105609;-2.899469192;	Site1_1;-92.8750
-79.01079530;-2.899468731;	Site1_1;-92.4375
-79.01053451;-2.89946827;	Site1_1;-91.9375
-79.01027372;-2.89946781;	Site1_1;-91.5000
-79.01001293;-2.899467349;	Site1_1;-91.0000
-79.00975215;-2.899466888;	Site1_1;-90.5000
-79.00949136;-2.899466427;	Site1_1;-90.0000
-79.00923057;-2.899465966;	Site1_1;-89.4375
-79.00896978;-2.899465505;	Site1_1;-88.8750
-79.00870899;-2.899465044;	Site1_1;-88.3125
-79.00844820;-2.899464583;	Site1_1;-87.6875
-79.00818741;-2.899464122;	Site1_1;-87.0625
-79.00792663;-2.89946366;	Site1_1;-86.4375
-79.00766584;-2.899463199;	Site1_1;-85.7500
-79.00740505;-2.899462737;	Site1_1;-85.0625
-79.00714426;-2.899462276;	Site1_1;-84.3125
-79.00688347;-2.899461814;	Site1_1;-83.5625
-79.00662269;-2.899461353;	Site1_1;-82.7500
-79.00636190;-2.899460891;	Site1_1;-81.9375
-79.00610111;-2.89946043;	Site1_1;-81.0625
-79.00584032;-2.899459968;	Site1_1;-80.1875
-79.00557953;-2.899459506;	Site1_1;-79.3125
-79.00531875;-2.899459044;	Site1_1;-78.3125
-79.00505796;-2.899458582;	Site1_1;-77.3125
-79.00479717;-2.89945812;	Site1_1;-76.2500
-79.00453638;-2.899457658;	Site1_1;-75.0625
-79.00427560;-2.899457196;	Site1_1;-73.8125
-79.00401481;-2.899456734;	Site0_1;-71.0000
-79.00375402;-2.899456271;	Site0_1;-69.6250
-79.00349323;-2.899455809;	Site0_1;-69.5625
-79.00323244;-2.899455347;	Site1_1;-68.1250
-79.00297166;-2.899454884;	Site1_1;-66.5625
-79.00271087;-2.899454422;	Site1_1;-64.8125
-79.00245008;-2.899453959;	Site1_1;-63.0625
-79.00218930;-2.899453497;	Site1_1;-61.1250
-79.00192851;-2.899453034;	Site1_1;-59.4375
-79.00166772;-2.899452571;	Site1_1;-58.3125
-79.00140693;-2.899452108;	Site1_1;-58.6250
-79.00114615;-2.899451645;	Site1_1;-63.3750
-79.00088536;-2.899451183;	Site1_1;-59.0000
-79.00062457;-2.89945072;	Site1_1;-64.9375
-79.00036378;-2.899450257;	Site1_1;-54.3125
-79.00010300;-2.899449793;	Site1_1;-68.0625
-78.99984221;-2.89944933;	Site3_1;-79.8125
-78.99958142;-2.899448867;	Site3_1;-81.0625
-78.99932064;-2.899448404;	Site3_1;-82.4375
-78.99905985;-2.89944794;	Site3_1;-83.8125
-78.99879906;-2.899447477;	Site3_1;-85.2500
-78.99853828;-2.899447014;	Site0_1;-86.6875
-78.99827749;-2.89944655;	Site0_1;-87.3750
-78.99801670;-2.899446086;	Site2_1;-87.8750
-78.99775592;-2.899445623;	Site2_1;-88.3750
-78.99749513;-2.899445159;	Site2_1;-88.8750
-78.99723434;-2.899444695;	Site2_1;-89.3125
-78.99697356;-2.899444231;	Site2_1;-89.7500
-78.99671277;-2.899443768;	Site2_1;-90.2500
-78.99645198;-2.899443304;	Site2_1;-90.7500
-78.99619120;-2.89944284;	Site2_1;-91.1250
-78.99593041;-2.899442376;	Site2_1;-91.5625
-78.99566963;-2.899441911;	Site2_1;-91.9375
-78.99540884;-2.899441447;	Site2_1;-92.3125
-78.99514805;-2.899440983;	Site2_1;-92.7500
-78.99488727;-2.899440519;	Site2_1;-93.1875
-78.99462648;-2.899440054;	Site2_1;-93.5625
-78.99436569;-2.89943959;	Site2_1;-93.9375
-78.99410491;-2.899439125;	Site2_1;-94.2500
-78.99384412;-2.899438661;	Site2_1;-94.6250
-78.99358334;-2.899438196;	Site2_1;-95.0000
-78.99332255;-2.899437732;	Site2_1;-95.4375
-78.99306176;-2.899437267;	Site2_1;-95.7500
-78.99280098;-2.899436802;	Site2_1;-96.1250
-78.99254019;-2.899436337;	Site2_1;-96.5000
-78.99227941;-2.899435872;	Site2_1;-96.8750
-78.99201862;-2.899435407;	Site2_1;-97.1875
-78.99175784;-2.899434942;	Site2_1;-97.5625
-78.99149705;-2.899434477;	Site2_1;-97.8750
-78.99123626;-2.899434012;	Site2_1;-98.1875
-78.99097548;-2.899433547;	Site2_1;-98.5000
-78.99071469;-2.899433082;	Site2_1;-98.8750
-78.99045391;-2.899432616;	Site2_1;-99.1875
-78.99019312;-2.899432151;	Site2_1;-99.5000
-78.98993234;-2.899431685;	Site2_1;-99.8125
-78.98967155;-2.89943122;	Site2_1;-100.1250
-78.98941077;-2.899430754;	Site2_1;-100.4375
-78.98914998;-2.899430289;	Site2_1;-100.6875
-78.98888920;-2.899429823;	Site2_1;-101.0000
-78.98862841;-2.899429357;	Site2_1;-101.3125
-78.98836763;-2.899428891;	Site2_1;-101.5625
-78.98810684;-2.899428426;	Site2_1;-101.8750
-79.01783707;-2.89921894;	Site1_1;-101.8750
-79.01757628;-2.899218481;	Site1_1;-101.5625
-79.01731549;-2.899218022;	Site1_1;-101.3125
-79.01705470;-2.899217563;	Site1_1;-101.0000
-79.01679391;-2.899217104;	Site1_1;-100.7500
-79.01653312;-2.899216644;	Site1_1;-100.4375
-79.01627233;-2.899216185;	Site1_1;-100.1250
-79.01601154;-2.899215726;	Site1_1;-99.8750
-79.01575075;-2.899215266;	Site1_1;-99.5625
-79.01548996;-2.899214807;	Site1_1;-99.2500
-79.01522917;-2.899214347;	Site1_1;-98.9375
-79.01496838;-2.899213888;	Site1_1;-98.5625
-79.01470759;-2.899213428;	Site1_1;-98.2500
-79.01444680;-2.899212968;	Site1_1;-97.9375
-79.01418601;-2.899212508;	Site1_1;-97.5625
-79.01392522;-2.899212049;	Site1_1;-97.1875
-79.01366444;-2.899211589;	Site1_1;-96.8125
-79.01340365;-2.899211129;	Site1_1;-96.4375
-79.01314286;-2.899210669;	Site1_1;-96.0625
-79.01288207;-2.899210208;	Site1_1;-95.6875
-79.01262128;-2.899209748;	Site1_1;-95.3125
-79.01236049;-2.899209288;	Site1_1;-94.8750
-79.01209970;-2.899208828;	Site1_1;-94.5000
-79.01183891;-2.899208367;	Site1_1;-94.0625
-79.01157812;-2.899207907;	Site1_1;-93.6875
-79.01131734;-2.899207447;	Site1_1;-93.2500
-79.01105655;-2.899206986;	Site1_1;-92.8125
-79.01079576;-2.899206525;	Site1_1;-92.3750
-79.01053497;-2.899206065;	Site1_1;-91.8750
-79.01027418;-2.899205604;	Site1_1;-91.4375
-79.01001339;-2.899205143;	Site1_1;-90.9375
-79.00975260;-2.899204683;	Site1_1;-90.4375
-79.00949182;-2.899204222;	Site1_1;-89.8750
-79.00923103;-2.899203761;	Site1_1;-89.3750
-79.00897024;-2.8992033;	Site1_1;-88.8125
-79.00870945;-2.899202839;	Site1_1;-88.1875
-79.00844866;-2.899202377;	Site1_1;-87.6250
-79.00818787;-2.899201916;	Site1_1;-87.0000
-79.00792709;-2.899201455;	Site1_1;-86.3125
-79.00766630;-2.899200994;	Site1_1;-85.6875
-79.00740551;-2.899200532;	Site1_1;-84.9375
-79.00714472;-2.899200071;	Site1_1;-84.1875
-79.00688393;-2.899199609;	Site1_1;-83.4375
-79.00662314;-2.899199148;	Site1_1;-82.6250
-79.00636236;-2.899198686;	Site1_1;-81.7500
-79.00610157;-2.899198225;	Site1_1;-80.9375
-79.00584078;-2.899197763;	Site1_1;-80.0625
-79.00557999;-2.899197301;	Site1_1;-79.1250
-79.00531921;-2.899196839;	Site1_1;-78.1875
-79.00505842;-2.899196377;	Site1_1;-77.1250
-79.00479763;-2.899195915;	Site0_1;-73.5625
-79.00453684;-2.899195453;	Site1_1;-74.8125
-79.00427605;-2.899194991;	Site0_1;-72.3125
-79.00401527;-2.899194529;	Site0_1;-67.6875
-79.00375448;-2.899194067;	Site0_1;-66.3750
-79.00349369;-2.899193605;	Site0_1;-66.5625
-79.00323290;-2.899193142;	Site0_1;-67.3750
-79.00297212;-2.89919268;	Site1_1;-66.0625
-79.00271133;-2.899192217;	Site1_1;-64.2500
-79.00245054;-2.899191755;	Site1_1;-62.3750
-79.00218976;-2.899191292;	Site1_1;-60.3750
-79.00192897;-2.89919083;	Site1_1;-58.5000
-79.00166818;-2.899190367;	Site1_1;-57.1250
-79.00140739;-2.899189904;	Site1_1;-57.2500
-79.00114661;-2.899189441;	Site1_1;-62.2500
-79.00088582;-2.899188978;	Site1_1;-57.0000
-79.00062503;-2.899188516;	Site1_1;-62.8125
-79.00036425;-2.899188053;	Site1_1;-47.8125
-79.00010346;-2.899187589;	Site1_1;-61.2500
-78.99984267;-2.899187126;	Site3_1;-78.1250
-78.99958188;-2.899186663;	Site3_1;-79.4375
-78.99932110;-2.8991862;	Site3_1;-80.9375
-78.99906031;-2.899185737;	Site3_1;-82.5000
-78.99879952;-2.899185273;	Site3_1;-84.1250
-78.99853874;-2.89918481;	Site3_1;-85.8125
-78.99827795;-2.899184346;	Site0_1;-86.9375
-78.99801716;-2.899183883;	Site2_1;-87.5625
-78.99775638;-2.899183419;	Site2_1;-88.0000
-78.99749559;-2.899182956;	Site2_1;-88.5000
-78.99723480;-2.899182492;	Site2_1;-89.0000
-78.99697402;-2.899182028;	Site2_1;-89.5625
-78.99671323;-2.899181564;	Site2_1;-90.0000
-78.99645245;-2.8991811;	Site2_1;-90.4375
-78.99619166;-2.899180636;	Site2_1;-90.8750
-78.99593087;-2.899180172;	Site2_1;-91.2500
-78.99567009;-2.899179708;	Site2_1;-91.6875
-78.9954093;-2.899179244;	Site2_1;-92.1875
-78.99514851;-2.89917878;	Site2_1;-92.5625
-78.99488773;-2.899178316;	Site2_1;-92.9375
-78.99462694;-2.899177851;	Site2_1;-93.3125
-78.99436616;-2.899177387;	Site2_1;-93.7500
-78.99410537;-2.899176922;	Site2_1;-94.1250
-78.99384458;-2.899176458;	Site2_1;-94.5000
-78.99358380;-2.899175993;	Site2_1;-94.8750
-78.99332301;-2.899175529;	Site2_1;-95.2500
-78.99306223;-2.899175064;	Site2_1;-95.6250
-78.99280144;-2.899174599;	Site2_1;-96.0625
-78.99254066;-2.899174135;	Site2_1;-96.3750
-78.99227987;-2.89917367;	Site2_1;-96.6875
-78.99201908;-2.899173205;	Site2_1;-97.0625
-78.99175830;-2.89917274;	Site2_1;-97.4375
-78.99149751;-2.899172275;	Site2_1;-97.7500
-78.99123673;-2.89917181;	Site2_1;-98.1250
-78.99097594;-2.899171344;	Site2_1;-98.4375
-78.99071516;-2.899170879;	Site2_1;-98.8125
-78.99045437;-2.899170414;	Site2_1;-99.1250
-78.99019359;-2.899169949;	Site2_1;-99.4375
-78.9899328;-2.899169483;	Site2_1;-99.7500
-78.98967201;-2.899169018;	Site2_1;-100.0625
-78.98941123;-2.899168552;	Site2_1;-100.3750
-78.98915044;-2.899168087;	Site2_1;-100.6875
-78.98888966;-2.899167621;	Site2_1;-100.9375
-78.98862887;-2.899167155;	Site2_1;-101.2500
-78.98836809;-2.899166689;	Site2_1;-101.5625
-78.98810730;-2.899166224;	Site2_1;-101.8125
-79.01783752;-2.898956733;	Site1_1;-101.8750
-79.01757673;-2.898956274;	Site1_1;-101.6250
-79.01731594;-2.898955815;	Site1_1;-101.3125
-79.01705515;-2.898955356;	Site1_1;-101.0625
-79.01679436;-2.898954897;	Site1_1;-100.7500
-79.01653357;-2.898954438;	Site1_1;-100.5000
-79.01627279;-2.898953979;	Site1_1;-100.1875
-79.01601200;-2.898953519;	Site1_1;-99.8750
-79.01575121;-2.89895306;	Site1_1;-99.5625
-79.01549042;-2.8989526;	Site1_1;-99.2500
-79.01522963;-2.898952141;	Site1_1;-98.9375
-79.01496884;-2.898951681;	Site1_1;-98.6250
-79.01470805;-2.898951222;	Site1_1;-98.2500
-79.01444726;-2.898950762;	Site1_1;-97.9375
-79.01418647;-2.898950302;	Site1_1;-97.5625
-79.01392568;-2.898949842;	Site1_1;-97.1875
-79.01366489;-2.898949382;	Site1_1;-96.8750
-79.01340410;-2.898948923;	Site1_1;-96.5000
-79.01314331;-2.898948463;	Site1_1;-96.0625
-79.01288253;-2.898948002;	Site1_1;-95.6875
-79.01262174;-2.898947542;	Site1_1;-95.3125
-79.01236095;-2.898947082;	Site1_1;-94.8750
-79.01210016;-2.898946622;	Site1_1;-94.5000
-79.01183937;-2.898946162;	Site1_1;-94.0625
-79.01157858;-2.898945701;	Site1_1;-93.6875
-79.01131779;-2.898945241;	Site1_1;-93.2500
-79.01105700;-2.89894478;	Site1_1;-92.8125
-79.01079622;-2.89894432;	Site1_1;-92.3125
-79.01053543;-2.898943859;	Site1_1;-91.8750
-79.01027464;-2.898943399;	Site1_1;-91.3750
-79.01001385;-2.898942938;	Site1_1;-90.8750
-79.00975306;-2.898942477;	Site1_1;-90.3750
-79.00949227;-2.898942016;	Site1_1;-89.8750
-79.00923149;-2.898941555;	Site1_1;-89.3125
-79.00897070;-2.898941094;	Site1_1;-88.7500
-79.00870991;-2.898940633;	Site1_1;-88.1875
-79.00844912;-2.898940172;	Site1_1;-87.5625
-79.00818833;-2.898939711;	Site1_1;-86.9375
-79.00792754;-2.89893925;	Site1_1;-86.3125
-79.00766676;-2.898938789;	Site1_1;-85.6250
-79.00740597;-2.898938327;	Site1_1;-84.9375
-79.00714518;-2.898937866;	Site1_1;-84.1875
-79.00688439;-2.898937404;	Site1_1;-83.4375
-79.00662360;-2.898936943;	Site1_1;-82.6250
-79.00636282;-2.898936481;	Site1_1;-81.7500
-79.00610203;-2.89893602;	Site1_1;-80.8750
-79.00584124;-2.898935558;	Site1_1;-80.0000
-79.00558045;-2.898935096;	Site1_1;-79.0625
-79.00531966;-2.898934634;	Site0_1;-77.9375
-79.00505888;-2.898934173;	Site1_1;-77.0625
-79.00479809;-2.898933711;	Site0_1;-73.5000
-79.00453730;-2.898933249;	Site0_1;-64.6875
-79.00427651;-2.898932787;	Site0_1;-69.6875
-79.00401573;-2.898932324;	Site0_1;-64.5000
-79.00375494;-2.898931862;	Site0_1;-63.3125
-79.00349415;-2.8989314;	Site0_1;-63.8125
-79.00323336;-2.898930938;	Site0_1;-65.1250
-79.00297258;-2.898930475;	Site1_1;-65.9375
-79.00271179;-2.898930013;	Site1_1;-64.1250
-79.00245100;-2.89892955;	Site1_1;-62.2500
-79.00219022;-2.898929088;	Site1_1;-60.2500
-79.00192943;-2.898928625;	Site1_1;-58.3750
-79.00166864;-2.898928163;	Site1_1;-56.8750
-79.00140785;-2.8989277;	Site1_1;-56.8750
-79.00114707;-2.898927237;	Site1_1;-60.8125
-79.00088628;-2.898926774;	Site1_1;-59.5000
-79.00062549;-2.898926311;	Site1_1;-64.2500
-79.00036471;-2.898925849;	Site1_1;-71.7500
-79.00010392;-2.898925386;	Site3_1;-75.2500
-78.99984313;-2.898924922;	Site3_1;-76.4375
-78.99958235;-2.898924459;	Site3_1;-77.8750
-78.99932156;-2.898923996;	Site3_1;-79.5000
-78.99906077;-2.898923533;	Site3_1;-81.1875
-78.99879999;-2.89892307;	Site3_1;-83.0000
-78.99853920;-2.898922606;	Site3_1;-84.8125
-78.99827841;-2.898922143;	Site3_1;-86.4375
-78.99801763;-2.898921679;	Site2_1;-87.1250
-78.99775684;-2.898921216;	Site2_1;-87.6875
-78.99749605;-2.898920752;	Site2_1;-88.2500
-78.99723527;-2.898920288;	Site2_1;-88.7500
-78.99697448;-2.898919825;	Site2_1;-89.2500
-78.99671369;-2.898919361;	Site2_1;-89.6875
-78.99645291;-2.898918897;	Site2_1;-90.1250
-78.99619212;-2.898918433;	Site2_1;-90.6250
-78.99593133;-2.898917969;	Site2_1;-91.1250
-78.99567055;-2.898917505;	Site2_1;-91.5625
-78.99540976;-2.898917041;	Site2_1;-91.9375
-78.99514898;-2.898916577;	Site2_1;-92.3125
-78.99488819;-2.898916112;	Site2_1;-92.7500
-78.99462740;-2.898915648;	Site2_1;-93.1875
-78.99436662;-2.898915184;	Site2_1;-93.6250
-78.99410583;-2.898914719;	Site2_1;-93.9375
-78.99384505;-2.898914255;	Site2_1;-94.3750
-78.99358426;-2.89891379;	Site2_1;-94.7500
-78.99332347;-2.898913326;	Site2_1;-95.1250
-78.99306269;-2.898912861;	Site2_1;-95.5000
-78.99280190;-2.898912397;	Site2_1;-95.8750
-78.99254112;-2.898911932;	Site2_1;-96.2500
-78.99228033;-2.898911467;	Site2_1;-96.6250
-78.99201955;-2.898911002;	Site2_1;-97.0000
-78.99175876;-2.898910537;	Site2_1;-97.3750
-78.99149798;-2.898910072;	Site2_1;-97.7500
-78.99123719;-2.898909607;	Site2_1;-98.0625
-78.99097640;-2.898909142;	Site2_1;-98.4375
-78.99071562;-2.898908677;	Site2_1;-98.7500
-78.99045483;-2.898908211;	Site2_1;-99.0625
-78.99019405;-2.898907746;	Site2_1;-99.4375
-78.98993326;-2.898907281;	Site2_1;-99.7500
-78.98967248;-2.898906815;	Site2_1;-100.0625
-78.98941169;-2.89890635;	Site2_1;-100.3750
-78.98915091;-2.898905884;	Site2_1;-100.6250
-78.98889012;-2.898905419;	Site2_1;-100.9375
-78.98862934;-2.898904953;	Site2_1;-101.2500
-78.98836855;-2.898904487;	Site2_1;-101.5000
-78.98810777;-2.898904022;	Site2_1;-101.7500
-78.98784698;-2.898903556;	Site2_1;-102.0000
-79.01783798;-2.898694527;	Site1_1;-101.8125
-79.01757719;-2.898694068;	Site1_1;-101.5625
-79.0173164;-2.898693609;	Site1_1;-101.3125
-79.01705561;-2.89869315;	Site1_1;-101.0000
-79.01679482;-2.89869269;	Site1_1;-100.7500
-79.01653403;-2.898692231;	Site1_1;-100.4375
-79.01627324;-2.898691772;	Site1_1;-100.1250
-79.01601245;-2.898691313;	Site1_1;-99.8125
-79.01575166;-2.898690853;	Site1_1;-99.5000
-79.01549087;-2.898690394;	Site1_1;-99.1875
-79.01523008;-2.898689934;	Site1_1;-98.8750
-79.01496930;-2.898689475;	Site1_1;-98.5625
-79.01470851;-2.898689015;	Site1_1;-98.2500
-79.01444772;-2.898688556;	Site1_1;-97.8750
-79.01418693;-2.898688096;	Site1_1;-97.5625
-79.01392614;-2.898687636;	Site1_1;-97.1875
-79.01366535;-2.898687176;	Site1_1;-96.8125
-79.01340456;-2.898686716;	Site1_1;-96.4375
-79.01314377;-2.898686256;	Site1_1;-96.0625
-79.01288298;-2.898685796;	Site1_1;-95.6875
-79.01262219;-2.898685336;	Site1_1;-95.3125
-79.01236141;-2.898684876;	Site1_1;-94.8750
-79.01210062;-2.898684416;	Site1_1;-94.5000
-79.01183983;-2.898683956;	Site1_1;-94.1250
-79.01157904;-2.898683495;	Site1_1;-93.6875
-79.01131825;-2.898683035;	Site1_1;-93.2500
-79.01105746;-2.898682575;	Site1_1;-92.8125
-79.01079667;-2.898682114;	Site1_1;-92.3750
-79.01053589;-2.898681654;	Site1_1;-91.8750
-79.01027510;-2.898681193;	Site1_1;-91.4375
-79.01001431;-2.898680732;	Site1_1;-90.9375
-79.00975352;-2.898680272;	Site1_1;-90.4375
-79.00949273;-2.898679811;	Site1_1;-89.8750
-79.00923194;-2.89867935;	Site1_1;-89.3125
-79.00897116;-2.898678889;	Site1_1;-88.7500
-79.00871037;-2.898678428;	Site1_1;-88.1875
-79.00844958;-2.898677967;	Site1_1;-87.5625
-79.00818879;-2.898677506;	Site1_1;-86.9375
-79.00792800;-2.898677045;	Site1_1;-86.3125
-79.00766721;-2.898676583;	Site1_1;-85.6250
-79.00740643;-2.898676122;	Site1_1;-84.9375
-79.00714564;-2.898675661;	Site1_1;-84.1875
-79.00688485;-2.898675199;	Site1_1;-83.4375
-79.00662406;-2.898674738;	Site1_1;-82.6250
-79.00636328;-2.898674276;	Site1_1;-81.7500
-79.00610249;-2.898673815;	Site1_1;-80.9375
-79.00584170;-2.898673353;	Site1_1;-80.0625
-79.00558091;-2.898672891;	Site1_1;-79.1250
-79.00532012;-2.89867243;	Site0_1;-59.0000
-79.00505934;-2.898671968;	Site0_1;-46.9375
-79.00479855;-2.898671506;	Site0_1;-75.0000
-79.00453776;-2.898671044;	Site0_1;-59.2500
-79.00427697;-2.898670582;	Site0_1;-66.6875
-79.00401619;-2.89867012;	Site0_1;-61.5625
-79.00375540;-2.898669658;	Site0_1;-60.6875
-79.00349461;-2.898669196;	Site0_1;-61.6250
-79.00323382;-2.898668733;	Site0_1;-63.2500
-79.00297304;-2.898668271;	Site0_1;-65.0625
-79.00271225;-2.898667809;	Site1_1;-64.4375
-79.00245146;-2.898667346;	Site1_1;-62.6875
-79.00219068;-2.898666884;	Site1_1;-60.8750
-79.00192989;-2.898666421;	Site1_1;-59.2500
-79.00166910;-2.898665958;	Site1_1;-58.0000
-79.00140831;-2.898665496;	Site1_1;-57.7500
-79.00114753;-2.898665033;	Site1_1;-60.0625
-79.00088674;-2.89866457;	Site1_1;-66.0625
-79.00062595;-2.898664107;	Site1_1;-61.9375
-79.00036517;-2.898663645;	Site1_1;-67.3750
-79.00010438;-2.898663182;	Site3_1;-73.2500
-78.99984359;-2.898662719;	Site3_1;-74.5625
-78.99958281;-2.898662255;	Site3_1;-76.1250
-78.99932202;-2.898661792;	Site3_1;-77.9375
-78.99906123;-2.898661329;	Site3_1;-79.8125
-78.99880045;-2.898660866;	Site3_1;-81.8125
-78.99853966;-2.898660402;	Site3_1;-83.8125
-78.99827887;-2.898659939;	Site3_1;-85.5625
-78.99801809;-2.898659476;	Site0_1;-86.8125
-78.9977573;-2.898659012;	Site2_1;-87.4375
-78.99749651;-2.898658548;	Site2_1;-87.9375
-78.99723573;-2.898658085;	Site2_1;-88.4375
-78.99697494;-2.898657621;	Site2_1;-88.9375
-78.99671415;-2.898657157;	Site2_1;-89.4375
-78.99645337;-2.898656694;	Site2_1;-89.9375
-78.99619258;-2.89865623;	Site2_1;-90.4375
-78.99593180;-2.898655766;	Site2_1;-90.8750
-78.99567101;-2.898655302;	Site2_1;-91.3125
-78.99541022;-2.898654838;	Site2_1;-91.7500
-78.99514944;-2.898654374;	Site2_1;-92.1875
-78.99488865;-2.898653909;	Site2_1;-92.6250
-78.99462787;-2.898653445;	Site2_1;-93.0000
-78.99436708;-2.898652981;	Site2_1;-93.4375
-78.99410629;-2.898652516;	Site2_1;-93.8750
-78.99384551;-2.898652052;	Site2_1;-94.2500
-78.99358472;-2.898651588;	Site2_1;-94.6250
-78.99332394;-2.898651123;	Site2_1;-95.0000
-78.99306315;-2.898650658;	Site2_1;-95.4375
-78.99280237;-2.898650194;	Site2_1;-95.8125
-78.99254158;-2.898649729;	Site2_1;-96.1875
-78.99228079;-2.898649264;	Site2_1;-96.5625
-78.99202001;-2.898648799;	Site2_1;-96.9375
-78.99175922;-2.898648334;	Site2_1;-97.3125
-78.99149844;-2.89864787;	Site2_1;-97.6875
-78.99123765;-2.898647405;	Site2_1;-98.0625
-78.99097687;-2.898646939;	Site2_1;-98.3750
-78.99071608;-2.898646474;	Site2_1;-98.7500
-78.99045530;-2.898646009;	Site2_1;-99.0625
-78.99019451;-2.898645544;	Site2_1;-99.3750
-78.98993373;-2.898645078;	Site2_1;-99.6875
-78.98967294;-2.898644613;	Site2_1;-100.0000
-78.98941216;-2.898644148;	Site2_1;-100.3125
-78.98915137;-2.898643682;	Site2_1;-100.5625
-78.98889059;-2.898643217;	Site2_1;-100.8750
-78.9886298;-2.898642751;	Site2_1;-101.1250
-78.98836902;-2.898642285;	Site2_1;-101.3750
-78.98810823;-2.89864182;	Site2_1;-101.6875
-78.98784745;-2.898641354;	Site2_1;-101.9375
-79.01783844;-2.89843232;	Site1_1;-101.8750
-79.01757765;-2.898431861;	Site1_1;-101.6250
-79.01731686;-2.898431402;	Site1_1;-101.3125
-79.01705607;-2.898430943;	Site1_1;-101.0625
-79.01679528;-2.898430484;	Site1_1;-100.7500
-79.01653449;-2.898430025;	Site1_1;-100.5000
-79.01627370;-2.898429566;	Site1_1;-100.1875
-79.01601291;-2.898429106;	Site1_1;-99.8750
-79.01575212;-2.898428647;	Site1_1;-99.5625
-79.01549133;-2.898428188;	Site1_1;-99.2500
-79.01523054;-2.898427728;	Site1_1;-98.9375
-79.01496975;-2.898427269;	Site1_1;-98.6250
-79.01470896;-2.898426809;	Site1_1;-98.2500
-79.01444817;-2.898426349;	Site1_1;-97.9375
-79.01418739;-2.89842589;	Site1_1;-97.5625
-79.01392660;-2.89842543;	Site1_1;-97.1875
-79.01366581;-2.89842497;	Site1_1;-96.8125
-79.01340502;-2.89842451;	Site1_1;-96.4375
-79.01314423;-2.89842405;	Site1_1;-96.0625
-79.01288344;-2.89842359;	Site1_1;-95.6875
-79.01262265;-2.89842313;	Site1_1;-95.3125
-79.01236186;-2.89842267;	Site1_1;-94.8750
-79.01210107;-2.89842221;	Site1_1;-94.4375
-79.01184029;-2.89842175;	Site1_1;-94.0625
-79.01157950;-2.89842129;	Site1_1;-93.6875
-79.01131871;-2.898420829;	Site1_1;-93.2500
-79.01105792;-2.898420369;	Site1_1;-92.8125
-79.01079713;-2.898419908;	Site1_1;-92.3750
-79.01053634;-2.898419448;	Site1_1;-91.8750
-79.01027556;-2.898418987;	Site1_1;-91.4375
-79.01001477;-2.898418527;	Site1_1;-90.9375
-79.00975398;-2.898418066;	Site1_1;-90.4375
-79.00949319;-2.898417605;	Site1_1;-89.9375
-79.00923240;-2.898417144;	Site1_1;-89.3750
-79.00897161;-2.898416684;	Site1_1;-88.8125
-79.00871083;-2.898416223;	Site1_1;-88.2500
-79.00845004;-2.898415762;	Site1_1;-87.6875
-79.00818925;-2.898415301;	Site1_1;-87.0625
-79.00792846;-2.898414839;	Site1_1;-86.3750
-79.00766767;-2.898414378;	Site1_1;-85.6875
-79.00740689;-2.898413917;	Site1_1;-85.0000
-79.00714610;-2.898413456;	Site1_1;-84.2500
-79.00688531;-2.898412994;	Site1_1;-83.5000
-79.00662452;-2.898412533;	Site1_1;-82.6875
-79.00636373;-2.898412071;	Site1_1;-81.8125
-79.00610295;-2.89841161;	Site1_1;-81.0000
-79.00584216;-2.898411148;	Site0_1;-77.5625
-79.00558137;-2.898410687;	Site1_1;-79.2500
-79.00532058;-2.898410225;	Site0_1;-62.8125
-79.00505980;-2.898409763;	Site0_1;-46.9375
-79.00479901;-2.898409301;	Site0_1;-62.2500
-79.00453822;-2.898408839;	Site0_1;-56.9375
-79.00427743;-2.898408377;	Site0_1;-63.7500
-79.00401665;-2.898407915;	Site0_1;-58.8750
-79.00375586;-2.898407453;	Site0_1;-58.6875
-79.00349507;-2.898406991;	Site0_1;-60.0625
-79.00323428;-2.898406529;	Site0_1;-61.9375
-79.00297350;-2.898406067;	Site0_1;-63.8750
-79.00271271;-2.898405604;	Site1_1;-65.1875
-79.00245192;-2.898405142;	Site1_1;-63.5000
-79.00219114;-2.898404679;	Site1_1;-62.0625
-79.00193035;-2.898404217;	Site1_1;-60.6875
-79.00166956;-2.898403754;	Site1_1;-59.5625
-79.00140877;-2.898403292;	Site1_1;-59.3750
-79.00114799;-2.898402829;	Site1_1;-60.6875
-79.0008872;-2.898402366;	Site1_1;-64.8125
-79.00062641;-2.898401903;	Site3_1;-69.7500
-79.00036563;-2.898401441;	Site3_1;-70.1875
-79.00010484;-2.898400978;	Site3_1;-71.1250
-78.99984405;-2.898400515;	Site3_1;-72.5000
-78.99958327;-2.898400052;	Site3_1;-74.2500
-78.99932248;-2.898399588;	Site3_1;-76.3750
-78.99906169;-2.898399125;	Site3_1;-78.5000
-78.99880091;-2.898398662;	Site3_1;-80.7500
-78.99854012;-2.898398199;	Site3_1;-82.8125
-78.99827933;-2.898397735;	Site3_1;-84.7500
-78.99801855;-2.898397272;	Site3_1;-86.3125
-78.99775776;-2.898396808;	Site2_1;-87.0625
-78.99749697;-2.898396345;	Site2_1;-87.6250
-78.99723619;-2.898395881;	Site2_1;-88.1250
-78.99697540;-2.898395418;	Site2_1;-88.7500
-78.99671462;-2.898394954;	Site2_1;-89.1875
-78.99645383;-2.89839449;	Site2_1;-89.6875
-78.99619304;-2.898394026;	Site2_1;-90.1875
-78.99593226;-2.898393562;	Site2_1;-90.6875
-78.99567147;-2.898393098;	Site2_1;-91.1250
-78.99541069;-2.898392634;	Site2_1;-91.5625
-78.99514990;-2.89839217;	Site2_1;-92.0000
-78.99488911;-2.898391706;	Site2_1;-92.5000
-78.99462833;-2.898391242;	Site2_1;-92.8750
-78.99436754;-2.898390778;	Site2_1;-93.3125
-78.99410676;-2.898390313;	Site2_1;-93.6875
-78.99384597;-2.898389849;	Site2_1;-94.1250
-78.99358518;-2.898389385;	Site2_1;-94.5625
-78.99332440;-2.89838892;	Site2_1;-94.9375
-78.99306361;-2.898388456;	Site2_1;-95.3750
-78.99280283;-2.898387991;	Site2_1;-95.7500
-78.99254204;-2.898387526;	Site2_1;-96.1250
-78.99228126;-2.898387062;	Site2_1;-96.5625
-78.99202047;-2.898386597;	Site2_1;-96.9375
-78.99175969;-2.898386132;	Site2_1;-97.3125
-78.9914989;-2.898385667;	Site2_1;-97.6250
-78.99123811;-2.898385202;	Site2_1;-98.0000
-78.99097733;-2.898384737;	Site2_1;-98.3750
-78.99071654;-2.898384272;	Site2_1;-98.6875
-78.99045576;-2.898383807;	Site2_1;-99.0000
-78.99019497;-2.898383341;	Site2_1;-99.3125
-78.98993419;-2.898382876;	Site2_1;-99.6250
-78.98967340;-2.898382411;	Site2_1;-99.9375
-78.98941262;-2.898381945;	Site2_1;-100.1875
-78.98915183;-2.89838148;	Site2_1;-100.5000
-78.98889105;-2.898381014;	Site2_1;-100.8125
-78.98863026;-2.898380549;	Site2_1;-101.1250
-78.98836948;-2.898380083;	Site2_1;-101.3750
-78.98810869;-2.898379617;	Site2_1;-101.6875
-78.98784791;-2.898379152;	Site2_1;-102.0000
-79.01783889;-2.898170113;	Site1_1;-101.8750
-79.01757810;-2.898169654;	Site1_1;-101.6250
-79.01731731;-2.898169195;	Site1_1;-101.3125
-79.01705652;-2.898168736;	Site1_1;-101.0625
-79.01679573;-2.898168277;	Site1_1;-100.7500
-79.01653494;-2.898167818;	Site1_1;-100.4375
-79.01627416;-2.898167359;	Site1_1;-100.1250
-79.01601337;-2.8981669;	Site1_1;-99.8750
-79.01575258;-2.89816644;	Site1_1;-99.5625
-79.01549179;-2.898165981;	Site1_1;-99.2500
-79.01523100;-2.898165522;	Site1_1;-98.9375
-79.01497021;-2.898165062;	Site1_1;-98.5625
-79.01470942;-2.898164603;	Site1_1;-98.2500
-79.01444863;-2.898164143;	Site1_1;-97.9375
-79.01418784;-2.898163684;	Site1_1;-97.5625
-79.01392705;-2.898163224;	Site1_1;-97.2500
-79.01366627;-2.898162764;	Site1_1;-96.8750
-79.01340548;-2.898162304;	Site1_1;-96.5000
-79.01314469;-2.898161844;	Site1_1;-96.1250
-79.01288390;-2.898161384;	Site1_1;-95.7500
-79.01262311;-2.898160924;	Site1_1;-95.3750
-79.01236232;-2.898160464;	Site1_1;-94.9375
-79.01210153;-2.898160004;	Site1_1;-94.5625
-79.01184074;-2.898159544;	Site1_1;-94.1250
-79.01157996;-2.898159084;	Site1_1;-93.7500
-79.01131917;-2.898158624;	Site1_1;-93.3125
-79.01105838;-2.898158163;	Site1_1;-92.8750
-79.01079759;-2.898157703;	Site1_1;-92.4375
-79.01053680;-2.898157242;	Site1_1;-92.0000
-79.01027601;-2.898156782;	Site1_1;-91.5000
-79.01001523;-2.898156321;	Site1_1;-91.0000
-79.00975444;-2.89815586;	Site1_1;-90.5000
-79.00949365;-2.8981554;	Site1_1;-89.9375
-79.00923286;-2.898154939;	Site1_1;-89.4375
-79.00897207;-2.898154478;	Site1_1;-88.8750
-79.00871128;-2.898154017;	Site1_1;-88.3125
-79.00845050;-2.898153556;	Site1_1;-87.6875
-79.00818971;-2.898153095;	Site1_1;-87.0625
-79.00792892;-2.898152634;	Site1_1;-86.4375
-79.00766813;-2.898152173;	Site1_1;-85.8125
-79.00740734;-2.898151712;	Site1_1;-85.1250
-79.00714656;-2.898151251;	Site1_1;-84.3750
-79.00688577;-2.898150789;	Site1_1;-83.6250
-79.00662498;-2.898150328;	Site1_1;-82.8750
-79.00636419;-2.898149866;	Site1_1;-82.0000
-79.00610341;-2.898149405;	Site1_1;-81.1250
-79.00584262;-2.898148943;	Site1_1;-80.3125
-79.00558183;-2.898148482;	Site0_1;-74.8750
-79.00532104;-2.89814802;	Site0_1;-75.2500
-79.00506026;-2.898147558;	Site0_1;-67.5000
-79.00479947;-2.898147096;	Site0_1;-58.4375
-79.00453868;-2.898146635;	Site0_1;-61.2500
-79.00427789;-2.898146173;	Site0_1;-59.6875
-79.00401711;-2.898145711;	Site0_1;-57.0000
-79.00375632;-2.898145249;	Site0_1;-57.6250
-79.00349553;-2.898144787;	Site0_1;-59.3125
-79.00323474;-2.898144324;	Site0_1;-61.2500
-79.00297396;-2.898143862;	Site0_1;-63.3125
-79.00271317;-2.8981434;	Site0_1;-65.2500
-79.00245238;-2.898142937;	Site1_1;-64.8750
-79.00219160;-2.898142475;	Site1_1;-63.5625
-79.00193081;-2.898142013;	Site1_1;-62.3750
-79.00167002;-2.89814155;	Site1_1;-61.6250
-79.00140923;-2.898141087;	Site1_1;-61.5625
-79.00114845;-2.898140625;	Site1_1;-62.5625
-79.00088766;-2.898140162;	Site1_1;-65.0000
-79.00062687;-2.898139699;	Site3_1;-67.5000
-79.00036609;-2.898139237;	Site3_1;-68.0000
-79.0001053;-2.898138774;	Site3_1;-68.9375
-78.99984451;-2.898138311;	Site3_1;-70.4375
-78.99958373;-2.898137848;	Site3_1;-72.3125
-78.99932294;-2.898137385;	Site3_1;-74.7500
-78.99906215;-2.898136921;	Site3_1;-77.1875
-78.99880137;-2.898136458;	Site3_1;-79.7500
-78.99854058;-2.898135995;	Site3_1;-82.0625
-78.99827979;-2.898135532;	Site3_1;-83.9375
-78.99801901;-2.898135068;	Site3_1;-85.4375
-78.99775822;-2.898134605;	Site2_1;-86.7500
-78.99749744;-2.898134141;	Site2_1;-87.3750
-78.99723665;-2.898133678;	Site2_1;-87.9375
-78.99697586;-2.898133214;	Site2_1;-88.4375
-78.99671508;-2.898132751;	Site2_1;-88.9375
-78.99645429;-2.898132287;	Site2_1;-89.5000
-78.99619350;-2.898131823;	Site2_1;-90.0000
-78.99593272;-2.898131359;	Site2_1;-90.5000
-78.99567193;-2.898130895;	Site2_1;-91.0000
-78.99541115;-2.898130431;	Site2_1;-91.4375
-78.99515036;-2.898129967;	Site2_1;-91.8750
-78.99488958;-2.898129503;	Site2_1;-92.3125
-78.99462879;-2.898129039;	Site2_1;-92.7500
-78.99436800;-2.898128575;	Site2_1;-93.2500
-78.99410722;-2.89812811;	Site2_1;-93.6250
-78.99384643;-2.898127646;	Site2_1;-94.0625
-78.99358565;-2.898127182;	Site2_1;-94.5000
-78.99332486;-2.898126717;	Site2_1;-94.8750
-78.99306408;-2.898126253;	Site2_1;-95.3125
-78.99280329;-2.898125788;	Site2_1;-95.6875
-78.99254250;-2.898125324;	Site2_1;-96.1250
-78.99228172;-2.898124859;	Site2_1;-96.5000
-78.99202093;-2.898124394;	Site2_1;-96.8750
-78.99176015;-2.898123929;	Site2_1;-97.2500
-78.99149936;-2.898123464;	Site2_1;-97.6250
-78.99123858;-2.898122999;	Site2_1;-97.9375
-78.99097779;-2.898122534;	Site2_1;-98.2500
-78.99071701;-2.898122069;	Site2_1;-98.5625
-78.99045622;-2.898121604;	Site2_1;-98.8750
-78.99019544;-2.898121139;	Site2_1;-99.2500
-78.98993465;-2.898120674;	Site2_1;-99.5625
-78.98967387;-2.898120209;	Site2_1;-99.8750
-78.98941308;-2.898119743;	Site2_1;-100.1875
-78.98915230;-2.898119278;	Site2_1;-100.5000
-78.98889151;-2.898118812;	Site2_1;-100.8125
-78.98863073;-2.898118347;	Site2_1;-101.1250
-78.98836994;-2.898117881;	Site2_1;-101.4375
-78.98810916;-2.898117415;	Site2_1;-101.7500
-79.01783935;-2.897907906;	Site1_1;-101.8750
-79.01757856;-2.897907447;	Site1_1;-101.6250
-79.01731777;-2.897906988;	Site1_1;-101.3125
-79.01705698;-2.89790653;	Site1_1;-101.0625
-79.01679619;-2.897906071;	Site1_1;-100.8125
-79.01653540;-2.897905612;	Site1_1;-100.5000
-79.01627461;-2.897905152;	Site1_1;-100.1875
-79.01601382;-2.897904693;	Site1_1;-99.9375
-79.01575303;-2.897904234;	Site1_1;-99.6250
-79.01549224;-2.897903775;	Site1_1;-99.3125
-79.01523146;-2.897903315;	Site1_1;-99.0000
-79.01497067;-2.897902856;	Site1_1;-98.6875
-79.01470988;-2.897902396;	Site1_1;-98.3125
-79.01444909;-2.897901937;	Site1_1;-98.0000
-79.01418830;-2.897901477;	Site1_1;-97.6250
-79.01392751;-2.897901018;	Site1_1;-97.3125
-79.01366672;-2.897900558;	Site1_1;-96.9375
-79.01340593;-2.897900098;	Site1_1;-96.5625
-79.01314514;-2.897899638;	Site1_1;-96.1875
-79.01288436;-2.897899178;	Site1_1;-95.8125
-79.01262357;-2.897898718;	Site1_1;-95.3750
-79.01236278;-2.897898258;	Site1_1;-95.0000
-79.01210199;-2.897897798;	Site1_1;-94.5625
-79.01184120;-2.897897338;	Site1_1;-94.1875
-79.01158041;-2.897896878;	Site1_1;-93.7500
-79.01131962;-2.897896418;	Site1_1;-93.3125
-79.01105884;-2.897895957;	Site1_1;-92.8750
-79.01079805;-2.897895497;	Site1_1;-92.4375
-79.01053726;-2.897895037;	Site1_1;-92.0000
-79.01027647;-2.897894576;	Site1_1;-91.5625
-79.01001568;-2.897894116;	Site1_1;-91.0625
-79.00975489;-2.897893655;	Site1_1;-90.5625
-79.00949411;-2.897893194;	Site1_1;-90.0625
-79.00923332;-2.897892734;	Site1_1;-89.5000
-79.00897253;-2.897892273;	Site1_1;-89.0000
-79.00871174;-2.897891812;	Site1_1;-88.4375
-79.00845095;-2.897891351;	Site1_1;-87.8750
-79.00819017;-2.89789089;	Site1_1;-87.2500
-79.00792938;-2.897890429;	Site1_1;-86.6250
-79.00766859;-2.897889968;	Site1_1;-85.9375
-79.00740780;-2.897889507;	Site1_1;-85.2500
-79.00714702;-2.897889045;	Site1_1;-84.5000
-79.00688623;-2.897888584;	Site1_1;-83.7500
-79.00662544;-2.897888123;	Site1_1;-82.9375
-79.00636465;-2.897887661;	Site1_1;-82.1250
-79.00610386;-2.8978872;	Site1_1;-81.2500
-79.00584308;-2.897886738;	Site1_1;-80.5000
-79.00558229;-2.897886277;	Site0_1;-78.9375
-79.00532150;-2.897885815;	Site0_1;-70.0000
-79.00506071;-2.897885354;	Site0_1;-64.5625
-79.00479993;-2.897884892;	Site0_1;-65.0625
-79.00453914;-2.89788443;	Site0_1;-62.6875
-79.00427835;-2.897883968;	Site0_1;-57.7500
-79.00401757;-2.897883506;	Site0_1;-56.5000
-79.00375678;-2.897883044;	Site0_1;-57.4375
-79.00349599;-2.897882582;	Site0_1;-59.1875
-79.00323520;-2.89788212;	Site0_1;-61.1875
-79.00297442;-2.897881658;	Site0_1;-63.1250
-79.00271363;-2.897881195;	Site0_1;-65.1250
-79.00245284;-2.897880733;	Site1_1;-66.2500
-79.00219206;-2.897880271;	Site1_1;-65.1875
-79.00193127;-2.897879808;	Site1_1;-64.4375
-79.00167048;-2.897879346;	Site1_1;-63.9375
-79.00140969;-2.897878883;	Site1_1;-64.0625
-79.00114891;-2.897878421;	Site1_1;-64.9375
-79.00088812;-2.897877958;	Site3_1;-65.3125
-79.00062733;-2.897877495;	Site3_1;-65.1875
-79.00036655;-2.897877033;	Site3_1;-65.5000
-79.00010576;-2.89787657;	Site3_1;-66.5625
-78.99984497;-2.897876107;	Site3_1;-68.2500
-78.99958419;-2.897875644;	Site3_1;-70.5000
-78.99932340;-2.897875181;	Site3_1;-73.3125
-78.99906261;-2.897874718;	Site3_1;-76.1875
-78.99880183;-2.897874255;	Site3_1;-79.0625
-78.99854104;-2.897873791;	Site3_1;-81.4375
-78.99828026;-2.897873328;	Site3_1;-83.3125
-78.99801947;-2.897872865;	Site3_1;-84.8750
-78.99775868;-2.897872401;	Site3_1;-86.1875
-78.99749790;-2.897871938;	Site2_1;-87.0625
-78.99723711;-2.897871474;	Site2_1;-87.6875
-78.99697632;-2.897871011;	Site2_1;-88.2500
-78.99671554;-2.897870547;	Site2_1;-88.7500
-78.99645475;-2.897870083;	Site2_1;-89.3125
-78.99619397;-2.89786962;	Site2_1;-89.8750
-78.99593318;-2.897869156;	Site2_1;-90.3125
-78.99567239;-2.897868692;	Site2_1;-90.8125
-78.99541161;-2.897868228;	Site2_1;-91.3125
-78.99515082;-2.897867764;	Site2_1;-91.8125
-78.99489004;-2.8978673;	Site2_1;-92.2500
-78.99462925;-2.897866836;	Site2_1;-92.7500
-78.99436847;-2.897866372;	Site2_1;-93.1875
-78.99410768;-2.897865907;	Site2_1;-93.6250
-78.99384689;-2.897865443;	Site2_1;-94.0625
-78.99358611;-2.897864979;	Site2_1;-94.4375
-78.99332532;-2.897864514;	Site2_1;-94.8750
-78.99306454;-2.89786405;	Site2_1;-95.2500
-78.99280375;-2.897863585;	Site2_1;-95.6875
-78.99254297;-2.897863121;	Site2_1;-96.0625
-78.99228218;-2.897862656;	Site2_1;-96.4375
-78.99202140;-2.897862191;	Site2_1;-96.8125
-78.99176061;-2.897861727;	Site2_1;-97.1250
-78.99149982;-2.897861262;	Site2_1;-97.5000
-78.99123904;-2.897860797;	Site2_1;-97.8750
-78.99097825;-2.897860332;	Site2_1;-98.1875
-78.99071747;-2.897859867;	Site2_1;-98.5625
-78.99045668;-2.897859402;	Site2_1;-98.8750
-78.99019590;-2.897858937;	Site2_1;-99.2500
-78.98993511;-2.897858472;	Site2_1;-99.5625
-78.98967433;-2.897858006;	Site2_1;-99.9375
-78.98941354;-2.897857541;	Site2_1;-100.2500
-78.98915276;-2.897857076;	Site2_1;-100.5625
-78.98889197;-2.89785661;	Site2_1;-100.8750
-78.98863119;-2.897856145;	Site2_1;-101.1875
-78.98837040;-2.897855679;	Site2_1;-101.4375
-78.98810962;-2.897855213;	Site2_1;-101.7500
-78.98784884;-2.897854748;	Site2_1;-102.0000
-79.01783980;-2.897645699;	Site1_1;-101.9375
-79.01757902;-2.897645241;	Site1_1;-101.6875
-79.01731823;-2.897644782;	Site1_1;-101.3750
-79.01705744;-2.897644323;	Site1_1;-101.1250
-79.01679665;-2.897643864;	Site1_1;-100.8750
-79.01653586;-2.897643405;	Site1_1;-100.5625
-79.01627507;-2.897642946;	Site1_1;-100.2500
-79.01601428;-2.897642487;	Site1_1;-100.0000
-79.01575349;-2.897642028;	Site1_1;-99.6875
-79.01549270;-2.897641568;	Site1_1;-99.3750
-79.01523191;-2.897641109;	Site1_1;-99.0625
-79.01497112;-2.89764065;	Site1_1;-98.6875
-79.01471033;-2.89764019;	Site1_1;-98.3750
-79.01444955;-2.897639731;	Site1_1;-98.0000
-79.01418876;-2.897639271;	Site1_1;-97.6875
-79.01392797;-2.897638811;	Site1_1;-97.3125
-79.01366718;-2.897638352;	Site1_1;-96.9375
-79.01340639;-2.897637892;	Site1_1;-96.5625
-79.01314560;-2.897637432;	Site1_1;-96.1875
-79.01288481;-2.897636972;	Site1_1;-95.8125
-79.01262402;-2.897636513;	Site1_1;-95.4375
-79.01236324;-2.897636053;	Site1_1;-95.0000
-79.01210245;-2.897635593;	Site1_1;-94.6250
-79.01184166;-2.897635132;	Site1_1;-94.2500
-79.01158087;-2.897634672;	Site1_1;-93.8125
-79.01132008;-2.897634212;	Site1_1;-93.4375
-79.01105929;-2.897633752;	Site1_1;-93.0000
-79.01079851;-2.897633291;	Site1_1;-92.5625
-79.01053772;-2.897632831;	Site1_1;-92.1250
-79.01027693;-2.897632371;	Site1_1;-91.6250
-79.01001614;-2.89763191;	Site1_1;-91.1875
-79.00975535;-2.897631449;	Site1_1;-90.6875
-79.00949457;-2.897630989;	Site1_1;-90.1875
-79.00923378;-2.897630528;	Site1_1;-89.6875
-79.00897299;-2.897630067;	Site1_1;-89.1250
-79.0087122;-2.897629607;	Site1_1;-88.5000
-79.00845141;-2.897629146;	Site1_1;-87.9375
-79.00819063;-2.897628685;	Site1_1;-87.3125
-79.00792984;-2.897628224;	Site1_1;-86.6875
-79.00766905;-2.897627763;	Site1_1;-86.0000
-79.00740826;-2.897627302;	Site1_1;-85.3125
-79.00714747;-2.89762684;	Site1_1;-84.6250
-79.00688669;-2.897626379;	Site1_1;-83.9375
-79.00662590;-2.897625918;	Site1_1;-83.1875
-79.00636511;-2.897625456;	Site1_1;-82.3750
-79.00610432;-2.897624995;	Site1_1;-81.5000
-79.00584354;-2.897624534;	Site0_1;-80.6875
-79.00558275;-2.897624072;	Site0_1;-78.9375
-79.00532196;-2.89762361;	Site0_1;-75.3125
-79.00506117;-2.897623149;	Site0_1;-70.2500
-79.00480039;-2.897622687;	Site0_1;-64.6875
-79.00453960;-2.897622225;	Site0_1;-60.2500
-79.00427881;-2.897621763;	Site0_1;-58.0000
-79.00401802;-2.897621301;	Site0_1;-57.6250
-79.00375724;-2.89762084;	Site0_1;-58.3750
-79.00349645;-2.897620378;	Site0_1;-59.8125
-79.00323566;-2.897619915;	Site0_1;-61.6250
-79.00297488;-2.897619453;	Site0_1;-63.3750
-79.00271409;-2.897618991;	Site0_1;-65.2500
-79.00245330;-2.897618529;	Site0_1;-66.9375
-79.00219252;-2.897618066;	Site1_1;-67.0625
-79.00193173;-2.897617604;	Site1_1;-66.5000
-79.00167094;-2.897617142;	Site3_1;-66.2500
-79.00141015;-2.897616679;	Site3_1;-65.1250
-79.00114937;-2.897616217;	Site3_1;-64.0625
-79.00088858;-2.897615754;	Site3_1;-63.3125
-79.00062779;-2.897615291;	Site3_1;-62.8750
-79.00036701;-2.897614829;	Site3_1;-63.1875
-79.00010622;-2.897614366;	Site3_1;-64.2500
-78.99984543;-2.897613903;	Site3_1;-66.1875
-78.99958465;-2.89761344;	Site3_1;-69.0000
-78.99932386;-2.897612977;	Site3_1;-72.4375
-78.99906308;-2.897612514;	Site3_1;-75.7500
-78.99880229;-2.897612051;	Site3_1;-78.8125
-78.99854150;-2.897611588;	Site3_1;-81.1250
-78.99828072;-2.897611124;	Site3_1;-82.8750
-78.99801993;-2.897610661;	Site3_1;-84.2500
-78.99775914;-2.897610198;	Site3_1;-85.6875
-78.99749836;-2.897609734;	Site2_1;-86.8750
-78.99723757;-2.897609271;	Site2_1;-87.4375
-78.99697679;-2.897608807;	Site2_1;-88.0625
-78.99671600;-2.897608344;	Site2_1;-88.6250
-78.99645521;-2.89760788;	Site2_1;-89.1250
-78.99619443;-2.897607416;	Site2_1;-89.6875
-78.99593364;-2.897606953;	Site2_1;-90.1875
-78.99567286;-2.897606489;	Site2_1;-90.7500
-78.99541207;-2.897606025;	Site2_1;-91.2500
-78.99515128;-2.897605561;	Site2_1;-91.7500
-78.99489050;-2.897605097;	Site2_1;-92.1875
-78.99462971;-2.897604633;	Site2_1;-92.6875
-78.99436893;-2.897604169;	Site2_1;-93.1250
-78.99410814;-2.897603704;	Site2_1;-93.5625
-78.99384736;-2.89760324;	Site2_1;-94.0000
-78.99358657;-2.897602776;	Site2_1;-94.4375
-78.99332578;-2.897602312;	Site2_1;-94.8125
-78.99306500;-2.897601847;	Site2_1;-95.1875
-78.99280421;-2.897601383;	Site2_1;-95.5625
-78.99254343;-2.897600918;	Site2_1;-95.9375
-78.99228264;-2.897600453;	Site2_1;-96.3125
-78.99202186;-2.897599989;	Site2_1;-96.7500
-78.99176107;-2.897599524;	Site2_1;-97.1250
-78.99150029;-2.897599059;	Site2_1;-97.5000
-78.99123950;-2.897598594;	Site2_1;-97.8750
-78.99097872;-2.897598129;	Site2_1;-98.2500
-78.99071793;-2.897597664;	Site2_1;-98.6250
-78.99045715;-2.897597199;	Site2_1;-99.0000
-78.99019636;-2.897596734;	Site2_1;-99.3125
-78.98993558;-2.897596269;	Site2_1;-99.6250
-78.98967479;-2.897595804;	Site2_1;-99.9375
-78.98941401;-2.897595339;	Site2_1;-100.2500
-78.98915322;-2.897594873;	Site2_1;-100.5625
-78.98889244;-2.897594408;	Site2_1;-100.8750
-78.98863165;-2.897593942;	Site2_1;-101.1875
-78.98837087;-2.897593477;	Site2_1;-101.4375
-78.98811008;-2.897593011;	Site2_1;-101.7500
-78.98784930;-2.897592546;	Site2_1;-102.0000
-79.01784026;-2.897383493;	Site1_1;-102.0000
-79.01757947;-2.897383034;	Site1_1;-101.6875
-79.01731868;-2.897382575;	Site1_1;-101.4375
-79.01705789;-2.897382116;	Site1_1;-101.1250
-79.01679710;-2.897381657;	Site1_1;-100.8750
-79.01653631;-2.897381198;	Site1_1;-100.5625
-79.01627553;-2.897380739;	Site1_1;-100.2500
-79.01601474;-2.89738028;	Site1_1;-99.9375
-79.01575395;-2.897379821;	Site1_1;-99.6250
-79.01549316;-2.897379362;	Site1_1;-99.3125
-79.01523237;-2.897378903;	Site1_1;-99.0000
-79.01497158;-2.897378443;	Site1_1;-98.6875
-79.01471079;-2.897377984;	Site1_1;-98.3750
-79.01445000;-2.897377524;	Site1_1;-98.0625
-79.01418921;-2.897377065;	Site1_1;-97.6875
-79.01392843;-2.897376605;	Site1_1;-97.3750
-79.01366764;-2.897376146;	Site1_1;-97.0000
-79.01340685;-2.897375686;	Site1_1;-96.6250
-79.01314606;-2.897375226;	Site1_1;-96.3125
-79.01288527;-2.897374766;	Site1_1;-95.8750
-79.01262448;-2.897374307;	Site1_1;-95.5000
-79.01236369;-2.897373847;	Site1_1;-95.1250
-79.01210291;-2.897373387;	Site1_1;-94.7500
-79.01184212;-2.897372927;	Site1_1;-94.3125
-79.01158133;-2.897372466;	Site1_1;-93.9375
-79.01132054;-2.897372006;	Site1_1;-93.5000
-79.01105975;-2.897371546;	Site1_1;-93.1250
-79.01079896;-2.897371086;	Site1_1;-92.6875
-79.01053818;-2.897370625;	Site1_1;-92.1875
-79.01027739;-2.897370165;	Site1_1;-91.7500
-79.01001660;-2.897369704;	Site1_1;-91.2500
-79.00975581;-2.897369244;	Site1_1;-90.7500
-79.00949502;-2.897368783;	Site1_1;-90.2500
-79.00923424;-2.897368323;	Site1_1;-89.6875
-79.00897345;-2.897367862;	Site1_1;-89.1875
-79.00871266;-2.897367401;	Site1_1;-88.6250
-79.00845187;-2.89736694;	Site1_1;-88.0000
-79.00819108;-2.897366479;	Site1_1;-87.4375
-79.00793030;-2.897366019;	Site1_1;-86.8125
-79.00766951;-2.897365557;	Site1_1;-86.2500
-79.00740872;-2.897365096;	Site1_1;-85.5625
-79.00714793;-2.897364635;	Site1_1;-84.8750
-79.00688715;-2.897364174;	Site1_1;-84.1250
-79.00662636;-2.897363713;	Site1_1;-83.3750
-79.00636557;-2.897363251;	Site0_1;-82.1250
-79.00610478;-2.89736279;	Site0_1;-80.3750
-79.00584400;-2.897362329;	Site0_1;-78.0625
-79.00558321;-2.897361867;	Site0_1;-74.8750
-79.00532242;-2.897361406;	Site0_1;-71.3125
-79.00506163;-2.897360944;	Site0_1;-67.2500
-79.00480085;-2.897360482;	Site0_1;-63.5000
-79.00454006;-2.897360021;	Site0_1;-60.9375
-79.00427927;-2.897359559;	Site0_1;-59.6875
-79.00401848;-2.897359097;	Site0_1;-59.3125
-79.00375770;-2.897358635;	Site0_1;-60.0000
-79.00349691;-2.897358173;	Site0_1;-61.1875
-79.00323612;-2.897357711;	Site0_1;-62.5625
-79.00297534;-2.897357249;	Site0_1;-64.1875
-79.00271455;-2.897356787;	Site0_1;-65.7500
-79.00245376;-2.897356324;	Site0_1;-67.3750
-79.00219298;-2.897355862;	Site3_1;-67.9375
-79.00193219;-2.8973554;	Site3_1;-66.5625
-79.00167140;-2.897354937;	Site3_1;-65.0625
-79.00141061;-2.897354475;	Site3_1;-63.5625
-79.00114983;-2.897354012;	Site3_1;-62.3750
-79.00088904;-2.89735355;	Site3_1;-61.2500
-79.00062825;-2.897353087;	Site3_1;-60.6250
-79.00036747;-2.897352625;	Site3_1;-60.8750
-79.00010668;-2.897352162;	Site3_1;-62.0625
-78.99984590;-2.897351699;	Site3_1;-64.6250
-78.99958511;-2.897351236;	Site3_1;-68.5625
-78.99932432;-2.897350773;	Site3_1;-73.0000
-78.99906354;-2.89735031;	Site3_1;-76.9375
-78.99880275;-2.897349847;	Site3_1;-79.7500
-78.99854196;-2.897349384;	Site3_1;-81.5625
-78.99828118;-2.897348921;	Site3_1;-82.7500
-78.99802039;-2.897348457;	Site3_1;-84.0000
-78.99775960;-2.897347994;	Site3_1;-85.4375
-78.99749882;-2.897347531;	Site2_1;-86.6875
-78.99723803;-2.897347067;	Site2_1;-87.2500
-78.99697725;-2.897346604;	Site2_1;-87.8750
-78.99671646;-2.89734614;	Site2_1;-88.4375
-78.99645567;-2.897345677;	Site2_1;-89.0625
-78.99619489;-2.897345213;	Site2_1;-89.6250
-78.99593410;-2.897344749;	Site2_1;-90.1250
-78.99567332;-2.897344285;	Site2_1;-90.6875
-78.99541253;-2.897343822;	Site2_1;-91.1875
-78.99515175;-2.897343358;	Site2_1;-91.6875
-78.99489096;-2.897342894;	Site2_1;-92.1875
-78.99463017;-2.89734243;	Site2_1;-92.6250
-78.99436939;-2.897341966;	Site2_1;-93.0625
-78.99410860;-2.897341501;	Site2_1;-93.5000
-78.99384782;-2.897341037;	Site2_1;-93.8750
-78.99358703;-2.897340573;	Site2_1;-94.3125
-78.99332625;-2.897340109;	Site2_1;-94.6875
-78.99306546;-2.897339644;	Site2_1;-95.1250
-78.99280468;-2.89733918;	Site2_1;-95.5000
-78.99254389;-2.897338715;	Site2_1;-95.9375
-78.99228311;-2.897338251;	Site2_1;-96.3750
-78.99202232;-2.897337786;	Site2_1;-96.8125
-78.99176153;-2.897337321;	Site2_1;-97.1875
-78.99150075;-2.897336857;	Site2_1;-97.5625
-78.99123996;-2.897336392;	Site2_1;-97.9375
-78.99097918;-2.897335927;	Site2_1;-98.3125
-78.99071839;-2.897335462;	Site2_1;-98.6250
-78.99045761;-2.897334997;	Site2_1;-99.0000
-78.99019682;-2.897334532;	Site2_1;-99.3125
-78.98993604;-2.897334067;	Site2_1;-99.6250
-78.98967525;-2.897333602;	Site2_1;-99.9375
-78.98941447;-2.897333136;	Site2_1;-100.2500
-78.98915369;-2.897332671;	Site2_1;-100.5625
-78.9888929;-2.897332206;	Site2_1;-100.8750
-78.98863212;-2.89733174;	Site2_1;-101.1875
-78.98837133;-2.897331275;	Site2_1;-101.4375
-78.98811055;-2.897330809;	Site2_1;-101.7500
-79.01784072;-2.897121286;	Site1_1;-102.0000
-79.01757993;-2.897120827;	Site1_1;-101.6875
-79.01731914;-2.897120368;	Site1_1;-101.4375
-79.01705835;-2.89711991;	Site1_1;-101.1875
-79.01679756;-2.897119451;	Site1_1;-100.8750
-79.01653677;-2.897118992;	Site1_1;-100.6250
-79.01627598;-2.897118533;	Site1_1;-100.3125
-79.01601519;-2.897118074;	Site1_1;-100.0000
-79.01575440;-2.897117615;	Site1_1;-99.7500
-79.01549362;-2.897117155;	Site1_1;-99.4375
-79.01523283;-2.897116696;	Site1_1;-99.1250
-79.01497204;-2.897116237;	Site1_1;-98.8125
-79.01471125;-2.897115778;	Site1_1;-98.4375
-79.01445046;-2.897115318;	Site1_1;-98.1250
-79.01418967;-2.897114859;	Site1_1;-97.8125
-79.01392888;-2.897114399;	Site1_1;-97.4375
-79.01366809;-2.89711394;	Site1_1;-97.1250
-79.01340731;-2.89711348;	Site1_1;-96.7500
-79.01314652;-2.89711302;	Site1_1;-96.3750
-79.01288573;-2.89711256;	Site1_1;-96.0000
-79.01262494;-2.897112101;	Site1_1;-95.6250
-79.01236415;-2.897111641;	Site1_1;-95.2500
-79.01210336;-2.897111181;	Site1_1;-94.8125
-79.01184257;-2.897110721;	Site1_1;-94.4375
-79.01158179;-2.897110261;	Site1_1;-94.0000
-79.01132100;-2.897109801;	Site1_1;-93.5625
-79.01106021;-2.89710934;	Site1_1;-93.1250
-79.01079942;-2.89710888;	Site1_1;-92.6875
-79.01053863;-2.89710842;	Site1_1;-92.2500
-79.01027785;-2.897107959;	Site1_1;-91.8125
-79.01001706;-2.897107499;	Site1_1;-91.3125
-79.00975627;-2.897107038;	Site1_1;-90.8125
-79.00949548;-2.897106578;	Site1_1;-90.3125
-79.00923469;-2.897106117;	Site1_1;-89.8125
-79.00897391;-2.897105657;	Site1_1;-89.3125
-79.00871312;-2.897105196;	Site1_1;-88.7500
-79.00845233;-2.897104735;	Site1_1;-88.1875
-79.00819154;-2.897104274;	Site1_1;-87.6250
-79.00793075;-2.897103813;	Site1_1;-87.0000
-79.00766997;-2.897103352;	Site1_1;-86.3750
-79.00740918;-2.897102891;	Site1_1;-85.7500
-79.00714839;-2.89710243;	Site1_1;-85.0625
-79.00688760;-2.897101969;	Site1_1;-84.3750
-79.00662682;-2.897101508;	Site1_1;-83.6875
-79.00636603;-2.897101047;	Site0_1;-82.1875
-79.00610524;-2.897100585;	Site0_1;-80.0000
-79.00584445;-2.897100124;	Site0_1;-77.3125
-79.00558367;-2.897099662;	Site0_1;-74.1875
-79.00532288;-2.897099201;	Site0_1;-70.8125
-79.00506209;-2.897098739;	Site0_1;-67.5000
-79.00480130;-2.897098278;	Site0_1;-64.7500
-79.00454052;-2.897097816;	Site0_1;-62.8125
-79.00427973;-2.897097354;	Site0_1;-61.7500
-79.00401894;-2.897096892;	Site0_1;-61.5000
-79.00375816;-2.89709643;	Site0_1;-61.8750
-79.00349737;-2.897095968;	Site0_1;-62.7500
-79.00323658;-2.897095506;	Site0_1;-63.8750
-79.00297580;-2.897095044;	Site0_1;-65.2500
-79.00271501;-2.897094582;	Site0_1;-66.6250
-79.00245422;-2.89709412;	Site0_1;-68.0625
-79.00219343;-2.897093658;	Site3_1;-67.3125
-79.00193265;-2.897093196;	Site3_1;-65.7500
-79.00167186;-2.897092733;	Site3_1;-64.0625
-79.00141107;-2.897092271;	Site3_1;-62.4375
-79.00115029;-2.897091808;	Site3_1;-60.8125
-79.00088950;-2.897091346;	Site3_1;-59.5000
-79.00062871;-2.897090883;	Site3_1;-58.6875
-79.00036793;-2.89709042;	Site3_1;-58.8750
-79.00010714;-2.897089958;	Site3_1;-60.7500
-78.99984636;-2.897089495;	Site3_1;-65.1250
-78.99958557;-2.897089032;	Site3_1;-71.2500
-78.99932478;-2.897088569;	Site3_1;-76.5000
-78.99906400;-2.897088106;	Site3_1;-81.5000
-78.99880321;-2.897087643;	Site2_1;-83.0000
-78.99854242;-2.89708718;	Site3_1;-83.3125
-78.99828164;-2.897086717;	Site3_1;-83.3750
-78.99802085;-2.897086254;	Site3_1;-84.4375
-78.99776007;-2.897085791;	Site2_1;-85.8125
-78.99749928;-2.897085327;	Site2_1;-86.5000
-78.99723849;-2.897084864;	Site2_1;-87.1250
-78.99697771;-2.8970844;	Site2_1;-87.7500
-78.99671692;-2.897083937;	Site2_1;-88.3750
-78.99645614;-2.897083473;	Site2_1;-89.0000
-78.99619535;-2.89708301;	Site2_1;-89.5625
-78.99593456;-2.897082546;	Site2_1;-90.1250
-78.99567378;-2.897082082;	Site2_1;-90.6250
-78.99541299;-2.897081618;	Site2_1;-91.1250
-78.99515221;-2.897081155;	Site2_1;-91.6250
-78.99489142;-2.897080691;	Site2_1;-92.0625
-78.99463064;-2.897080227;	Site2_1;-92.5000
-78.99436985;-2.897079763;	Site2_1;-93.0000
-78.99410906;-2.897079298;	Site2_1;-93.4375
-78.99384828;-2.897078834;	Site2_1;-93.8750
-78.99358749;-2.89707837;	Site2_1;-94.3125
-78.99332671;-2.897077906;	Site2_1;-94.7500
-78.99306592;-2.897077441;	Site2_1;-95.1875
-78.99280514;-2.897076977;	Site2_1;-95.6250
-78.99254435;-2.897076513;	Site2_1;-96.0000
-78.99228357;-2.897076048;	Site2_1;-96.4375
-78.99202278;-2.897075583;	Site2_1;-96.8125
-78.99176200;-2.897075119;	Site2_1;-97.1875
-78.99150121;-2.897074654;	Site2_1;-97.5625
-78.99124043;-2.897074189;	Site2_1;-97.9375
-78.99097964;-2.897073724;	Site2_1;-98.3125
-78.99071886;-2.89707326;	Site2_1;-98.6250
-78.99045807;-2.897072795;	Site2_1;-99.0000
-78.99019729;-2.89707233;	Site2_1;-99.3125
-78.98993650;-2.897071865;	Site2_1;-99.6250
-78.98967572;-2.897071399;	Site2_1;-99.9375
-78.98941493;-2.897070934;	Site2_1;-100.2500
-78.98915415;-2.897070469;	Site2_1;-100.5625
-78.98889336;-2.897070004;	Site2_1;-100.8750
-78.98863258;-2.897069538;	Site2_1;-101.1875
-78.98837179;-2.897069073;	Site2_1;-101.5000
-78.98811101;-2.897068607;	Site2_1;-101.8125
-79.01758038;-2.89685862;	Site1_1;-101.7500
-79.01731959;-2.896858162;	Site1_1;-101.5000
-79.01705881;-2.896857703;	Site1_1;-101.2500
-79.01679802;-2.896857244;	Site1_1;-100.9375
-79.01653723;-2.896856785;	Site1_1;-100.6875
-79.01627644;-2.896856326;	Site1_1;-100.3750
-79.01601565;-2.896855867;	Site1_1;-100.1250
-79.01575486;-2.896855408;	Site1_1;-99.8125
-79.01549407;-2.896854949;	Site1_1;-99.5000
-79.01523328;-2.89685449;	Site1_1;-99.1875
-79.01497249;-2.896854031;	Site1_1;-98.8750
-79.01471171;-2.896853571;	Site1_1;-98.5625
-79.01445092;-2.896853112;	Site1_1;-98.2500
-79.01419013;-2.896852652;	Site1_1;-97.8750
-79.01392934;-2.896852193;	Site1_1;-97.5625
-79.01366855;-2.896851733;	Site1_1;-97.1875
-79.01340776;-2.896851274;	Site1_1;-96.8125
-79.01314697;-2.896850814;	Site1_1;-96.4375
-79.01288619;-2.896850354;	Site1_1;-96.0625
-79.01262540;-2.896849895;	Site1_1;-95.6875
-79.01236461;-2.896849435;	Site1_1;-95.2500
-79.01210382;-2.896848975;	Site1_1;-94.8750
-79.01184303;-2.896848515;	Site1_1;-94.4375
-79.01158224;-2.896848055;	Site1_1;-94.0625
-79.01132146;-2.896847595;	Site1_1;-93.6250
-79.01106067;-2.896847135;	Site1_1;-93.1875
-79.01079988;-2.896846674;	Site1_1;-92.7500
-79.01053909;-2.896846214;	Site1_1;-92.3125
-79.01027830;-2.896845754;	Site1_1;-91.8750
-79.01001752;-2.896845293;	Site1_1;-91.4375
-79.00975673;-2.896844833;	Site1_1;-91.0000
-79.00949594;-2.896844372;	Site1_1;-90.5000
-79.00923515;-2.896843912;	Site1_1;-89.9375
-79.00897436;-2.896843451;	Site1_1;-89.4375
-79.00871358;-2.896842991;	Site1_1;-88.8750
-79.00845279;-2.89684253;	Site1_1;-88.3125
-79.008192;-2.896842069;	Site1_1;-87.8125
-79.00793121;-2.896841608;	Site1_1;-87.1875
-79.00767043;-2.896841147;	Site1_1;-86.5625
-79.00740964;-2.896840686;	Site1_1;-86.0000
-79.00714885;-2.896840225;	Site1_1;-85.3750
-79.00688806;-2.896839764;	Site1_1;-84.6875
-79.00662728;-2.896839303;	Site1_1;-84.0000
-79.00636649;-2.896838842;	Site0_1;-82.5000
-79.0061057;-2.89683838;	Site0_1;-80.1250
-79.00584491;-2.896837919;	Site0_1;-77.5000
-79.00558413;-2.896837457;	Site0_1;-74.6250
-79.00532334;-2.896836996;	Site0_1;-71.6875
-79.00506255;-2.896836534;	Site0_1;-68.8750
-79.00480176;-2.896836073;	Site0_1;-66.6250
-79.00454098;-2.896835611;	Site0_1;-65.0000
-79.00428019;-2.896835149;	Site0_1;-63.9375
-79.00401940;-2.896834688;	Site0_1;-63.6875
-79.00375862;-2.896834226;	Site0_1;-63.8750
-79.00349783;-2.896833764;	Site0_1;-64.4375
-79.00323704;-2.896833302;	Site0_1;-65.4375
-79.00297626;-2.89683284;	Site0_1;-66.5000
-79.00271547;-2.896832378;	Site0_1;-67.6250
-79.00245468;-2.896831916;	Site3_1;-68.6875
-79.00219389;-2.896831454;	Site3_1;-67.0000
-79.00193311;-2.896830991;	Site3_1;-65.3750
-79.00167232;-2.896830529;	Site3_1;-63.5000
-79.00141153;-2.896830067;	Site3_1;-61.6250
-79.00115075;-2.896829604;	Site3_1;-59.7500
-79.00088996;-2.896829142;	Site3_1;-58.1250
-79.00062918;-2.896828679;	Site3_1;-57.1250
-79.00036839;-2.896828216;	Site3_1;-57.7500
-79.00010760;-2.896827754;	Site3_1;-61.4375
-78.99984682;-2.896827291;	Site3_1;-66.0625
-78.99958603;-2.896826828;	Site3_1;-64.0000
-78.99932524;-2.896826365;	Site3_1;-68.1875
-78.99906446;-2.896825902;	Site3_1;-74.7500
-78.99880367;-2.896825439;	Site2_1;-82.7500
-78.99854288;-2.896824976;	Site2_1;-83.5000
-78.99828210;-2.896824513;	Site2_1;-84.2500
-78.99802131;-2.89682405;	Site2_1;-85.0000
-78.99776053;-2.896823587;	Site2_1;-85.7500
-78.99749974;-2.896823124;	Site2_1;-86.4375
-78.99723895;-2.89682266;	Site2_1;-87.0625
-78.99697817;-2.896822197;	Site2_1;-87.7500
-78.99671738;-2.896821733;	Site2_1;-88.3125
-78.99645660;-2.89682127;	Site2_1;-88.9375
-78.99619581;-2.896820806;	Site2_1;-89.5000
-78.99593503;-2.896820343;	Site2_1;-90.0000
-78.99567424;-2.896819879;	Site2_1;-90.5000
-78.99541345;-2.896819415;	Site2_1;-91.0000
-78.99515267;-2.896818951;	Site2_1;-91.5000
-78.99489188;-2.896818488;	Site2_1;-92.0625
-78.99463110;-2.896818024;	Site2_1;-92.5625
-78.99437031;-2.89681756;	Site2_1;-93.0625
-78.99410953;-2.896817095;	Site2_1;-93.5000
-78.99384874;-2.896816631;	Site2_1;-93.9375
-78.99358796;-2.896816167;	Site2_1;-94.3750
-78.99332717;-2.896815703;	Site2_1;-94.8125
-78.99306638;-2.896815239;	Site2_1;-95.1875
-78.99280560;-2.896814774;	Site2_1;-95.6250
-78.99254481;-2.89681431;	Site2_1;-96.0000
-78.99228403;-2.896813845;	Site2_1;-96.4375
-78.99202324;-2.896813381;	Site2_1;-96.8125
-78.99176246;-2.896812916;	Site2_1;-97.1875
-78.99150167;-2.896812451;	Site2_1;-97.5625
-78.99124089;-2.896811987;	Site2_1;-97.9375
-78.99098010;-2.896811522;	Site2_1;-98.3125
-78.99071932;-2.896811057;	Site2_1;-98.6250
-78.99045853;-2.896810592;	Site2_1;-99.0000
-78.99019775;-2.896810127;	Site2_1;-99.3125
-78.98993696;-2.896809662;	Site2_1;-99.6875
-78.98967618;-2.896809197;	Site2_1;-100.0000
-78.98941540;-2.896808732;	Site2_1;-100.3125
-78.98915461;-2.896808267;	Site2_1;-100.6875
-78.98889383;-2.896807801;	Site2_1;-101.0000
-78.98863304;-2.896807336;	Site2_1;-101.3125
-78.98837226;-2.896806871;	Site2_1;-101.5625
-78.98811147;-2.896806405;	Site2_1;-101.8750
-79.01758084;-2.896596414;	Site1_1;-101.8750
-79.01732005;-2.896595955;	Site1_1;-101.5625
-79.01705926;-2.896595496;	Site1_1;-101.3125
-79.01679847;-2.896595037;	Site1_1;-101.0625
-79.01653768;-2.896594579;	Site1_1;-100.7500
-79.01627690;-2.89659412;	Site1_1;-100.5000
-79.01601611;-2.896593661;	Site1_1;-100.1875
-79.01575532;-2.896593202;	Site1_1;-99.8750
-79.01549453;-2.896592743;	Site1_1;-99.5625
-79.01523374;-2.896592283;	Site1_1;-99.2500
-79.01497295;-2.896591824;	Site1_1;-98.9375
-79.01471216;-2.896591365;	Site1_1;-98.6250
-79.01445137;-2.896590906;	Site1_1;-98.3125
-79.01419059;-2.896590446;	Site1_1;-97.9375
-79.01392980;-2.896589987;	Site1_1;-97.5625
-79.01366901;-2.896589527;	Site1_1;-97.2500
-79.01340822;-2.896589068;	Site1_1;-96.8750
-79.01314743;-2.896588608;	Site1_1;-96.5000
-79.01288664;-2.896588148;	Site1_1;-96.1250
-79.01262585;-2.896587689;	Site1_1;-95.6875
-79.01236507;-2.896587229;	Site1_1;-95.3125
-79.01210428;-2.896586769;	Site1_1;-94.8750
-79.01184349;-2.896586309;	Site1_1;-94.5000
-79.01158270;-2.896585849;	Site1_1;-94.1250
-79.01132191;-2.896585389;	Site1_1;-93.7500
-79.01106113;-2.896584929;	Site1_1;-93.3125
-79.01080034;-2.896584469;	Site1_1;-92.9375
-79.01053955;-2.896584008;	Site1_1;-92.5000
-79.01027876;-2.896583548;	Site1_1;-92.0000
-79.01001797;-2.896583088;	Site1_1;-91.5625
-79.00975719;-2.896582627;	Site1_1;-91.0625
-79.00949640;-2.896582167;	Site1_1;-90.5625
-79.00923561;-2.896581706;	Site1_1;-90.1250
-79.00897482;-2.896581246;	Site1_1;-89.6250
-79.00871403;-2.896580785;	Site1_1;-89.0625
-79.00845325;-2.896580324;	Site1_1;-88.5000
-79.00819246;-2.896579864;	Site1_1;-88.0000
-79.00793167;-2.896579403;	Site1_1;-87.4375
-79.00767088;-2.896578942;	Site1_1;-86.8125
-79.00741010;-2.896578481;	Site1_1;-86.2500
-79.00714931;-2.89657802;	Site1_1;-85.6250
-79.00688852;-2.896577559;	Site1_1;-85.0625
-79.00662773;-2.896577098;	Site1_1;-84.4375
-79.00636695;-2.896576637;	Site0_1;-82.8750
-79.00610616;-2.896576175;	Site0_1;-80.6250
-79.00584537;-2.896575714;	Site0_1;-78.1250
-79.00558458;-2.896575253;	Site0_1;-75.5625
-79.00532380;-2.896574791;	Site0_1;-73.0000
-79.00506301;-2.89657433;	Site0_1;-70.6250
-79.00480222;-2.896573868;	Site0_1;-68.6875
-79.00454144;-2.896573407;	Site0_1;-67.2500
-79.00428065;-2.896572945;	Site0_1;-66.3125
-79.00401986;-2.896572483;	Site0_1;-65.8750
-79.00375908;-2.896572021;	Site2_1;-65.6875
-79.00349829;-2.896571559;	Site2_1;-65.5625
-79.00323750;-2.896571098;	Site2_1;-65.9375
-79.00297671;-2.896570636;	Site2_1;-66.5625
-79.00271593;-2.896570174;	Site2_1;-67.4375
-79.00245514;-2.896569711;	Site2_1;-68.3125
-79.00219435;-2.896569249;	Site3_1;-67.0000
-79.00193357;-2.896568787;	Site3_1;-65.2500
-79.00167278;-2.896568325;	Site3_1;-63.3125
-79.00141199;-2.896567862;	Site3_1;-61.4375
-79.00115121;-2.8965674;	Site3_1;-59.4375
-79.00089042;-2.896566938;	Site3_1;-57.6875
-79.00062964;-2.896566475;	Site3_1;-56.5000
-79.00036885;-2.896566012;	Site3_1;-57.6250
-79.00010806;-2.89656555;	Site3_1;-63.8125
-78.99984728;-2.896565087;	Site3_1;-57.5000
-78.99958649;-2.896564624;	Site3_1;-66.5625
-78.99932570;-2.896564162;	Site3_1;-72.4375
-78.99906492;-2.896563699;	Site3_1;-80.2500
-78.99880413;-2.896563236;	Site3_1;-75.9375
-78.99854335;-2.896562773;	Site2_1;-83.3750
-78.99828256;-2.89656231;	Site2_1;-84.1875
-78.99802177;-2.896561847;	Site2_1;-84.9375
-78.99776099;-2.896561383;	Site2_1;-85.6875
-78.99750020;-2.89656092;	Site2_1;-86.3750
-78.99723942;-2.896560457;	Site2_1;-87.0000
-78.99697863;-2.896559993;	Site2_1;-87.6250
-78.99671784;-2.89655953;	Site2_1;-88.1875
-78.99645706;-2.896559067;	Site2_1;-88.8125
-78.99619627;-2.896558603;	Site2_1;-89.3750
-78.99593549;-2.896558139;	Site2_1;-90.0000
-78.9956747;-2.896557676;	Site2_1;-90.5625
-78.99541392;-2.896557212;	Site2_1;-91.1250
-78.99515313;-2.896556748;	Site2_1;-91.6250
-78.99489234;-2.896556284;	Site2_1;-92.1250
-78.99463156;-2.89655582;	Site2_1;-92.6250
-78.99437077;-2.896555357;	Site2_1;-93.0625
-78.99410999;-2.896554892;	Site2_1;-93.5000
-78.99384920;-2.896554428;	Site2_1;-93.9375
-78.99358842;-2.896553964;	Site2_1;-94.3750
-78.99332763;-2.8965535;	Site2_1;-94.8125
-78.99306685;-2.896553036;	Site2_1;-95.1875
-78.99280606;-2.896552571;	Site2_1;-95.6250
-78.99254528;-2.896552107;	Site2_1;-96.0000
-78.99228449;-2.896551643;	Site2_1;-96.4375
-78.99202371;-2.896551178;	Site2_1;-96.8125
-78.99176292;-2.896550714;	Site2_1;-97.2500
-78.99150214;-2.896550249;	Site2_1;-97.6250
-78.99124135;-2.896549784;	Site2_1;-98.0000
-78.99098057;-2.896549319;	Site2_1;-98.3750
-78.99071978;-2.896548855;	Site2_1;-98.7500
-78.99045900;-2.89654839;	Site2_1;-99.0625
-78.99019821;-2.896547925;	Site2_1;-99.4375
-78.98993743;-2.89654746;	Site2_1;-99.7500
-78.98967664;-2.896546995;	Site2_1;-100.0625
-78.98941586;-2.89654653;	Site2_1;-100.3750
-78.98915507;-2.896546065;	Site2_1;-100.6875
-78.98889429;-2.896545599;	Site2_1;-101.0000
-78.98863350;-2.896545134;	Site2_1;-101.3125
-78.98837272;-2.896544669;	Site2_1;-101.6250
-78.98811194;-2.896544203;	Site2_1;-101.8750
-79.01758130;-2.896334207;	Site1_1;-101.9375
-79.01732051;-2.896333748;	Site1_1;-101.6875
-79.01705972;-2.896333289;	Site1_1;-101.3750
-79.01679893;-2.896332831;	Site1_1;-101.1250
-79.01653814;-2.896332372;	Site1_1;-100.8125
-79.01627735;-2.896331913;	Site1_1;-100.5625
-79.01601656;-2.896331454;	Site1_1;-100.2500
-79.01575577;-2.896330995;	Site1_1;-99.9375
-79.01549499;-2.896330536;	Site1_1;-99.6250
-79.01523420;-2.896330077;	Site1_1;-99.3125
-79.01497341;-2.896329618;	Site1_1;-99.0000
-79.01471262;-2.896329159;	Site1_1;-98.6250
-79.01445183;-2.896328699;	Site1_1;-98.3125
-79.01419104;-2.89632824;	Site1_1;-98.0000
-79.01393025;-2.896327781;	Site1_1;-97.6250
-79.01366947;-2.896327321;	Site1_1;-97.2500
-79.01340868;-2.896326862;	Site1_1;-96.8750
-79.01314789;-2.896326402;	Site1_1;-96.5000
-79.01288710;-2.896325942;	Site1_1;-96.1250
-79.01262631;-2.896325483;	Site1_1;-95.7500
-79.01236552;-2.896325023;	Site1_1;-95.3750
-79.01210474;-2.896324563;	Site1_1;-95.0000
-79.01184395;-2.896324103;	Site1_1;-94.6250
-79.01158316;-2.896323643;	Site1_1;-94.2500
-79.01132237;-2.896323183;	Site1_1;-93.8125
-79.01106158;-2.896322723;	Site1_1;-93.4375
-79.01080079;-2.896322263;	Site1_1;-93.0000
-79.01054001;-2.896321803;	Site1_1;-92.5625
-79.01027922;-2.896321343;	Site1_1;-92.1250
-79.01001843;-2.896320882;	Site1_1;-91.6875
-79.00975764;-2.896320422;	Site1_1;-91.2500
-79.00949686;-2.896319961;	Site1_1;-90.7500
-79.00923607;-2.896319501;	Site1_1;-90.2500
-79.00897528;-2.89631904;	Site1_1;-89.8125
-79.00871449;-2.89631858;	Site1_1;-89.3125
-79.00845370;-2.896318119;	Site1_1;-88.7500
-79.00819292;-2.896317658;	Site1_1;-88.1875
-79.00793213;-2.896317198;	Site1_1;-87.6875
-79.00767134;-2.896316737;	Site1_1;-87.1250
-79.00741055;-2.896316276;	Site1_1;-86.6250
-79.00714977;-2.896315815;	Site1_1;-86.0625
-79.00688898;-2.896315354;	Site1_1;-85.4375
-79.00662819;-2.896314893;	Site1_1;-84.8750
-79.00636741;-2.896314432;	Site0_1;-83.4375
-79.00610662;-2.89631397;	Site0_1;-81.2500
-79.00584583;-2.896313509;	Site0_1;-78.9375
-79.00558504;-2.896313048;	Site0_1;-76.6875
-79.00532426;-2.896312586;	Site0_1;-74.4375
-79.00506347;-2.896312125;	Site0_1;-72.4375
-79.00480268;-2.896311663;	Site2_1;-69.6250
-79.00454190;-2.896311202;	Site2_1;-67.1250
-79.00428111;-2.89631074;	Site2_1;-65.1250
-79.00402032;-2.896310279;	Site2_1;-63.9375
-79.00375953;-2.896309817;	Site2_1;-63.5000
-79.00349875;-2.896309355;	Site2_1;-63.5625
-79.00323796;-2.896308893;	Site2_1;-64.0625
-79.00297717;-2.896308431;	Site2_1;-64.9375
-79.00271639;-2.896307969;	Site2_1;-66.0000
-79.0024556;-2.896307507;	Site4_1;-66.8750
-79.00219481;-2.896307045;	Site4_1;-66.9375
-79.00193403;-2.896306583;	Site3_1;-65.6250
-79.00167324;-2.896306121;	Site3_1;-63.7500
-79.00141245;-2.896305658;	Site3_1;-61.8125
-79.00115167;-2.896305196;	Site3_1;-59.8750
-79.00089088;-2.896304733;	Site3_1;-58.1875
-79.00063010;-2.896304271;	Site3_1;-57.3125
-79.00036931;-2.896303808;	Site3_1;-59.5625
-79.00010852;-2.896303346;	Site3_1;-61.0625
-78.99984774;-2.896302883;	Site3_1;-62.7500
-78.99958695;-2.89630242;	Site3_1;-60.0000
-78.99932616;-2.896301958;	Site3_1;-54.6250
-78.99906538;-2.896301495;	Site3_1;-70.3125
-78.99880459;-2.896301032;	Site2_1;-82.4375
-78.99854381;-2.896300569;	Site2_1;-83.3125
-78.99828302;-2.896300106;	Site2_1;-84.1250
-78.99802223;-2.896299643;	Site2_1;-84.8125
-78.99776145;-2.89629918;	Site2_1;-85.5000
-78.99750066;-2.896298717;	Site2_1;-86.2500
-78.99723988;-2.896298253;	Site2_1;-86.9375
-78.99697909;-2.89629779;	Site2_1;-87.6250
-78.99671830;-2.896297327;	Site2_1;-88.2500
-78.99645752;-2.896296863;	Site2_1;-88.8750
-78.99619673;-2.8962964;	Site2_1;-89.5000
-78.99593595;-2.896295936;	Site2_1;-90.0625
-78.99567516;-2.896295472;	Site2_1;-90.5625
-78.99541438;-2.896295009;	Site2_1;-91.1250
-78.99515359;-2.896294545;	Site2_1;-91.6250
-78.99489281;-2.896294081;	Site2_1;-92.1250
-78.99463202;-2.896293617;	Site2_1;-92.6250
-78.99437123;-2.896293153;	Site2_1;-93.0625
-78.99411045;-2.896292689;	Site2_1;-93.5000
-78.99384966;-2.896292225;	Site2_1;-93.9375
-78.99358888;-2.896291761;	Site2_1;-94.4375
-78.99332809;-2.896291297;	Site2_1;-94.8750
-78.99306731;-2.896290833;	Site2_1;-95.2500
-78.99280652;-2.896290369;	Site2_1;-95.6875
-78.99254574;-2.896289904;	Site2_1;-96.1250
-78.99228495;-2.89628944;	Site2_1;-96.5625
-78.99202417;-2.896288975;	Site2_1;-96.9375
-78.99176338;-2.896288511;	Site2_1;-97.3125
-78.99150260;-2.896288046;	Site2_1;-97.6875
-78.99124181;-2.896287582;	Site2_1;-98.0625
-78.99098103;-2.896287117;	Site2_1;-98.4375
-78.99072024;-2.896286652;	Site2_1;-98.7500
-78.99045946;-2.896286187;	Site2_1;-99.1250
-78.99019867;-2.896285723;	Site2_1;-99.4375
-78.98993789;-2.896285258;	Site2_1;-99.8125
-78.98967711;-2.896284793;	Site2_1;-100.1250
-78.98941632;-2.896284327;	Site2_1;-100.4375
-78.98915554;-2.896283862;	Site2_1;-100.8125
-78.98889475;-2.896283397;	Site2_1;-101.1250
-78.98863397;-2.896282932;	Site2_1;-101.4375
-78.98837318;-2.896282467;	Site2_1;-101.6875
-78.98811240;-2.896282001;	Site2_1;-102.0000
-79.01758175;-2.896072;	Site1_1;-102.0000
-79.01732096;-2.896071541;	Site1_1;-101.6875
-79.01706017;-2.896071083;	Site1_1;-101.4375
-79.01679939;-2.896070624;	Site1_1;-101.1250
-79.01653860;-2.896070165;	Site1_1;-100.8750
-79.01627781;-2.896069706;	Site1_1;-100.5625
-79.01601702;-2.896069248;	Site1_1;-100.2500
-79.01575623;-2.896068789;	Site1_1;-99.9375
-79.01549544;-2.89606833;	Site1_1;-99.6250
-79.01523465;-2.896067871;	Site1_1;-99.3125
-79.01497386;-2.896067411;	Site1_1;-99.0000
-79.01471308;-2.896066952;	Site1_1;-98.6875
-79.01445229;-2.896066493;	Site1_1;-98.3125
-79.01419150;-2.896066034;	Site1_1;-98.0000
-79.01393071;-2.896065574;	Site1_1;-97.6875
-79.01366992;-2.896065115;	Site1_1;-97.3125
-79.01340913;-2.896064655;	Site1_1;-97.0000
-79.01314835;-2.896064196;	Site1_1;-96.6250
-79.01288756;-2.896063736;	Site1_1;-96.3125
-79.01262677;-2.896063277;	Site1_1;-95.8750
-79.01236598;-2.896062817;	Site1_1;-95.5000
-79.01210519;-2.896062357;	Site1_1;-95.1250
-79.01184440;-2.896061897;	Site1_1;-94.6875
-79.01158362;-2.896061437;	Site1_1;-94.3125
-79.01132283;-2.896060977;	Site1_1;-93.8750
-79.01106204;-2.896060517;	Site1_1;-93.5000
-79.01080125;-2.896060057;	Site1_1;-93.1250
-79.01054046;-2.896059597;	Site1_1;-92.7500
-79.01027968;-2.896059137;	Site1_1;-92.2500
-79.01001889;-2.896058677;	Site1_1;-91.8125
-79.00975810;-2.896058216;	Site1_1;-91.3750
-79.00949731;-2.896057756;	Site1_1;-90.9375
-79.00923653;-2.896057296;	Site1_1;-90.5000
-79.00897574;-2.896056835;	Site1_1;-89.9375
-79.00871495;-2.896056374;	Site1_1;-89.5000
-79.00845416;-2.896055914;	Site1_1;-89.0000
-79.00819338;-2.896055453;	Site1_1;-88.5000
-79.00793259;-2.896054992;	Site1_1;-88.0000
-79.0076718;-2.896054532;	Site1_1;-87.5000
-79.00741101;-2.896054071;	Site1_1;-87.0000
-79.00715023;-2.89605361;	Site1_1;-86.4375
-79.00688944;-2.896053149;	Site1_1;-85.8750
-79.00662865;-2.896052688;	Site4_1;-85.0625
-79.00636786;-2.896052227;	Site4_1;-83.8125
-79.00610708;-2.896051765;	Site0_1;-82.1250
-79.00584629;-2.896051304;	Site0_1;-80.0625
-79.00558550;-2.896050843;	Site0_1;-77.9375
-79.00532472;-2.896050382;	Site0_1;-75.9375
-79.00506393;-2.89604992;	Site2_1;-72.1875
-79.00480314;-2.896049459;	Site2_1;-68.5000
-79.00454235;-2.896048997;	Site2_1;-65.3750
-79.00428157;-2.896048536;	Site2_1;-63.0625
-79.00402078;-2.896048074;	Site2_1;-61.6250
-79.00375999;-2.896047612;	Site2_1;-61.1875
-79.00349921;-2.89604715;	Site2_1;-61.5000
-79.00323842;-2.896046689;	Site2_1;-62.3125
-79.00297763;-2.896046227;	Site2_1;-63.3125
-79.00271685;-2.896045765;	Site2_1;-64.6875
-79.00245606;-2.896045303;	Site4_1;-65.1875
-79.00219527;-2.896044841;	Site4_1;-65.2500
-79.00193449;-2.896044379;	Site4_1;-65.6875
-79.0016737;-2.896043916;	Site3_1;-64.3750
-79.00141291;-2.896043454;	Site3_1;-62.6250
-79.00115213;-2.896042992;	Site3_1;-60.8750
-79.00089134;-2.896042529;	Site3_1;-59.5000
-79.00063056;-2.896042067;	Site3_1;-59.0000
-79.00036977;-2.896041604;	Site3_1;-62.0000
-79.00010898;-2.896041142;	Site3_1;-61.5625
-78.99984820;-2.896040679;	Site3_1;-64.9375
-78.99958741;-2.896040217;	Site3_1;-50.3750
-78.99932662;-2.896039754;	Site3_1;-51.2500
-78.99906584;-2.896039291;	Site3_1;-71.1250
-78.99880505;-2.896038828;	Site2_1;-82.3125
-78.99854427;-2.896038365;	Site2_1;-83.1875
-78.99828348;-2.896037902;	Site2_1;-84.0000
-78.99802269;-2.896037439;	Site2_1;-84.8125
-78.99776191;-2.896036976;	Site2_1;-85.6250
-78.99750112;-2.896036513;	Site2_1;-86.3125
-78.99724034;-2.89603605;	Site2_1;-87.0000
-78.99697955;-2.896035587;	Site2_1;-87.6875
-78.99671877;-2.896035123;	Site2_1;-88.3125
-78.99645798;-2.89603466;	Site2_1;-88.8750
-78.99619719;-2.896034196;	Site2_1;-89.5000
-78.99593641;-2.896033733;	Site2_1;-90.0625
-78.99567562;-2.896033269;	Site2_1;-90.6250
-78.99541484;-2.896032806;	Site2_1;-91.1250
-78.99515405;-2.896032342;	Site2_1;-91.6875
-78.99489327;-2.896031878;	Site2_1;-92.1875
-78.99463248;-2.896031414;	Site2_1;-92.6875
-78.99437170;-2.89603095;	Site2_1;-93.1875
-78.99411091;-2.896030486;	Site2_1;-93.6250
-78.99385013;-2.896030022;	Site2_1;-94.0625
-78.99358934;-2.896029558;	Site2_1;-94.5000
-78.99332856;-2.896029094;	Site2_1;-94.9375
-78.99306777;-2.89602863;	Site2_1;-95.3750
-78.99280699;-2.896028166;	Site2_1;-95.7500
-78.9925462;-2.896027702;	Site2_1;-96.1875
-78.99228542;-2.896027237;	Site2_1;-96.5625
-78.99202463;-2.896026773;	Site2_1;-97.0000
-78.99176385;-2.896026308;	Site2_1;-97.3750
-78.99150306;-2.896025844;	Site2_1;-97.7500
-78.99124228;-2.896025379;	Site2_1;-98.1250
-78.99098149;-2.896024914;	Site2_1;-98.5000
-78.99072071;-2.89602445;	Site2_1;-98.8750
-78.99045992;-2.896023985;	Site2_1;-99.2500
-78.99019914;-2.89602352;	Site2_1;-99.5625
-78.98993835;-2.896023055;	Site2_1;-99.8750
-78.98967757;-2.89602259;	Site2_1;-100.2500
-78.98941678;-2.896022125;	Site2_1;-100.5625
-78.98915600;-2.89602166;	Site2_1;-100.8750
-78.98889521;-2.896021195;	Site2_1;-101.1250
-78.98863443;-2.89602073;	Site2_1;-101.4375
-78.98837365;-2.896020265;	Site2_1;-101.7500
-79.01758221;-2.895809793;	Site1_1;-102.0000
-79.01732142;-2.895809335;	Site1_1;-101.6875
-79.01706063;-2.895808876;	Site1_1;-101.4375
-79.01679984;-2.895808417;	Site1_1;-101.1250
-79.01653905;-2.895807959;	Site1_1;-100.8750
-79.01627826;-2.8958075;	Site1_1;-100.5625
-79.01601748;-2.895807041;	Site1_1;-100.2500
-79.01575669;-2.895806582;	Site1_1;-100.0000
-79.01549590;-2.895806123;	Site1_1;-99.6875
-79.01523511;-2.895805664;	Site1_1;-99.3750
-79.01497432;-2.895805205;	Site1_1;-99.0625
-79.01471353;-2.895804746;	Site1_1;-98.7500
-79.01445274;-2.895804287;	Site1_1;-98.4375
-79.01419196;-2.895803828;	Site1_1;-98.1250
-79.01393117;-2.895803368;	Site1_1;-97.8125
-79.01367038;-2.895802909;	Site1_1;-97.4375
-79.01340959;-2.895802449;	Site1_1;-97.0625
-79.01314880;-2.89580199;	Site1_1;-96.7500
-79.01288801;-2.89580153;	Site1_1;-96.3750
-79.01262723;-2.895801071;	Site1_1;-95.9375
-79.01236644;-2.895800611;	Site1_1;-95.5625
-79.01210565;-2.895800151;	Site1_1;-95.1875
-79.01184486;-2.895799691;	Site1_1;-94.8125
-79.01158407;-2.895799232;	Site1_1;-94.4375
-79.01132329;-2.895798772;	Site1_1;-94.0625
-79.01106250;-2.895798312;	Site1_1;-93.6875
-79.01080171;-2.895797852;	Site1_1;-93.2500
-79.01054092;-2.895797392;	Site1_1;-92.8750
-79.01028013;-2.895796931;	Site1_1;-92.4375
-79.01001935;-2.895796471;	Site1_1;-92.0000
-79.00975856;-2.895796011;	Site1_1;-91.5625
-79.00949777;-2.89579555;	Site1_1;-91.1250
-79.00923698;-2.89579509;	Site1_1;-90.6875
-79.00897620;-2.89579463;	Site1_1;-90.2500
-79.00871541;-2.895794169;	Site1_1;-89.8125
-79.00845462;-2.895793709;	Site1_1;-89.3125
-79.00819383;-2.895793248;	Site1_1;-88.8750
-79.00793305;-2.895792787;	Site1_1;-88.3750
-79.00767226;-2.895792326;	Site1_1;-87.8750
-79.00741147;-2.895791866;	Site1_1;-87.3750
-79.00715068;-2.895791405;	Site1_1;-86.8125
-79.00688990;-2.895790944;	Site1_1;-86.2500
-79.00662911;-2.895790483;	Site4_1;-85.1875
-79.00636832;-2.895790022;	Site4_1;-84.0000
-79.00610754;-2.895789561;	Site4_1;-82.6875
-79.00584675;-2.895789099;	Site0_1;-81.1250
-79.00558596;-2.895788638;	Site0_1;-79.1875
-79.00532517;-2.895788177;	Site2_1;-77.3125
-79.00506439;-2.895787715;	Site2_1;-73.2500
-79.0048036;-2.895787254;	Site2_1;-68.7500
-79.00454281;-2.895786792;	Site2_1;-64.5625
-79.00428203;-2.895786331;	Site2_1;-61.3750
-79.00402124;-2.895785869;	Site2_1;-59.6250
-79.00376045;-2.895785408;	Site2_1;-59.1875
-79.00349967;-2.895784946;	Site2_1;-59.6250
-79.00323888;-2.895784484;	Site2_1;-60.5625
-79.00297809;-2.895784022;	Site2_1;-62.0000
-79.00271731;-2.89578356;	Site2_1;-63.5625
-79.00245652;-2.895783098;	Site4_1;-63.2500
-79.00219573;-2.895782636;	Site4_1;-63.3125
-79.00193495;-2.895782174;	Site4_1;-63.8750
-79.00167416;-2.895781712;	Site4_1;-64.7500
-79.00141337;-2.89578125;	Site3_1;-64.0000
-79.00115259;-2.895780788;	Site3_1;-62.5625
-79.00089180;-2.895780325;	Site3_1;-61.5000
-79.00063102;-2.895779863;	Site3_1;-61.3125
-79.00037023;-2.8957794;	Site3_1;-64.1250
-79.00010944;-2.895778938;	Site3_1;-68.0000
-78.99984866;-2.895778475;	Site3_1;-63.8750
-78.99958787;-2.895778013;	Site3_1;-73.9375
-78.99932708;-2.89577755;	Site3_1;-80.2500
-78.99906630;-2.895777087;	Site2_1;-81.5625
-78.99880551;-2.895776624;	Site2_1;-82.4375
-78.99854473;-2.895776162;	Site2_1;-83.2500
-78.99828394;-2.895775699;	Site2_1;-84.1250
-78.99802315;-2.895775236;	Site2_1;-84.8750
-78.99776237;-2.895774773;	Site2_1;-85.6250
-78.99750158;-2.895774309;	Site2_1;-86.3125
-78.99724080;-2.895773846;	Site2_1;-87.0000
-78.99698001;-2.895773383;	Site2_1;-87.6875
-78.99671923;-2.89577292;	Site2_1;-88.3750
-78.99645844;-2.895772456;	Site2_1;-89.0000
-78.99619766;-2.895771993;	Site2_1;-89.6250
-78.99593687;-2.89577153;	Site2_1;-90.1875
-78.99567608;-2.895771066;	Site2_1;-90.7500
-78.99541530;-2.895770602;	Site2_1;-91.2500
-78.99515451;-2.895770139;	Site2_1;-91.7500
-78.99489373;-2.895769675;	Site2_1;-92.2500
-78.99463294;-2.895769211;	Site2_1;-92.7500
-78.99437216;-2.895768747;	Site2_1;-93.2500
-78.99411137;-2.895768283;	Site2_1;-93.7500
-78.99385059;-2.89576782;	Site2_1;-94.1875
-78.99358980;-2.895767355;	Site2_1;-94.6250
-78.99332902;-2.895766891;	Site2_1;-95.0625
-78.99306823;-2.895766427;	Site2_1;-95.5000
-78.99280745;-2.895765963;	Site2_1;-95.8750
-78.99254666;-2.895765499;	Site2_1;-96.3125
-78.99228588;-2.895765034;	Site2_1;-96.6875
-78.99202509;-2.89576457;	Site2_1;-97.0625
-78.99176431;-2.895764106;	Site2_1;-97.5000
-78.99150352;-2.895763641;	Site2_1;-97.8750
-78.99124274;-2.895763177;	Site2_1;-98.1875
-78.99098195;-2.895762712;	Site2_1;-98.5625
-78.99072117;-2.895762247;	Site2_1;-98.9375
-78.99046038;-2.895761783;	Site2_1;-99.2500
-78.99019960;-2.895761318;	Site2_1;-99.6250
-78.98993881;-2.895760853;	Site2_1;-99.9375
-78.98967803;-2.895760388;	Site2_1;-100.3125
-78.98941725;-2.895759923;	Site2_1;-100.6250
-78.98915646;-2.895759458;	Site2_1;-100.9375
-78.98889568;-2.895758993;	Site0_1;-101.2500
-78.98863489;-2.895758528;	Site0_1;-101.5625
-78.98837411;-2.895758062;	Site0_1;-101.8125
-79.01758266;-2.895547586;	Site1_1;-102.0000
-79.01732188;-2.895547128;	Site1_1;-101.7500
-79.01706109;-2.895546669;	Site1_1;-101.4375
-79.01680030;-2.895546211;	Site1_1;-101.1875
-79.01653951;-2.895545752;	Site1_1;-100.8750
-79.01627872;-2.895545293;	Site1_1;-100.6250
-79.01601793;-2.895544835;	Site1_1;-100.3125
-79.01575714;-2.895544376;	Site1_1;-100.0625
-79.01549635;-2.895543917;	Site1_1;-99.7500
-79.01523557;-2.895543458;	Site1_1;-99.5000
-79.01497478;-2.895542999;	Site1_1;-99.1875
-79.01471399;-2.89554254;	Site1_1;-98.8750
-79.0144532;-2.895542081;	Site1_1;-98.5000
-79.01419241;-2.895541621;	Site1_1;-98.1875
-79.01393162;-2.895541162;	Site1_1;-97.8750
-79.01367084;-2.895540703;	Site1_1;-97.5000
-79.01341005;-2.895540243;	Site1_1;-97.1250
-79.01314926;-2.895539784;	Site1_1;-96.7500
-79.01288847;-2.895539324;	Site1_1;-96.4375
-79.01262768;-2.895538865;	Site1_1;-96.0625
-79.01236690;-2.895538405;	Site1_1;-95.7500
-79.01210611;-2.895537945;	Site1_1;-95.3750
-79.01184532;-2.895537486;	Site1_1;-94.9375
-79.01158453;-2.895537026;	Site1_1;-94.5625
-79.01132374;-2.895536566;	Site1_1;-94.1875
-79.01106296;-2.895536106;	Site1_1;-93.8125
-79.01080217;-2.895535646;	Site1_1;-93.4375
-79.01054138;-2.895535186;	Site1_1;-93.0000
-79.01028059;-2.895534726;	Site1_1;-92.6250
-79.01001980;-2.895534266;	Site1_1;-92.1875
-79.00975902;-2.895533805;	Site1_1;-91.8125
-79.00949823;-2.895533345;	Site1_1;-91.3750
-79.00923744;-2.895532885;	Site1_1;-91.0000
-79.00897665;-2.895532424;	Site1_1;-90.5625
-79.00871587;-2.895531964;	Site1_1;-90.1250
-79.00845508;-2.895531503;	Site1_1;-89.6250
-79.00819429;-2.895531043;	Site1_1;-89.1875
-79.00793350;-2.895530582;	Site1_1;-88.7500
-79.00767272;-2.895530121;	Site1_1;-88.1875
-79.00741193;-2.89552966;	Site1_1;-87.6875
-79.00715114;-2.8955292;	Site1_1;-87.2500
-79.00689036;-2.895528739;	Site1_1;-86.7500
-79.00662957;-2.895528278;	Site4_1;-85.5625
-79.00636878;-2.895527817;	Site4_1;-84.1875
-79.00610799;-2.895527356;	Site4_1;-82.8750
-79.00584721;-2.895526894;	Site4_1;-81.5000
-79.00558642;-2.895526433;	Site4_1;-79.9375
-79.00532563;-2.895525972;	Site4_1;-78.3750
-79.00506485;-2.895525511;	Site4_1;-76.7500
-79.00480406;-2.895525049;	Site2_1;-72.3750
-79.00454327;-2.895524588;	Site2_1;-66.8750
-79.00428249;-2.895524126;	Site2_1;-61.5625
-79.00402170;-2.895523665;	Site2_1;-58.4375
-79.00376091;-2.895523203;	Site2_1;-57.5000
-79.00350013;-2.895522741;	Site2_1;-57.9375
-79.00323934;-2.89552228;	Site2_1;-59.2500
-79.00297855;-2.895521818;	Site2_1;-60.9375
-79.00271777;-2.895521356;	Site4_1;-62.0000
-79.00245698;-2.895520894;	Site4_1;-61.3750
-79.00219619;-2.895520432;	Site4_1;-61.4375
-79.00193541;-2.89551997;	Site4_1;-62.0625
-79.00167462;-2.895519508;	Site4_1;-63.1250
-79.00141383;-2.895519046;	Site4_1;-64.6250
-79.00115305;-2.895518583;	Site3_1;-64.7500
-79.00089226;-2.895518121;	Site3_1;-63.9375
-79.00063147;-2.895517659;	Site3_1;-64.1250
-79.00037069;-2.895517196;	Site3_1;-66.3125
-79.00010990;-2.895516734;	Site3_1;-72.3750
-78.99984912;-2.895516271;	Site3_1;-72.5000
-78.99958833;-2.895515809;	Site3_1;-73.8125
-78.99932754;-2.895515346;	Site3_1;-78.1875
-78.99906676;-2.895514883;	Site3_1;-78.9375
-78.99880597;-2.895514421;	Site2_1;-82.4375
-78.99854519;-2.895513958;	Site2_1;-83.3125
-78.99828440;-2.895513495;	Site2_1;-84.1875
-78.99802362;-2.895513032;	Site2_1;-85.0000
-78.99776283;-2.895512569;	Site2_1;-85.7500
-78.99750204;-2.895512106;	Site2_1;-86.5000
-78.99724126;-2.895511643;	Site2_1;-87.1875
-78.99698047;-2.89551118;	Site2_1;-87.8125
-78.99671969;-2.895510716;	Site2_1;-88.5000
-78.99645890;-2.895510253;	Site2_1;-89.1250
-78.99619812;-2.89550979;	Site2_1;-89.7500
-78.99593733;-2.895509326;	Site2_1;-90.3125
-78.99567655;-2.895508863;	Site2_1;-90.8750
-78.99541576;-2.895508399;	Site2_1;-91.4375
-78.99515497;-2.895507936;	Site2_1;-91.9375
-78.99489419;-2.895507472;	Site2_1;-92.4375
-78.99463340;-2.895507008;	Site2_1;-92.8750
-78.99437262;-2.895506544;	Site2_1;-93.3750
-78.99411183;-2.89550608;	Site2_1;-93.8125
-78.99385105;-2.895505617;	Site2_1;-94.2500
-78.99359026;-2.895505153;	Site2_1;-94.6875
-78.99332948;-2.895504689;	Site2_1;-95.1250
-78.99306869;-2.895504224;	Site2_1;-95.5625
-78.99280791;-2.89550376;	Site2_1;-95.9375
-78.99254712;-2.895503296;	Site2_1;-96.3750
-78.99228634;-2.895502832;	Site2_1;-96.8125
-78.99202555;-2.895502367;	Site2_1;-97.1875
-78.99176477;-2.895501903;	Site2_1;-97.5625
-78.99150398;-2.895501439;	Site2_1;-97.9375
-78.99124320;-2.895500974;	Site2_1;-98.3125
-78.99098242;-2.895500509;	Site0_1;-98.6875
-78.99072163;-2.895500045;	Site0_1;-99.0625
-78.99046085;-2.89549958;	Site2_1;-99.3750
-78.99020006;-2.895499115;	Site0_1;-99.7500
-78.98993928;-2.895498651;	Site0_1;-100.0625
-78.98967849;-2.895498186;	Site0_1;-100.3750
-78.98941771;-2.895497721;	Site0_1;-100.6875
-78.98915692;-2.895497256;	Site0_1;-101.0000
-78.98889614;-2.895496791;	Site0_1;-101.2500
-78.98863536;-2.895496326;	Site0_1;-101.5625
-78.98837457;-2.89549586;	Site0_1;-101.8125
-79.01732233;-2.895284921;	Site1_1;-101.7500
-79.01706154;-2.895284463;	Site1_1;-101.5000
-79.01680075;-2.895284004;	Site1_1;-101.2500
-79.01653997;-2.895283546;	Site1_1;-101.0000
-79.01627918;-2.895283087;	Site1_1;-100.7500
-79.01601839;-2.895282628;	Site1_1;-100.4375
-79.01575760;-2.895282169;	Site1_1;-100.1250
-79.01549681;-2.89528171;	Site1_1;-99.8125
-79.01523602;-2.895281251;	Site1_1;-99.5625
-79.01497523;-2.895280792;	Site1_1;-99.1875
-79.01471445;-2.895280333;	Site1_1;-98.8750
-79.01445366;-2.895279874;	Site1_1;-98.5625
-79.01419287;-2.895279415;	Site1_1;-98.2500
-79.01393208;-2.895278956;	Site1_1;-97.9375
-79.01367129;-2.895278497;	Site1_1;-97.6250
-79.01341050;-2.895278037;	Site1_1;-97.2500
-79.01314972;-2.895277578;	Site1_1;-96.9375
-79.01288893;-2.895277118;	Site1_1;-96.5625
-79.01262814;-2.895276659;	Site1_1;-96.1875
-79.01236735;-2.895276199;	Site1_1;-95.8125
-79.01210656;-2.895275739;	Site1_1;-95.5000
-79.01184578;-2.89527528;	Site1_1;-95.1250
-79.01158499;-2.89527482;	Site1_1;-94.7500
-79.0113242;-2.89527436;	Site1_1;-94.3750
-79.01106341;-2.8952739;	Site1_1;-93.9375
-79.01080263;-2.89527344;	Site1_1;-93.5625
-79.01054184;-2.89527298;	Site1_1;-93.2500
-79.01028105;-2.89527252;	Site1_1;-92.8750
-79.01002026;-2.89527206;	Site1_1;-92.4375
-79.00975947;-2.8952716;	Site1_1;-92.0625
-79.00949869;-2.89527114;	Site1_1;-91.6875
-79.00923790;-2.895270679;	Site1_1;-91.2500
-79.00897711;-2.895270219;	Site1_1;-90.8750
-79.00871632;-2.895269758;	Site1_1;-90.4375
-79.00845554;-2.895269298;	Site1_1;-90.0000
-79.00819475;-2.895268837;	Site1_1;-89.5000
-79.00793396;-2.895268377;	Site1_1;-89.0000
-79.00767318;-2.895267916;	Site1_1;-88.6250
-79.00741239;-2.895267455;	Site1_1;-88.1875
-79.0071516;-2.895266994;	Site1_1;-87.6875
-79.00689081;-2.895266534;	Site1_1;-87.1875
-79.00663003;-2.895266073;	Site4_1;-86.0000
-79.00636924;-2.895265612;	Site4_1;-84.6875
-79.00610845;-2.895265151;	Site4_1;-83.3125
-79.00584767;-2.89526469;	Site4_1;-81.7500
-79.00558688;-2.895264228;	Site4_1;-80.1875
-79.00532609;-2.895263767;	Site4_1;-78.6250
-79.00506530;-2.895263306;	Site2_1;-72.3750
-79.00480452;-2.895262845;	Site2_1;-65.0000
-79.00454373;-2.895262383;	Site2_1;-62.6250
-79.00428294;-2.895261922;	Site2_1;-64.9375
-79.00402216;-2.89526146;	Site2_1;-58.8125
-79.00376137;-2.895260999;	Site2_1;-56.5625
-79.00350058;-2.895260537;	Site2_1;-57.0000
-79.00323980;-2.895260075;	Site2_1;-58.5625
-79.00297901;-2.895259613;	Site2_1;-60.5000
-79.00271823;-2.895259152;	Site4_1;-60.2500
-79.00245744;-2.89525869;	Site4_1;-59.4375
-79.00219665;-2.895258228;	Site4_1;-59.5000
-79.00193587;-2.895257766;	Site4_1;-60.3125
-79.00167508;-2.895257304;	Site4_1;-61.5625
-79.00141429;-2.895256842;	Site4_1;-63.3750
-79.00115351;-2.895256379;	Site4_1;-65.5000
-79.00089272;-2.895255917;	Site3_1;-66.8125
-79.00063193;-2.895255455;	Site3_1;-67.1875
-79.00037115;-2.895254992;	Site3_1;-68.8750
-79.00011036;-2.89525453;	Site3_1;-73.1875
-78.99984958;-2.895254067;	Site4_1;-77.1875
-78.99958879;-2.895253605;	Site4_1;-79.2500
-78.99932800;-2.895253142;	Site2_1;-80.8750
-78.99906722;-2.89525268;	Site2_1;-81.7500
-78.99880643;-2.895252217;	Site2_1;-82.6250
-78.99854565;-2.895251754;	Site2_1;-83.5000
-78.99828486;-2.895251291;	Site2_1;-84.3750
-78.99802408;-2.895250828;	Site2_1;-85.1875
-78.99776329;-2.895250365;	Site2_1;-85.9375
-78.99750250;-2.895249902;	Site2_1;-86.6250
-78.99724172;-2.895249439;	Site2_1;-87.3125
-78.99698093;-2.895248976;	Site2_1;-88.0000
-78.99672015;-2.895248513;	Site2_1;-88.6250
-78.99645936;-2.89524805;	Site2_1;-89.2500
-78.99619858;-2.895247586;	Site2_1;-89.8750
-78.99593779;-2.895247123;	Site2_1;-90.4375
-78.99567701;-2.895246659;	Site2_1;-91.0000
-78.99541622;-2.895246196;	Site2_1;-91.5625
-78.99515544;-2.895245732;	Site2_1;-92.0625
-78.99489465;-2.895245269;	Site2_1;-92.5625
-78.99463387;-2.895244805;	Site2_1;-93.0625
-78.99437308;-2.895244341;	Site2_1;-93.5000
-78.99411229;-2.895243877;	Site2_1;-94.0000
-78.99385151;-2.895243414;	Site2_1;-94.4375
-78.99359072;-2.89524295;	Site2_1;-94.8750
-78.99332994;-2.895242486;	Site2_1;-95.2500
-78.99306916;-2.895242022;	Site2_1;-95.6875
-78.99280837;-2.895241557;	Site2_1;-96.0625
-78.99254759;-2.895241093;	Site2_1;-96.5000
-78.9922868;-2.895240629;	Site2_1;-96.8750
-78.99202602;-2.895240165;	Site2_1;-97.2500
-78.99176523;-2.8952397;	Site0_1;-97.6875
-78.99150445;-2.895239236;	Site0_1;-98.0625
-78.99124366;-2.895238772;	Site0_1;-98.3750
-78.99098288;-2.895238307;	Site0_1;-98.6875
-78.99072209;-2.895237842;	Site0_1;-99.0000
-78.99046131;-2.895237378;	Site0_1;-99.3125
-78.99020052;-2.895236913;	Site0_1;-99.6875
-78.98993974;-2.895236448;	Site0_1;-100.0000
-78.98967895;-2.895235983;	Site0_1;-100.3750
-78.98941817;-2.895235518;	Site0_1;-100.6875
-78.98915739;-2.895235054;	Site0_1;-101.0000
-78.98889660;-2.895234589;	Site0_1;-101.2500
-78.98863582;-2.895234123;	Site0_1;-101.5625
-78.98837503;-2.895233658;	Site0_1;-101.8125
-79.01732279;-2.895022714;	Site1_1;-101.8750
-79.01706200;-2.895022256;	Site1_1;-101.6250
-79.01680121;-2.895021797;	Site1_1;-101.3125
-79.01654042;-2.895021339;	Site1_1;-101.0625
-79.01627963;-2.89502088;	Site1_1;-100.7500
-79.01601884;-2.895020422;	Site1_1;-100.5000
-79.01575806;-2.895019963;	Site1_1;-100.1875
-79.01549727;-2.895019504;	Site1_1;-99.8750
-79.01523648;-2.895019045;	Site1_1;-99.5625
-79.01497569;-2.895018586;	Site1_1;-99.2500
-79.01471490;-2.895018127;	Site1_1;-99.0000
-79.01445411;-2.895017668;	Site1_1;-98.6875
-79.01419333;-2.895017209;	Site1_1;-98.3750
-79.01393254;-2.89501675;	Site1_1;-98.0625
-79.01367175;-2.89501629;	Site1_1;-97.6875
-79.01341096;-2.895015831;	Site1_1;-97.3750
-79.01315017;-2.895015372;	Site1_1;-97.0000
-79.01288939;-2.895014912;	Site1_1;-96.6875
-79.01262860;-2.895014453;	Site1_1;-96.3750
-79.01236781;-2.895013993;	Site1_1;-96.0000
-79.01210702;-2.895013534;	Site1_1;-95.6250
-79.01184623;-2.895013074;	Site1_1;-95.2500
-79.01158545;-2.895012614;	Site1_1;-94.8750
-79.01132466;-2.895012154;	Site1_1;-94.5000
-79.01106387;-2.895011694;	Site1_1;-94.1875
-79.01080308;-2.895011235;	Site1_1;-93.8125
-79.01054229;-2.895010775;	Site1_1;-93.4375
-79.01028151;-2.895010315;	Site1_1;-93.0625
-79.01002072;-2.895009854;	Site1_1;-92.7500
-79.00975993;-2.895009394;	Site1_1;-92.3125
-79.00949914;-2.895008934;	Site1_1;-91.9375
-79.00923836;-2.895008474;	Site1_1;-91.5625
-79.00897757;-2.895008013;	Site1_1;-91.1250
-79.00871678;-2.895007553;	Site1_1;-90.6875
-79.00845600;-2.895007093;	Site1_1;-90.2500
-79.00819521;-2.895006632;	Site1_1;-89.8750
-79.00793442;-2.895006171;	Site1_1;-89.4375
-79.00767363;-2.895005711;	Site1_1;-89.0000
-79.00741285;-2.89500525;	Site1_1;-88.5625
-79.00715206;-2.895004789;	Site1_1;-88.1250
-79.00689127;-2.895004329;	Site1_1;-87.6875
-79.00663049;-2.895003868;	Site4_1;-86.4375
-79.00636970;-2.895003407;	Site4_1;-85.1250
-79.00610891;-2.895002946;	Site4_1;-83.7500
-79.00584812;-2.895002485;	Site4_1;-82.2500
-79.00558734;-2.895002024;	Site4_1;-80.6875
-79.00532655;-2.895001562;	Site2_1;-77.3750
-79.00506576;-2.895001101;	Site4_1;-77.2500
-79.00480498;-2.89500064;	Site2_1;-68.4375
-79.00454419;-2.895000178;	Site2_1;-63.7500
-79.00428340;-2.894999717;	Site2_1;-57.6875
-79.00402262;-2.894999256;	Site2_1;-62.4375
-79.00376183;-2.894998794;	Site2_1;-57.5000
-79.00350104;-2.894998332;	Site2_1;-57.3750
-79.00324026;-2.894997871;	Site2_1;-58.8125
-79.00297947;-2.894997409;	Site4_1;-60.4375
-79.00271868;-2.894996947;	Site4_1;-58.7500
-79.00245790;-2.894996485;	Site4_1;-57.6875
-79.00219711;-2.894996023;	Site4_1;-57.7500
-79.00193633;-2.894995561;	Site4_1;-58.6875
-79.00167554;-2.894995099;	Site4_1;-60.2500
-79.00141475;-2.894994637;	Site4_1;-62.3125
-79.00115397;-2.894994175;	Site4_1;-64.8750
-79.00089318;-2.894993713;	Site4_1;-67.5000
-79.00063239;-2.894993251;	Site4_1;-70.1250
-79.00037161;-2.894992788;	Site3_1;-72.0000
-79.00011082;-2.894992326;	Site3_1;-74.9375
-78.99985004;-2.894991864;	Site4_1;-77.5625
-78.99958925;-2.894991401;	Site4_1;-79.6875
-78.99932846;-2.894990938;	Site2_1;-81.1250
-78.99906768;-2.894990476;	Site2_1;-82.0000
-78.99880689;-2.894990013;	Site2_1;-82.8750
-78.99854611;-2.89498955;	Site2_1;-83.7500
-78.99828532;-2.894989088;	Site2_1;-84.6250
-78.99802454;-2.894988625;	Site2_1;-85.3750
-78.99776375;-2.894988162;	Site2_1;-86.1250
-78.99750296;-2.894987699;	Site2_1;-86.8125
-78.99724218;-2.894987236;	Site2_1;-87.5000
-78.99698139;-2.894986773;	Site2_1;-88.1875
-78.99672061;-2.894986309;	Site2_1;-88.8125
-78.99645982;-2.894985846;	Site2_1;-89.4375
-78.99619904;-2.894985383;	Site2_1;-90.0000
-78.99593825;-2.89498492;	Site2_1;-90.5625
-78.99567747;-2.894984456;	Site2_1;-91.1250
-78.99541668;-2.894983993;	Site2_1;-91.6875
-78.99515590;-2.894983529;	Site2_1;-92.1875
-78.99489511;-2.894983066;	Site2_1;-92.6875
-78.99463433;-2.894982602;	Site2_1;-93.1875
-78.99437354;-2.894982138;	Site2_1;-93.6250
-78.99411276;-2.894981674;	Site2_1;-94.1250
-78.99385197;-2.894981211;	Site2_1;-94.5625
-78.99359119;-2.894980747;	Site0_1;-95.0000
-78.99333040;-2.894980283;	Site0_1;-95.4375
-78.99306962;-2.894979819;	Site0_1;-95.8125
-78.99280883;-2.894979355;	Site0_1;-96.2500
-78.99254805;-2.894978891;	Site0_1;-96.6250
-78.99228726;-2.894978426;	Site0_1;-97.0000
-78.99202648;-2.894977962;	Site0_1;-97.3750
-78.99176569;-2.894977498;	Site0_1;-97.7500
-78.99150491;-2.894977033;	Site0_1;-98.0625
-78.99124412;-2.894976569;	Site0_1;-98.4375
-78.99098334;-2.894976104;	Site0_1;-98.7500
-78.99072255;-2.89497564;	Site0_1;-99.1250
-78.99046177;-2.894975175;	Site0_1;-99.4375
-78.99020099;-2.894974711;	Site0_1;-99.6875
-78.98994020;-2.894974246;	Site0_1;-100.0000
-78.98967942;-2.894973781;	Site0_1;-100.3125
-78.98941863;-2.894973316;	Site0_1;-100.6250
-78.98915785;-2.894972851;	Site0_1;-100.9375
-78.98889706;-2.894972386;	Site0_1;-101.2500
-78.98863628;-2.894971921;	Site0_1;-101.5625
-78.98837550;-2.894971456;	Site0_1;-101.8125
-79.01732324;-2.894760508;	Site1_1;-101.9375
-79.01706246;-2.894760049;	Site1_1;-101.6250
-79.01680167;-2.894759591;	Site1_1;-101.3750
-79.01654088;-2.894759132;	Site1_1;-101.1250
-79.01628009;-2.894758674;	Site1_1;-100.8125
-79.0160193;-2.894758215;	Site1_1;-100.5000
-79.01575851;-2.894757756;	Site1_1;-100.2500
-79.01549772;-2.894757297;	Site1_1;-99.9375
-79.01523694;-2.894756839;	Site1_1;-99.6875
-79.01497615;-2.89475638;	Site1_1;-99.4375
-79.01471536;-2.894755921;	Site1_1;-99.1250
-79.01445457;-2.894755462;	Site1_1;-98.8125
-79.01419378;-2.894755003;	Site1_1;-98.4375
-79.01393299;-2.894754543;	Site1_1;-98.1250
-79.01367221;-2.894754084;	Site1_1;-97.8125
-79.01341142;-2.894753625;	Site1_1;-97.5000
-79.01315063;-2.894753166;	Site1_1;-97.1875
-79.01288984;-2.894752706;	Site1_1;-96.8125
-79.01262905;-2.894752247;	Site1_1;-96.4375
-79.01236827;-2.894751787;	Site1_1;-96.1250
-79.01210748;-2.894751328;	Site1_1;-95.7500
-79.01184669;-2.894750868;	Site1_1;-95.4375
-79.01158590;-2.894750408;	Site1_1;-95.0625
-79.01132512;-2.894749949;	Site1_1;-94.7500
-79.01106433;-2.894749489;	Site1_1;-94.3750
-79.01080354;-2.894749029;	Site1_1;-94.0625
-79.01054275;-2.894748569;	Site1_1;-93.6875
-79.01028196;-2.894748109;	Site1_1;-93.3750
-79.01002118;-2.894747649;	Site1_1;-93.0000
-79.00976039;-2.894747189;	Site1_1;-92.6250
-79.00949960;-2.894746729;	Site1_1;-92.2500
-79.00923882;-2.894746268;	Site1_1;-91.8125
-79.00897803;-2.894745808;	Site1_1;-91.3750
-79.00871724;-2.894745348;	Site1_1;-91.0625
-79.00845645;-2.894744887;	Site1_1;-90.6875
-79.00819567;-2.894744427;	Site1_1;-90.2500
-79.00793488;-2.894743966;	Site1_1;-89.8125
-79.00767409;-2.894743506;	Site1_1;-89.4375
-79.00741330;-2.894743045;	Site1_1;-89.0000
-79.00715252;-2.894742584;	Site1_1;-88.6250
-79.00689173;-2.894742123;	Site1_1;-88.1875
-79.00663094;-2.894741663;	Site4_1;-87.1250
-79.00637016;-2.894741202;	Site4_1;-85.8125
-79.00610937;-2.894740741;	Site4_1;-84.3750
-79.00584858;-2.89474028;	Site4_1;-82.8125
-79.00558780;-2.894739819;	Site4_1;-81.3125
-79.00532701;-2.894739358;	Site4_1;-79.6250
-79.00506622;-2.894738896;	Site2_1;-68.6875
-79.00480544;-2.894738435;	Site2_1;-56.2500
-79.00454465;-2.894737974;	Site2_1;-71.1875
-79.00428386;-2.894737512;	Site2_1;-58.7500
-79.00402308;-2.894737051;	Site2_1;-63.6875
-79.00376229;-2.894736589;	Site2_1;-60.0000
-79.00350150;-2.894736128;	Site2_1;-58.6875
-79.00324072;-2.894735666;	Site2_1;-59.7500
-79.00297993;-2.894735205;	Site4_1;-59.7500
-79.00271914;-2.894734743;	Site4_1;-57.9375
-79.00245836;-2.894734281;	Site4_1;-56.7500
-79.00219757;-2.894733819;	Site4_1;-56.6875
-79.00193678;-2.894733357;	Site4_1;-57.8125
-79.00167600;-2.894732895;	Site4_1;-59.6875
-79.00141521;-2.894732433;	Site4_1;-62.1250
-79.00115443;-2.894731971;	Site4_1;-64.8125
-79.00089364;-2.894731509;	Site4_1;-67.6250
-79.00063285;-2.894731047;	Site4_1;-70.5000
-79.00037207;-2.894730584;	Site4_1;-73.2500
-79.00011128;-2.894730122;	Site4_1;-75.7500
-78.99985050;-2.89472966;	Site4_1;-78.1250
-78.99958971;-2.894729197;	Site4_1;-80.3750
-78.99932892;-2.894728735;	Site2_1;-81.4375
-78.99906814;-2.894728272;	Site2_1;-82.3125
-78.99880735;-2.894727809;	Site2_1;-83.1875
-78.99854657;-2.894727347;	Site2_1;-84.0625
-78.99828578;-2.894726884;	Site2_1;-84.8750
-78.99802500;-2.894726421;	Site2_1;-85.6250
-78.99776421;-2.894725958;	Site2_1;-86.3750
-78.99750343;-2.894725495;	Site2_1;-87.1250
-78.99724264;-2.894725032;	Site2_1;-87.8125
-78.99698185;-2.894724569;	Site2_1;-88.4375
-78.99672107;-2.894724106;	Site2_1;-89.0625
-78.99646028;-2.894723643;	Site2_1;-89.6875
-78.99619950;-2.89472318;	Site2_1;-90.2500
-78.99593871;-2.894722716;	Site2_1;-90.8750
-78.99567793;-2.894722253;	Site2_1;-91.3750
-78.99541714;-2.894721789;	Site2_1;-91.9375
-78.99515636;-2.894721326;	Site2_1;-92.4375
-78.99489557;-2.894720862;	Site2_1;-92.9375
-78.99463479;-2.894720399;	Site2_1;-93.3750
-78.99437400;-2.894719935;	Site0_1;-93.8750
-78.99411322;-2.894719471;	Site0_1;-94.2500
-78.99385243;-2.894719008;	Site0_1;-94.6875
-78.99359165;-2.894718544;	Site0_1;-95.0625
-78.99333086;-2.89471808;	Site0_1;-95.5000
-78.99307008;-2.894717616;	Site0_1;-95.8750
-78.99280929;-2.894717152;	Site0_1;-96.2500
-78.99254851;-2.894716688;	Site0_1;-96.6875
-78.99228772;-2.894716224;	Site0_1;-97.0625
-78.99202694;-2.894715759;	Site0_1;-97.3750
-78.99176615;-2.894715295;	Site0_1;-97.7500
-78.99150537;-2.894714831;	Site0_1;-98.1250
-78.99124459;-2.894714366;	Site0_1;-98.4375
-78.99098380;-2.894713902;	Site0_1;-98.8125
-78.99072302;-2.894713437;	Site0_1;-99.1250
-78.99046223;-2.894712973;	Site0_1;-99.4375
-78.99020145;-2.894712508;	Site0_1;-99.7500
-78.98994066;-2.894712044;	Site0_1;-100.0625
-78.98967988;-2.894711579;	Site0_1;-100.3750
-78.98941910;-2.894711114;	Site0_1;-100.6875
-78.98915831;-2.894710649;	Site0_1;-100.9375
-78.98889753;-2.894710184;	Site0_1;-101.2500
-78.98863674;-2.894709719;	Site0_1;-101.5000
-78.98837596;-2.894709254;	Site0_1;-101.7500
-79.01732370;-2.894498301;	Site1_1;-101.9375
-79.01706291;-2.894497843;	Site1_1;-101.6875
-79.01680212;-2.894497384;	Site1_1;-101.4375
-79.01654133;-2.894496926;	Site1_1;-101.1875
-79.01628055;-2.894496467;	Site1_1;-100.8750
-79.01601976;-2.894496008;	Site1_1;-100.6250
-79.01575897;-2.89449555;	Site1_1;-100.3750
-79.01549818;-2.894495091;	Site1_1;-100.0625
-79.01523739;-2.894494632;	Site1_1;-99.8125
-79.01497660;-2.894494173;	Site1_1;-99.5000
-79.01471582;-2.894493714;	Site1_1;-99.1875
-79.01445503;-2.894493255;	Site1_1;-98.8750
-79.01419424;-2.894492796;	Site1_1;-98.6250
-79.01393345;-2.894492337;	Site1_1;-98.3125
-79.01367266;-2.894491878;	Site1_1;-97.9375
-79.01341188;-2.894491419;	Site1_1;-97.6250
-79.01315109;-2.89449096;	Site1_1;-97.3125
-79.01289030;-2.8944905;	Site1_1;-97.0000
-79.01262951;-2.894490041;	Site1_1;-96.6250
-79.01236872;-2.894489581;	Site1_1;-96.3125
-79.01210794;-2.894489122;	Site1_1;-96.0000
-79.01184715;-2.894488662;	Site1_1;-95.6250
-79.01158636;-2.894488202;	Site1_1;-95.3125
-79.01132557;-2.894487743;	Site1_1;-94.9375
-79.01106479;-2.894487283;	Site1_1;-94.6250
-79.01080400;-2.894486823;	Site1_1;-94.3125
-79.01054321;-2.894486363;	Site1_1;-93.9375
-79.01028242;-2.894485903;	Site1_1;-93.6250
-79.01002163;-2.894485443;	Site1_1;-93.2500
-79.00976085;-2.894484983;	Site1_1;-92.8750
-79.00950006;-2.894484523;	Site1_1;-92.4375
-79.00923927;-2.894484063;	Site1_1;-92.1250
-79.00897849;-2.894483603;	Site1_1;-91.8125
-79.00871770;-2.894483142;	Site1_1;-91.3750
-79.00845691;-2.894482682;	Site1_1;-91.0000
-79.00819612;-2.894482221;	Site1_1;-90.6250
-79.00793534;-2.894481761;	Site1_1;-90.1875
-79.00767455;-2.8944813;	Site1_1;-89.8750
-79.00741376;-2.89448084;	Site1_1;-89.5000
-79.00715298;-2.894480379;	Site1_1;-89.1250
-79.00689219;-2.894479918;	Site3_1;-88.6875
-79.00663140;-2.894479458;	Site4_1;-87.8750
-79.00637061;-2.894478997;	Site4_1;-86.5625
-79.00610983;-2.894478536;	Site4_1;-85.1875
-79.00584904;-2.894478075;	Site4_1;-83.6875
-79.00558825;-2.894477614;	Site4_1;-82.1250
-79.00532747;-2.894477153;	Site4_1;-80.4375
-79.00506668;-2.894476692;	Site2_1;-76.6875
-79.00480589;-2.89447623;	Site2_1;-46.6875
-79.00454511;-2.894475769;	Site2_1;-61.6250
-79.00428432;-2.894475308;	Site2_1;-63.0625
-79.00402353;-2.894474846;	Site2_1;-65.3125
-79.00376275;-2.894474385;	Site2_1;-63.0000
-79.00350196;-2.894473923;	Site2_1;-60.8750
-79.00324118;-2.894473462;	Site2_1;-61.5000
-79.00298039;-2.894473;	Site4_1;-60.0000
-79.00271960;-2.894472538;	Site4_1;-58.5000
-79.00245882;-2.894472077;	Site4_1;-57.8125
-79.00219803;-2.894471615;	Site4_1;-58.1875
-79.00193724;-2.894471153;	Site4_1;-59.6875
-79.00167646;-2.894470691;	Site4_1;-61.2500
-79.00141567;-2.894470229;	Site4_1;-63.3125
-79.00115489;-2.894469767;	Site4_1;-65.8750
-79.0008941;-2.894469305;	Site4_1;-68.6875
-79.00063331;-2.894468843;	Site4_1;-71.4375
-79.00037253;-2.89446838;	Site4_1;-74.1875
-79.00011174;-2.894467918;	Site4_1;-76.7500
-78.99985096;-2.894467456;	Site4_1;-79.0000
-78.99959017;-2.894466993;	Site2_1;-80.9375
-78.99932938;-2.894466531;	Site2_1;-81.8125
-78.99906860;-2.894466068;	Site2_1;-82.6875
-78.99880781;-2.894465606;	Site2_1;-83.5625
-78.99854703;-2.894465143;	Site2_1;-84.3750
-78.99828624;-2.89446468;	Site2_1;-85.1875
-78.99802546;-2.894464217;	Site2_1;-85.9375
-78.99776467;-2.894463755;	Site2_1;-86.6875
-78.99750389;-2.894463292;	Site2_1;-87.3750
-78.9972431;-2.894462829;	Site2_1;-88.0625
-78.99698232;-2.894462366;	Site2_1;-88.7500
-78.99672153;-2.894461903;	Site2_1;-89.3750
-78.99646074;-2.894461439;	Site2_1;-89.9375
-78.99619996;-2.894460976;	Site2_1;-90.5000
-78.99593917;-2.894460513;	Site2_1;-91.0625
-78.99567839;-2.89446005;	Site2_1;-91.6250
-78.99541760;-2.894459586;	Site2_1;-92.1250
-78.99515682;-2.894459123;	Site2_1;-92.6250
-78.99489603;-2.894458659;	Site2_1;-93.1250
-78.99463525;-2.894458196;	Site0_1;-93.5625
-78.99437446;-2.894457732;	Site0_1;-94.0000
-78.99411368;-2.894457268;	Site0_1;-94.3750
-78.99385289;-2.894456805;	Site0_1;-94.7500
-78.99359211;-2.894456341;	Site0_1;-95.1250
-78.99333132;-2.894455877;	Site0_1;-95.5625
-78.99307054;-2.894455413;	Site0_1;-95.9375
-78.99280975;-2.894454949;	Site0_1;-96.3125
-78.99254897;-2.894454485;	Site0_1;-96.6875
-78.99228819;-2.894454021;	Site0_1;-97.0625
-78.99202740;-2.894453557;	Site0_1;-97.4375
-78.99176662;-2.894453093;	Site0_1;-97.8125
-78.99150583;-2.894452628;	Site0_1;-98.1250
-78.99124505;-2.894452164;	Site0_1;-98.5000
-78.99098426;-2.894451699;	Site0_1;-98.8125
-78.99072348;-2.894451235;	Site0_1;-99.1875
-78.99046269;-2.89445077;	Site0_1;-99.5000
-78.99020191;-2.894450306;	Site0_1;-99.8125
-78.98994113;-2.894449841;	Site0_1;-100.1250
-78.98968034;-2.894449376;	Site0_1;-100.4375
-78.98941956;-2.894448912;	Site0_1;-100.6875
-78.98915877;-2.894448447;	Site0_1;-101.0000
-78.98889799;-2.894447982;	Site0_1;-101.3125
-78.98863721;-2.894447517;	Site0_1;-101.5625
-78.98837642;-2.894447052;	Site0_1;-101.8750
-79.01732416;-2.894236094;	Site1_1;-102.0000
-79.01706337;-2.894235636;	Site1_1;-101.8125
-79.01680258;-2.894235178;	Site1_1;-101.5625
-79.01654179;-2.894234719;	Site1_1;-101.3125
-79.01628100;-2.894234261;	Site1_1;-101.0000
-79.01602021;-2.894233802;	Site1_1;-100.7500
-79.01575942;-2.894233343;	Site1_1;-100.4375
-79.01549864;-2.894232885;	Site1_1;-100.1250
-79.01523785;-2.894232426;	Site1_1;-99.8750
-79.01497706;-2.894231967;	Site1_1;-99.6250
-79.01471627;-2.894231508;	Site1_1;-99.3125
-79.01445548;-2.894231049;	Site1_1;-99.0000
-79.01419470;-2.89423059;	Site1_1;-98.6875
-79.01393391;-2.894230131;	Site1_1;-98.3750
-79.01367312;-2.894229672;	Site1_1;-98.0625
-79.01341233;-2.894229213;	Site1_1;-97.7500
-79.01315154;-2.894228753;	Site1_1;-97.5000
-79.01289076;-2.894228294;	Site1_1;-97.1875
-79.01262997;-2.894227835;	Site1_1;-96.8750
-79.01236918;-2.894227375;	Site1_1;-96.5625
-79.01210839;-2.894226916;	Site1_1;-96.1875
-79.01184761;-2.894226456;	Site1_1;-95.8750
-79.01158682;-2.894225997;	Site1_1;-95.5625
-79.01132603;-2.894225537;	Site1_1;-95.1875
-79.01106524;-2.894225077;	Site1_1;-94.8750
-79.01080445;-2.894224617;	Site1_1;-94.5625
-79.01054367;-2.894224158;	Site1_1;-94.1875
-79.01028288;-2.894223698;	Site1_1;-93.8125
-79.01002209;-2.894223238;	Site1_1;-93.4375
-79.00976131;-2.894222778;	Site1_1;-93.1250
-79.00950052;-2.894222318;	Site1_1;-92.8125
-79.00923973;-2.894221857;	Site1_1;-92.4375
-79.00897894;-2.894221397;	Site1_1;-92.1250
-79.00871816;-2.894220937;	Site1_1;-91.7500
-79.00845737;-2.894220477;	Site1_1;-91.3750
-79.00819658;-2.894220016;	Site1_1;-91.0000
-79.00793579;-2.894219556;	Site1_1;-90.6875
-79.00767501;-2.894219095;	Site1_1;-90.3125
-79.00741422;-2.894218635;	Site1_1;-90.0000
-79.00715343;-2.894218174;	Site1_1;-89.6250
-79.00689265;-2.894217713;	Site3_1;-89.1250
-79.00663186;-2.894217253;	Site3_1;-88.5625
-79.00637107;-2.894216792;	Site4_1;-87.4375
-79.00611029;-2.894216331;	Site4_1;-86.0625
-79.00584950;-2.89421587;	Site4_1;-84.6250
-79.00558871;-2.894215409;	Site4_1;-83.1250
-79.00532793;-2.894214948;	Site4_1;-81.5000
-79.00506714;-2.894214487;	Site4_1;-79.6250
-79.00480635;-2.894214026;	Site2_1;-76.3125
-79.00454557;-2.894213564;	Site2_1;-74.4375
-79.00428478;-2.894213103;	Site2_1;-65.1875
-79.00402399;-2.894212642;	Site2_1;-70.6875
-79.00376321;-2.89421218;	Site2_1;-66.1250
-79.00350242;-2.894211719;	Site2_1;-63.7500
-79.00324163;-2.894211257;	Site4_1;-63.7500
-79.00298085;-2.894210796;	Site4_1;-62.2500
-79.00272006;-2.894210334;	Site4_1;-62.4375
-79.00245928;-2.894209872;	Site4_1;-64.2500
-79.00219849;-2.89420941;	Site4_1;-63.1250
-79.00193770;-2.894208949;	Site4_1;-64.0625
-79.00167692;-2.894208487;	Site4_1;-67.0625
-79.00141613;-2.894208025;	Site4_1;-67.6875
-79.00115535;-2.894207563;	Site4_1;-68.6875
-79.00089456;-2.894207101;	Site4_1;-70.7500
-79.00063377;-2.894206639;	Site4_1;-73.1875
-79.00037299;-2.894206176;	Site4_1;-75.6250
-79.00011220;-2.894205714;	Site4_1;-77.9375
-78.99985142;-2.894205252;	Site4_1;-80.0625
-78.99959063;-2.894204789;	Site2_1;-81.4375
-78.99932984;-2.894204327;	Site2_1;-82.3125
-78.99906906;-2.894203864;	Site2_1;-83.1875
-78.99880827;-2.894203402;	Site2_1;-83.9375
-78.99854749;-2.894202939;	Site2_1;-84.8125
-78.99828670;-2.894202477;	Site2_1;-85.5625
-78.99802592;-2.894202014;	Site2_1;-86.3125
-78.99776513;-2.894201551;	Site2_1;-87.0625
-78.99750435;-2.894201088;	Site2_1;-87.7500
-78.99724356;-2.894200625;	Site2_1;-88.3750
-78.99698278;-2.894200162;	Site2_1;-89.0000
-78.99672199;-2.894199699;	Site2_1;-89.6250
-78.99646121;-2.894199236;	Site2_1;-90.1875
-78.99620042;-2.894198773;	Site2_1;-90.7500
-78.99593963;-2.89419831;	Site2_1;-91.3125
-78.99567885;-2.894197846;	Site2_1;-91.8750
-78.99541806;-2.894197383;	Site2_1;-92.3750
-78.99515728;-2.89419692;	Site2_1;-92.8750
-78.99489649;-2.894196456;	Site2_1;-93.3125
-78.99463571;-2.894195993;	Site0_1;-93.7500
-78.99437492;-2.894195529;	Site0_1;-94.1250
-78.99411414;-2.894195065;	Site0_1;-94.5000
-78.99385336;-2.894194602;	Site0_1;-94.8750
-78.99359257;-2.894194138;	Site0_1;-95.2500
-78.99333179;-2.894193674;	Site0_1;-95.6250
-78.99307100;-2.89419321;	Site0_1;-96.0000
-78.99281022;-2.894192746;	Site0_1;-96.3750
-78.99254943;-2.894192282;	Site0_1;-96.7500
-78.99228865;-2.894191818;	Site0_1;-97.1250
-78.99202786;-2.894191354;	Site0_1;-97.5000
-78.99176708;-2.89419089;	Site0_1;-97.8750
-78.99150629;-2.894190426;	Site0_1;-98.1875
-78.99124551;-2.894189961;	Site0_1;-98.5625
-78.99098473;-2.894189497;	Site0_1;-98.8750
-78.99072394;-2.894189033;	Site0_1;-99.1875
-78.99046316;-2.894188568;	Site0_1;-99.5000
-78.99020237;-2.894188103;	Site0_1;-99.8125
-78.98994159;-2.894187639;	Site0_1;-100.1250
-78.98968080;-2.894187174;	Site0_1;-100.4375
-78.98942002;-2.894186709;	Site0_1;-100.7500
-78.98915924;-2.894186245;	Site0_1;-101.0625
-78.98889845;-2.89418578;	Site0_1;-101.3125
-78.98863767;-2.894185315;	Site0_1;-101.6250
-78.98837688;-2.89418485;	Site0_1;-101.8750
-79.01706382;-2.893973429;	Site1_1;-101.8750
-79.01680303;-2.893972971;	Site1_1;-101.6250
-79.01654225;-2.893972512;	Site1_1;-101.3125
-79.01628146;-2.893972054;	Site1_1;-101.0625
-79.01602067;-2.893971595;	Site1_1;-100.8125
-79.01575988;-2.893971137;	Site1_1;-100.5625
-79.01549909;-2.893970678;	Site1_1;-100.3125
-79.01523830;-2.893970219;	Site1_1;-100.0000
-79.01497752;-2.893969761;	Site1_1;-99.6875
-79.01471673;-2.893969302;	Site1_1;-99.3750
-79.01445594;-2.893968843;	Site1_1;-99.1250
-79.01419515;-2.893968384;	Site1_1;-98.8125
-79.01393436;-2.893967925;	Site1_1;-98.5625
-79.01367358;-2.893967466;	Site1_1;-98.2500
-79.01341279;-2.893967007;	Site1_1;-97.9375
-79.013152;-2.893966547;	Site1_1;-97.6875
-79.01289121;-2.893966088;	Site1_1;-97.3750
-79.01263043;-2.893965629;	Site1_1;-97.0625
-79.01236964;-2.893965169;	Site1_1;-96.7500
-79.01210885;-2.89396471;	Site1_1;-96.4375
-79.01184806;-2.89396425;	Site1_1;-96.1250
-79.01158727;-2.893963791;	Site1_1;-95.7500
-79.01132649;-2.893963331;	Site1_1;-95.4375
-79.01106570;-2.893962872;	Site1_1;-95.1250
-79.01080491;-2.893962412;	Site1_1;-94.7500
-79.01054412;-2.893961952;	Site1_1;-94.3750
-79.01028334;-2.893961492;	Site1_1;-94.1250
-79.01002255;-2.893961032;	Site1_1;-93.8125
-79.00976176;-2.893960572;	Site1_1;-93.4375
-79.00950098;-2.893960112;	Site1_1;-93.1250
-79.00924019;-2.893959652;	Site1_1;-92.7500
-79.00897940;-2.893959192;	Site1_1;-92.4375
-79.00871861;-2.893958732;	Site1_1;-92.0625
-79.00845783;-2.893958271;	Site1_1;-91.7500
-79.00819704;-2.893957811;	Site1_1;-91.4375
-79.00793625;-2.893957351;	Site1_1;-91.1250
-79.00767547;-2.89395689;	Site1_1;-90.8125
-79.00741468;-2.89395643;	Site1_1;-90.4375
-79.00715389;-2.893955969;	Site3_1;-90.1250
-79.00689311;-2.893955508;	Site3_1;-89.6250
-79.00663232;-2.893955048;	Site3_1;-89.0625
-79.00637153;-2.893954587;	Site4_1;-88.5000
-79.00611074;-2.893954126;	Site4_1;-87.1250
-79.00584996;-2.893953665;	Site4_1;-85.7500
-79.00558917;-2.893953204;	Site4_1;-84.3125
-79.00532838;-2.893952743;	Site4_1;-82.7500
-79.00506760;-2.893952282;	Site2_1;-79.5625
-79.00480681;-2.893951821;	Site2_1;-76.6875
-79.00454603;-2.89395136;	Site2_1;-73.4375
-79.00428524;-2.893950898;	Site2_1;-74.8750
-79.00402445;-2.893950437;	Site4_1;-72.8750
-79.00376367;-2.893949976;	Site2_1;-68.8125
-79.00350288;-2.893949514;	Site2_1;-66.8750
-79.00324209;-2.893949053;	Site2_1;-66.6875
-79.00298131;-2.893948591;	Site4_1;-67.3750
-79.00272052;-2.89394813;	Site4_1;-66.4375
-79.00245974;-2.893947668;	Site4_1;-57.6875
-79.00219895;-2.893947206;	Site4_1;-59.6875
-79.00193816;-2.893946744;	Site4_1;-59.7500
-79.00167738;-2.893946282;	Site4_1;-62.3125
-79.00141659;-2.893945821;	Site4_1;-72.8750
-79.00115581;-2.893945359;	Site4_1;-73.9375
-79.00089502;-2.893944897;	Site4_1;-73.8125
-79.00063423;-2.893944434;	Site4_1;-75.5000
-79.00037345;-2.893943972;	Site4_1;-77.4375
-79.00011266;-2.89394351;	Site4_1;-79.5000
-78.99985188;-2.893943048;	Site2_1;-81.2500
-78.99959109;-2.893942585;	Site2_1;-82.1250
-78.99933030;-2.893942123;	Site2_1;-83.0000
-78.99906952;-2.893941661;	Site2_1;-83.8125
-78.99880873;-2.893941198;	Site2_1;-84.5625
-78.99854795;-2.893940735;	Site2_1;-85.3750
-78.99828716;-2.893940273;	Site2_1;-86.1250
-78.99802638;-2.89393981;	Site2_1;-86.8125
-78.99776559;-2.893939347;	Site2_1;-87.5000
-78.99750481;-2.893938885;	Site2_1;-88.1875
-78.99724402;-2.893938422;	Site2_1;-88.8125
-78.99698324;-2.893937959;	Site2_1;-89.3750
-78.99672245;-2.893937496;	Site2_1;-90.0000
-78.99646167;-2.893937033;	Site2_1;-90.5625
-78.99620088;-2.89393657;	Site2_1;-91.0625
-78.99594010;-2.893936106;	Site2_1;-91.6250
-78.99567931;-2.893935643;	Site2_1;-92.1250
-78.99541853;-2.89393518;	Site2_1;-92.6250
-78.99515774;-2.893934716;	Site0_1;-93.1250
-78.99489696;-2.893934253;	Site0_1;-93.5000
-78.99463617;-2.89393379;	Site0_1;-93.8750
-78.99437539;-2.893933326;	Site0_1;-94.2500
-78.99411460;-2.893932862;	Site0_1;-94.6250
-78.99385382;-2.893932399;	Site0_1;-95.0000
-78.99359303;-2.893931935;	Site0_1;-95.3750
-78.99333225;-2.893931471;	Site0_1;-95.7500
-78.99307146;-2.893931007;	Site0_1;-96.1875
-78.99281068;-2.893930543;	Site0_1;-96.5000
-78.99254989;-2.893930079;	Site0_1;-96.8125
-78.99228911;-2.893929615;	Site0_1;-97.1875
-78.99202832;-2.893929151;	Site0_1;-97.5625
-78.99176754;-2.893928687;	Site0_1;-97.8750
-78.99150676;-2.893928223;	Site0_1;-98.2500
-78.99124597;-2.893927759;	Site0_1;-98.5625
-78.99098519;-2.893927294;	Site0_1;-98.9375
-78.99072440;-2.89392683;	Site0_1;-99.2500
-78.99046362;-2.893926366;	Site0_1;-99.5625
-78.99020283;-2.893925901;	Site0_1;-99.8750
-78.98994205;-2.893925437;	Site0_1;-100.1875
-78.98968127;-2.893924972;	Site0_1;-100.5000
-78.98942048;-2.893924507;	Site0_1;-100.7500
-78.98915970;-2.893924042;	Site0_1;-101.0625
-78.98889891;-2.893923578;	Site0_1;-101.3750
-78.98863813;-2.893923113;	Site0_1;-101.6250
-78.98837735;-2.893922648;	Site0_1;-101.9375
-79.01706428;-2.893711223;	Site1_1;-101.9375
-79.01680349;-2.893710764;	Site1_1;-101.6875
-79.01654270;-2.893710306;	Site1_1;-101.4375
-79.01628191;-2.893709847;	Site1_1;-101.1875
-79.01602113;-2.893709389;	Site1_1;-100.9375
-79.01576034;-2.89370893;	Site1_1;-100.6250
-79.01549955;-2.893708472;	Site1_1;-100.3750
-79.01523876;-2.893708013;	Site1_1;-100.0625
-79.01497797;-2.893707554;	Site1_1;-99.8125
-79.01471718;-2.893707095;	Site1_1;-99.5625
-79.01445640;-2.893706637;	Site1_1;-99.3125
-79.01419561;-2.893706178;	Site1_1;-99.0000
-79.01393482;-2.893705719;	Site1_1;-98.7500
-79.01367403;-2.89370526;	Site1_1;-98.4375
-79.01341325;-2.8937048;	Site1_1;-98.1250
-79.01315246;-2.893704341;	Site1_1;-97.8750
-79.01289167;-2.893703882;	Site1_1;-97.5625
-79.01263088;-2.893703423;	Site1_1;-97.2500
-79.01237009;-2.893702963;	Site1_1;-96.9375
-79.01210931;-2.893702504;	Site1_1;-96.6250
-79.01184852;-2.893702045;	Site1_1;-96.3125
-79.01158773;-2.893701585;	Site1_1;-96.0000
-79.01132694;-2.893701125;	Site1_1;-95.6250
-79.01106616;-2.893700666;	Site1_1;-95.2500
-79.01080537;-2.893700206;	Site1_1;-95.0000
-79.01054458;-2.893699746;	Site1_1;-94.7500
-79.01028379;-2.893699286;	Site1_1;-94.4375
-79.01002301;-2.893698827;	Site1_1;-94.0625
-79.00976222;-2.893698367;	Site1_1;-93.7500
-79.00950143;-2.893697907;	Site1_1;-93.4375
-79.00924065;-2.893697447;	Site1_1;-93.0625
-79.00897986;-2.893696986;	Site1_1;-92.7500
-79.00871907;-2.893696526;	Site1_1;-92.5000
-79.00845828;-2.893696066;	Site1_1;-92.1875
-79.00819750;-2.893695606;	Site1_1;-91.8750
-79.00793671;-2.893695145;	Site1_1;-91.5625
-79.00767592;-2.893694685;	Site1_1;-91.2500
-79.00741514;-2.893694224;	Site1_1;-91.0000
-79.00715435;-2.893693764;	Site3_1;-90.6250
-79.00689356;-2.893693303;	Site3_1;-90.1875
-79.00663278;-2.893692843;	Site3_1;-89.6875
-79.00637199;-2.893692382;	Site3_1;-89.1875
-79.00611120;-2.893691921;	Site4_1;-88.3125
-79.00585042;-2.89369146;	Site4_1;-87.0625
-79.00558963;-2.893690999;	Site4_1;-85.6875
-79.00532884;-2.893690538;	Site4_1;-84.2500
-79.00506806;-2.893690077;	Site4_1;-82.6250
-79.00480727;-2.893689616;	Site4_1;-80.9375
-79.00454648;-2.893689155;	Site4_1;-79.1250
-79.00428570;-2.893688694;	Site4_1;-77.2500
-79.00402491;-2.893688232;	Site4_1;-75.2500
-79.00376413;-2.893687771;	Site2_1;-71.6250
-79.00350334;-2.89368731;	Site2_1;-70.0625
-79.00324255;-2.893686848;	Site2_1;-69.7500
-79.00298177;-2.893686387;	Site2_1;-70.0625
-79.00272098;-2.893685925;	Site4_1;-63.6875
-79.00246019;-2.893685464;	Site4_1;-65.7500
-79.00219941;-2.893685002;	Site2_1;-72.8125
-79.00193862;-2.89368454;	Site4_1;-70.4375
-79.00167784;-2.893684078;	Site4_1;-71.8750
-79.00141705;-2.893683616;	Site4_1;-71.1875
-79.00115626;-2.893683154;	Site2_1;-77.1250
-79.00089548;-2.893682692;	Site4_1;-78.0625
-79.00063469;-2.89368223;	Site4_1;-78.2500
-79.00037391;-2.893681768;	Site4_1;-79.5000
-79.00011312;-2.893681306;	Site2_1;-81.1250
-78.99985234;-2.893680844;	Site2_1;-82.0000
-78.99959155;-2.893680382;	Site2_1;-82.7500
-78.99933076;-2.893679919;	Site2_1;-83.5625
-78.99906998;-2.893679457;	Site2_1;-84.3750
-78.99880919;-2.893678994;	Site2_1;-85.1250
-78.99854841;-2.893678532;	Site2_1;-85.8750
-78.99828762;-2.893678069;	Site2_1;-86.6250
-78.99802684;-2.893677606;	Site2_1;-87.3125
-78.99776605;-2.893677144;	Site2_1;-88.0000
-78.99750527;-2.893676681;	Site2_1;-88.6250
-78.99724448;-2.893676218;	Site2_1;-89.2500
-78.99698370;-2.893675755;	Site2_1;-89.8750
-78.99672291;-2.893675292;	Site2_1;-90.4375
-78.99646213;-2.893674829;	Site2_1;-91.0000
-78.99620134;-2.893674366;	Site2_1;-91.5000
-78.99594056;-2.893673903;	Site2_1;-92.0625
-78.99567977;-2.89367344;	Site0_1;-92.5000
-78.99541899;-2.893672977;	Site0_1;-92.8750
-78.99515820;-2.893672513;	Site0_1;-93.3125
-78.99489742;-2.89367205;	Site0_1;-93.6875
-78.99463663;-2.893671586;	Site0_1;-94.0625
-78.99437585;-2.893671123;	Site0_1;-94.3750
-78.99411506;-2.893670659;	Site0_1;-94.7500
-78.99385428;-2.893670196;	Site0_1;-95.1875
-78.99359349;-2.893669732;	Site0_1;-95.5625
-78.99333271;-2.893669268;	Site0_1;-95.8750
-78.99307192;-2.893668805;	Site0_1;-96.2500
-78.99281114;-2.893668341;	Site0_1;-96.6250
-78.99255035;-2.893667877;	Site0_1;-97.0000
-78.99228957;-2.893667413;	Site0_1;-97.3125
-78.99202879;-2.893666949;	Site0_1;-97.6250
-78.99176800;-2.893666485;	Site0_1;-97.9375
-78.99150722;-2.89366602;	Site0_1;-98.3125
-78.99124643;-2.893665556;	Site0_1;-98.6250
-78.99098565;-2.893665092;	Site0_1;-98.9375
-78.99072486;-2.893664628;	Site0_1;-99.2500
-78.99046408;-2.893664163;	Site0_1;-99.5625
-78.99020330;-2.893663699;	Site0_1;-99.8750
-78.98994251;-2.893663234;	Site0_1;-100.1875
-78.98968173;-2.89366277;	Site0_1;-100.5000
-78.98942094;-2.893662305;	Site0_1;-100.8125
-78.98916016;-2.89366184;	Site0_1;-101.0625
-78.98889938;-2.893661375;	Site0_1;-101.3750
-78.98863859;-2.893660911;	Site0_1;-101.6875
-78.98837781;-2.893660446;	Site0_1;-101.9375
-79.01680395;-2.893448558;	Site1_1;-101.8125
-79.01654316;-2.893448099;	Site1_1;-101.5625
-79.01628237;-2.893447641;	Site1_1;-101.2500
-79.01602158;-2.893447182;	Site1_1;-101.0000
-79.01576079;-2.893446724;	Site1_1;-100.7500
-79.01550001;-2.893446265;	Site1_1;-100.5000
-79.01523922;-2.893445807;	Site1_1;-100.2500
-79.01497843;-2.893445348;	Site1_1;-100.0000
-79.01471764;-2.893444889;	Site1_1;-99.7500
-79.01445685;-2.89344443;	Site1_1;-99.4375
-79.01419607;-2.893443971;	Site1_1;-99.1875
-79.01393528;-2.893443512;	Site1_1;-98.9375
-79.01367449;-2.893443053;	Site1_1;-98.6250
-79.01341370;-2.893442594;	Site1_1;-98.3750
-79.01315291;-2.893442135;	Site1_1;-98.0625
-79.01289213;-2.893441676;	Site1_1;-97.7500
-79.01263134;-2.893441217;	Site1_1;-97.5000
-79.01237055;-2.893440757;	Site1_1;-97.1875
-79.01210976;-2.893440298;	Site1_1;-96.8750
-79.01184898;-2.893439839;	Site1_1;-96.5000
-79.01158819;-2.893439379;	Site1_1;-96.1250
-79.01132740;-2.89343892;	Site1_1;-95.8750
-79.01106661;-2.89343846;	Site1_1;-95.6250
-79.01080583;-2.893438;	Site1_1;-95.3125
-79.01054504;-2.893437541;	Site1_1;-95.0000
-79.01028425;-2.893437081;	Site1_1;-94.6875
-79.01002346;-2.893436621;	Site1_1;-94.3750
-79.00976268;-2.893436161;	Site1_1;-94.0625
-79.00950189;-2.893435701;	Site1_1;-93.7500
-79.00924110;-2.893435241;	Site1_1;-93.5000
-79.00898032;-2.893434781;	Site1_1;-93.1875
-79.00871953;-2.893434321;	Site1_1;-92.8750
-79.00845874;-2.893433861;	Site1_1;-92.6250
-79.00819796;-2.8934334;	Site1_1;-92.3125
-79.00793717;-2.89343294;	Site1_1;-92.0000
-79.00767638;-2.89343248;	Site1_1;-91.8125
-79.00741559;-2.893432019;	Site1_1;-91.4375
-79.00715481;-2.893431559;	Site1_1;-91.1875
-79.00689402;-2.893431098;	Site3_1;-90.6875
-79.00663323;-2.893430637;	Site3_1;-90.2500
-79.00637245;-2.893430177;	Site3_1;-89.8125
-79.00611166;-2.893429716;	Site3_1;-89.3125
-79.00585087;-2.893429255;	Site4_1;-88.4375
-79.00559009;-2.893428794;	Site4_1;-87.1875
-79.00532930;-2.893428333;	Site4_1;-85.8125
-79.00506852;-2.893427872;	Site4_1;-84.3125
-79.00480773;-2.893427411;	Site4_1;-82.8750
-79.00454694;-2.89342695;	Site4_1;-81.2500
-79.00428616;-2.893426489;	Site4_1;-79.6875
-79.00402537;-2.893426028;	Site2_1;-76.8125
-79.00376458;-2.893425567;	Site2_1;-74.5000
-79.00350380;-2.893425105;	Site2_1;-73.1875
-79.00324301;-2.893424644;	Site2_1;-72.7500
-79.00298223;-2.893424182;	Site2_1;-72.8125
-79.00272144;-2.893423721;	Site4_1;-70.3750
-79.00246065;-2.893423259;	Site2_1;-73.9375
-79.00219987;-2.893422798;	Site4_1;-47.8125
-79.00193908;-2.893422336;	Site4_1;-55.6875
-79.00167830;-2.893421874;	Site2_1;-76.5625
-79.00141751;-2.893421412;	Site4_1;-74.1250
-79.00115672;-2.89342095;	Site2_1;-78.4375
-79.00089594;-2.893420488;	Site2_1;-79.3125
-79.00063515;-2.893420026;	Site2_1;-80.2500
-79.00037437;-2.893419564;	Site2_1;-81.1875
-79.00011358;-2.893419102;	Site2_1;-82.0000
-78.99985280;-2.89341864;	Site2_1;-82.8125
-78.99959201;-2.893418178;	Site2_1;-83.6250
-78.99933122;-2.893417715;	Site2_1;-84.3125
-78.99907044;-2.893417253;	Site2_1;-85.0000
-78.99880965;-2.893416791;	Site2_1;-85.7500
-78.99854887;-2.893416328;	Site2_1;-86.5000
-78.99828808;-2.893415865;	Site2_1;-87.1875
-78.99802730;-2.893415403;	Site2_1;-87.8125
-78.99776651;-2.89341494;	Site2_1;-88.4375
-78.99750573;-2.893414477;	Site2_1;-89.0625
-78.99724494;-2.893414015;	Site2_1;-89.6875
-78.99698416;-2.893413552;	Site2_1;-90.2500
-78.99672337;-2.893413089;	Site2_1;-90.8125
-78.99646259;-2.893412626;	Site2_1;-91.3750
-78.99620180;-2.893412163;	Site2_1;-91.8750
-78.99594102;-2.8934117;	Site0_1;-92.3750
-78.99568023;-2.893411237;	Site0_1;-92.7500
-78.99541945;-2.893410773;	Site0_1;-93.1250
-78.99515866;-2.89341031;	Site0_1;-93.4375
-78.99489788;-2.893409847;	Site0_1;-93.8750
-78.99463709;-2.893409383;	Site0_1;-94.2500
-78.99437631;-2.89340892;	Site0_1;-94.6250
-78.99411552;-2.893408456;	Site0_1;-94.9375
-78.99385474;-2.893407993;	Site0_1;-95.3125
-78.99359395;-2.893407529;	Site0_1;-95.6250
-78.99333317;-2.893407065;	Site0_1;-96.0625
-78.99307239;-2.893406602;	Site0_1;-96.4375
-78.9928116;-2.893406138;	Site0_1;-96.7500
-78.99255082;-2.893405674;	Site0_1;-97.0625
-78.99229003;-2.89340521;	Site0_1;-97.4375
-78.99202925;-2.893404746;	Site0_1;-97.7500
-78.99176846;-2.893404282;	Site0_1;-98.1250
-78.99150768;-2.893403818;	Site0_1;-98.4375
-78.99124689;-2.893403354;	Site0_1;-98.6875
-78.99098611;-2.893402889;	Site0_1;-99.0000
-78.99072533;-2.893402425;	Site0_1;-99.3125
-78.99046454;-2.893401961;	Site0_1;-99.6250
-78.99020376;-2.893401496;	Site0_1;-99.9375
-78.98994297;-2.893401032;	Site0_1;-100.2500
-78.98968219;-2.893400567;	Site0_1;-100.5625
-78.98942141;-2.893400103;	Site0_1;-100.8125
-78.98916062;-2.893399638;	Site0_1;-101.1250
-78.98889984;-2.893399173;	Site0_1;-101.4375
-78.98863905;-2.893398709;	Site0_1;-101.6875
-78.98837827;-2.893398244;	Site0_1;-101.9375
-79.01680440;-2.893186351;	Site1_1;-101.8750
-79.01654361;-2.893185893;	Site1_1;-101.6250
-79.01628283;-2.893185434;	Site1_1;-101.3750
-79.01602204;-2.893184976;	Site1_1;-101.1250
-79.01576125;-2.893184517;	Site1_1;-100.9375
-79.01550046;-2.893184059;	Site1_1;-100.6875
-79.01523967;-2.8931836;	Site1_1;-100.4375
-79.01497889;-2.893183142;	Site1_1;-100.1250
-79.01471810;-2.893182683;	Site1_1;-99.8750
-79.01445731;-2.893182224;	Site1_1;-99.6250
-79.01419652;-2.893181765;	Site1_1;-99.3750
-79.01393573;-2.893181306;	Site1_1;-99.1250
-79.01367495;-2.893180847;	Site1_1;-98.8125
-79.01341416;-2.893180388;	Site1_1;-98.5625
-79.01315337;-2.893179929;	Site1_1;-98.2500
-79.01289258;-2.89317947;	Site1_1;-98.0000
-79.01263180;-2.893179011;	Site1_1;-97.6875
-79.01237101;-2.893178552;	Site1_1;-97.3750
-79.01211022;-2.893178092;	Site1_1;-97.0000
-79.01184943;-2.893177633;	Site1_1;-96.7500
-79.01158865;-2.893177173;	Site1_1;-96.5000
-79.01132786;-2.893176714;	Site1_1;-96.1875
-79.01106707;-2.893176254;	Site1_1;-95.8750
-79.01080628;-2.893175795;	Site1_1;-95.5625
-79.01054550;-2.893175335;	Site1_1;-95.2500
-79.01028471;-2.893174875;	Site1_1;-94.9375
-79.01002392;-2.893174415;	Site1_1;-94.6250
-79.00976314;-2.893173956;	Site1_1;-94.3750
-79.00950235;-2.893173496;	Site1_1;-94.1250
-79.00924156;-2.893173036;	Site1_1;-93.8125
-79.00898077;-2.893172576;	Site1_1;-93.5625
-79.00871999;-2.893172115;	Site1_1;-93.3125
-79.0084592;-2.893171655;	Site1_1;-93.0000
-79.00819841;-2.893171195;	Site1_1;-92.7500
-79.00793763;-2.893170735;	Site1_1;-92.5000
-79.00767684;-2.893170274;	Site1_1;-92.1875
-79.00741605;-2.893169814;	Site1_1;-92.0000
-79.00715527;-2.893169354;	Site1_1;-91.7500
-79.00689448;-2.893168893;	Site3_1;-91.3125
-79.00663369;-2.893168432;	Site3_1;-90.8750
-79.00637291;-2.893167972;	Site3_1;-90.5000
-79.00611212;-2.893167511;	Site3_1;-90.0000
-79.00585133;-2.89316705;	Site3_1;-89.5625
-79.00559055;-2.893166589;	Site4_1;-88.6875
-79.00532976;-2.893166129;	Site4_1;-87.4375
-79.00506897;-2.893165668;	Site2_1;-85.3125
-79.00480819;-2.893165207;	Site2_1;-83.5000
-79.00454740;-2.893164746;	Site2_1;-82.2500
-79.00428662;-2.893164284;	Site2_1;-80.6250
-79.00402583;-2.893163823;	Site2_1;-78.8125
-79.00376504;-2.893163362;	Site2_1;-77.1250
-79.00350426;-2.893162901;	Site2_1;-76.1250
-79.00324347;-2.893162439;	Site2_1;-75.6875
-79.00298268;-2.893161978;	Site2_1;-75.5000
-79.00272190;-2.893161516;	Site2_1;-75.6875
-79.00246111;-2.893161055;	Site2_1;-76.1250
-79.00220033;-2.893160593;	Site4_1;-75.0000
-79.00193954;-2.893160132;	Site4_1;-76.4375
-79.00167876;-2.89315967;	Site2_1;-78.1875
-79.00141797;-2.893159208;	Site4_1;-76.3750
-79.00115718;-2.893158746;	Site2_1;-79.7500
-79.00089640;-2.893158284;	Site2_1;-80.5625
-79.00063561;-2.893157822;	Site2_1;-81.3750
-79.00037483;-2.89315736;	Site2_1;-82.2500
-79.00011404;-2.893156898;	Site2_1;-83.0000
-78.99985326;-2.893156436;	Site2_1;-83.6875
-78.99959247;-2.893155974;	Site2_1;-84.4375
-78.99933168;-2.893155511;	Site2_1;-85.1250
-78.99907090;-2.893155049;	Site2_1;-85.7500
-78.99881011;-2.893154587;	Site2_1;-86.4375
-78.99854933;-2.893154124;	Site2_1;-87.1250
-78.99828854;-2.893153662;	Site2_1;-87.8125
-78.99802776;-2.893153199;	Site2_1;-88.4375
-78.99776697;-2.893152737;	Site2_1;-89.0000
-78.99750619;-2.893152274;	Site2_1;-89.6250
-78.99724540;-2.893151811;	Site2_1;-90.1875
-78.99698462;-2.893151348;	Site2_1;-90.7500
-78.99672383;-2.893150885;	Site2_1;-91.2500
-78.99646305;-2.893150422;	Site0_1;-91.7500
-78.99620226;-2.893149959;	Site0_1;-92.1875
-78.99594148;-2.893149496;	Site0_1;-92.6250
-78.99568069;-2.893149033;	Site0_1;-93.0000
-78.99541991;-2.89314857;	Site0_1;-93.3750
-78.99515912;-2.893148107;	Site0_1;-93.6875
-78.99489834;-2.893147644;	Site0_1;-94.0625
-78.99463755;-2.89314718;	Site0_1;-94.3750
-78.99437677;-2.893146717;	Site0_1;-94.7500
-78.99411598;-2.893146253;	Site0_1;-95.1875
-78.99385520;-2.89314579;	Site0_1;-95.5000
-78.99359442;-2.893145326;	Site0_1;-95.8750
-78.99333363;-2.893144863;	Site0_1;-96.1875
-78.99307285;-2.893144399;	Site0_1;-96.5000
-78.99281206;-2.893143935;	Site0_1;-96.8750
-78.99255128;-2.893143471;	Site0_1;-97.2500
-78.99229049;-2.893143007;	Site0_1;-97.5625
-78.99202971;-2.893142543;	Site0_1;-97.8750
-78.99176892;-2.893142079;	Site0_1;-98.1875
-78.99150814;-2.893141615;	Site0_1;-98.5000
-78.99124736;-2.893141151;	Site0_1;-98.8125
-78.99098657;-2.893140687;	Site0_1;-99.1250
-78.99072579;-2.893140223;	Site0_1;-99.4375
-78.99046500;-2.893139758;	Site0_1;-99.6875
-78.99020422;-2.893139294;	Site0_1;-100.0000
-78.98994344;-2.893138829;	Site0_1;-100.3125
-78.98968265;-2.893138365;	Site0_1;-100.5625
-78.98942187;-2.8931379;	Site0_1;-100.8750
-78.98916108;-2.893137436;	Site0_1;-101.1875
-78.9889003;-2.893136971;	Site0_1;-101.4375
-78.98863952;-2.893136506;	Site0_1;-101.7500
-78.98837873;-2.893136042;	Site0_1;-102.0000
-79.01680486;-2.892924144;	Site1_1;-102.0000
-79.01654407;-2.892923686;	Site1_1;-101.7500
-79.01628328;-2.892923228;	Site1_1;-101.5625
-79.01602249;-2.892922769;	Site1_1;-101.3125
-79.01576171;-2.892922311;	Site1_1;-101.0625
-79.01550092;-2.892921852;	Site1_1;-100.8125
-79.01524013;-2.892921394;	Site1_1;-100.5625
-79.01497934;-2.892920935;	Site1_1;-100.3125
-79.01471855;-2.892920476;	Site1_1;-100.0625
-79.01445777;-2.892920018;	Site1_1;-99.8125
-79.01419698;-2.892919559;	Site1_1;-99.5625
-79.01393619;-2.8929191;	Site1_1;-99.2500
-79.01367540;-2.892918641;	Site1_1;-99.0000
-79.01341462;-2.892918182;	Site1_1;-98.7500
-79.01315383;-2.892917723;	Site1_1;-98.4375
-79.01289304;-2.892917264;	Site1_1;-98.1250
-79.01263225;-2.892916805;	Site1_1;-97.8125
-79.01237146;-2.892916346;	Site1_1;-97.5625
-79.01211068;-2.892915886;	Site1_1;-97.3125
-79.01184989;-2.892915427;	Site1_1;-97.0625
-79.01158910;-2.892914968;	Site1_1;-96.7500
-79.01132832;-2.892914508;	Site1_1;-96.4375
-79.01106753;-2.892914049;	Site1_1;-96.1250
-79.01080674;-2.892913589;	Site1_1;-95.8125
-79.01054595;-2.892913129;	Site1_1;-95.5000
-79.01028517;-2.89291267;	Site1_1;-95.2500
-79.01002438;-2.89291221;	Site1_1;-95.0000
-79.00976359;-2.89291175;	Site1_1;-94.7500
-79.00950281;-2.89291129;	Site1_1;-94.4375
-79.00924202;-2.89291083;	Site1_1;-94.2500
-79.00898123;-2.89291037;	Site1_1;-93.9375
-79.00872044;-2.89290991;	Site1_1;-93.6875
-79.00845966;-2.89290945;	Site1_1;-93.5000
-79.00819887;-2.89290899;	Site1_1;-93.2500
-79.00793808;-2.89290853;	Site1_1;-92.9375
-79.00767730;-2.892908069;	Site1_1;-92.7500
-79.00741651;-2.892907609;	Site1_1;-92.5000
-79.00715572;-2.892907148;	Site1_1;-92.3125
-79.00689494;-2.892906688;	Site3_1;-91.9375
-79.00663415;-2.892906227;	Site3_1;-91.5000
-79.00637336;-2.892905767;	Site3_1;-91.1250
-79.00611258;-2.892905306;	Site3_1;-90.6875
-79.00585179;-2.892904845;	Site3_1;-90.3125
-79.00559101;-2.892904385;	Site3_1;-89.9375
-79.00533022;-2.892903924;	Site2_1;-87.5625
-79.00506943;-2.892903463;	Site2_1;-85.1875
-79.00480865;-2.892903002;	Site2_1;-83.6875
-79.00454786;-2.892902541;	Site2_1;-82.8125
-79.00428707;-2.89290208;	Site2_1;-81.8125
-79.00402629;-2.892901619;	Site2_1;-80.8125
-79.00376550;-2.892901157;	Site2_1;-79.7500
-79.00350472;-2.892900696;	Site2_1;-78.8125
-79.00324393;-2.892900235;	Site2_1;-78.2500
-79.00298314;-2.892899773;	Site2_1;-78.0625
-79.00272236;-2.892899312;	Site2_1;-78.1250
-79.00246157;-2.89289885;	Site2_1;-78.3750
-79.00220079;-2.892898389;	Site2_1;-78.6875
-79.00194;-2.892897927;	Site2_1;-79.2500
-79.00167921;-2.892897466;	Site2_1;-79.8750
-79.00141843;-2.892897004;	Site2_1;-80.5000
-79.00115764;-2.892896542;	Site2_1;-81.1250
-79.00089686;-2.89289608;	Site2_1;-81.8125
-79.00063607;-2.892895618;	Site2_1;-82.5625
-79.00037529;-2.892895156;	Site2_1;-83.3125
-79.0001145;-2.892894694;	Site2_1;-84.0000
-78.99985372;-2.892894232;	Site2_1;-84.6250
-78.99959293;-2.89289377;	Site2_1;-85.3125
-78.99933214;-2.892893308;	Site2_1;-85.9375
-78.99907136;-2.892892845;	Site2_1;-86.5625
-78.99881057;-2.892892383;	Site2_1;-87.1875
-78.99854979;-2.892891921;	Site2_1;-87.8125
-78.99828900;-2.892891458;	Site2_1;-88.5000
-78.99802822;-2.892890996;	Site2_1;-89.0625
-78.99776743;-2.892890533;	Site2_1;-89.6250
-78.99750665;-2.89289007;	Site2_1;-90.1875
-78.99724586;-2.892889608;	Site0_1;-90.7500
-78.99698508;-2.892889145;	Site0_1;-91.1875
-78.99672429;-2.892888682;	Site0_1;-91.6250
-78.99646351;-2.892888219;	Site0_1;-92.0000
-78.99620272;-2.892887756;	Site0_1;-92.3750
-78.99594194;-2.892887293;	Site0_1;-92.8125
-78.99568115;-2.89288683;	Site0_1;-93.1875
-78.99542037;-2.892886367;	Site0_1;-93.5625
-78.99515958;-2.892885904;	Site0_1;-93.9375
-78.99489880;-2.89288544;	Site0_1;-94.3125
-78.99463801;-2.892884977;	Site0_1;-94.6250
-78.99437723;-2.892884514;	Site0_1;-94.9375
-78.99411645;-2.89288405;	Site0_1;-95.3125
-78.99385566;-2.892883587;	Site0_1;-95.6875
-78.99359488;-2.892883123;	Site0_1;-96.0625
-78.99333409;-2.89288266;	Site0_1;-96.3750
-78.99307331;-2.892882196;	Site0_1;-96.6875
-78.99281252;-2.892881732;	Site0_1;-97.0000
-78.99255174;-2.892881268;	Site0_1;-97.3125
-78.99229095;-2.892880805;	Site0_1;-97.6875
-78.99203017;-2.892880341;	Site0_1;-98.0000
-78.99176939;-2.892879877;	Site0_1;-98.3750
-78.99150860;-2.892879413;	Site0_1;-98.6250
-78.99124782;-2.892878949;	Site0_1;-98.9375
-78.99098703;-2.892878484;	Site0_1;-99.2500
-78.99072625;-2.89287802;	Site0_1;-99.5625
-78.99046547;-2.892877556;	Site0_1;-99.8125
-78.99020468;-2.892877092;	Site0_1;-100.1250
-78.98994390;-2.892876627;	Site0_1;-100.3750
-78.98968311;-2.892876163;	Site0_1;-100.6250
-78.98942233;-2.892875698;	Site0_1;-100.9375
-78.98916155;-2.892875234;	Site0_1;-101.1875
-78.98890076;-2.892874769;	Site0_1;-101.5000
-78.98863998;-2.892874304;	Site0_1;-101.7500
-79.01654453;-2.892661479;	Site1_1;-101.9375
-79.01628374;-2.892661021;	Site1_1;-101.6875
-79.01602295;-2.892660563;	Site1_1;-101.4375
-79.01576216;-2.892660104;	Site1_1;-101.2500
-79.01550137;-2.892659646;	Site1_1;-101.0000
-79.01524059;-2.892659187;	Site1_1;-100.7500
-79.01497980;-2.892658729;	Site1_1;-100.5000
-79.01471901;-2.89265827;	Site1_1;-100.2500
-79.01445822;-2.892657811;	Site1_1;-100.0000
-79.01419743;-2.892657353;	Site1_1;-99.7500
-79.01393665;-2.892656894;	Site1_1;-99.5000
-79.01367586;-2.892656435;	Site1_1;-99.1875
-79.01341507;-2.892655976;	Site1_1;-98.8750
-79.01315428;-2.892655517;	Site1_1;-98.5625
-79.01289350;-2.892655058;	Site1_1;-98.3125
-79.01263271;-2.892654599;	Site1_1;-98.1250
-79.01237192;-2.89265414;	Site1_1;-97.8750
-79.01211113;-2.89265368;	Site1_1;-97.5625
-79.01185035;-2.892653221;	Site1_1;-97.2500
-79.01158956;-2.892652762;	Site1_1;-97.0000
-79.01132877;-2.892652302;	Site1_1;-96.6875
-79.01106799;-2.892651843;	Site1_1;-96.3750
-79.01080720;-2.892651383;	Site1_1;-96.1250
-79.01054641;-2.892650924;	Site1_1;-95.8750
-79.01028562;-2.892650464;	Site1_1;-95.6250
-79.01002484;-2.892650004;	Site1_1;-95.3125
-79.00976405;-2.892649544;	Site1_1;-95.1250
-79.00950326;-2.892649085;	Site1_1;-94.8750
-79.00924248;-2.892648625;	Site1_1;-94.5625
-79.00898169;-2.892648165;	Site1_1;-94.3750
-79.00872090;-2.892647705;	Site1_1;-94.1250
-79.00846012;-2.892647245;	Site1_1;-93.8750
-79.00819933;-2.892646785;	Site1_1;-93.6250
-79.00793854;-2.892646324;	Site1_1;-93.4375
-79.00767776;-2.892645864;	Site1_1;-93.2500
-79.00741697;-2.892645404;	Site1_1;-93.0625
-79.00715618;-2.892644943;	Site1_1;-92.8750
-79.00689540;-2.892644483;	Site3_1;-92.5000
-79.00663461;-2.892644022;	Site3_1;-92.1250
-79.00637382;-2.892643562;	Site3_1;-91.7500
-79.00611304;-2.892643101;	Site3_1;-91.4375
-79.00585225;-2.89264264;	Site3_1;-91.0625
-79.00559146;-2.89264218;	Site3_1;-90.7500
-79.00533068;-2.892641719;	Site2_1;-87.9375
-79.00506989;-2.892641258;	Site2_1;-85.8750
-79.00480910;-2.892640797;	Site2_1;-84.6875
-79.00454832;-2.892640336;	Site2_1;-83.9375
-79.00428753;-2.892639875;	Site2_1;-83.3750
-79.00402675;-2.892639414;	Site2_1;-82.6875
-79.00376596;-2.892638953;	Site2_1;-82.0000
-79.00350517;-2.892638492;	Site2_1;-81.2500
-79.00324439;-2.89263803;	Site2_1;-80.6875
-79.00298360;-2.892637569;	Site2_1;-80.4375
-79.00272282;-2.892637108;	Site2_1;-80.4375
-79.00246203;-2.892636646;	Site2_1;-80.4375
-79.00220125;-2.892636185;	Site2_1;-80.7500
-79.00194046;-2.892635723;	Site2_1;-81.0625
-79.00167967;-2.892635261;	Site2_1;-81.5625
-79.00141889;-2.8926348;	Site2_1;-82.0625
-79.00115810;-2.892634338;	Site2_1;-82.6250
-79.00089732;-2.892633876;	Site2_1;-83.1875
-79.00063653;-2.892633414;	Site2_1;-83.8125
-79.00037575;-2.892632952;	Site2_1;-84.4375
-79.00011496;-2.89263249;	Site2_1;-85.0000
-78.99985417;-2.892632028;	Site2_1;-85.6250
-78.99959339;-2.892631566;	Site2_1;-86.2500
-78.99933260;-2.892631104;	Site2_1;-86.8125
-78.99907182;-2.892630642;	Site2_1;-87.3125
-78.99881103;-2.892630179;	Site2_1;-88.0000
-78.99855025;-2.892629717;	Site2_1;-88.5625
-78.99828946;-2.892629254;	Site2_1;-89.1250
-78.99802868;-2.892628792;	Site2_1;-89.6875
-78.99776789;-2.892628329;	Site2_1;-90.1875
-78.99750711;-2.892627867;	Site0_1;-90.6875
-78.99724632;-2.892627404;	Site0_1;-91.1250
-78.99698554;-2.892626941;	Site0_1;-91.4375
-78.99672475;-2.892626479;	Site0_1;-91.8750
-78.99646397;-2.892626016;	Site0_1;-92.3125
-78.99620318;-2.892625553;	Site0_1;-92.6250
-78.99594240;-2.89262509;	Site0_1;-93.0000
-78.99568161;-2.892624627;	Site0_1;-93.3750
-78.99542083;-2.892624164;	Site0_1;-93.7500
-78.99516004;-2.892623701;	Site0_1;-94.1250
-78.99489926;-2.892623237;	Site0_1;-94.5000
-78.99463848;-2.892622774;	Site0_1;-94.8750
-78.99437769;-2.892622311;	Site0_1;-95.1875
-78.99411691;-2.892621847;	Site0_1;-95.5000
-78.99385612;-2.892621384;	Site0_1;-95.8750
-78.99359534;-2.89262092;	Site0_1;-96.1875
-78.99333455;-2.892620457;	Site0_1;-96.5000
-78.99307377;-2.892619993;	Site0_1;-96.8750
-78.99281298;-2.892619529;	Site0_1;-97.2500
-78.9925522;-2.892619066;	Site0_1;-97.5000
-78.99229142;-2.892618602;	Site0_1;-97.8125
-78.99203063;-2.892618138;	Site0_1;-98.1250
-78.99176985;-2.892617674;	Site0_1;-98.4375
-78.99150906;-2.89261721;	Site0_1;-98.7500
-78.99124828;-2.892616746;	Site0_1;-99.0625
-78.99098750;-2.892616282;	Site0_1;-99.3750
-78.99072671;-2.892615818;	Site0_1;-99.6250
-78.99046593;-2.892615353;	Site0_1;-99.8750
-78.99020514;-2.892614889;	Site0_1;-100.1875
-78.98994436;-2.892614425;	Site0_1;-100.5000
-78.98968358;-2.89261396;	Site0_1;-100.8125
-78.98942279;-2.892613496;	Site0_1;-101.0625
-78.98916201;-2.892613031;	Site0_1;-101.3125
-78.98890123;-2.892612567;	Site0_1;-101.5625
-78.98864044;-2.892612102;	Site0_1;-101.8125
-79.01628419;-2.892398814;	Site1_1;-101.8750
-79.01602341;-2.892398356;	Site1_1;-101.6250
-79.01576262;-2.892397898;	Site1_1;-101.3750
-79.01550183;-2.892397439;	Site1_1;-101.1250
-79.01524104;-2.892396981;	Site1_1;-100.8750
-79.01498025;-2.892396522;	Site1_1;-100.6875
-79.01471947;-2.892396064;	Site1_1;-100.4375
-79.01445868;-2.892395605;	Site1_1;-100.1875
-79.01419789;-2.892395146;	Site1_1;-99.9375
-79.01393710;-2.892394688;	Site1_1;-99.6250
-79.01367632;-2.892394229;	Site1_1;-99.3125
-79.01341553;-2.89239377;	Site1_1;-99.0625
-79.01315474;-2.892393311;	Site1_1;-98.8750
-79.01289395;-2.892392852;	Site1_1;-98.6250
-79.01263317;-2.892392393;	Site1_1;-98.3750
-79.01237238;-2.892391934;	Site1_1;-98.0625
-79.01211159;-2.892391474;	Site1_1;-97.8125
-79.01185080;-2.892391015;	Site1_1;-97.5000
-79.01159002;-2.892390556;	Site1_1;-97.2500
-79.01132923;-2.892390097;	Site1_1;-96.9375
-79.01106844;-2.892389637;	Site1_1;-96.6875
-79.01080766;-2.892389178;	Site1_1;-96.4375
-79.01054687;-2.892388718;	Site1_1;-96.1875
-79.01028608;-2.892388258;	Site1_1;-95.9375
-79.01002529;-2.892387799;	Site1_1;-95.6875
-79.00976451;-2.892387339;	Site1_1;-95.4375
-79.00950372;-2.892386879;	Site1_1;-95.1875
-79.00924293;-2.892386419;	Site1_1;-95.0000
-79.00898215;-2.892385959;	Site1_1;-94.8125
-79.00872136;-2.892385499;	Site1_1;-94.5000
-79.00846057;-2.892385039;	Site1_1;-94.3125
-79.00819979;-2.892384579;	Site1_1;-94.1250
-79.00793900;-2.892384119;	Site1_1;-93.9375
-79.00767821;-2.892383659;	Site1_1;-93.7500
-79.00741743;-2.892383199;	Site1_1;-93.5625
-79.00715664;-2.892382738;	Site1_1;-93.3750
-79.00689585;-2.892382278;	Site3_1;-93.1250
-79.00663507;-2.892381817;	Site3_1;-92.8125
-79.00637428;-2.892381357;	Site3_1;-92.5000
-79.00611349;-2.892380896;	Site3_1;-92.1875
-79.00585271;-2.892380436;	Site3_1;-91.8750
-79.00559192;-2.892379975;	Site2_1;-90.9375
-79.00533114;-2.892379514;	Site2_1;-88.5625
-79.00507035;-2.892379053;	Site2_1;-86.9375
-79.00480956;-2.892378592;	Site2_1;-85.9375
-79.00454878;-2.892378131;	Site2_1;-85.3750
-79.00428799;-2.89237767;	Site2_1;-85.0000
-79.00402721;-2.892377209;	Site2_1;-84.5000
-79.00376642;-2.892376748;	Site2_1;-83.9375
-79.00350563;-2.892376287;	Site2_1;-83.4375
-79.00324485;-2.892375826;	Site2_1;-83.0000
-79.00298406;-2.892375365;	Site2_1;-82.6250
-79.00272328;-2.892374903;	Site2_1;-82.5000
-79.00246249;-2.892374442;	Site2_1;-82.5625
-79.00220170;-2.89237398;	Site2_1;-82.6875
-79.00194092;-2.892373519;	Site2_1;-82.9375
-79.00168013;-2.892373057;	Site2_1;-83.2500
-79.00141935;-2.892372595;	Site2_1;-83.5625
-79.00115856;-2.892372134;	Site2_1;-84.0625
-79.00089778;-2.892371672;	Site2_1;-84.5625
-79.00063699;-2.89237121;	Site2_1;-85.0625
-79.00037621;-2.892370748;	Site2_1;-85.6250
-79.00011542;-2.892370286;	Site2_1;-86.1250
-78.99985463;-2.892369824;	Site2_1;-86.6250
-78.99959385;-2.892369362;	Site2_1;-87.1250
-78.99933306;-2.8923689;	Site2_1;-87.6250
-78.99907228;-2.892368438;	Site2_1;-88.1875
-78.99881149;-2.892367975;	Site2_1;-88.8125
-78.99855071;-2.892367513;	Site2_1;-89.3125
-78.99828992;-2.892367051;	Site2_1;-89.8125
-78.99802914;-2.892366588;	Site0_1;-90.3125
-78.99776835;-2.892366126;	Site0_1;-90.6875
-78.99750757;-2.892365663;	Site0_1;-91.0625
-78.99724678;-2.892365201;	Site0_1;-91.3750
-78.99698600;-2.892364738;	Site0_1;-91.8125
-78.99672521;-2.892364275;	Site0_1;-92.1250
-78.99646443;-2.892363812;	Site0_1;-92.5000
-78.99620364;-2.892363349;	Site0_1;-92.8750
-78.99594286;-2.892362886;	Site0_1;-93.2500
-78.99568207;-2.892362423;	Site0_1;-93.5625
-78.99542129;-2.89236196;	Site0_1;-93.9375
-78.99516051;-2.892361497;	Site0_1;-94.3125
-78.99489972;-2.892361034;	Site0_1;-94.6875
-78.99463894;-2.892360571;	Site0_1;-95.0625
-78.99437815;-2.892360108;	Site0_1;-95.4375
-78.99411737;-2.892359644;	Site0_1;-95.7500
-78.99385658;-2.892359181;	Site0_1;-96.0625
-78.99359580;-2.892358717;	Site0_1;-96.3750
-78.99333501;-2.892358254;	Site0_1;-96.6875
-78.99307423;-2.89235779;	Site0_1;-97.0000
-78.99281345;-2.892357327;	Site0_1;-97.3750
-78.99255266;-2.892356863;	Site0_1;-97.6875
-78.99229188;-2.892356399;	Site0_1;-98.0000
-78.99203109;-2.892355935;	Site0_1;-98.3125
-78.99177031;-2.892355471;	Site0_1;-98.5625
-78.99150953;-2.892355007;	Site0_1;-98.8750
-78.99124874;-2.892354543;	Site0_1;-99.1250
-78.99098796;-2.892354079;	Site0_1;-99.4375
-78.99072717;-2.892353615;	Site0_1;-99.7500
-78.99046639;-2.892353151;	Site0_1;-100.0625
-78.99020561;-2.892352687;	Site0_1;-100.3125
-78.98994482;-2.892352222;	Site0_1;-100.5625
-78.98968404;-2.892351758;	Site0_1;-100.8750
-78.98942325;-2.892351294;	Site0_1;-101.1250
-78.98916247;-2.892350829;	Site0_1;-101.4375
-78.98890169;-2.892350365;	Site0_1;-101.6875
-78.98864090;-2.8923499;	Site0_1;-101.9375
-79.01628465;-2.892136608;	Site1_1;-102.0000
-79.01602386;-2.89213615;	Site1_1;-101.7500
-79.01576307;-2.892135691;	Site1_1;-101.5625
-79.01550229;-2.892135233;	Site1_1;-101.3125
-79.01524150;-2.892134775;	Site1_1;-101.0625
-79.01498071;-2.892134316;	Site1_1;-100.8125
-79.01471992;-2.892133857;	Site1_1;-100.5625
-79.01445913;-2.892133399;	Site1_1;-100.3125
-79.01419835;-2.89213294;	Site1_1;-100.0000
-79.01393756;-2.892132481;	Site1_1;-99.8125
-79.01367677;-2.892132023;	Site1_1;-99.5625
-79.01341598;-2.892131564;	Site1_1;-99.3750
-79.01315520;-2.892131105;	Site1_1;-99.0625
-79.01289441;-2.892130646;	Site1_1;-98.8125
-79.01263362;-2.892130187;	Site1_1;-98.5625
-79.01237284;-2.892129728;	Site1_1;-98.3125
-79.01211205;-2.892129269;	Site1_1;-98.0625
-79.01185126;-2.892128809;	Site1_1;-97.7500
-79.01159047;-2.89212835;	Site1_1;-97.5000
-79.01132969;-2.892127891;	Site1_1;-97.2500
-79.01106890;-2.892127431;	Site1_1;-97.0625
-79.01080811;-2.892126972;	Site1_1;-96.7500
-79.01054733;-2.892126512;	Site1_1;-96.5000
-79.01028654;-2.892126053;	Site1_1;-96.3125
-79.01002575;-2.892125593;	Site1_1;-96.0000
-79.00976496;-2.892125133;	Site1_1;-95.8125
-79.00950418;-2.892124674;	Site1_1;-95.6250
-79.00924339;-2.892124214;	Site1_1;-95.3750
-79.00898260;-2.892123754;	Site1_1;-95.1250
-79.00872182;-2.892123294;	Site1_1;-94.9375
-79.00846103;-2.892122834;	Site1_1;-94.7500
-79.00820024;-2.892122374;	Site1_1;-94.5625
-79.00793946;-2.892121914;	Site1_1;-94.3750
-79.00767867;-2.892121454;	Site1_1;-94.2500
-79.00741788;-2.892120993;	Site1_1;-94.0625
-79.00715710;-2.892120533;	Site1_1;-93.8750
-79.00689631;-2.892120073;	Site1_1;-93.7500
-79.00663553;-2.892119612;	Site3_1;-93.5000
-79.00637474;-2.892119152;	Site3_1;-93.2500
-79.00611395;-2.892118691;	Site3_1;-92.9375
-79.00585317;-2.892118231;	Site3_1;-92.6250
-79.00559238;-2.89211777;	Site2_1;-91.3750
-79.00533159;-2.892117309;	Site2_1;-89.4375
-79.00507081;-2.892116848;	Site2_1;-88.1250
-79.00481002;-2.892116388;	Site2_1;-87.1875
-79.00454924;-2.892115927;	Site2_1;-86.7500
-79.00428845;-2.892115466;	Site2_1;-86.5000
-79.00402766;-2.892115005;	Site2_1;-86.1875
-79.00376688;-2.892114544;	Site2_1;-85.8125
-79.00350609;-2.892114083;	Site2_1;-85.4375
-79.00324531;-2.892113621;	Site2_1;-85.0625
-79.00298452;-2.89211316;	Site2_1;-84.6875
-79.00272373;-2.892112699;	Site2_1;-84.5000
-79.00246295;-2.892112237;	Site2_1;-84.5000
-79.00220216;-2.892111776;	Site2_1;-84.5625
-79.00194138;-2.892111314;	Site2_1;-84.6875
-79.00168059;-2.892110853;	Site2_1;-84.8750
-79.00141981;-2.892110391;	Site2_1;-85.1875
-79.00115902;-2.89210993;	Site2_1;-85.5000
-79.00089824;-2.892109468;	Site2_1;-85.8750
-79.00063745;-2.892109006;	Site2_1;-86.3125
-79.00037666;-2.892108544;	Site2_1;-86.7500
-79.00011588;-2.892108082;	Site2_1;-87.2500
-78.99985509;-2.89210762;	Site2_1;-87.6875
-78.99959431;-2.892107158;	Site2_1;-88.1250
-78.99933352;-2.892106696;	Site2_1;-88.5625
-78.99907274;-2.892106234;	Site2_1;-89.0625
-78.99881195;-2.892105772;	Site2_1;-89.5625
-78.99855117;-2.892105309;	Site2_1;-90.0625
-78.99829038;-2.892104847;	Site0_1;-90.4375
-78.99802960;-2.892104385;	Site0_1;-90.7500
-78.99776881;-2.892103922;	Site0_1;-91.0625
-78.99750803;-2.89210346;	Site0_1;-91.3750
-78.99724724;-2.892102997;	Site0_1;-91.7500
-78.99698646;-2.892102534;	Site0_1;-92.0625
-78.99672567;-2.892102072;	Site0_1;-92.4375
-78.99646489;-2.892101609;	Site0_1;-92.8125
-78.99620410;-2.892101146;	Site0_1;-93.1250
-78.99594332;-2.892100683;	Site0_1;-93.5000
-78.99568253;-2.89210022;	Site0_1;-93.8750
-78.99542175;-2.892099757;	Site0_1;-94.1875
-78.99516097;-2.892099294;	Site0_1;-94.5000
-78.99490018;-2.892098831;	Site0_1;-94.8750
-78.99463940;-2.892098368;	Site0_1;-95.2500
-78.99437861;-2.892097905;	Site0_1;-95.6250
-78.99411783;-2.892097441;	Site0_1;-95.9375
-78.99385704;-2.892096978;	Site0_1;-96.3125
-78.99359626;-2.892096514;	Site0_1;-96.6250
-78.99333548;-2.892096051;	Site0_1;-96.9375
-78.99307469;-2.892095587;	Site0_1;-97.2500
-78.99281391;-2.892095124;	Site0_1;-97.5000
-78.99255312;-2.89209466;	Site0_1;-97.8125
-78.99229234;-2.892094196;	Site0_1;-98.1250
-78.99203155;-2.892093733;	Site0_1;-98.4375
-78.99177077;-2.892093269;	Site0_1;-98.7500
-78.99150999;-2.892092805;	Site0_1;-99.0625
-78.99124920;-2.892092341;	Site0_1;-99.3125
-78.99098842;-2.892091877;	Site0_1;-99.5625
-78.99072763;-2.892091413;	Site0_1;-99.8750
-78.99046685;-2.892090949;	Site0_1;-100.1250
-78.99020607;-2.892090484;	Site0_1;-100.4375
-78.98994528;-2.89209002;	Site0_1;-100.6875
-78.9896845;-2.892089556;	Site0_1;-101.0000
-78.98942372;-2.892089091;	Site0_1;-101.1875
-78.98916293;-2.892088627;	Site0_1;-101.4375
-78.98890215;-2.892088162;	Site0_1;-101.7500
-78.98864137;-2.892087698;	Site0_1;-102.0000
-79.01602432;-2.891873943;	Site1_1;-101.9375
-79.01576353;-2.891873485;	Site1_1;-101.6875
-79.01550274;-2.891873027;	Site1_1;-101.5000
-79.01524195;-2.891872568;	Site1_1;-101.2500
-79.01498117;-2.89187211;	Site1_1;-100.9375
-79.01472038;-2.891871651;	Site1_1;-100.6875
-79.01445959;-2.891871193;	Site1_1;-100.4375
-79.01419880;-2.891870734;	Site1_1;-100.2500
-79.01393802;-2.891870275;	Site1_1;-100.0625
-79.01367723;-2.891869816;	Site1_1;-99.8125
-79.01341644;-2.891869358;	Site1_1;-99.5625
-79.01315565;-2.891868899;	Site1_1;-99.3125
-79.01289487;-2.89186844;	Site1_1;-99.0625
-79.01263408;-2.891867981;	Site1_1;-98.8125
-79.01237329;-2.891867522;	Site1_1;-98.5625
-79.01211250;-2.891867063;	Site1_1;-98.2500
-79.01185172;-2.891866603;	Site1_1;-98.0625
-79.01159093;-2.891866144;	Site1_1;-97.8125
-79.01133014;-2.891865685;	Site1_1;-97.5625
-79.01106936;-2.891865226;	Site1_1;-97.3125
-79.01080857;-2.891864766;	Site1_1;-97.1250
-79.01054778;-2.891864307;	Site1_1;-96.8750
-79.01028700;-2.891863847;	Site1_1;-96.6250
-79.01002621;-2.891863388;	Site1_1;-96.3750
-79.00976542;-2.891862928;	Site1_1;-96.1875
-79.00950463;-2.891862468;	Site1_1;-96.0000
-79.00924385;-2.891862008;	Site1_1;-95.7500
-79.00898306;-2.891861549;	Site1_1;-95.5625
-79.00872227;-2.891861089;	Site1_1;-95.3750
-79.00846149;-2.891860629;	Site1_1;-95.1875
-79.00820070;-2.891860169;	Site1_1;-95.0625
-79.00793992;-2.891859709;	Site1_1;-94.8750
-79.00767913;-2.891859248;	Site1_1;-94.7500
-79.00741834;-2.891858788;	Site1_1;-94.5625
-79.00715756;-2.891858328;	Site1_1;-94.4375
-79.00689677;-2.891857868;	Site1_1;-94.3750
-79.00663598;-2.891857407;	Site3_1;-94.1875
-79.00637520;-2.891856947;	Site3_1;-93.9375
-79.00611441;-2.891856486;	Site3_1;-93.6250
-79.00585362;-2.891856026;	Site3_1;-93.3750
-79.00559284;-2.891855565;	Site2_1;-92.1250
-79.00533205;-2.891855104;	Site2_1;-90.5625
-79.00507127;-2.891854644;	Site2_1;-89.3750
-79.00481048;-2.891854183;	Site2_1;-88.6250
-79.00454969;-2.891853722;	Site2_1;-88.2500
-79.00428891;-2.891853261;	Site2_1;-88.0000
-79.00402812;-2.8918528;	Site2_1;-87.7500
-79.00376734;-2.891852339;	Site2_1;-87.5000
-79.00350655;-2.891851878;	Site2_1;-87.1875
-79.00324576;-2.891851417;	Site2_1;-86.8750
-79.00298498;-2.891850956;	Site2_1;-86.6250
-79.00272419;-2.891850494;	Site2_1;-86.3750
-79.00246341;-2.891850033;	Site2_1;-86.3125
-79.00220262;-2.891849572;	Site2_1;-86.2500
-79.00194184;-2.89184911;	Site2_1;-86.3125
-79.00168105;-2.891848649;	Site2_1;-86.5000
-79.00142027;-2.891848187;	Site2_1;-86.6875
-79.00115948;-2.891847725;	Site2_1;-87.0000
-79.00089869;-2.891847264;	Site2_1;-87.3125
-79.00063791;-2.891846802;	Site2_1;-87.5625
-79.00037712;-2.89184634;	Site2_1;-87.9375
-79.00011634;-2.891845878;	Site2_1;-88.3125
-78.99985555;-2.891845416;	Site2_1;-88.7500
-78.99959477;-2.891844954;	Site2_1;-89.1250
-78.99933398;-2.891844492;	Site2_1;-89.5625
-78.99907320;-2.89184403;	Site0_1;-90.0000
-78.99881241;-2.891843568;	Site0_1;-90.1875
-78.99855163;-2.891843106;	Site0_1;-90.5625
-78.99829084;-2.891842643;	Site0_1;-90.8750
-78.99803006;-2.891842181;	Site0_1;-91.1875
-78.99776927;-2.891841719;	Site0_1;-91.4375
-78.99750849;-2.891841256;	Site0_1;-91.7500
-78.99724770;-2.891840793;	Site0_1;-92.0625
-78.99698692;-2.891840331;	Site0_1;-92.3750
-78.99672613;-2.891839868;	Site0_1;-92.7500
-78.99646535;-2.891839405;	Site0_1;-93.0625
-78.99620456;-2.891838943;	Site0_1;-93.4375
-78.99594378;-2.89183848;	Site0_1;-93.6875
-78.99568300;-2.891838017;	Site0_1;-94.0625
-78.99542221;-2.891837554;	Site0_1;-94.4375
-78.99516143;-2.891837091;	Site0_1;-94.7500
-78.99490064;-2.891836628;	Site0_1;-95.0625
-78.99463986;-2.891836165;	Site0_1;-95.3750
-78.99437907;-2.891835701;	Site0_1;-95.7500
-78.99411829;-2.891835238;	Site0_1;-96.1250
-78.99385750;-2.891834775;	Site0_1;-96.5000
-78.99359672;-2.891834312;	Site0_1;-96.8125
-78.99333594;-2.891833848;	Site0_1;-97.1250
-78.99307515;-2.891833385;	Site0_1;-97.4375
-78.99281437;-2.891832921;	Site0_1;-97.7500
-78.99255358;-2.891832457;	Site0_1;-98.0000
-78.99229280;-2.891831994;	Site0_1;-98.3125
-78.99203202;-2.89183153;	Site0_1;-98.5625
-78.99177123;-2.891831066;	Site0_1;-98.8750
-78.99151045;-2.891830602;	Site0_1;-99.1875
-78.99124966;-2.891830138;	Site0_1;-99.5000
-78.99098888;-2.891829674;	Site0_1;-99.7500
-78.99072810;-2.89182921;	Site0_1;-100.0000
-78.99046731;-2.891828746;	Site0_1;-100.2500
-78.99020653;-2.891828282;	Site0_1;-100.5000
-78.98994575;-2.891827818;	Site0_1;-100.8125
-78.98968496;-2.891827353;	Site0_1;-101.0625
-78.98942418;-2.891826889;	Site0_1;-101.3750
-78.98916339;-2.891826425;	Site0_1;-101.6250
-78.98890261;-2.89182596;	Site0_1;-101.8125
-79.01576398;-2.891611278;	Site1_1;-101.8750
-79.01550320;-2.89161082;	Site1_1;-101.6250
-79.01524241;-2.891610362;	Site1_1;-101.3125
-79.01498162;-2.891609903;	Site1_1;-101.1250
-79.01472083;-2.891609445;	Site1_1;-100.9375
-79.01446005;-2.891608986;	Site1_1;-100.7500
-79.01419926;-2.891608528;	Site1_1;-100.5000
-79.01393847;-2.891608069;	Site1_1;-100.2500
-79.01367768;-2.89160761;	Site1_1;-100.0000
-79.01341690;-2.891607152;	Site1_1;-99.7500
-79.01315611;-2.891606693;	Site1_1;-99.5000
-79.01289532;-2.891606234;	Site1_1;-99.2500
-79.01263454;-2.891605775;	Site1_1;-99.0000
-79.01237375;-2.891605316;	Site1_1;-98.7500
-79.01211296;-2.891604857;	Site1_1;-98.5625
-79.01185217;-2.891604398;	Site1_1;-98.3750
-79.01159139;-2.891603938;	Site1_1;-98.1250
-79.0113306;-2.891603479;	Site1_1;-97.8750
-79.01106981;-2.89160302;	Site1_1;-97.6875
-79.01080903;-2.89160256;	Site1_1;-97.4375
-79.01054824;-2.891602101;	Site1_1;-97.1875
-79.01028745;-2.891601642;	Site1_1;-97.0000
-79.01002667;-2.891601182;	Site1_1;-96.8125
-79.00976588;-2.891600722;	Site1_1;-96.5625
-79.00950509;-2.891600263;	Site1_1;-96.3125
-79.00924431;-2.891599803;	Site1_1;-96.1250
-79.00898352;-2.891599343;	Site1_1;-96.0000
-79.00872273;-2.891598883;	Site1_1;-95.8125
-79.00846195;-2.891598423;	Site1_1;-95.6875
-79.00820116;-2.891597963;	Site1_1;-95.5000
-79.00794037;-2.891597503;	Site1_1;-95.3750
-79.00767959;-2.891597043;	Site1_1;-95.1875
-79.00741880;-2.891596583;	Site1_1;-95.0625
-79.00715801;-2.891596123;	Site1_1;-95.0000
-79.00689723;-2.891595663;	Site1_1;-94.8750
-79.00663644;-2.891595202;	Site1_1;-94.7500
-79.00637565;-2.891594742;	Site3_1;-94.5625
-79.00611487;-2.891594281;	Site3_1;-94.3750
-79.00585408;-2.891593821;	Site3_1;-94.1875
-79.00559330;-2.89159336;	Site2_1;-93.0000
-79.00533251;-2.8915929;	Site2_1;-91.5625
-79.00507172;-2.891592439;	Site2_1;-90.5625
-79.00481094;-2.891591978;	Site2_1;-89.9375
-79.00455015;-2.891591517;	Site2_1;-89.6250
-79.00428937;-2.891591056;	Site2_1;-89.4375
-79.00402858;-2.891590596;	Site2_1;-89.2500
-79.00376779;-2.891590135;	Site2_1;-89.0625
-79.00350701;-2.891589673;	Site2_1;-88.8750
-79.00324622;-2.891589212;	Site2_1;-88.6250
-79.00298544;-2.891588751;	Site2_1;-88.3750
-79.00272465;-2.89158829;	Site2_1;-88.1875
-79.00246387;-2.891587829;	Site2_1;-88.0000
-79.00220308;-2.891587367;	Site2_1;-87.8750
-79.00194230;-2.891586906;	Site2_1;-87.9375
-79.00168151;-2.891586444;	Site2_1;-88.0625
-79.00142072;-2.891585983;	Site2_1;-88.2500
-79.00115994;-2.891585521;	Site2_1;-88.3750
-79.00089915;-2.89158506;	Site2_1;-88.6250
-79.00063837;-2.891584598;	Site2_1;-88.8750
-79.00037758;-2.891584136;	Site2_1;-89.1250
-79.00011680;-2.891583674;	Site2_1;-89.4375
-78.99985601;-2.891583212;	Site2_1;-89.7500
-78.99959523;-2.89158275;	Site0_1;-90.0000
-78.99933444;-2.891582288;	Site0_1;-90.2500
-78.99907366;-2.891581826;	Site0_1;-90.5000
-78.99881287;-2.891581364;	Site0_1;-90.6875
-78.99855209;-2.891580902;	Site0_1;-90.9375
-78.99829130;-2.89158044;	Site0_1;-91.2500
-78.99803052;-2.891579977;	Site0_1;-91.5625
-78.99776973;-2.891579515;	Site0_1;-91.8750
-78.99750895;-2.891579052;	Site0_1;-92.1250
-78.99724816;-2.89157859;	Site0_1;-92.4375
-78.99698738;-2.891578127;	Site0_1;-92.6875
-78.99672659;-2.891577665;	Site0_1;-93.0000
-78.99646581;-2.891577202;	Site0_1;-93.3750
-78.99620502;-2.891576739;	Site0_1;-93.6250
-78.99594424;-2.891576277;	Site0_1;-94.0000
-78.99568346;-2.891575814;	Site0_1;-94.3125
-78.99542267;-2.891575351;	Site0_1;-94.6250
-78.99516189;-2.891574888;	Site0_1;-94.9375
-78.99490110;-2.891574425;	Site0_1;-95.3125
-78.99464032;-2.891573962;	Site0_1;-95.6250
-78.99437953;-2.891573498;	Site0_1;-95.9375
-78.99411875;-2.891573035;	Site0_1;-96.3125
-78.99385797;-2.891572572;	Site0_1;-96.6250
-78.99359718;-2.891572109;	Site0_1;-97.0000
-78.99333640;-2.891571645;	Site0_1;-97.3125
-78.99307561;-2.891571182;	Site0_1;-97.6250
-78.99281483;-2.891570718;	Site0_1;-97.9375
-78.99255404;-2.891570255;	Site0_1;-98.1875
-78.99229326;-2.891569791;	Site0_1;-98.5000
-78.99203248;-2.891569327;	Site0_1;-98.7500
-78.99177169;-2.891568863;	Site0_1;-99.0000
-78.99151091;-2.8915684;	Site0_1;-99.3125
-78.99125013;-2.891567936;	Site0_1;-99.5625
-78.99098934;-2.891567472;	Site0_1;-99.8750
-78.99072856;-2.891567008;	Site0_1;-100.1875
-78.99046777;-2.891566544;	Site0_1;-100.4375
-78.99020699;-2.89156608;	Site0_1;-100.6875
-78.98994621;-2.891565615;	Site0_1;-100.9375
-78.98968542;-2.891565151;	Site0_1;-101.1875
-78.98942464;-2.891564687;	Site0_1;-101.4375
-78.98916386;-2.891564222;	Site0_1;-101.6875
-78.98890307;-2.891563758;	Site0_1;-101.9375
-79.01576444;-2.891349072;	Site1_1;-101.9375
-79.01550365;-2.891348614;	Site1_1;-101.7500
-79.01524287;-2.891348155;	Site1_1;-101.5625
-79.01498208;-2.891347697;	Site1_1;-101.3750
-79.01472129;-2.891347238;	Site1_1;-101.1250
-79.01446050;-2.89134678;	Site1_1;-100.9375
-79.01419972;-2.891346321;	Site1_1;-100.6875
-79.01393893;-2.891345863;	Site1_1;-100.4375
-79.01367814;-2.891345404;	Site1_1;-100.1875
-79.01341735;-2.891344945;	Site1_1;-100.0000
-79.01315657;-2.891344487;	Site1_1;-99.7500
-79.01289578;-2.891344028;	Site1_1;-99.5000
-79.01263499;-2.891343569;	Site1_1;-99.3125
-79.01237420;-2.89134311;	Site1_1;-99.1250
-79.01211342;-2.891342651;	Site1_1;-98.8750
-79.01185263;-2.891342192;	Site1_1;-98.6250
-79.01159184;-2.891341733;	Site1_1;-98.4375
-79.01133106;-2.891341273;	Site1_1;-98.1875
-79.01107027;-2.891340814;	Site1_1;-97.9375
-79.01080948;-2.891340355;	Site1_1;-97.7500
-79.01054870;-2.891339895;	Site1_1;-97.5625
-79.01028791;-2.891339436;	Site1_1;-97.3750
-79.01002712;-2.891338976;	Site1_1;-97.1250
-79.00976634;-2.891338517;	Site1_1;-96.9375
-79.00950555;-2.891338057;	Site1_1;-96.7500
-79.00924476;-2.891337597;	Site1_1;-96.5625
-79.00898398;-2.891337138;	Site1_1;-96.4375
-79.00872319;-2.891336678;	Site1_1;-96.2500
-79.00846240;-2.891336218;	Site1_1;-96.1250
-79.00820162;-2.891335758;	Site1_1;-95.9375
-79.00794083;-2.891335298;	Site1_1;-95.8125
-79.00768004;-2.891334838;	Site1_1;-95.6875
-79.00741926;-2.891334378;	Site1_1;-95.6250
-79.00715847;-2.891333918;	Site1_1;-95.5000
-79.00689769;-2.891333457;	Site1_1;-95.3750
-79.00663690;-2.891332997;	Site1_1;-95.3750
-79.00637611;-2.891332537;	Site1_1;-95.3125
-79.00611533;-2.891332076;	Site3_1;-95.1875
-79.00585454;-2.891331616;	Site3_1;-95.0000
-79.00559375;-2.891331155;	Site2_1;-93.9375
-79.00533297;-2.891330695;	Site2_1;-92.6250
-79.00507218;-2.891330234;	Site2_1;-91.8125
-79.00481140;-2.891329773;	Site2_1;-91.2500
-79.00455061;-2.891329313;	Site2_1;-91.0000
-79.00428982;-2.891328852;	Site2_1;-90.7500
-79.00402904;-2.891328391;	Site2_1;-90.6875
-79.00376825;-2.89132793;	Site2_1;-90.5625
-79.00350747;-2.891327469;	Site2_1;-90.3125
-79.00324668;-2.891327008;	Site2_1;-90.1875
-79.00298590;-2.891326547;	Site2_1;-89.9375
-79.00272511;-2.891326085;	Site2_1;-89.7500
-79.00246433;-2.891325624;	Site2_1;-89.5625
-79.00220354;-2.891325163;	Site2_1;-89.4375
-79.00194275;-2.891324702;	Site2_1;-89.4375
-79.00168197;-2.89132424;	Site2_1;-89.5000
-79.00142118;-2.891323779;	Site2_1;-89.6250
-79.00116040;-2.891323317;	Site2_1;-89.7500
-79.00089961;-2.891322855;	Site0_1;-89.8750
-79.00063883;-2.891322394;	Site0_1;-89.9375
-79.00037804;-2.891321932;	Site0_1;-90.0625
-79.00011726;-2.89132147;	Site0_1;-90.1875
-78.99985647;-2.891321008;	Site0_1;-90.3750
-78.99959569;-2.891320546;	Site0_1;-90.5625
-78.99933490;-2.891320084;	Site0_1;-90.6875
-78.99907412;-2.891319622;	Site0_1;-90.9375
-78.99881333;-2.89131916;	Site0_1;-91.1875
-78.99855255;-2.891318698;	Site0_1;-91.4375
-78.99829176;-2.891318236;	Site0_1;-91.6250
-78.99803098;-2.891317774;	Site0_1;-91.9375
-78.99777019;-2.891317311;	Site0_1;-92.2500
-78.99750941;-2.891316849;	Site0_1;-92.5000
-78.99724862;-2.891316386;	Site0_1;-92.8125
-78.99698784;-2.891315924;	Site0_1;-93.0625
-78.99672705;-2.891315461;	Site0_1;-93.3125
-78.99646627;-2.891314999;	Site0_1;-93.6250
-78.99620549;-2.891314536;	Site0_1;-93.9375
-78.9959447;-2.891314073;	Site0_1;-94.2500
-78.99568392;-2.89131361;	Site0_1;-94.5625
-78.99542313;-2.891313147;	Site0_1;-94.8750
-78.99516235;-2.891312685;	Site0_1;-95.1875
-78.99490156;-2.891312222;	Site0_1;-95.5000
-78.99464078;-2.891311758;	Site0_1;-95.8750
-78.99437999;-2.891311295;	Site0_1;-96.1875
-78.99411921;-2.891310832;	Site0_1;-96.5000
-78.99385843;-2.891310369;	Site0_1;-96.8125
-78.99359764;-2.891309906;	Site0_1;-97.1250
-78.99333686;-2.891309442;	Site0_1;-97.4375
-78.99307607;-2.891308979;	Site0_1;-97.8125
-78.99281529;-2.891308515;	Site0_1;-98.1250
-78.99255451;-2.891308052;	Site0_1;-98.4375
-78.99229372;-2.891307588;	Site0_1;-98.6875
-78.99203294;-2.891307125;	Site0_1;-98.9375
-78.99177215;-2.891306661;	Site0_1;-99.1875
-78.99151137;-2.891306197;	Site0_1;-99.5000
-78.99125059;-2.891305733;	Site0_1;-99.7500
-78.99098980;-2.891305269;	Site0_1;-100.0000
-78.99072902;-2.891304805;	Site0_1;-100.2500
-78.99046824;-2.891304341;	Site0_1;-100.5625
-78.99020745;-2.891303877;	Site0_1;-100.8125
-78.98994667;-2.891303413;	Site0_1;-101.0625
-78.98968589;-2.891302949;	Site0_1;-101.3125
-78.98942510;-2.891302485;	Site0_1;-101.5625
-78.98916432;-2.89130202;	Site0_1;-101.7500
-78.98890354;-2.891301556;	Site0_1;-102.0000
-79.01550411;-2.891086407;	Site1_1;-102.0000
-79.01524332;-2.891085949;	Site1_1;-101.7500
-79.01498253;-2.891085491;	Site1_1;-101.5625
-79.01472175;-2.891085032;	Site1_1;-101.3125
-79.01446096;-2.891084574;	Site1_1;-101.1250
-79.01420017;-2.891084115;	Site1_1;-100.8750
-79.01393938;-2.891083657;	Site1_1;-100.6250
-79.01367860;-2.891083198;	Site1_1;-100.4375
-79.01341781;-2.891082739;	Site1_1;-100.1875
-79.01315702;-2.891082281;	Site1_1;-99.9375
-79.01289624;-2.891081822;	Site1_1;-99.8125
-79.01263545;-2.891081363;	Site1_1;-99.5625
-79.01237466;-2.891080904;	Site1_1;-99.3125
-79.01211387;-2.891080445;	Site1_1;-99.1250
-79.01185309;-2.891079986;	Site1_1;-98.9375
-79.0115923;-2.891079527;	Site1_1;-98.6875
-79.01133151;-2.891079068;	Site1_1;-98.5000
-79.01107073;-2.891078608;	Site1_1;-98.3125
-79.01080994;-2.891078149;	Site1_1;-98.1250
-79.01054915;-2.89107769;	Site1_1;-97.9375
-79.01028837;-2.89107723;	Site1_1;-97.6875
-79.01002758;-2.891076771;	Site1_1;-97.5000
-79.00976679;-2.891076311;	Site1_1;-97.3125
-79.00950601;-2.891075852;	Site1_1;-97.1250
-79.00924522;-2.891075392;	Site1_1;-97.0000
-79.00898443;-2.891074932;	Site1_1;-96.8125
-79.00872365;-2.891074473;	Site1_1;-96.6875
-79.00846286;-2.891074013;	Site1_1;-96.5625
-79.00820207;-2.891073553;	Site1_1;-96.3750
-79.00794129;-2.891073093;	Site1_1;-96.2500
-79.00768050;-2.891072633;	Site1_1;-96.1875
-79.00741972;-2.891072173;	Site1_1;-96.1250
-79.00715893;-2.891071713;	Site1_1;-96.0000
-79.00689814;-2.891071252;	Site1_1;-95.9375
-79.00663736;-2.891070792;	Site1_1;-95.8750
-79.00637657;-2.891070332;	Site1_1;-95.8750
-79.00611578;-2.891069871;	Site1_1;-95.8125
-79.00585500;-2.891069411;	Site3_1;-95.7500
-79.00559421;-2.891068951;	Site2_1;-94.8125
-79.00533343;-2.89106849;	Site2_1;-93.7500
-79.00507264;-2.891068029;	Site2_1;-93.0625
-79.00481185;-2.891067569;	Site2_1;-92.5000
-79.00455107;-2.891067108;	Site2_1;-92.2500
-79.00429028;-2.891066647;	Site2_1;-92.0000
-79.00402950;-2.891066186;	Site2_1;-92.0000
-79.00376871;-2.891065725;	Site2_1;-91.8125
-79.00350793;-2.891065264;	Site0_1;-91.7500
-79.00324714;-2.891064803;	Site0_1;-91.4375
-79.00298636;-2.891064342;	Site0_1;-91.1875
-79.00272557;-2.891063881;	Site0_1;-91.0000
-79.00246478;-2.89106342;	Site0_1;-90.8125
-79.00220400;-2.891062959;	Site0_1;-90.6250
-79.00194321;-2.891062497;	Site0_1;-90.5625
-79.00168243;-2.891062036;	Site0_1;-90.5625
-79.00142164;-2.891061574;	Site0_1;-90.4375
-79.00116086;-2.891061113;	Site0_1;-90.4375
-79.00090007;-2.891060651;	Site0_1;-90.5000
-79.00063929;-2.89106019;	Site0_1;-90.5625
-79.00037850;-2.891059728;	Site0_1;-90.6250
-79.00011772;-2.891059266;	Site0_1;-90.8125
-78.99985693;-2.891058804;	Site0_1;-90.9375
-78.99959615;-2.891058342;	Site0_1;-91.0625
-78.99933536;-2.891057881;	Site0_1;-91.2500
-78.99907458;-2.891057419;	Site0_1;-91.4375
-78.99881379;-2.891056956;	Site0_1;-91.6250
-78.99855301;-2.891056494;	Site0_1;-91.8750
-78.99829222;-2.891056032;	Site0_1;-92.0625
-78.99803144;-2.89105557;	Site0_1;-92.3125
-78.99777065;-2.891055108;	Site0_1;-92.6250
-78.99750987;-2.891054645;	Site0_1;-92.8750
-78.99724908;-2.891054183;	Site0_1;-93.1250
-78.99698830;-2.89105372;	Site0_1;-93.4375
-78.99672751;-2.891053258;	Site0_1;-93.6875
-78.99646673;-2.891052795;	Site0_1;-93.9375
-78.99620595;-2.891052333;	Site0_1;-94.1875
-78.99594516;-2.89105187;	Site0_1;-94.5625
-78.99568438;-2.891051407;	Site0_1;-94.8125
-78.99542359;-2.891050944;	Site0_1;-95.1250
-78.99516281;-2.891050481;	Site0_1;-95.4375
-78.99490202;-2.891050018;	Site0_1;-95.7500
-78.99464124;-2.891049555;	Site0_1;-96.0625
-78.99438046;-2.891049092;	Site0_1;-96.3750
-78.99411967;-2.891048629;	Site0_1;-96.7500
-78.99385889;-2.891048166;	Site0_1;-97.0000
-78.99359810;-2.891047703;	Site0_1;-97.3125
-78.99333732;-2.891047239;	Site0_1;-97.6250
-78.99307653;-2.891046776;	Site0_1;-97.9375
-78.99281575;-2.891046313;	Site0_1;-98.2500
-78.99255497;-2.891045849;	Site0_1;-98.5625
-78.99229418;-2.891045385;	Site0_1;-98.8750
-78.99203340;-2.891044922;	Site0_1;-99.1250
-78.99177262;-2.891044458;	Site0_1;-99.3750
-78.99151183;-2.891043994;	Site0_1;-99.6250
-78.99125105;-2.891043531;	Site0_1;-99.9375
-78.99099026;-2.891043067;	Site0_1;-100.1875
-78.99072948;-2.891042603;	Site0_1;-100.3750
-78.99046870;-2.891042139;	Site0_1;-100.6250
-78.99020791;-2.891041675;	Site0_1;-100.9375
-78.98994713;-2.891041211;	Site0_1;-101.1875
-78.98968635;-2.891040747;	Site0_1;-101.4375
-78.98942556;-2.891040282;	Site0_1;-101.6875
-78.98916478;-2.891039818;	Site0_1;-101.9375
-79.01524378;-2.890823742;	Site1_1;-101.9375
-79.01498299;-2.890823284;	Site1_1;-101.7500
-79.01472220;-2.890822826;	Site1_1;-101.5000
-79.01446141;-2.890822367;	Site1_1;-101.3125
-79.01420063;-2.890821909;	Site1_1;-101.0625
-79.01393984;-2.89082145;	Site1_1;-100.8750
-79.01367905;-2.890820992;	Site1_1;-100.6250
-79.01341827;-2.890820533;	Site1_1;-100.4375
-79.01315748;-2.890820074;	Site1_1;-100.2500
-79.01289669;-2.890819616;	Site1_1;-100.0625
-79.01263590;-2.890819157;	Site1_1;-99.8125
-79.01237512;-2.890818698;	Site1_1;-99.6250
-79.01211433;-2.890818239;	Site1_1;-99.4375
-79.01185354;-2.89081778;	Site1_1;-99.1875
-79.01159276;-2.890817321;	Site1_1;-99.0000
-79.01133197;-2.890816862;	Site1_1;-98.8125
-79.01107118;-2.890816403;	Site1_1;-98.6875
-79.01081040;-2.890815943;	Site1_1;-98.4375
-79.01054961;-2.890815484;	Site1_1;-98.2500
-79.01028882;-2.890815025;	Site1_1;-98.0625
-79.01002804;-2.890814565;	Site1_1;-97.8750
-79.00976725;-2.890814106;	Site1_1;-97.6875
-79.00950646;-2.890813646;	Site1_1;-97.5625
-79.00924568;-2.890813187;	Site1_1;-97.3750
-79.00898489;-2.890812727;	Site1_1;-97.2500
-79.00872410;-2.890812267;	Site1_1;-97.1250
-79.00846332;-2.890811807;	Site1_1;-97.0000
-79.00820253;-2.890811347;	Site1_1;-96.8125
-79.00794175;-2.890810888;	Site1_1;-96.7500
-79.00768096;-2.890810428;	Site1_1;-96.6875
-79.00742017;-2.890809968;	Site1_1;-96.6250
-79.00715939;-2.890809507;	Site1_1;-96.5000
-79.0068986;-2.890809047;	Site1_1;-96.5000
-79.00663781;-2.890808587;	Site1_1;-96.4375
-79.00637703;-2.890808127;	Site1_1;-96.4375
-79.00611624;-2.890807666;	Site1_1;-96.4375
-79.00585546;-2.890807206;	Site1_1;-96.3750
-79.00559467;-2.890806746;	Site2_1;-95.7500
-79.00533388;-2.890806285;	Site2_1;-94.8125
-79.00507310;-2.890805825;	Site2_1;-94.1250
-79.00481231;-2.890805364;	Site2_1;-93.6875
-79.00455153;-2.890804903;	Site2_1;-93.4375
-79.00429074;-2.890804442;	Site2_1;-93.2500
-79.00402996;-2.890803982;	Site0_1;-93.0625
-79.00376917;-2.890803521;	Site0_1;-92.8125
-79.00350838;-2.89080306;	Site0_1;-92.4375
-79.00324760;-2.890802599;	Site0_1;-92.1875
-79.00298681;-2.890802138;	Site0_1;-91.9375
-79.00272603;-2.890801677;	Site0_1;-91.6875
-79.00246524;-2.890801215;	Site0_1;-91.5000
-79.00220446;-2.890800754;	Site0_1;-91.3125
-79.00194367;-2.890800293;	Site0_1;-91.2500
-79.00168289;-2.890799832;	Site0_1;-91.1875
-79.00142210;-2.89079937;	Site0_1;-91.0625
-79.00116132;-2.890798909;	Site0_1;-91.0625
-79.00090053;-2.890798447;	Site0_1;-91.0625
-79.00063975;-2.890797986;	Site0_1;-91.1875
-79.00037896;-2.890797524;	Site0_1;-91.2500
-79.00011818;-2.890797062;	Site0_1;-91.3125
-78.99985739;-2.8907966;	Site0_1;-91.4375
-78.99959661;-2.890796139;	Site0_1;-91.6250
-78.99933582;-2.890795677;	Site0_1;-91.7500
-78.99907504;-2.890795215;	Site0_1;-91.9375
-78.99881425;-2.890794753;	Site0_1;-92.0625
-78.99855347;-2.890794291;	Site0_1;-92.3125
-78.99829268;-2.890793828;	Site0_1;-92.5625
-78.99803190;-2.890793366;	Site0_1;-92.7500
-78.99777111;-2.890792904;	Site0_1;-92.9375
-78.99751033;-2.890792442;	Site0_1;-93.2500
-78.99724954;-2.890791979;	Site0_1;-93.5000
-78.99698876;-2.890791517;	Site0_1;-93.7500
-78.99672797;-2.890791054;	Site0_1;-94.0000
-78.99646719;-2.890790592;	Site0_1;-94.2500
-78.99620641;-2.890790129;	Site0_1;-94.5000
-78.99594562;-2.890789667;	Site0_1;-94.7500
-78.99568484;-2.890789204;	Site0_1;-95.1250
-78.99542405;-2.890788741;	Site0_1;-95.3750
-78.99516327;-2.890788278;	Site0_1;-95.6875
-78.99490248;-2.890787815;	Site0_1;-96.0000
-78.99464170;-2.890787352;	Site0_1;-96.3125
-78.99438092;-2.890786889;	Site0_1;-96.5625
-78.99412013;-2.890786426;	Site0_1;-96.9375
-78.99385935;-2.890785963;	Site0_1;-97.2500
-78.99359856;-2.8907855;	Site0_1;-97.5625
-78.99333778;-2.890785036;	Site0_1;-97.8125
-78.99307700;-2.890784573;	Site0_1;-98.0625
-78.99281621;-2.89078411;	Site0_1;-98.3750
-78.99255543;-2.890783646;	Site0_1;-98.6875
-78.99229464;-2.890783183;	Site0_1;-99.0000
-78.99203386;-2.890782719;	Site0_1;-99.3125
-78.99177308;-2.890782256;	Site0_1;-99.5625
-78.99151229;-2.890781792;	Site0_1;-99.8125
-78.99125151;-2.890781328;	Site0_1;-100.0625
-78.99099073;-2.890780864;	Site0_1;-100.3125
-78.99072994;-2.8907804;	Site0_1;-100.5625
-78.99046916;-2.890779936;	Site0_1;-100.8125
-78.99020838;-2.890779472;	Site0_1;-101.0625
-78.98994759;-2.890779008;	Site0_1;-101.3125
-78.98968681;-2.890778544;	Site0_1;-101.5625
-78.98942603;-2.89077808;	Site0_1;-101.8125
-79.01498345;-2.890561078;	Site1_1;-101.9375
-79.01472266;-2.890560619;	Site1_1;-101.6875
-79.01446187;-2.890560161;	Site1_1;-101.5000
-79.01420108;-2.890559703;	Site1_1;-101.2500
-79.01394030;-2.890559244;	Site1_1;-101.0625
-79.01367951;-2.890558786;	Site1_1;-100.9375
-79.01341872;-2.890558327;	Site1_1;-100.6875
-79.01315794;-2.890557868;	Site1_1;-100.5000
-79.01289715;-2.89055741;	Site1_1;-100.3125
-79.01263636;-2.890556951;	Site1_1;-100.1250
-79.01237557;-2.890556492;	Site1_1;-99.9375
-79.01211479;-2.890556033;	Site1_1;-99.6875
-79.011854;-2.890555574;	Site1_1;-99.5000
-79.01159321;-2.890555115;	Site1_1;-99.3750
-79.01133243;-2.890554656;	Site1_1;-99.1875
-79.01107164;-2.890554197;	Site1_1;-98.9375
-79.01081085;-2.890553738;	Site1_1;-98.7500
-79.01055007;-2.890553278;	Site1_1;-98.5625
-79.01028928;-2.890552819;	Site1_1;-98.4375
-79.01002849;-2.89055236;	Site1_1;-98.2500
-79.00976771;-2.8905519;	Site1_1;-98.1250
-79.00950692;-2.890551441;	Site1_1;-97.9375
-79.00924613;-2.890550981;	Site1_1;-97.8125
-79.00898535;-2.890550521;	Site1_1;-97.6875
-79.00872456;-2.890550062;	Site1_1;-97.5000
-79.00846378;-2.890549602;	Site1_1;-97.3750
-79.00820299;-2.890549142;	Site1_1;-97.3125
-79.00794220;-2.890548682;	Site1_1;-97.2500
-79.00768142;-2.890548222;	Site1_1;-97.1875
-79.00742063;-2.890547762;	Site1_1;-97.0625
-79.00715984;-2.890547302;	Site1_1;-97.0625
-79.00689906;-2.890546842;	Site1_1;-97.0000
-79.00663827;-2.890546382;	Site1_1;-97.0000
-79.00637749;-2.890545922;	Site1_1;-97.0000
-79.0061167;-2.890545462;	Site1_1;-96.9375
-79.00585591;-2.890545001;	Site1_1;-97.0000
-79.00559513;-2.890544541;	Site0_1;-96.6250
-79.00533434;-2.89054408;	Site2_1;-95.8125
-79.00507356;-2.89054362;	Site2_1;-95.1875
-79.00481277;-2.890543159;	Site2_1;-94.7500
-79.00455199;-2.890542699;	Site2_1;-94.5000
-79.00429120;-2.890542238;	Site0_1;-94.1875
-79.00403041;-2.890541777;	Site0_1;-93.7500
-79.00376963;-2.890541316;	Site0_1;-93.5000
-79.00350884;-2.890540855;	Site0_1;-93.1250
-79.00324806;-2.890540394;	Site0_1;-92.8750
-79.00298727;-2.890539933;	Site0_1;-92.5625
-79.00272649;-2.890539472;	Site0_1;-92.3750
-79.00246570;-2.890539011;	Site0_1;-92.1875
-79.00220492;-2.89053855;	Site0_1;-92.0000
-79.00194413;-2.890538089;	Site0_1;-91.8750
-79.00168335;-2.890537627;	Site0_1;-91.8125
-79.00142256;-2.890537166;	Site0_1;-91.8125
-79.00116178;-2.890536705;	Site0_1;-91.6875
-79.00090099;-2.890536243;	Site0_1;-91.6875
-79.00064021;-2.890535781;	Site0_1;-91.7500
-79.00037942;-2.89053532;	Site0_1;-91.8125
-79.00011864;-2.890534858;	Site0_1;-91.8750
-78.99985785;-2.890534396;	Site0_1;-92.0000
-78.99959707;-2.890533935;	Site0_1;-92.1250
-78.99933628;-2.890533473;	Site0_1;-92.3125
-78.99907550;-2.890533011;	Site0_1;-92.3750
-78.99881471;-2.890532549;	Site0_1;-92.5625
-78.99855393;-2.890532087;	Site0_1;-92.7500
-78.99829314;-2.890531625;	Site0_1;-92.9375
-78.99803236;-2.890531163;	Site0_1;-93.1875
-78.99777157;-2.8905307;	Site0_1;-93.3125
-78.99751079;-2.890530238;	Site0_1;-93.5625
-78.99725000;-2.890529776;	Site0_1;-93.8750
-78.99698922;-2.890529313;	Site0_1;-94.1250
-78.99672843;-2.890528851;	Site0_1;-94.3750
-78.99646765;-2.890528388;	Site0_1;-94.5625
-78.99620687;-2.890527926;	Site0_1;-94.8125
-78.99594608;-2.890527463;	Site0_1;-95.0625
-78.99568530;-2.890527001;	Site0_1;-95.3125
-78.99542451;-2.890526538;	Site0_1;-95.6875
-78.99516373;-2.890526075;	Site0_1;-95.9375
-78.99490294;-2.890525612;	Site0_1;-96.2500
-78.99464216;-2.890525149;	Site0_1;-96.5625
-78.99438138;-2.890524686;	Site0_1;-96.8125
-78.99412059;-2.890524223;	Site0_1;-97.0625
-78.99385981;-2.89052376;	Site0_1;-97.3750
-78.99359902;-2.890523297;	Site0_1;-97.6875
-78.99333824;-2.890522834;	Site0_1;-98.0000
-78.99307746;-2.89052237;	Site0_1;-98.3125
-78.99281667;-2.890521907;	Site0_1;-98.5625
-78.99255589;-2.890521443;	Site0_1;-98.8125
-78.99229511;-2.89052098;	Site0_1;-99.1250
-78.99203432;-2.890520516;	Site0_1;-99.4375
-78.99177354;-2.890520053;	Site0_1;-99.6875
-78.99151275;-2.890519589;	Site0_1;-100.0000
-78.99125197;-2.890519125;	Site0_1;-100.2500
-78.99099119;-2.890518662;	Site0_1;-100.5000
-78.99073040;-2.890518198;	Site0_1;-100.7500
-78.99046962;-2.890517734;	Site0_1;-101.0000
-78.99020884;-2.89051727;	Site0_1;-101.1875
-78.98994805;-2.890516806;	Site0_1;-101.4375
-78.98968727;-2.890516342;	Site0_1;-101.6875
-78.98942649;-2.890515878;	Site0_1;-101.8750
-79.01472311;-2.890298413;	Site1_1;-101.8750
-79.01446233;-2.890297955;	Site1_1;-101.6875
-79.01420154;-2.890297496;	Site1_1;-101.5000
-79.01394075;-2.890297038;	Site1_1;-101.3750
-79.01367997;-2.890296579;	Site1_1;-101.1250
-79.01341918;-2.890296121;	Site1_1;-100.9375
-79.01315839;-2.890295662;	Site1_1;-100.7500
-79.01289760;-2.890295204;	Site1_1;-100.5625
-79.01263682;-2.890294745;	Site1_1;-100.3750
-79.01237603;-2.890294286;	Site1_1;-100.1875
-79.01211524;-2.890293827;	Site1_1;-100.0000
-79.01185446;-2.890293368;	Site1_1;-99.8750
-79.01159367;-2.890292909;	Site1_1;-99.6875
-79.01133288;-2.89029245;	Site1_1;-99.4375
-79.01107210;-2.890291991;	Site1_1;-99.2500
-79.01081131;-2.890291532;	Site1_1;-99.1250
-79.01055052;-2.890291073;	Site1_1;-98.9375
-79.01028974;-2.890290613;	Site1_1;-98.8125
-79.01002895;-2.890290154;	Site1_1;-98.6250
-79.00976816;-2.890289695;	Site1_1;-98.5000
-79.00950738;-2.890289235;	Site1_1;-98.3750
-79.00924659;-2.890288776;	Site1_1;-98.2500
-79.00898580;-2.890288316;	Site1_1;-98.0625
-79.00872502;-2.890287856;	Site1_1;-97.9375
-79.00846423;-2.890287397;	Site1_1;-97.8125
-79.00820345;-2.890286937;	Site1_1;-97.8125
-79.00794266;-2.890286477;	Site1_1;-97.6875
-79.00768187;-2.890286017;	Site1_1;-97.6250
-79.00742109;-2.890285557;	Site1_1;-97.6250
-79.00716030;-2.890285097;	Site1_1;-97.5625
-79.00689952;-2.890284637;	Site1_1;-97.5625
-79.00663873;-2.890284177;	Site1_1;-97.5000
-79.00637794;-2.890283717;	Site1_1;-97.5000
-79.00611716;-2.890283257;	Site1_1;-97.5000
-79.00585637;-2.890282796;	Site1_1;-97.5625
-79.00559559;-2.890282336;	Site0_1;-97.1875
-79.0053348;-2.890281875;	Site0_1;-96.6250
-79.00507401;-2.890281415;	Site0_1;-96.1875
-79.00481323;-2.890280954;	Site0_1;-95.6875
-79.00455244;-2.890280494;	Site0_1;-95.2500
-79.00429166;-2.890280033;	Site0_1;-94.8125
-79.00403087;-2.890279572;	Site0_1;-94.4375
-79.00377009;-2.890279112;	Site0_1;-94.1250
-79.00350930;-2.890278651;	Site0_1;-93.7500
-79.00324852;-2.89027819;	Site0_1;-93.5625
-79.00298773;-2.890277729;	Site0_1;-93.1875
-79.00272695;-2.890277268;	Site0_1;-93.0000
-79.00246616;-2.890276807;	Site0_1;-92.8750
-79.00220537;-2.890276346;	Site0_1;-92.6875
-79.00194459;-2.890275884;	Site0_1;-92.5000
-79.00168380;-2.890275423;	Site0_1;-92.4375
-79.00142302;-2.890274962;	Site0_1;-92.4375
-79.00116223;-2.8902745;	Site0_1;-92.3125
-79.00090145;-2.890274039;	Site0_1;-92.3125
-79.00064066;-2.890273577;	Site0_1;-92.3125
-79.00037988;-2.890273116;	Site0_1;-92.4375
-79.00011909;-2.890272654;	Site0_1;-92.4375
-78.99985831;-2.890272193;	Site0_1;-92.5000
-78.99959752;-2.890271731;	Site0_1;-92.6250
-78.99933674;-2.890271269;	Site0_1;-92.7500
-78.99907596;-2.890270807;	Site0_1;-92.8750
-78.99881517;-2.890270345;	Site0_1;-93.0625
-78.99855439;-2.890269883;	Site0_1;-93.1875
-78.99829360;-2.890269421;	Site0_1;-93.3750
-78.99803282;-2.890268959;	Site0_1;-93.5625
-78.99777203;-2.890268497;	Site0_1;-93.8125
-78.99751125;-2.890268035;	Site0_1;-93.9375
-78.99725046;-2.890267572;	Site0_1;-94.1250
-78.99698968;-2.89026711;	Site0_1;-94.4375
-78.99672889;-2.890266647;	Site0_1;-94.6875
-78.99646811;-2.890266185;	Site0_1;-94.9375
-78.99620733;-2.890265722;	Site0_1;-95.1875
-78.99594654;-2.89026526;	Site0_1;-95.4375
-78.99568576;-2.890264797;	Site0_1;-95.6875
-78.99542497;-2.890264335;	Site0_1;-95.9375
-78.99516419;-2.890263872;	Site0_1;-96.1875
-78.99490340;-2.890263409;	Site0_1;-96.5000
-78.99464262;-2.890262946;	Site0_1;-96.7500
-78.99438184;-2.890262483;	Site0_1;-97.0625
-78.99412105;-2.89026202;	Site0_1;-97.3750
-78.99386027;-2.890261557;	Site0_1;-97.6250
-78.99359949;-2.890261094;	Site0_1;-97.8750
-78.99333870;-2.890260631;	Site0_1;-98.1875
-78.99307792;-2.890260167;	Site0_1;-98.5000
-78.99281713;-2.890259704;	Site0_1;-98.7500
-78.99255635;-2.890259241;	Site0_1;-99.0000
-78.99229557;-2.890258777;	Site0_1;-99.2500
-78.99203478;-2.890258314;	Site0_1;-99.5625
-78.99177400;-2.89025785;	Site0_1;-99.8125
-78.99151322;-2.890257387;	Site0_1;-100.1250
-78.99125243;-2.890256923;	Site0_1;-100.3750
-78.99099165;-2.890256459;	Site0_1;-100.6875
-78.99073087;-2.890255995;	Site0_1;-100.9375
-78.99047008;-2.890255532;	Site0_1;-101.1250
-78.99020930;-2.890255068;	Site0_1;-101.3750
-78.98994852;-2.890254604;	Site0_1;-101.6250
-78.98968773;-2.89025414;	Site0_1;-101.8125
-79.01446278;-2.890035748;	Site1_1;-101.9375
-79.01420200;-2.89003529;	Site1_1;-101.7500
-79.01394121;-2.890034832;	Site1_1;-101.5625
-79.01368042;-2.890034373;	Site1_1;-101.3750
-79.01341963;-2.890033915;	Site1_1;-101.2500
-79.01315885;-2.890033456;	Site1_1;-101.0000
-79.01289806;-2.890032998;	Site1_1;-100.8125
-79.01263727;-2.890032539;	Site1_1;-100.6250
-79.01237649;-2.89003208;	Site1_1;-100.5000
-79.0121157;-2.890031621;	Site1_1;-100.3125
-79.01185491;-2.890031162;	Site1_1;-100.1250
-79.01159413;-2.890030703;	Site1_1;-99.9375
-79.01133334;-2.890030244;	Site1_1;-99.7500
-79.01107255;-2.890029785;	Site1_1;-99.6250
-79.01081177;-2.890029326;	Site1_1;-99.5000
-79.01055098;-2.890028867;	Site1_1;-99.3125
-79.01029019;-2.890028408;	Site1_1;-99.1875
-79.01002941;-2.890027948;	Site1_1;-99.0625
-79.00976862;-2.890027489;	Site1_1;-98.8750
-79.00950783;-2.89002703;	Site1_1;-98.7500
-79.00924705;-2.89002657;	Site1_1;-98.6250
-79.00898626;-2.890026111;	Site1_1;-98.5000
-79.00872548;-2.890025651;	Site1_1;-98.3750
-79.00846469;-2.890025191;	Site1_1;-98.3750
-79.00820390;-2.890024732;	Site1_1;-98.2500
-79.00794312;-2.890024272;	Site1_1;-98.1250
-79.00768233;-2.890023812;	Site1_1;-98.1250
-79.00742155;-2.890023352;	Site1_1;-98.0625
-79.00716076;-2.890022892;	Site1_1;-98.0625
-79.00689997;-2.890022432;	Site1_1;-98.0000
-79.00663919;-2.890021972;	Site1_1;-98.0625
-79.00637840;-2.890021512;	Site1_1;-98.0000
-79.00611762;-2.890021052;	Site1_1;-98.0625
-79.00585683;-2.890020591;	Site1_1;-98.1250
-79.00559604;-2.890020131;	Site0_1;-97.6875
-79.00533526;-2.890019671;	Site0_1;-97.1875
-79.00507447;-2.89001921;	Site0_1;-96.7500
-79.00481369;-2.89001875;	Site0_1;-96.3125
-79.00455290;-2.890018289;	Site0_1;-95.8750
-79.00429212;-2.890017828;	Site0_1;-95.4375
-79.00403133;-2.890017368;	Site0_1;-95.0625
-79.00377055;-2.890016907;	Site0_1;-94.7500
-79.00350976;-2.890016446;	Site0_1;-94.4375
-79.00324897;-2.890015985;	Site0_1;-94.1875
-79.00298819;-2.890015524;	Site0_1;-93.8750
-79.00272740;-2.890015063;	Site0_1;-93.6875
-79.00246662;-2.890014602;	Site0_1;-93.5000
-79.00220583;-2.890014141;	Site0_1;-93.3125
-79.00194505;-2.89001368;	Site0_1;-93.1250
-79.00168426;-2.890013219;	Site0_1;-93.0625
-79.00142348;-2.890012758;	Site0_1;-93.0000
-79.00116269;-2.890012296;	Site0_1;-92.9375
-79.00090191;-2.890011835;	Site0_1;-92.8750
-79.00064112;-2.890011373;	Site0_1;-92.8750
-79.00038034;-2.890010912;	Site0_1;-92.9375
-79.00011955;-2.89001045;	Site0_1;-93.0000
-78.99985877;-2.890009989;	Site0_1;-93.0625
-78.99959798;-2.890009527;	Site0_1;-93.1250
-78.99933720;-2.890009065;	Site0_1;-93.2500
-78.99907641;-2.890008603;	Site0_1;-93.3750
-78.99881563;-2.890008141;	Site0_1;-93.5000
-78.99855485;-2.890007679;	Site0_1;-93.6250
-78.99829406;-2.890007217;	Site0_1;-93.7500
-78.99803328;-2.890006755;	Site0_1;-93.9375
-78.99777249;-2.890006293;	Site0_1;-94.1875
-78.99751171;-2.890005831;	Site0_1;-94.3750
-78.99725092;-2.890005369;	Site0_1;-94.5000
-78.99699014;-2.890004906;	Site0_1;-94.6875
-78.99672935;-2.890004444;	Site0_1;-95.0000
-78.99646857;-2.890003982;	Site0_1;-95.2500
-78.99620779;-2.890003519;	Site0_1;-95.5000
-78.99594700;-2.890003057;	Site0_1;-95.7500
-78.99568622;-2.890002594;	Site0_1;-96.0000
-78.99542543;-2.890002131;	Site0_1;-96.2500
-78.99516465;-2.890001669;	Site0_1;-96.4375
-78.99490387;-2.890001206;	Site0_1;-96.7500
-78.99464308;-2.890000743;	Site0_1;-97.0625
-78.99438230;-2.89000028;	Site0_1;-97.3125
-78.99412151;-2.889999817;	Site0_1;-97.5625
-78.99386073;-2.889999354;	Site0_1;-97.8750
-78.99359995;-2.889998891;	Site0_1;-98.1250
-78.99333916;-2.889998428;	Site0_1;-98.3750
-78.99307838;-2.889997965;	Site0_1;-98.6250
-78.99281759;-2.889997501;	Site0_1;-98.9375
-78.99255681;-2.889997038;	Site0_1;-99.2500
-78.99229603;-2.889996575;	Site0_1;-99.4375
-78.99203524;-2.889996111;	Site0_1;-99.6875
-78.99177446;-2.889995648;	Site0_1;-99.9375
-78.99151368;-2.889995184;	Site0_1;-100.2500
-78.99125289;-2.88999472;	Site0_1;-100.5000
-78.99099211;-2.889994257;	Site0_1;-100.8125
-78.99073133;-2.889993793;	Site0_1;-101.0625
-78.99047054;-2.889993329;	Site0_1;-101.3125
-78.99020976;-2.889992865;	Site0_1;-101.5625
-78.98994898;-2.889992401;	Site0_1;-101.7500
-78.98968819;-2.889991937;	Site0_1;-102.0000
-79.01420245;-2.889773084;	Site1_1;-102.0000
-79.01394166;-2.889772626;	Site1_1;-101.8125
-79.01368088;-2.889772167;	Site1_1;-101.6875
-79.01342009;-2.889771709;	Site1_1;-101.4375
-79.01315930;-2.88977125;	Site1_1;-101.2500
-79.01289852;-2.889770791;	Site1_1;-101.1250
-79.01263773;-2.889770333;	Site1_1;-100.9375
-79.01237694;-2.889769874;	Site1_1;-100.8125
-79.01211616;-2.889769415;	Site1_1;-100.6250
-79.01185537;-2.889768956;	Site1_1;-100.3750
-79.01159458;-2.889768498;	Site1_1;-100.2500
-79.01133380;-2.889768039;	Site1_1;-100.1250
-79.01107301;-2.88976758;	Site1_1;-100.0000
-79.01081222;-2.88976712;	Site1_1;-99.8125
-79.01055144;-2.889766661;	Site1_1;-99.6875
-79.01029065;-2.889766202;	Site1_1;-99.5625
-79.01002986;-2.889765743;	Site1_1;-99.4375
-79.00976908;-2.889765284;	Site1_1;-99.3125
-79.00950829;-2.889764824;	Site1_1;-99.1250
-79.00924751;-2.889764365;	Site1_1;-99.0000
-79.00898672;-2.889763905;	Site1_1;-98.9375
-79.00872593;-2.889763446;	Site1_1;-98.8750
-79.00846515;-2.889762986;	Site1_1;-98.7500
-79.00820436;-2.889762526;	Site1_1;-98.6875
-79.00794357;-2.889762067;	Site1_1;-98.6250
-79.00768279;-2.889761607;	Site1_1;-98.5625
-79.00742200;-2.889761147;	Site1_1;-98.5625
-79.00716122;-2.889760687;	Site1_1;-98.5000
-79.00690043;-2.889760227;	Site1_1;-98.5625
-79.00663965;-2.889759767;	Site1_1;-98.5000
-79.00637886;-2.889759307;	Site1_1;-98.5625
-79.00611807;-2.889758847;	Site1_1;-98.6250
-79.00585729;-2.889758386;	Site1_1;-98.6875
-79.00559650;-2.889757926;	Site0_1;-98.2500
-79.00533572;-2.889757466;	Site0_1;-97.7500
-79.00507493;-2.889757005;	Site0_1;-97.3125
-79.00481415;-2.889756545;	Site0_1;-96.8750
-79.00455336;-2.889756084;	Site0_1;-96.4375
-79.00429257;-2.889755624;	Site0_1;-96.0625
-79.00403179;-2.889755163;	Site0_1;-95.6250
-79.00377100;-2.889754702;	Site0_1;-95.3125
-79.00351022;-2.889754242;	Site0_1;-95.0625
-79.00324943;-2.889753781;	Site0_1;-94.7500
-79.00298865;-2.88975332;	Site0_1;-94.5000
-79.00272786;-2.889752859;	Site0_1;-94.2500
-79.00246708;-2.889752398;	Site0_1;-94.0625
-79.00220629;-2.889751937;	Site0_1;-93.8750
-79.00194551;-2.889751476;	Site0_1;-93.7500
-79.00168472;-2.889751015;	Site0_1;-93.6250
-79.00142394;-2.889750553;	Site0_1;-93.5625
-79.00116315;-2.889750092;	Site0_1;-93.5625
-79.00090237;-2.889749631;	Site0_1;-93.4375
-79.00064158;-2.889749169;	Site0_1;-93.4375
-79.00038080;-2.889748708;	Site0_1;-93.4375
-79.00012001;-2.889748246;	Site0_1;-93.5000
-78.99985923;-2.889747785;	Site0_1;-93.5625
-78.99959844;-2.889747323;	Site0_1;-93.6250
-78.99933766;-2.889746861;	Site0_1;-93.6875
-78.99907687;-2.889746399;	Site0_1;-93.8125
-78.99881609;-2.889745938;	Site0_1;-93.9375
-78.99855530;-2.889745476;	Site0_1;-94.0625
-78.99829452;-2.889745014;	Site0_1;-94.2500
-78.99803374;-2.889744552;	Site0_1;-94.3125
-78.99777295;-2.88974409;	Site0_1;-94.5625
-78.99751217;-2.889743627;	Site0_1;-94.7500
-78.99725138;-2.889743165;	Site0_1;-94.9375
-78.99699060;-2.889742703;	Site0_1;-95.0625
-78.99672981;-2.889742241;	Site0_1;-95.2500
-78.99646903;-2.889741778;	Site0_1;-95.5625
-78.99620825;-2.889741316;	Site0_1;-95.8125
-78.99594746;-2.889740853;	Site0_1;-96.0625
-78.99568668;-2.889740391;	Site0_1;-96.3125
-78.99542589;-2.889739928;	Site0_1;-96.5000
-78.99516511;-2.889739465;	Site0_1;-96.7500
-78.99490433;-2.889739003;	Site0_1;-97.0000
-78.99464354;-2.88973854;	Site0_1;-97.2500
-78.99438276;-2.889738077;	Site0_1;-97.5625
-78.99412197;-2.889737614;	Site0_1;-97.8125
-78.99386119;-2.889737151;	Site0_1;-98.0000
-78.99360041;-2.889736688;	Site0_1;-98.3125
-78.99333962;-2.889736225;	Site0_1;-98.5625
-78.99307884;-2.889735762;	Site0_1;-98.8125
-78.99281806;-2.889735298;	Site0_1;-99.0625
-78.99255727;-2.889734835;	Site0_1;-99.3750
-78.99229649;-2.889734372;	Site0_1;-99.6250
-78.99203570;-2.889733908;	Site0_1;-99.9375
-78.99177492;-2.889733445;	Site0_1;-100.1250
-78.99151414;-2.889732981;	Site0_1;-100.3750
-78.99125335;-2.889732518;	Site0_1;-100.6250
-78.99099257;-2.889732054;	Site0_1;-100.8750
-78.99073179;-2.88973159;	Site0_1;-101.1875
-78.99047100;-2.889731127;	Site0_1;-101.4375
-78.99021022;-2.889730663;	Site0_1;-101.6875
-78.98994944;-2.889730199;	Site0_1;-101.9375
-79.01368133;-2.889509961;	Site1_1;-101.8750
-79.01342055;-2.889509502;	Site1_1;-101.6875
-79.01315976;-2.889509044;	Site1_1;-101.5625
-79.01289897;-2.889508585;	Site1_1;-101.3750
-79.01263819;-2.889508127;	Site1_1;-101.2500
-79.01237740;-2.889507668;	Site1_1;-101.0625
-79.01211661;-2.889507209;	Site1_1;-100.8750
-79.01185583;-2.889506751;	Site1_1;-100.7500
-79.01159504;-2.889506292;	Site1_1;-100.5625
-79.01133425;-2.889505833;	Site1_1;-100.4375
-79.01107347;-2.889505374;	Site1_1;-100.3125
-79.01081268;-2.889504915;	Site1_1;-100.1875
-79.01055189;-2.889504456;	Site1_1;-100.0625
-79.01029111;-2.889503996;	Site1_1;-99.9375
-79.01003032;-2.889503537;	Site1_1;-99.8125
-79.00976953;-2.889503078;	Site1_1;-99.6875
-79.00950875;-2.889502619;	Site1_1;-99.5625
-79.00924796;-2.889502159;	Site1_1;-99.4375
-79.00898718;-2.8895017;	Site1_1;-99.3750
-79.00872639;-2.88950124;	Site1_1;-99.3125
-79.00846560;-2.889500781;	Site1_1;-99.1875
-79.00820482;-2.889500321;	Site1_1;-99.1250
-79.00794403;-2.889499861;	Site1_1;-99.1250
-79.00768325;-2.889499402;	Site1_1;-99.0625
-79.00742246;-2.889498942;	Site1_1;-99.0000
-79.00716167;-2.889498482;	Site1_1;-99.0000
-79.00690089;-2.889498022;	Site1_1;-99.0000
-79.00664010;-2.889497562;	Site1_1;-99.0000
-79.00637932;-2.889497102;	Site1_1;-99.0625
-79.00611853;-2.889496642;	Site1_1;-99.1875
-79.00585775;-2.889496181;	Site1_1;-99.2500
-79.00559696;-2.889495721;	Site0_1;-98.7500
-79.00533617;-2.889495261;	Site0_1;-98.2500
-79.00507539;-2.889494801;	Site0_1;-97.8125
-79.00481460;-2.88949434;	Site0_1;-97.4375
-79.00455382;-2.88949388;	Site0_1;-97.0000
-79.00429303;-2.889493419;	Site0_1;-96.6250
-79.00403225;-2.889492958;	Site0_1;-96.2500
-79.00377146;-2.889492498;	Site0_1;-95.8750
-79.00351068;-2.889492037;	Site0_1;-95.6250
-79.00324989;-2.889491576;	Site0_1;-95.3125
-79.00298911;-2.889491115;	Site0_1;-95.1250
-79.00272832;-2.889490655;	Site0_1;-94.8750
-79.00246754;-2.889490194;	Site0_1;-94.6250
-79.00220675;-2.889489733;	Site0_1;-94.5000
-79.00194597;-2.889489271;	Site0_1;-94.3750
-79.00168518;-2.88948881;	Site0_1;-94.1875
-79.00142440;-2.889488349;	Site0_1;-94.1250
-79.00116361;-2.889487888;	Site0_1;-94.0625
-79.00090283;-2.889487427;	Site0_1;-94.0000
-79.00064204;-2.889486965;	Site0_1;-93.9375
-79.00038126;-2.889486504;	Site0_1;-93.9375
-79.00012047;-2.889486042;	Site0_1;-94.0000
-78.99985969;-2.889485581;	Site0_1;-94.0625
-78.99959890;-2.889485119;	Site0_1;-94.1250
-78.99933812;-2.889484657;	Site0_1;-94.1250
-78.99907733;-2.889484196;	Site0_1;-94.3125
-78.99881655;-2.889483734;	Site0_1;-94.3750
-78.99855576;-2.889483272;	Site0_1;-94.5000
-78.99829498;-2.88948281;	Site0_1;-94.6250
-78.99803420;-2.889482348;	Site0_1;-94.8125
-78.99777341;-2.889481886;	Site0_1;-94.8750
-78.99751263;-2.889481424;	Site0_1;-95.1250
-78.99725184;-2.889480962;	Site0_1;-95.3125
-78.99699106;-2.889480499;	Site0_1;-95.5000
-78.99673027;-2.889480037;	Site0_1;-95.6250
-78.99646949;-2.889479575;	Site0_1;-95.8125
-78.99620871;-2.889479112;	Site0_1;-96.1250
-78.99594792;-2.88947865;	Site0_1;-96.3750
-78.99568714;-2.889478187;	Site0_1;-96.6250
-78.99542635;-2.889477725;	Site0_1;-96.8125
-78.99516557;-2.889477262;	Site0_1;-97.0625
-78.99490479;-2.889476799;	Site0_1;-97.2500
-78.99464400;-2.889476337;	Site0_1;-97.5000
-78.99438322;-2.889475874;	Site0_1;-97.7500
-78.99412243;-2.889475411;	Site0_1;-98.0000
-78.99386165;-2.889474948;	Site0_1;-98.2500
-78.99360087;-2.889474485;	Site0_1;-98.5000
-78.99334008;-2.889474022;	Site0_1;-98.7500
-78.99307930;-2.889473559;	Site0_1;-99.0625
-78.99281852;-2.889473096;	Site0_1;-99.2500
-78.99255773;-2.889472632;	Site0_1;-99.5000
-78.99229695;-2.889472169;	Site0_1;-99.8125
-78.99203617;-2.889471706;	Site0_1;-100.0625
-78.99177538;-2.889471242;	Site0_1;-100.3125
-78.99151460;-2.889470779;	Site0_1;-100.5625
-78.99125382;-2.889470315;	Site0_1;-100.7500
-78.99099303;-2.889469852;	Site0_1;-101.0000
-78.99073225;-2.889469388;	Site0_1;-101.2500
-78.99047147;-2.889468924;	Site0_1;-101.5625
-78.99021068;-2.88946846;	Site0_1;-101.8125
-79.01342100;-2.889247296;	Site1_1;-102.0000
-79.01316022;-2.889246838;	Site1_1;-101.8750
-79.01289943;-2.889246379;	Site1_1;-101.6875
-79.01263864;-2.889245921;	Site1_1;-101.5000
-79.01237786;-2.889245462;	Site1_1;-101.3125
-79.01211707;-2.889245003;	Site1_1;-101.1875
-79.01185628;-2.889244545;	Site1_1;-101.0625
-79.01159550;-2.889244086;	Site1_1;-100.9375
-79.01133471;-2.889243627;	Site1_1;-100.8125
-79.01107392;-2.889243168;	Site1_1;-100.6250
-79.01081314;-2.889242709;	Site1_1;-100.5000
-79.01055235;-2.88924225;	Site1_1;-100.3750
-79.01029156;-2.889241791;	Site1_1;-100.2500
-79.01003078;-2.889241332;	Site1_1;-100.1250
-79.00976999;-2.889240872;	Site1_1;-100.0625
-79.00950921;-2.889240413;	Site1_1;-99.9375
-79.00924842;-2.889239954;	Site1_1;-99.8750
-79.00898763;-2.889239494;	Site1_1;-99.8125
-79.00872685;-2.889239035;	Site1_1;-99.6875
-79.00846606;-2.889238575;	Site1_1;-99.6250
-79.00820528;-2.889238116;	Site1_1;-99.6250
-79.00794449;-2.889237656;	Site1_1;-99.5625
-79.00768370;-2.889237196;	Site1_1;-99.5625
-79.00742292;-2.889236737;	Site1_1;-99.5000
-79.00716213;-2.889236277;	Site1_1;-99.5000
-79.00690135;-2.889235817;	Site1_1;-99.4375
-79.00664056;-2.889235357;	Site1_1;-99.5000
-79.00637977;-2.889234897;	Site1_1;-99.6250
-79.00611899;-2.889234437;	Site1_1;-99.6875
-79.00585820;-2.889233977;	Site0_1;-99.7500
-79.00559742;-2.889233516;	Site0_1;-99.2500
-79.00533663;-2.889233056;	Site0_1;-98.8125
-79.00507585;-2.889232596;	Site0_1;-98.3750
-79.00481506;-2.889232135;	Site0_1;-97.9375
-79.00455428;-2.889231675;	Site0_1;-97.5625
-79.00429349;-2.889231214;	Site0_1;-97.1875
-79.00403271;-2.889230754;	Site0_1;-96.8125
-79.00377192;-2.889230293;	Site0_1;-96.4375
-79.00351113;-2.889229833;	Site0_1;-96.1875
-79.00325035;-2.889229372;	Site0_1;-95.8750
-79.00298956;-2.889228911;	Site0_1;-95.6875
-79.00272878;-2.88922845;	Site0_1;-95.4375
-79.00246799;-2.889227989;	Site0_1;-95.2500
-79.00220721;-2.889227528;	Site0_1;-95.0625
-79.00194642;-2.889227067;	Site0_1;-94.8750
-79.00168564;-2.889226606;	Site0_1;-94.7500
-79.00142485;-2.889226145;	Site0_1;-94.6875
-79.00116407;-2.889225684;	Site0_1;-94.6250
-79.00090328;-2.889225222;	Site0_1;-94.5625
-79.0006425;-2.889224761;	Site0_1;-94.4375
-79.00038172;-2.8892243;	Site0_1;-94.4375
-79.00012093;-2.889223838;	Site0_1;-94.4375
-78.99986015;-2.889223377;	Site0_1;-94.5625
-78.99959936;-2.889222915;	Site0_1;-94.6250
-78.99933858;-2.889222453;	Site0_1;-94.6250
-78.99907779;-2.889221992;	Site0_1;-94.6875
-78.99881701;-2.88922153;	Site0_1;-94.8125
-78.99855622;-2.889221068;	Site0_1;-94.9375
-78.99829544;-2.889220606;	Site0_1;-95.0625
-78.99803465;-2.889220144;	Site0_1;-95.1875
-78.99777387;-2.889219682;	Site0_1;-95.3125
-78.99751309;-2.88921922;	Site0_1;-95.4375
-78.99725230;-2.889218758;	Site0_1;-95.6250
-78.99699152;-2.889218296;	Site0_1;-95.8750
-78.99673073;-2.889217834;	Site0_1;-96.0625
-78.99646995;-2.889217371;	Site0_1;-96.1875
-78.99620917;-2.889216909;	Site0_1;-96.3750
-78.99594838;-2.889216447;	Site0_1;-96.6875
-78.99568760;-2.889215984;	Site0_1;-96.9375
-78.99542681;-2.889215522;	Site0_1;-97.1250
-78.99516603;-2.889215059;	Site0_1;-97.3750
-78.99490525;-2.889214596;	Site0_1;-97.5625
-78.99464446;-2.889214134;	Site0_1;-97.8125
-78.99438368;-2.889213671;	Site0_1;-98.0000
-78.99412289;-2.889213208;	Site0_1;-98.2500
-78.99386211;-2.889212745;	Site0_1;-98.5000
-78.99360133;-2.889212282;	Site0_1;-98.7500
-78.99334054;-2.889211819;	Site0_1;-99.0000
-78.99307976;-2.889211356;	Site0_1;-99.2500
-78.99281898;-2.889210893;	Site0_1;-99.5000
-78.99255819;-2.88921043;	Site0_1;-99.6875
-78.99229741;-2.889209966;	Site0_1;-99.9375
-78.99203663;-2.889209503;	Site0_1;-100.1875
-78.99177584;-2.88920904;	Site0_1;-100.5000
-78.99151506;-2.889208576;	Site0_1;-100.7500
-78.99125428;-2.889208113;	Site0_1;-101.0000
-78.99099349;-2.889207649;	Site0_1;-101.1875
-78.99073271;-2.889207185;	Site0_1;-101.3750
-78.99047193;-2.889206722;	Site0_1;-101.6250
-78.99021114;-2.889206258;	Site0_1;-101.8750
-79.01289989;-2.888984173;	Site1_1;-101.9375
-79.01263910;-2.888983715;	Site1_1;-101.7500
-79.01237831;-2.888983256;	Site1_1;-101.6250
-79.01211753;-2.888982797;	Site1_1;-101.5000
-79.01185674;-2.888982339;	Site1_1;-101.3750
-79.01159595;-2.88898188;	Site1_1;-101.2500
-79.01133517;-2.888981421;	Site1_1;-101.1250
-79.01107438;-2.888980962;	Site1_1;-101.0000
-79.01081359;-2.888980503;	Site1_1;-100.8750
-79.01055281;-2.888980044;	Site1_1;-100.7500
-79.01029202;-2.888979585;	Site1_1;-100.6250
-79.01003123;-2.888979126;	Site1_1;-100.5000
-79.00977045;-2.888978667;	Site1_1;-100.4375
-79.00950966;-2.888978208;	Site1_1;-100.3750
-79.00924888;-2.888977748;	Site1_1;-100.3125
-79.00898809;-2.888977289;	Site1_1;-100.1875
-79.00872730;-2.888976829;	Site1_1;-100.1250
-79.00846652;-2.88897637;	Site1_1;-100.1250
-79.00820573;-2.88897591;	Site1_1;-100.0000
-79.00794495;-2.888975451;	Site1_1;-100.0625
-79.00768416;-2.888974991;	Site1_1;-100.0000
-79.00742337;-2.888974531;	Site1_1;-100.0000
-79.00716259;-2.888974072;	Site1_1;-99.9375
-79.00690180;-2.888973612;	Site1_1;-99.9375
-79.00664102;-2.888973152;	Site1_1;-100.0000
-79.00638023;-2.888972692;	Site1_1;-100.1250
-79.00611945;-2.888972232;	Site1_1;-100.1875
-79.00585866;-2.888971772;	Site0_1;-100.2500
-79.00559788;-2.888971311;	Site0_1;-99.6875
-79.00533709;-2.888970851;	Site0_1;-99.2500
-79.00507630;-2.888970391;	Site0_1;-98.8750
-79.00481552;-2.888969931;	Site0_1;-98.4375
-79.00455473;-2.88896947;	Site0_1;-98.0625
-79.00429395;-2.88896901;	Site0_1;-97.6875
-79.00403316;-2.888968549;	Site0_1;-97.3125
-79.00377238;-2.888968089;	Site0_1;-97.0000
-79.00351159;-2.888967628;	Site0_1;-96.7500
-79.00325081;-2.888967167;	Site0_1;-96.4375
-79.00299002;-2.888966707;	Site0_1;-96.2500
-79.00272924;-2.888966246;	Site0_1;-96.0000
-79.00246845;-2.888965785;	Site0_1;-95.8125
-79.00220767;-2.888965324;	Site0_1;-95.6250
-79.00194688;-2.888964863;	Site0_1;-95.4375
-79.00168610;-2.888964402;	Site0_1;-95.3125
-79.00142531;-2.888963941;	Site0_1;-95.1875
-79.00116453;-2.88896348;	Site0_1;-95.1250
-79.00090374;-2.888963018;	Site0_1;-95.1250
-79.00064296;-2.888962557;	Site0_1;-95.0625
-79.00038217;-2.888962096;	Site0_1;-94.9375
-79.00012139;-2.888961634;	Site0_1;-94.9375
-78.99986061;-2.888961173;	Site0_1;-95.0000
-78.99959982;-2.888960711;	Site0_1;-95.0625
-78.99933904;-2.88896025;	Site0_1;-95.1250
-78.99907825;-2.888959788;	Site0_1;-95.1250
-78.99881747;-2.888959326;	Site0_1;-95.2500
-78.99855668;-2.888958864;	Site0_1;-95.3750
-78.99829590;-2.888958403;	Site0_1;-95.5000
-78.99803511;-2.888957941;	Site0_1;-95.5625
-78.99777433;-2.888957479;	Site0_1;-95.7500
-78.99751355;-2.888957017;	Site0_1;-95.8125
-78.99725276;-2.888956555;	Site0_1;-96.0000
-78.99699198;-2.888956092;	Site0_1;-96.1875
-78.99673119;-2.88895563;	Site0_1;-96.3750
-78.99647041;-2.888955168;	Site0_1;-96.5625
-78.99620963;-2.888954706;	Site0_1;-96.6875
-78.99594884;-2.888954243;	Site0_1;-96.9375
-78.99568806;-2.888953781;	Site0_1;-97.1875
-78.99542727;-2.888953318;	Site0_1;-97.4375
-78.99516649;-2.888952856;	Site0_1;-97.6250
-78.99490571;-2.888952393;	Site0_1;-97.8750
-78.99464492;-2.88895193;	Site0_1;-98.0625
-78.99438414;-2.888951468;	Site0_1;-98.2500
-78.99412335;-2.888951005;	Site0_1;-98.5000
-78.99386257;-2.888950542;	Site0_1;-98.6875
-78.99360179;-2.888950079;	Site0_1;-98.9375
-78.99334100;-2.888949616;	Site0_1;-99.2500
-78.99308022;-2.888949153;	Site0_1;-99.4375
-78.99281944;-2.88894869;	Site0_1;-99.6875
-78.99255865;-2.888948227;	Site0_1;-99.9375
-78.99229787;-2.888947764;	Site0_1;-100.1250
-78.99203709;-2.8889473;	Site0_1;-100.3750
-78.99177630;-2.888946837;	Site0_1;-100.6250
-78.99151552;-2.888946373;	Site0_1;-100.8750
-78.99125474;-2.88894591;	Site0_1;-101.1250
-78.99099395;-2.888945447;	Site0_1;-101.3750
-78.99073317;-2.888944983;	Site0_1;-101.5625
-78.99047239;-2.888944519;	Site0_1;-101.7500
-78.99021161;-2.888944056;	Site0_1;-102.0000
-79.01237877;-2.88872105;	Site1_1;-101.9375
-79.01211798;-2.888720592;	Site1_1;-101.8125
-79.01185720;-2.888720133;	Site1_1;-101.6875
-79.01159641;-2.888719674;	Site1_1;-101.5625
-79.01133562;-2.888719215;	Site1_1;-101.4375
-79.01107484;-2.888718756;	Site1_1;-101.3125
-79.01081405;-2.888718298;	Site1_1;-101.1875
-79.01055326;-2.888717839;	Site1_1;-101.1250
-79.01029248;-2.88871738;	Site1_1;-101.0000
-79.01003169;-2.88871692;	Site1_1;-100.8750
-79.00977091;-2.888716461;	Site1_1;-100.8125
-79.00951012;-2.888716002;	Site1_1;-100.7500
-79.00924933;-2.888715543;	Site1_1;-100.6875
-79.00898855;-2.888715083;	Site1_1;-100.5625
-79.00872776;-2.888714624;	Site1_1;-100.5625
-79.00846698;-2.888714165;	Site1_1;-100.5000
-79.00820619;-2.888713705;	Site1_1;-100.5000
-79.00794540;-2.888713245;	Site1_1;-100.4375
-79.00768462;-2.888712786;	Site1_1;-100.4375
-79.00742383;-2.888712326;	Site1_1;-100.4375
-79.00716305;-2.888711866;	Site1_1;-100.4375
-79.00690226;-2.888711407;	Site1_1;-100.5000
-79.00664148;-2.888710947;	Site1_1;-100.5625
-79.00638069;-2.888710487;	Site1_1;-100.6250
-79.00611990;-2.888710027;	Site1_1;-100.6875
-79.00585912;-2.888709567;	Site0_1;-100.6875
-79.00559833;-2.888709107;	Site0_1;-100.1875
-79.00533755;-2.888708646;	Site0_1;-99.7500
-79.00507676;-2.888708186;	Site0_1;-99.3750
-79.00481598;-2.888707726;	Site0_1;-98.9375
-79.00455519;-2.888707265;	Site0_1;-98.5625
-79.00429441;-2.888706805;	Site0_1;-98.1875
-79.00403362;-2.888706345;	Site0_1;-97.8750
-79.00377284;-2.888705884;	Site0_1;-97.5000
-79.00351205;-2.888705423;	Site0_1;-97.3125
-79.00325127;-2.888704963;	Site0_1;-97.0000
-79.00299048;-2.888704502;	Site0_1;-96.8125
-79.00272970;-2.888704041;	Site0_1;-96.5625
-79.00246891;-2.88870358;	Site0_1;-96.3125
-79.00220813;-2.88870312;	Site0_1;-96.1250
-79.00194734;-2.888702659;	Site0_1;-96.0000
-79.00168656;-2.888702198;	Site0_1;-95.8750
-79.00142577;-2.888701736;	Site0_1;-95.6875
-79.00116499;-2.888701275;	Site0_1;-95.6250
-79.00090420;-2.888700814;	Site0_1;-95.6250
-79.00064342;-2.888700353;	Site0_1;-95.5625
-79.00038263;-2.888699892;	Site0_1;-95.4375
-79.00012185;-2.88869943;	Site0_1;-95.4375
-78.99986106;-2.888698969;	Site0_1;-95.4375
-78.99960028;-2.888698507;	Site0_1;-95.5000
-78.99933950;-2.888698046;	Site0_1;-95.5625
-78.99907871;-2.888697584;	Site0_1;-95.6250
-78.99881793;-2.888697122;	Site0_1;-95.6250
-78.99855714;-2.888696661;	Site0_1;-95.8125
-78.99829636;-2.888696199;	Site0_1;-95.8750
-78.99803557;-2.888695737;	Site0_1;-96.0000
-78.99777479;-2.888695275;	Site0_1;-96.0625
-78.99751401;-2.888694813;	Site0_1;-96.2500
-78.99725322;-2.888694351;	Site0_1;-96.3750
-78.99699244;-2.888693889;	Site0_1;-96.5625
-78.99673165;-2.888693427;	Site0_1;-96.7500
-78.99647087;-2.888692965;	Site0_1;-96.9375
-78.99621009;-2.888692502;	Site0_1;-97.1250
-78.99594930;-2.88869204;	Site0_1;-97.2500
-78.99568852;-2.888691577;	Site0_1;-97.4375
-78.99542773;-2.888691115;	Site0_1;-97.6875
-78.99516695;-2.888690653;	Site0_1;-97.9375
-78.99490617;-2.88869019;	Site0_1;-98.1250
-78.99464538;-2.888689727;	Site0_1;-98.3125
-78.99438460;-2.888689265;	Site0_1;-98.5625
-78.99412382;-2.888688802;	Site0_1;-98.7500
-78.99386303;-2.888688339;	Site0_1;-98.9375
-78.99360225;-2.888687876;	Site0_1;-99.1875
-78.99334146;-2.888687413;	Site0_1;-99.3750
-78.99308068;-2.88868695;	Site0_1;-99.6250
-78.99281990;-2.888686487;	Site0_1;-99.8750
-78.99255911;-2.888686024;	Site0_1;-100.0625
-78.99229833;-2.888685561;	Site0_1;-100.3125
-78.99203755;-2.888685098;	Site0_1;-100.5625
-78.99177676;-2.888684634;	Site0_1;-100.7500
-78.99151598;-2.888684171;	Site0_1;-101.0000
-78.99125520;-2.888683707;	Site0_1;-101.2500
-78.99099442;-2.888683244;	Site0_1;-101.5000
-78.99073363;-2.88868278;	Site0_1;-101.7500
-78.99047285;-2.888682317;	Site0_1;-102.0000
-79.01185765;-2.888457927;	Site1_1;-102.0000
-79.01159686;-2.888457468;	Site1_1;-101.8750
-79.01133608;-2.88845701;	Site1_1;-101.7500
-79.01107529;-2.888456551;	Site1_1;-101.6875
-79.01081451;-2.888456092;	Site1_1;-101.5625
-79.01055372;-2.888455633;	Site1_1;-101.4375
-79.01029293;-2.888455174;	Site1_1;-101.3125
-79.01003215;-2.888454715;	Site1_1;-101.3125
-79.00977136;-2.888454256;	Site1_1;-101.2500
-79.00951058;-2.888453797;	Site1_1;-101.1250
-79.00924979;-2.888453337;	Site1_1;-101.0625
-79.00898900;-2.888452878;	Site1_1;-101.0625
-79.00872822;-2.888452419;	Site1_1;-101.0000
-79.00846743;-2.888451959;	Site1_1;-100.9375
-79.00820665;-2.8884515;	Site1_1;-100.9375
-79.00794586;-2.88845104;	Site1_1;-100.8750
-79.00768507;-2.888450581;	Site1_1;-100.8750
-79.00742429;-2.888450121;	Site1_1;-100.8750
-79.00716350;-2.888449661;	Site1_1;-100.9375
-79.00690272;-2.888449201;	Site1_1;-100.9375
-79.00664193;-2.888448742;	Site1_1;-101.0625
-79.00638115;-2.888448282;	Site1_1;-101.1250
-79.00612036;-2.888447822;	Site1_1;-101.1875
-79.00585958;-2.888447362;	Site0_1;-101.1250
-79.00559879;-2.888446902;	Site0_1;-100.6250
-79.00533801;-2.888446442;	Site0_1;-100.1875
-79.00507722;-2.888445981;	Site0_1;-99.8125
-79.00481643;-2.888445521;	Site0_1;-99.4375
-79.00455565;-2.888445061;	Site0_1;-99.0625
-79.00429486;-2.8884446;	Site0_1;-98.6875
-79.00403408;-2.88844414;	Site0_1;-98.3750
-79.00377329;-2.888443679;	Site0_1;-98.0625
-79.00351251;-2.888443219;	Site0_1;-97.8125
-79.00325172;-2.888442758;	Site0_1;-97.5625
-79.00299094;-2.888442298;	Site0_1;-97.3125
-79.00273015;-2.888441837;	Site0_1;-97.0625
-79.00246937;-2.888441376;	Site0_1;-96.8125
-79.00220858;-2.888440915;	Site0_1;-96.6875
-79.00194780;-2.888440454;	Site0_1;-96.5625
-79.00168702;-2.888439993;	Site0_1;-96.3750
-79.00142623;-2.888439532;	Site0_1;-96.2500
-79.00116545;-2.888439071;	Site0_1;-96.1250
-79.00090466;-2.88843861;	Site0_1;-96.0625
-79.00064388;-2.888438149;	Site0_1;-96.0625
-79.00038309;-2.888437688;	Site0_1;-96.0000
-79.00012231;-2.888437226;	Site0_1;-95.9375
-78.99986152;-2.888436765;	Site0_1;-95.9375
-78.99960074;-2.888436303;	Site0_1;-95.9375
-78.99933995;-2.888435842;	Site0_1;-96.0625
-78.99907917;-2.88843538;	Site0_1;-96.0625
-78.99881839;-2.888434919;	Site0_1;-96.0625
-78.99855760;-2.888434457;	Site0_1;-96.1875
-78.99829682;-2.888433995;	Site0_1;-96.3125
-78.99803603;-2.888433533;	Site0_1;-96.3750
-78.99777525;-2.888433071;	Site0_1;-96.5000
-78.99751446;-2.888432609;	Site0_1;-96.6250
-78.99725368;-2.888432147;	Site0_1;-96.8125
-78.99699290;-2.888431685;	Site0_1;-96.8750
-78.99673211;-2.888431223;	Site0_1;-97.0625
-78.99647133;-2.888430761;	Site0_1;-97.2500
-78.99621055;-2.888430299;	Site0_1;-97.4375
-78.99594976;-2.888429837;	Site0_1;-97.6250
-78.99568898;-2.888429374;	Site0_1;-97.7500
-78.99542819;-2.888428912;	Site0_1;-97.9375
-78.99516741;-2.888428449;	Site0_1;-98.1875
-78.99490663;-2.888427987;	Site0_1;-98.4375
-78.99464584;-2.888427524;	Site0_1;-98.6250
-78.99438506;-2.888427061;	Site0_1;-98.8125
-78.99412428;-2.888426599;	Site0_1;-99.0000
-78.99386349;-2.888426136;	Site0_1;-99.1875
-78.99360271;-2.888425673;	Site0_1;-99.4375
-78.99334193;-2.88842521;	Site0_1;-99.6250
-78.99308114;-2.888424747;	Site0_1;-99.8125
-78.99282036;-2.888424284;	Site0_1;-100.0625
-78.99255958;-2.888423821;	Site0_1;-100.3125
-78.99229879;-2.888423358;	Site0_1;-100.5000
-78.99203801;-2.888422895;	Site0_1;-100.7500
-78.99177723;-2.888422432;	Site0_1;-101.0000
-78.99151644;-2.888421968;	Site0_1;-101.1875
-78.99125566;-2.888421505;	Site0_1;-101.3750
-78.99099488;-2.888421041;	Site0_1;-101.6250
-78.99073409;-2.888420578;	Site0_1;-101.8750
-79.01107575;-2.888194345;	Site1_1;-102.0000
-79.01081496;-2.888193886;	Site1_1;-101.8750
-79.01055418;-2.888193427;	Site1_1;-101.8125
-79.01029339;-2.888192968;	Site1_1;-101.7500
-79.01003260;-2.888192509;	Site1_1;-101.6875
-79.00977182;-2.88819205;	Site1_1;-101.6250
-79.00951103;-2.888191591;	Site1_1;-101.5000
-79.00925025;-2.888191132;	Site1_1;-101.5000
-79.00898946;-2.888190673;	Site1_1;-101.4375
-79.00872867;-2.888190213;	Site1_1;-101.3750
-79.00846789;-2.888189754;	Site1_1;-101.3750
-79.00820710;-2.888189294;	Site1_1;-101.3125
-79.00794632;-2.888188835;	Site1_1;-101.3750
-79.00768553;-2.888188375;	Site1_1;-101.3125
-79.00742475;-2.888187916;	Site1_1;-101.3125
-79.00716396;-2.888187456;	Site1_1;-101.3750
-79.00690318;-2.888186996;	Site1_1;-101.4375
-79.00664239;-2.888186537;	Site1_1;-101.5000
-79.00638160;-2.888186077;	Site1_1;-101.6250
-79.00612082;-2.888185617;	Site1_1;-101.6250
-79.00586003;-2.888185157;	Site0_1;-101.5000
-79.00559925;-2.888184697;	Site0_1;-101.0625
-79.00533846;-2.888184237;	Site0_1;-100.6875
-79.00507768;-2.888183777;	Site0_1;-100.2500
-79.00481689;-2.888183316;	Site0_1;-99.9375
-79.00455611;-2.888182856;	Site0_1;-99.5625
-79.00429532;-2.888182396;	Site0_1;-99.1875
-79.00403454;-2.888181935;	Site0_1;-98.8750
-79.00377375;-2.888181475;	Site0_1;-98.5625
-79.00351297;-2.888181014;	Site0_1;-98.2500
-79.00325218;-2.888180554;	Site0_1;-98.0625
-79.00299140;-2.888180093;	Site0_1;-97.7500
-79.00273061;-2.888179632;	Site0_1;-97.6250
-79.00246983;-2.888179172;	Site0_1;-97.3750
-79.00220904;-2.888178711;	Site0_1;-97.1875
-79.00194826;-2.88817825;	Site0_1;-97.0000
-79.00168747;-2.888177789;	Site0_1;-96.8750
-79.00142669;-2.888177328;	Site0_1;-96.7500
-79.00116590;-2.888176867;	Site0_1;-96.6250
-79.00090512;-2.888176406;	Site0_1;-96.5625
-79.00064434;-2.888175945;	Site0_1;-96.5000
-79.00038355;-2.888175483;	Site0_1;-96.5000
-79.00012277;-2.888175022;	Site0_1;-96.3750
-78.99986198;-2.888174561;	Site0_1;-96.3750
-78.99960120;-2.888174099;	Site0_1;-96.3750
-78.99934041;-2.888173638;	Site0_1;-96.4375
-78.99907963;-2.888173176;	Site0_1;-96.5000
-78.99881884;-2.888172715;	Site0_1;-96.5625
-78.99855806;-2.888172253;	Site0_1;-96.5625
-78.99829728;-2.888171791;	Site0_1;-96.6875
-78.99803649;-2.88817133;	Site0_1;-96.8125
-78.99777571;-2.888170868;	Site0_1;-96.9375
-78.99751492;-2.888170406;	Site0_1;-97.0625
-78.99725414;-2.888169944;	Site0_1;-97.1875
-78.99699336;-2.888169482;	Site0_1;-97.3125
-78.99673257;-2.88816902;	Site0_1;-97.4375
-78.99647179;-2.888168558;	Site0_1;-97.5625
-78.99621100;-2.888168095;	Site0_1;-97.7500
-78.99595022;-2.888167633;	Site0_1;-97.9375
-78.99568944;-2.888167171;	Site0_1;-98.0625
-78.99542865;-2.888166709;	Site0_1;-98.2500
-78.99516787;-2.888166246;	Site0_1;-98.4375
-78.99490709;-2.888165784;	Site0_1;-98.6875
-78.99464630;-2.888165321;	Site0_1;-98.8750
-78.99438552;-2.888164858;	Site0_1;-99.0625
-78.99412474;-2.888164396;	Site0_1;-99.2500
-78.99386395;-2.888163933;	Site0_1;-99.5000
-78.99360317;-2.88816347;	Site0_1;-99.6875
-78.99334239;-2.888163007;	Site0_1;-99.8750
-78.99308160;-2.888162544;	Site0_1;-100.0625
-78.99282082;-2.888162081;	Site0_1;-100.2500
-78.99256004;-2.888161618;	Site0_1;-100.5000
-78.99229925;-2.888161155;	Site0_1;-100.7500
-78.99203847;-2.888160692;	Site0_1;-100.9375
-78.99177769;-2.888160229;	Site0_1;-101.1250
-78.99151690;-2.888159766;	Site0_1;-101.3750
-78.99125612;-2.888159302;	Site0_1;-101.5625
-78.99099534;-2.888158839;	Site0_1;-101.7500
-78.99073455;-2.888158375;	Site0_1;-102.0000
-79.00977228;-2.887929845;	Site1_1;-101.9375
-79.00951149;-2.887929386;	Site1_1;-101.9375
-79.00925070;-2.887928926;	Site1_1;-101.8750
-79.00898992;-2.887928467;	Site1_1;-101.8125
-79.00872913;-2.887928008;	Site1_1;-101.8125
-79.00846835;-2.887927549;	Site1_1;-101.7500
-79.00820756;-2.887927089;	Site1_1;-101.7500
-79.00794677;-2.88792663;	Site1_1;-101.7500
-79.00768599;-2.88792617;	Site1_1;-101.7500
-79.00742520;-2.887925711;	Site1_1;-101.8125
-79.00716442;-2.887925251;	Site1_1;-101.8750
-79.00690363;-2.887924791;	Site1_1;-101.9375
-79.00664285;-2.887924332;	Site1_1;-102.0000
-79.00586049;-2.887922952;	Site0_1;-101.9375
-79.00559971;-2.887922492;	Site0_1;-101.5000
-79.00533892;-2.887922032;	Site0_1;-101.1250
-79.00507814;-2.887921572;	Site0_1;-100.7500
-79.00481735;-2.887921112;	Site0_1;-100.3750
-79.00455657;-2.887920651;	Site0_1;-100.0000
-79.00429578;-2.887920191;	Site0_1;-99.6875
-79.00403500;-2.887919731;	Site0_1;-99.3750
-79.00377421;-2.88791927;	Site0_1;-99.0625
-79.00351343;-2.88791881;	Site0_1;-98.7500
-79.00325264;-2.887918349;	Site0_1;-98.5625
-79.00299186;-2.887917889;	Site0_1;-98.2500
-79.00273107;-2.887917428;	Site0_1;-98.1250
-79.00247029;-2.887916967;	Site0_1;-97.8750
-79.00220950;-2.887916507;	Site0_1;-97.6875
-79.00194872;-2.887916046;	Site0_1;-97.5000
-79.00168793;-2.887915585;	Site0_1;-97.3750
-79.00142715;-2.887915124;	Site0_1;-97.2500
-79.00116636;-2.887914663;	Site0_1;-97.1250
-79.00090558;-2.887914202;	Site0_1;-97.0000
-79.00064479;-2.887913741;	Site0_1;-97.0000
-79.00038401;-2.887913279;	Site0_1;-96.9375
-79.00012323;-2.887912818;	Site0_1;-96.8750
-78.99986244;-2.887912357;	Site0_1;-96.8125
-78.99960166;-2.887911895;	Site0_1;-96.8125
-78.99934087;-2.887911434;	Site0_1;-96.8125
-78.99908009;-2.887910973;	Site0_1;-96.9375
-78.99881930;-2.887910511;	Site0_1;-97.0000
-78.99855852;-2.887910049;	Site0_1;-97.0000
-78.99829774;-2.887909588;	Site0_1;-97.0625
-78.99803695;-2.887909126;	Site0_1;-97.1875
-78.99777617;-2.887908664;	Site0_1;-97.3125
-78.99751538;-2.887908202;	Site0_1;-97.4375
-78.99725460;-2.88790774;	Site0_1;-97.5000
-78.99699382;-2.887907278;	Site0_1;-97.6875
-78.99673303;-2.887906816;	Site0_1;-97.8125
-78.99647225;-2.887906354;	Site0_1;-97.9375
-78.99621146;-2.887905892;	Site0_1;-98.0625
-78.99595068;-2.88790543;	Site0_1;-98.2500
-78.99568990;-2.887904968;	Site0_1;-98.4375
-78.99542911;-2.887904505;	Site0_1;-98.5625
-78.99516833;-2.887904043;	Site0_1;-98.6875
-78.99490755;-2.88790358;	Site0_1;-98.8750
-78.99464676;-2.887903118;	Site0_1;-99.1250
-78.99438598;-2.887902655;	Site0_1;-99.3750
-78.99412520;-2.887902193;	Site0_1;-99.5625
-78.99386441;-2.88790173;	Site0_1;-99.7500
-78.99360363;-2.887901267;	Site0_1;-99.9375
-78.99334285;-2.887900804;	Site0_1;-100.1250
-78.99308206;-2.887900342;	Site0_1;-100.3125
-78.99282128;-2.887899879;	Site0_1;-100.5000
-78.99256050;-2.887899416;	Site0_1;-100.6875
-78.99229971;-2.887898953;	Site0_1;-100.8750
-78.99203893;-2.887898489;	Site0_1;-101.1250
-78.99177815;-2.887898026;	Site0_1;-101.3125
-78.99151736;-2.887897563;	Site0_1;-101.5000
-78.99125658;-2.8878971;	Site0_1;-101.7500
-78.99099580;-2.887896636;	Site0_1;-102.0000
-79.00560016;-2.887660287;	Site0_1;-101.8750
-79.00533938;-2.887659827;	Site0_1;-101.5000
-79.00507859;-2.887659367;	Site0_1;-101.1875
-79.00481781;-2.887658907;	Site0_1;-100.8125
-79.00455702;-2.887658447;	Site0_1;-100.4375
-79.00429624;-2.887657986;	Site0_1;-100.1250
-79.00403545;-2.887657526;	Site0_1;-99.8125
-79.00377467;-2.887657066;	Site0_1;-99.5000
-79.00351388;-2.887656605;	Site0_1;-99.1875
-79.00325310;-2.887656145;	Site0_1;-99.0000
-79.00299231;-2.887655684;	Site0_1;-98.7500
-79.00273153;-2.887655224;	Site0_1;-98.5625
-79.00247074;-2.887654763;	Site0_1;-98.3750
-79.00220996;-2.887654302;	Site0_1;-98.1250
-79.00194918;-2.887653841;	Site0_1;-98.0000
-79.00168839;-2.887653381;	Site0_1;-97.8750
-79.00142761;-2.88765292;	Site0_1;-97.6875
-79.00116682;-2.887652459;	Site0_1;-97.6250
-79.00090604;-2.887651998;	Site0_1;-97.5000
-79.00064525;-2.887651536;	Site0_1;-97.4375
-79.00038447;-2.887651075;	Site0_1;-97.3750
-79.00012368;-2.887650614;	Site0_1;-97.3750
-78.99986290;-2.887650153;	Site0_1;-97.2500
-78.99960212;-2.887649692;	Site0_1;-97.2500
-78.99934133;-2.88764923;	Site0_1;-97.2500
-78.99908055;-2.887648769;	Site0_1;-97.3125
-78.99881976;-2.887648307;	Site0_1;-97.4375
-78.99855898;-2.887647846;	Site0_1;-97.4375
-78.99829819;-2.887647384;	Site0_1;-97.5000
-78.99803741;-2.887646922;	Site0_1;-97.5625
-78.99777663;-2.887646461;	Site0_1;-97.6875
-78.99751584;-2.887645999;	Site0_1;-97.7500
-78.99725506;-2.887645537;	Site0_1;-97.9375
-78.99699428;-2.887645075;	Site0_1;-98.0000
-78.99673349;-2.887644613;	Site0_1;-98.1875
-78.99647271;-2.887644151;	Site0_1;-98.2500
-78.99621192;-2.887643689;	Site0_1;-98.3750
-78.99595114;-2.887643227;	Site0_1;-98.5625
-78.99569036;-2.887642764;	Site0_1;-98.7500
-78.99542957;-2.887642302;	Site0_1;-98.9375
-78.99516879;-2.88764184;	Site0_1;-99.0000
-78.99490801;-2.887641377;	Site0_1;-99.1875
-78.99464722;-2.887640915;	Site0_1;-99.3750
-78.99438644;-2.887640452;	Site0_1;-99.6250
-78.99412566;-2.88763999;	Site0_1;-99.8125
-78.99386487;-2.887639527;	Site0_1;-100.0000
-78.99360409;-2.887639064;	Site0_1;-100.1875
-78.99334331;-2.887638601;	Site0_1;-100.3125
-78.99308252;-2.887638139;	Site0_1;-100.5000
-78.99282174;-2.887637676;	Site0_1;-100.6875
-78.99256096;-2.887637213;	Site0_1;-100.8750
-78.99230017;-2.88763675;	Site0_1;-101.0625
-78.99203939;-2.887636287;	Site0_1;-101.3125
-78.99177861;-2.887635824;	Site0_1;-101.5000
-78.99151782;-2.88763536;	Site0_1;-101.6875
-78.99125704;-2.887634897;	Site0_1;-101.8750
-79.00533984;-2.887397622;	Site0_1;-101.9375
-79.00507905;-2.887397162;	Site0_1;-101.5625
-79.00481827;-2.887396702;	Site0_1;-101.2500
-79.00455748;-2.887396242;	Site0_1;-100.8750
-79.00429670;-2.887395782;	Site0_1;-100.5625
-79.00403591;-2.887395321;	Site0_1;-100.2500
-79.00377513;-2.887394861;	Site0_1;-99.9375
-79.00351434;-2.887394401;	Site0_1;-99.6875
-79.00325356;-2.88739394;	Site0_1;-99.5000
-79.00299277;-2.88739348;	Site0_1;-99.2500
-79.00273199;-2.887393019;	Site0_1;-99.0000
-79.00247120;-2.887392559;	Site0_1;-98.8125
-79.00221042;-2.887392098;	Site0_1;-98.6250
-79.00194963;-2.887391637;	Site0_1;-98.5000
-79.00168885;-2.887391176;	Site0_1;-98.3125
-79.00142806;-2.887390715;	Site0_1;-98.1875
-79.00116728;-2.887390254;	Site0_1;-98.0625
-79.00090650;-2.887389793;	Site0_1;-97.9375
-79.00064571;-2.887389332;	Site0_1;-97.8750
-79.00038493;-2.887388871;	Site0_1;-97.8125
-79.00012414;-2.88738841;	Site0_1;-97.8125
-78.99986336;-2.887387949;	Site0_1;-97.7500
-78.99960257;-2.887387488;	Site0_1;-97.6875
-78.99934179;-2.887387026;	Site0_1;-97.6875
-78.99908101;-2.887386565;	Site0_1;-97.7500
-78.99882022;-2.887386103;	Site0_1;-97.8125
-78.99855944;-2.887385642;	Site0_1;-97.8750
-78.99829865;-2.88738518;	Site0_1;-97.9375
-78.99803787;-2.887384719;	Site0_1;-97.9375
-78.99777709;-2.887384257;	Site0_1;-98.0625
-78.99751630;-2.887383795;	Site0_1;-98.1875
-78.99725552;-2.887383333;	Site0_1;-98.2500
-78.99699473;-2.887382871;	Site0_1;-98.3750
-78.99673395;-2.887382409;	Site0_1;-98.5000
-78.99647317;-2.887381947;	Site0_1;-98.6250
-78.99621238;-2.887381485;	Site0_1;-98.6875
-78.9959516;-2.887381023;	Site0_1;-98.8750
-78.99569082;-2.887380561;	Site0_1;-99.0000
-78.99543003;-2.887380099;	Site0_1;-99.1875
-78.99516925;-2.887379636;	Site0_1;-99.3750
-78.99490847;-2.887379174;	Site0_1;-99.4375
-78.99464768;-2.887378712;	Site0_1;-99.6250
-78.99438690;-2.887378249;	Site0_1;-99.8125
-78.99412612;-2.887377787;	Site0_1;-100.0625
-78.99386533;-2.887377324;	Site0_1;-100.2500
-78.99360455;-2.887376861;	Site0_1;-100.4375
-78.99334377;-2.887376399;	Site0_1;-100.5625
-78.99308298;-2.887375936;	Site0_1;-100.7500
-78.9928222;-2.887375473;	Site0_1;-100.9375
-78.99256142;-2.88737501;	Site0_1;-101.1250
-78.99230063;-2.887374547;	Site0_1;-101.3125
-78.99203985;-2.887374084;	Site0_1;-101.5000
-78.99177907;-2.887373621;	Site0_1;-101.6875
-78.99151829;-2.887373158;	Site0_1;-101.8750
-79.00507951;-2.887134957;	Site0_1;-102.0000
-79.00481872;-2.887134497;	Site0_1;-101.6875
-79.00455794;-2.887134037;	Site0_1;-101.3125
-79.00429715;-2.887133577;	Site0_1;-101.0000
-79.00403637;-2.887133117;	Site0_1;-100.6875
-79.00377558;-2.887132656;	Site0_1;-100.4375
-79.00351480;-2.887132196;	Site0_1;-100.1250
-79.00325401;-2.887131736;	Site0_1;-99.9375
-79.00299323;-2.887131275;	Site0_1;-99.6875
-79.00273245;-2.887130815;	Site0_1;-99.4375
-79.00247166;-2.887130354;	Site0_1;-99.3125
-79.00221088;-2.887129893;	Site0_1;-99.0625
-79.00195009;-2.887129433;	Site0_1;-98.9375
-79.00168931;-2.887128972;	Site0_1;-98.7500
-79.00142852;-2.887128511;	Site0_1;-98.6250
-79.00116774;-2.88712805;	Site0_1;-98.5000
-79.00090695;-2.887127589;	Site0_1;-98.3750
-79.00064617;-2.887127128;	Site0_1;-98.3125
-79.00038539;-2.887126667;	Site0_1;-98.3125
-79.00012460;-2.887126206;	Site0_1;-98.2500
-78.99986382;-2.887125745;	Site0_1;-98.2500
-78.99960303;-2.887125284;	Site0_1;-98.1250
-78.99934225;-2.887124822;	Site0_1;-98.1250
-78.99908146;-2.887124361;	Site0_1;-98.1250
-78.99882068;-2.8871239;	Site0_1;-98.1875
-78.99855990;-2.887123438;	Site0_1;-98.3125
-78.99829911;-2.887122977;	Site0_1;-98.3125
-78.99803833;-2.887122515;	Site0_1;-98.3750
-78.99777755;-2.887122053;	Site0_1;-98.4375
-78.99751676;-2.887121592;	Site0_1;-98.5625
-78.99725598;-2.88712113;	Site0_1;-98.6250
-78.99699519;-2.887120668;	Site0_1;-98.7500
-78.99673441;-2.887120206;	Site0_1;-98.8125
-78.99647363;-2.887119744;	Site0_1;-98.9375
-78.99621284;-2.887119282;	Site0_1;-99.0625
-78.99595206;-2.88711882;	Site0_1;-99.1875
-78.99569128;-2.887118358;	Site0_1;-99.3125
-78.99543049;-2.887117895;	Site0_1;-99.5000
-78.99516971;-2.887117433;	Site0_1;-99.6250
-78.99490893;-2.887116971;	Site0_1;-99.8125
-78.99464814;-2.887116509;	Site0_1;-99.8750
-78.99438736;-2.887116046;	Site0_1;-100.0625
-78.99412658;-2.887115584;	Site0_1;-100.2500
-78.99386579;-2.887115121;	Site0_1;-100.4375
-78.99360501;-2.887114658;	Site0_1;-100.6250
-78.99334423;-2.887114196;	Site0_1;-100.8125
-78.99308344;-2.887113733;	Site0_1;-101.0000
-78.99282266;-2.88711327;	Site0_1;-101.1875
-78.99256188;-2.887112807;	Site0_1;-101.3125
-78.99230109;-2.887112344;	Site0_1;-101.5000
-78.99204031;-2.887111881;	Site0_1;-101.6875
-78.99177953;-2.887111418;	Site0_1;-101.8750
-79.00455840;-2.886871832;	Site0_1;-101.7500
-79.00429761;-2.886871372;	Site0_1;-101.4375
-79.00403683;-2.886870912;	Site0_1;-101.1250
-79.00377604;-2.886870452;	Site0_1;-100.8750
-79.00351526;-2.886869992;	Site0_1;-100.5625
-79.00325447;-2.886869531;	Site0_1;-100.3750
-79.00299369;-2.886869071;	Site0_1;-100.1250
-79.00273290;-2.88686861;	Site0_1;-99.8750
-79.00247212;-2.88686815;	Site0_1;-99.7500
-79.00221133;-2.886867689;	Site0_1;-99.5000
-79.00195055;-2.886867228;	Site0_1;-99.3750
-79.00168977;-2.886866768;	Site0_1;-99.1875
-79.00142898;-2.886866307;	Site0_1;-99.1250
-79.00116820;-2.886865846;	Site0_1;-98.9375
-79.00090741;-2.886865385;	Site0_1;-98.8750
-79.00064663;-2.886864924;	Site0_1;-98.7500
-79.00038584;-2.886864463;	Site0_1;-98.7500
-79.00012506;-2.886864002;	Site0_1;-98.6875
-78.99986428;-2.886863541;	Site0_1;-98.6875
-78.99960349;-2.88686308;	Site0_1;-98.6250
-78.99934271;-2.886862618;	Site0_1;-98.5625
-78.99908192;-2.886862157;	Site0_1;-98.5625
-78.99882114;-2.886861696;	Site0_1;-98.5625
-78.99856036;-2.886861234;	Site0_1;-98.6875
-78.99829957;-2.886860773;	Site0_1;-98.7500
-78.99803879;-2.886860311;	Site0_1;-98.7500
-78.99777800;-2.88685985;	Site0_1;-98.8125
-78.99751722;-2.886859388;	Site0_1;-98.8750
-78.99725644;-2.886858926;	Site0_1;-99.0000
-78.99699565;-2.886858464;	Site0_1;-99.0625
-78.99673487;-2.886858002;	Site0_1;-99.1875
-78.99647409;-2.886857541;	Site0_1;-99.2500
-78.99621330;-2.886857079;	Site0_1;-99.3750
-78.99595252;-2.886856617;	Site0_1;-99.5000
-78.99569174;-2.886856154;	Site0_1;-99.6250
-78.99543095;-2.886855692;	Site0_1;-99.7500
-78.99517017;-2.88685523;	Site0_1;-99.9375
-78.99490939;-2.886854768;	Site0_1;-100.0625
-78.99464860;-2.886854305;	Site0_1;-100.2500
-78.99438782;-2.886853843;	Site0_1;-100.3125
-78.99412704;-2.88685338;	Site0_1;-100.4375
-78.99386625;-2.886852918;	Site0_1;-100.6250
-78.99360547;-2.886852455;	Site0_1;-100.8750
-78.99334469;-2.886851993;	Site0_1;-101.0625
-78.99308390;-2.88685153;	Site0_1;-101.2500
-78.99282312;-2.886851067;	Site0_1;-101.3750
-78.99256234;-2.886850604;	Site0_1;-101.5625
-78.99230156;-2.886850142;	Site0_1;-101.7500
-78.99204077;-2.886849679;	Site0_1;-101.8750
-79.00429807;-2.886609168;	Site0_1;-101.8750
-79.00403728;-2.886608707;	Site0_1;-101.5625
-79.00377650;-2.886608247;	Site0_1;-101.2500
-79.00351571;-2.886607787;	Site0_1;-101.0000
-79.00325493;-2.886607327;	Site0_1;-100.7500
-79.00299415;-2.886606866;	Site0_1;-100.5625
-79.00273336;-2.886606406;	Site0_1;-100.3125
-79.00247258;-2.886605945;	Site0_1;-100.1875
-79.00221179;-2.886605485;	Site0_1;-100.0000
-79.00195101;-2.886605024;	Site0_1;-99.8125
-79.00169022;-2.886604563;	Site0_1;-99.6875
-79.00142944;-2.886604103;	Site0_1;-99.5625
-79.00116866;-2.886603642;	Site0_1;-99.4375
-79.00090787;-2.886603181;	Site0_1;-99.3125
-79.00064709;-2.88660272;	Site0_1;-99.1875
-79.00038630;-2.886602259;	Site0_1;-99.1250
-79.00012552;-2.886601798;	Site0_1;-99.1250
-78.99986473;-2.886601337;	Site0_1;-99.1250
-78.99960395;-2.886600876;	Site0_1;-99.0625
-78.99934317;-2.886600415;	Site0_1;-99.0000
-78.99908238;-2.886599953;	Site0_1;-99.0000
-78.99882160;-2.886599492;	Site0_1;-99.0000
-78.99856081;-2.886599031;	Site0_1;-99.0000
-78.99830003;-2.886598569;	Site0_1;-99.1250
-78.99803925;-2.886598108;	Site0_1;-99.1250
-78.99777846;-2.886597646;	Site0_1;-99.1875
-78.99751768;-2.886597184;	Site0_1;-99.2500
-78.99725690;-2.886596723;	Site0_1;-99.3125
-78.99699611;-2.886596261;	Site0_1;-99.4375
-78.99673533;-2.886595799;	Site0_1;-99.5000
-78.99647455;-2.886595337;	Site0_1;-99.6250
-78.99621376;-2.886594875;	Site0_1;-99.6875
-78.99595298;-2.886594413;	Site0_1;-99.8125
-78.99569220;-2.886593951;	Site0_1;-99.9375
-78.99543141;-2.886593489;	Site0_1;-100.0625
-78.99517063;-2.886593027;	Site0_1;-100.1875
-78.99490985;-2.886592565;	Site0_1;-100.3750
-78.99464906;-2.886592102;	Site0_1;-100.5000
-78.99438828;-2.88659164;	Site0_1;-100.6250
-78.99412750;-2.886591177;	Site0_1;-100.7500
-78.99386671;-2.886590715;	Site0_1;-100.8750
-78.99360593;-2.886590252;	Site0_1;-101.0625
-78.99334515;-2.88658979;	Site0_1;-101.2500
-78.99308436;-2.886589327;	Site0_1;-101.4375
-78.99282358;-2.886588864;	Site0_1;-101.6250
-78.99256280;-2.886588402;	Site0_1;-101.8125
-78.99230202;-2.886587939;	Site0_1;-101.9375
-79.00403774;-2.886346503;	Site0_1;-102.0000
-79.00377696;-2.886346043;	Site0_1;-101.6875
-79.00351617;-2.886345582;	Site0_1;-101.4375
-79.00325539;-2.886345122;	Site0_1;-101.1875
-79.00299460;-2.886344662;	Site0_1;-101.0000
-79.00273382;-2.886344201;	Site0_1;-100.8125
-79.00247303;-2.886343741;	Site0_1;-100.6250
-79.00221225;-2.88634328;	Site0_1;-100.4375
-79.00195147;-2.88634282;	Site0_1;-100.2500
-79.00169068;-2.886342359;	Site0_1;-100.1250
-79.00142990;-2.886341898;	Site0_1;-100.0000
-79.00116911;-2.886341438;	Site0_1;-99.8750
-79.00090833;-2.886340977;	Site0_1;-99.7500
-79.00064755;-2.886340516;	Site0_1;-99.6875
-79.00038676;-2.886340055;	Site0_1;-99.5625
-79.00012598;-2.886339594;	Site0_1;-99.5625
-78.99986519;-2.886339133;	Site0_1;-99.5000
-78.99960441;-2.886338672;	Site0_1;-99.5000
-78.99934363;-2.886338211;	Site0_1;-99.4375
-78.99908284;-2.886337749;	Site0_1;-99.3750
-78.99882206;-2.886337288;	Site0_1;-99.3750
-78.99856127;-2.886336827;	Site0_1;-99.3750
-78.99830049;-2.886336365;	Site0_1;-99.4375
-78.99803971;-2.886335904;	Site0_1;-99.5625
-78.99777892;-2.886335442;	Site0_1;-99.5625
-78.99751814;-2.886334981;	Site0_1;-99.6250
-78.99725736;-2.886334519;	Site0_1;-99.6250
-78.99699657;-2.886334057;	Site0_1;-99.7500
-78.99673579;-2.886333596;	Site0_1;-99.8125
-78.99647501;-2.886333134;	Site0_1;-99.9375
-78.99621422;-2.886332672;	Site0_1;-100.0625
-78.99595344;-2.88633221;	Site0_1;-100.1250
-78.99569266;-2.886331748;	Site0_1;-100.2500
-78.99543187;-2.886331286;	Site0_1;-100.3750
-78.99517109;-2.886330824;	Site0_1;-100.4375
-78.99491031;-2.886330361;	Site0_1;-100.6250
-78.99464952;-2.886329899;	Site0_1;-100.7500
-78.99438874;-2.886329437;	Site0_1;-100.9375
-78.99412796;-2.886328974;	Site0_1;-101.0625
-78.99386717;-2.886328512;	Site0_1;-101.1250
-78.99360639;-2.886328049;	Site0_1;-101.3125
-78.99334561;-2.886327587;	Site0_1;-101.4375
-78.99308482;-2.886327124;	Site0_1;-101.6875
-78.99282404;-2.886326662;	Site0_1;-101.8750
-78.99256326;-2.886326199;	Site0_1;-102.0000
-79.00351663;-2.886083378;	Site0_1;-101.8750
-79.00325585;-2.886082918;	Site0_1;-101.6250
-79.00299506;-2.886082457;	Site0_1;-101.4375
-79.00273428;-2.886081997;	Site0_1;-101.2500
-79.00247349;-2.886081537;	Site0_1;-101.0625
-79.00221271;-2.886081076;	Site0_1;-100.8750
-79.00195192;-2.886080616;	Site0_1;-100.6875
-79.00169114;-2.886080155;	Site0_1;-100.5625
-79.00143036;-2.886079694;	Site0_1;-100.3750
-79.00116957;-2.886079234;	Site0_1;-100.3125
-79.00090879;-2.886078773;	Site0_1;-100.1875
-79.00064800;-2.886078312;	Site0_1;-100.1250
-79.00038722;-2.886077851;	Site0_1;-100.0000
-79.00012644;-2.88607739;	Site0_1;-99.9375
-78.99986565;-2.886076929;	Site0_1;-99.9375
-78.99960487;-2.886076468;	Site0_1;-99.8750
-78.99934408;-2.886076007;	Site0_1;-99.8750
-78.9990833;-2.886075546;	Site0_1;-99.7500
-78.99882252;-2.886075084;	Site0_1;-99.7500
-78.99856173;-2.886074623;	Site0_1;-99.8125
-78.99830095;-2.886074162;	Site0_1;-99.8125
-78.99804017;-2.8860737;	Site0_1;-99.8750
-78.99777938;-2.886073239;	Site0_1;-99.9375
-78.99751860;-2.886072777;	Site0_1;-100.0000
-78.99725781;-2.886072315;	Site0_1;-100.0000
-78.99699703;-2.886071854;	Site0_1;-100.0625
-78.99673625;-2.886071392;	Site0_1;-100.1875
-78.99647546;-2.88607093;	Site0_1;-100.2500
-78.99621468;-2.886070468;	Site0_1;-100.3750
-78.99595390;-2.886070006;	Site0_1;-100.4375
-78.99569311;-2.886069544;	Site0_1;-100.5625
-78.99543233;-2.886069082;	Site0_1;-100.6875
-78.99517155;-2.88606862;	Site0_1;-100.7500
-78.99491077;-2.886068158;	Site0_1;-100.8750
-78.99464998;-2.886067696;	Site0_1;-101.0000
-78.99438920;-2.886067234;	Site0_1;-101.1875
-78.99412842;-2.886066771;	Site0_1;-101.3125
-78.99386763;-2.886066309;	Site0_1;-101.4375
-78.99360685;-2.886065846;	Site0_1;-101.5000
-78.99334607;-2.886065384;	Site0_1;-101.6875
-78.99308528;-2.886064921;	Site0_1;-101.8750
-79.00325630;-2.885820713;	Site0_1;-102.0000
-79.00299552;-2.885820253;	Site0_1;-101.8750
-79.00273474;-2.885819793;	Site0_1;-101.6875
-79.00247395;-2.885819332;	Site0_1;-101.4375
-79.00221317;-2.885818872;	Site0_1;-101.3125
-79.00195238;-2.885818411;	Site0_1;-101.1250
-79.00169160;-2.885817951;	Site0_1;-101.0000
-79.00143081;-2.88581749;	Site0_1;-100.8750
-79.00117003;-2.885817029;	Site0_1;-100.7500
-79.00090925;-2.885816569;	Site0_1;-100.6250
-79.00064846;-2.885816108;	Site0_1;-100.5000
-79.00038768;-2.885815647;	Site0_1;-100.3750
-79.00012689;-2.885815186;	Site0_1;-100.3125
-78.99986611;-2.885814725;	Site0_1;-100.3125
-78.99960533;-2.885814264;	Site0_1;-100.3125
-78.99934454;-2.885813803;	Site0_1;-100.2500
-78.99908376;-2.885813342;	Site0_1;-100.1875
-78.99882298;-2.885812881;	Site0_1;-100.1875
-78.99856219;-2.885812419;	Site0_1;-100.1875
-78.99830141;-2.885811958;	Site0_1;-100.1875
-78.99804062;-2.885811496;	Site0_1;-100.2500
-78.99777984;-2.885811035;	Site0_1;-100.3125
-78.99751906;-2.885810574;	Site0_1;-100.3125
-78.99725827;-2.885810112;	Site0_1;-100.3750
-78.99699749;-2.88580965;	Site0_1;-100.3750
-78.99673671;-2.885809189;	Site0_1;-100.5000
-78.99647592;-2.885808727;	Site0_1;-100.5625
-78.99621514;-2.885808265;	Site0_1;-100.6875
-78.99595436;-2.885807803;	Site0_1;-100.8125
-78.99569357;-2.885807341;	Site0_1;-100.8750
-78.99543279;-2.885806879;	Site0_1;-100.9375
-78.99517201;-2.885806417;	Site0_1;-101.0625
-78.99491122;-2.885805955;	Site0_1;-101.1250
-78.99465044;-2.885805493;	Site0_1;-101.2500
-78.99438966;-2.885805031;	Site0_1;-101.4375
-78.99412888;-2.885804568;	Site0_1;-101.5625
-78.99386809;-2.885804106;	Site0_1;-101.6875
-78.99360731;-2.885803643;	Site0_1;-101.8125
-78.99334653;-2.885803181;	Site0_1;-101.9375
-79.00247441;-2.885557128;	Site0_1;-101.8750
-79.00221362;-2.885556667;	Site0_1;-101.7500
-79.00195284;-2.885556207;	Site0_1;-101.5625
-79.00169206;-2.885555746;	Site0_1;-101.3750
-79.00143127;-2.885555286;	Site0_1;-101.2500
-79.00117049;-2.885554825;	Site0_1;-101.1250
-79.00090970;-2.885554364;	Site0_1;-101.0625
-79.00064892;-2.885553904;	Site0_1;-100.9375
-79.00038814;-2.885553443;	Site0_1;-100.8125
-79.00012735;-2.885552982;	Site0_1;-100.7500
-78.99986657;-2.885552521;	Site0_1;-100.6875
-78.99960578;-2.88555206;	Site0_1;-100.6875
-78.99934500;-2.885551599;	Site0_1;-100.6250
-78.99908422;-2.885551138;	Site0_1;-100.6250
-78.99882343;-2.885550677;	Site0_1;-100.5625
-78.99856265;-2.885550215;	Site0_1;-100.5625
-78.99830187;-2.885549754;	Site0_1;-100.5625
-78.99804108;-2.885549293;	Site0_1;-100.5625
-78.99778030;-2.885548831;	Site0_1;-100.6250
-78.99751952;-2.88554837;	Site0_1;-100.6875
-78.99725873;-2.885547908;	Site0_1;-100.6875
-78.99699795;-2.885547447;	Site0_1;-100.7500
-78.99673717;-2.885546985;	Site0_1;-100.8125
-78.99647638;-2.885546523;	Site0_1;-100.9375
-78.99621560;-2.885546062;	Site0_1;-101.0000
-78.99595482;-2.8855456;	Site0_1;-101.0625
-78.99569403;-2.885545138;	Site0_1;-101.1875
-78.99543325;-2.885544676;	Site0_1;-101.2500
-78.99517247;-2.885544214;	Site0_1;-101.3750
-78.99491168;-2.885543752;	Site0_1;-101.4375
-78.99465090;-2.88554329;	Site0_1;-101.5625
-78.99439012;-2.885542827;	Site0_1;-101.6875
-78.99412934;-2.885542365;	Site0_1;-101.8125
-78.99386855;-2.885541903;	Site0_1;-101.9375
-79.00195330;-2.885294003;	Site0_1;-101.9375
-79.00169251;-2.885293542;	Site0_1;-101.7500
-79.00143173;-2.885293082;	Site0_1;-101.6875
-79.00117095;-2.885292621;	Site0_1;-101.5000
-79.00091016;-2.88529216;	Site0_1;-101.4375
-79.00064938;-2.8852917;	Site0_1;-101.3125
-79.00038859;-2.885291239;	Site0_1;-101.2500
-79.00012781;-2.885290778;	Site0_1;-101.1250
-78.99986703;-2.885290317;	Site0_1;-101.0625
-78.99960624;-2.885289856;	Site0_1;-101.0625
-78.99934546;-2.885289395;	Site0_1;-101.0000
-78.99908468;-2.885288934;	Site0_1;-101.0000
-78.99882389;-2.885288473;	Site0_1;-100.9375
-78.99856311;-2.885288012;	Site0_1;-100.8750
-78.99830233;-2.88528755;	Site0_1;-100.8750
-78.99804154;-2.885287089;	Site0_1;-100.9375
-78.99778076;-2.885286628;	Site0_1;-100.9375
-78.99751998;-2.885286166;	Site0_1;-101.0625
-78.99725919;-2.885285705;	Site0_1;-101.0625
-78.99699841;-2.885285243;	Site0_1;-101.1250
-78.99673763;-2.885284782;	Site0_1;-101.1250
-78.99647684;-2.88528432;	Site0_1;-101.1875
-78.99621606;-2.885283858;	Site0_1;-101.3125
-78.99595528;-2.885283396;	Site0_1;-101.3750
-78.99569449;-2.885282935;	Site0_1;-101.4375
-78.99543371;-2.885282473;	Site0_1;-101.5625
-78.99517293;-2.885282011;	Site0_1;-101.6250
-78.99491214;-2.885281549;	Site0_1;-101.7500
-78.99465136;-2.885281087;	Site0_1;-101.8125
-78.99439058;-2.885280624;	Site0_1;-101.9375
-79.00117140;-2.885030417;	Site0_1;-101.9375
-79.00091062;-2.885029956;	Site0_1;-101.8125
-79.00064984;-2.885029495;	Site0_1;-101.6875
-79.00038905;-2.885029035;	Site0_1;-101.6250
-79.00012827;-2.885028574;	Site0_1;-101.5000
-78.99986749;-2.885028113;	Site0_1;-101.4375
-78.99960670;-2.885027652;	Site0_1;-101.4375
-78.99934592;-2.885027191;	Site0_1;-101.3750
-78.99908513;-2.88502673;	Site0_1;-101.3750
-78.99882435;-2.885026269;	Site0_1;-101.3125
-78.99856357;-2.885025808;	Site0_1;-101.2500
-78.99830278;-2.885025347;	Site0_1;-101.2500
-78.99804200;-2.885024885;	Site0_1;-101.2500
-78.99778122;-2.885024424;	Site0_1;-101.2500
-78.99752043;-2.885023963;	Site0_1;-101.3750
-78.99725965;-2.885023501;	Site0_1;-101.4375
-78.99699887;-2.88502304;	Site0_1;-101.4375
-78.99673808;-2.885022578;	Site0_1;-101.4375
-78.99647730;-2.885022117;	Site0_1;-101.5000
-78.99621652;-2.885021655;	Site0_1;-101.6250
-78.99595574;-2.885021193;	Site0_1;-101.6875
-78.99569495;-2.885020731;	Site0_1;-101.7500
-78.99543417;-2.885020269;	Site0_1;-101.8750
-78.99517339;-2.885019807;	Site0_1;-101.9375
-78.99491260;-2.885019345;	Site0_1;-102.0000
-79.00038951;-2.884766831;	Site0_1;-102.0000
-79.00012873;-2.88476637;	Site0_1;-101.9375
-78.99986794;-2.884765909;	Site0_1;-101.8125
-78.99960716;-2.884765448;	Site0_1;-101.7500
-78.99934638;-2.884764987;	Site0_1;-101.7500
-78.99908559;-2.884764526;	Site0_1;-101.7500
-78.99882481;-2.884764065;	Site0_1;-101.6875
-78.99856403;-2.884763604;	Site0_1;-101.6250
-78.99830324;-2.884763143;	Site0_1;-101.6250
-78.99804246;-2.884762682;	Site0_1;-101.6250
-78.99778168;-2.88476222;	Site0_1;-101.6250
-78.99752089;-2.884761759;	Site0_1;-101.6250
-78.99726011;-2.884761298;	Site0_1;-101.7500
-78.99699933;-2.884760836;	Site0_1;-101.7500
-78.99673854;-2.884760375;	Site0_1;-101.8125
-78.99647776;-2.884759913;	Site0_1;-101.8125
-78.99621698;-2.884759451;	Site0_1;-101.8750
-78.99595619;-2.88475899;	Site0_1;-102.0000
-78.99856449;-2.8845014;	Site0_1;-102.0000
-78.99830370;-2.884500939;	Site0_1;-101.9375
-78.99804292;-2.884500478;	Site0_1;-101.9375
-78.99778214;-2.884500017;	Site0_1;-101.9375
-78.99752135;-2.884499555;	Site0_1;-101.9375
-78.99726057;-2.884499094;	Site0_1;-102.0000