type	GSM
timestamp	12:49:04	13-June-2026
resolution	27
xmin	-80.00035823
xmax	-77.99968707
ymin	-3.004020319
ymax	-1.997274615
x_num_pixels	8249
y_num_pixels	4112


-78.99374763;-2.918407572;[0];-102.0000
-78.99350483;-2.918407136;[0];-102.0000
-78.99326203;-2.918406701;[0];-101.9375
-78.99301922;-2.918406265;[0];-101.9375
-78.99277642;-2.91840583;[0];-101.8750
-78.99253361;-2.918405394;[0];-101.8125
-78.99229081;-2.918404958;[0];-101.8750
-78.99204800;-2.918404523;[0];-101.8125
-78.99180520;-2.918404087;[0];-101.8125
-78.99156239;-2.918403651;[0];-101.8125
-78.99131959;-2.918403215;[0];-101.8750
-78.99107678;-2.918402779;[0];-101.8125
-78.99083398;-2.918402343;[0];-101.8125
-78.99059118;-2.918401907;[0];-101.8125
-78.99034837;-2.918401471;[0];-101.8750
-78.99010557;-2.918401035;[0];-101.8750
-78.98986276;-2.918400599;[0];-101.8125
-78.98961996;-2.918400162;[0];-101.8750
-78.98937715;-2.918399726;[0];-101.9375
-78.98913435;-2.91839929;[0];-101.9375
-78.98889155;-2.918398853;[0];-101.9375
-78.98864874;-2.918398417;[0];-101.9375
-78.98840594;-2.91839798;[0];-102.0000
-78.99496209;-2.918165628;[0];-102.0000
-78.99471929;-2.918165193;[0];-101.9375
-78.99447648;-2.918164758;[0];-101.8750
-78.99423368;-2.918164322;[0];-101.8125
-78.99399087;-2.918163887;[0];-101.7500
-78.99374807;-2.918163452;[0];-101.7500
-78.99350526;-2.918163016;[0];-101.6875
-78.99326246;-2.918162581;[0];-101.6875
-78.99301965;-2.918162145;[0];-101.6250
-78.99277685;-2.91816171;[0];-101.5625
-78.99253404;-2.918161274;[0];-101.5625
-78.99229124;-2.918160839;[0];-101.5625
-78.99204844;-2.918160403;[0];-101.5625
-78.99180563;-2.918159967;[0];-101.5625
-78.99156283;-2.918159531;[0];-101.5625
-78.99132002;-2.918159096;[0];-101.5625
-78.99107722;-2.91815866;[0];-101.5625
-78.99083441;-2.918158224;[0];-101.5625
-78.99059161;-2.918157788;[0];-101.6250
-78.99034881;-2.918157352;[0];-101.5625
-78.990106;-2.918156916;[0];-101.5625
-78.98986320;-2.918156479;[0];-101.6250
-78.98962039;-2.918156043;[0];-101.6875
-78.98937759;-2.918155607;[0];-101.6875
-78.98913478;-2.918155171;[0];-101.6875
-78.98889198;-2.918154734;[0];-101.6875
-78.98864918;-2.918154298;[0];-101.7500
-78.98840637;-2.918153861;[0];-101.8125
-78.98816357;-2.918153425;[0];-101.8125
-78.98792076;-2.918152988;[0];-101.8750
-78.98767796;-2.918152552;[0];-101.8750
-78.98743516;-2.918152115;[0];-101.8750
-78.98719235;-2.918151678;[0];-101.9375
-78.98694955;-2.918151241;[0];-102.0000
-78.99593374;-2.917923248;[0];-101.9375
-78.99569094;-2.917922813;[0];-101.9375
-78.99544813;-2.917922378;[0];-101.8750
-78.99520533;-2.917921943;[0];-101.7500
-78.99496252;-2.917921508;[0];-101.6875
-78.99471972;-2.917921073;[0];-101.6250
-78.99447692;-2.917920638;[0];-101.5625
-78.99423411;-2.917920202;[0];-101.5000
-78.99399131;-2.917919767;[0];-101.4375
-78.9937485;-2.917919332;[0];-101.4375
-78.99350570;-2.917918896;[0];-101.4375
-78.99326289;-2.917918461;[0];-101.3750
-78.99302009;-2.917918026;[0];-101.3125
-78.99277728;-2.91791759;[0];-101.3125
-78.99253448;-2.917917155;[0];-101.3125
-78.99229167;-2.917916719;[0];-101.3125
-78.99204887;-2.917916283;[0];-101.3125
-78.99180606;-2.917915848;[0];-101.3125
-78.99156326;-2.917915412;[0];-101.3125
-78.99132046;-2.917914976;[0];-101.3125
-78.99107765;-2.91791454;[0];-101.3125
-78.99083485;-2.917914104;[0];-101.3750
-78.99059204;-2.917913668;[0];-101.3125
-78.99034924;-2.917913232;[0];-101.3125
-78.99010643;-2.917912796;[0];-101.3750
-78.98986363;-2.91791236;[0];-101.3750
-78.98962083;-2.917911924;[0];-101.3750
-78.98937802;-2.917911488;[0];-101.3750
-78.98913522;-2.917911051;[0];-101.4375
-78.98889241;-2.917910615;[0];-101.5000
-78.98864961;-2.917910179;[0];-101.5625
-78.98840681;-2.917909742;[0];-101.5625
-78.98816400;-2.917909306;[0];-101.6250
-78.98792120;-2.917908869;[0];-101.6250
-78.98767840;-2.917908433;[0];-101.6250
-78.98743559;-2.917907996;[0];-101.6875
-78.98719279;-2.917907559;[0];-101.7500
-78.98694998;-2.917907122;[0];-101.8125
-78.98670718;-2.917906686;[0];-101.8750
-78.98646438;-2.917906249;[0];-101.9375
-78.98622157;-2.917905812;[0];-102.0000
-78.99666259;-2.917680431;[0];-102.0000
-78.99641979;-2.917679997;[0];-101.8125
-78.99617698;-2.917679562;[0];-101.6875
-78.99593418;-2.917679127;[0];-101.6250
-78.99569137;-2.917678692;[0];-101.6250
-78.99544857;-2.917678258;[0];-101.5625
-78.99520576;-2.917677823;[0];-101.4375
-78.99496296;-2.917677388;[0];-101.3750
-78.99472015;-2.917676953;[0];-101.3125
-78.99447735;-2.917676518;[0];-101.2500
-78.99423454;-2.917676082;[0];-101.1875
-78.99399174;-2.917675647;[0];-101.1875
-78.99374893;-2.917675212;[0];-101.1250
-78.99350613;-2.917674777;[0];-101.1250
-78.99326332;-2.917674341;[0];-101.0625
-78.99302052;-2.917673906;[0];-101.0625
-78.99277772;-2.91767347;[0];-101.0625
-78.99253491;-2.917673035;[0];-101.0625
-78.99229211;-2.917672599;[0];-101.0000
-78.99204930;-2.917672164;[0];-101.0625
-78.99180650;-2.917671728;[0];-101.0625
-78.99156369;-2.917671292;[0];-101.0000
-78.99132089;-2.917670857;[0];-101.0625
-78.99107808;-2.917670421;[0];-101.0625
-78.99083528;-2.917669985;[0];-101.0625
-78.99059248;-2.917669549;[0];-101.0625
-78.99034967;-2.917669113;[0];-101.1250
-78.99010687;-2.917668677;[0];-101.1250
-78.98986406;-2.917668241;[0];-101.1250
-78.98962126;-2.917667805;[0];-101.1250
-78.98937846;-2.917667368;[0];-101.1875
-78.98913565;-2.917666932;[0];-101.2500
-78.98889285;-2.917666496;[0];-101.2500
-78.98865004;-2.91766606;[0];-101.3125
-78.98840724;-2.917665623;[0];-101.3750
-78.98816444;-2.917665187;[0];-101.3750
-78.98792163;-2.91766475;[0];-101.3750
-78.98767883;-2.917664314;[0];-101.4375
-78.98743603;-2.917663877;[0];-101.5000
-78.98719322;-2.91766344;[0];-101.5625
-78.98695042;-2.917663004;[0];-101.6250
-78.98670761;-2.917662567;[0];-101.6875
-78.98646481;-2.91766213;[0];-101.7500
-78.98622201;-2.917661693;[0];-101.8125
-78.98597920;-2.917661256;[0];-101.8750
-78.9857364;-2.917660819;[0];-101.9375
-78.98549360;-2.917660382;[0];-102.0000
-78.99739144;-2.917437615;[0];-101.9375
-78.99714863;-2.91743718;[0];-101.8125
-78.99690583;-2.917436746;[0];-101.7500
-78.99666302;-2.917436311;[0];-101.6250
-78.99642022;-2.917435877;[0];-101.5000
-78.99617741;-2.917435442;[0];-101.3750
-78.99593461;-2.917435007;[0];-101.3750
-78.99569180;-2.917434572;[0];-101.3125
-78.99544900;-2.917434137;[0];-101.1875
-78.99520619;-2.917433703;[0];-101.1250
-78.99496339;-2.917433268;[0];-101.0625
-78.99472059;-2.917432833;[0];-101.0000
-78.99447778;-2.917432398;[0];-100.9375
-78.99423498;-2.917431962;[0];-100.9375
-78.99399217;-2.917431527;[0];-100.8750
-78.99374937;-2.917431092;[0];-100.8125
-78.99350656;-2.917430657;[0];-100.8125
-78.99326376;-2.917430221;[0];-100.7500
-78.99302095;-2.917429786;[0];-100.8125
-78.99277815;-2.917429351;[0];-100.7500
-78.99253534;-2.917428915;[0];-100.7500
-78.99229254;-2.91742848;[0];-100.7500
-78.99204974;-2.917428044;[0];-100.7500
-78.99180693;-2.917427608;[0];-100.7500
-78.99156413;-2.917427173;[0];-100.7500
-78.99132132;-2.917426737;[0];-100.8125
-78.99107852;-2.917426301;[0];-100.8125
-78.99083571;-2.917425865;[0];-100.8125
-78.99059291;-2.917425429;[0];-100.8125
-78.99035011;-2.917424994;[0];-100.8750
-78.99010730;-2.917424558;[0];-100.8750
-78.98986450;-2.917424121;[0];-100.8750
-78.98962169;-2.917423685;[0];-100.8750
-78.98937889;-2.917423249;[0];-100.9375
-78.98913609;-2.917422813;[0];-101.0000
-78.98889328;-2.917422377;[0];-101.0625
-78.98865048;-2.91742194;[0];-101.0625
-78.98840767;-2.917421504;[0];-101.0625
-78.98816487;-2.917421068;[0];-101.1250
-78.98792207;-2.917420631;[0];-101.1875
-78.98767926;-2.917420195;[0];-101.2500
-78.98743646;-2.917419758;[0];-101.3125
-78.98719366;-2.917419321;[0];-101.3750
-78.98695085;-2.917418885;[0];-101.4375
-78.98670805;-2.917418448;[0];-101.5000
-78.98646525;-2.917418011;[0];-101.5625
-78.98622244;-2.917417574;[0];-101.6250
-78.98597964;-2.917417137;[0];-101.6875
-78.98573684;-2.9174167;[0];-101.7500
-78.98549403;-2.917416263;[0];-101.8125
-78.98525123;-2.917415826;[0];-101.8750
-78.98500843;-2.917415389;[0];-101.9375
-78.98476562;-2.917414952;[0];-102.0000
-78.99812029;-2.917194797;[0];-102.0000
-78.99787748;-2.917194363;[0];-101.8750
-78.99763468;-2.917193929;[0];-101.7500
-78.99739187;-2.917193494;[0];-101.6250
-78.99714907;-2.91719306;[0];-101.5000
-78.99690626;-2.917192625;[0];-101.4375
-78.99666346;-2.917192191;[0];-101.2500
-78.99642065;-2.917191756;[0];-101.1250
-78.99617785;-2.917191322;[0];-101.1250
-78.99593504;-2.917190887;[0];-101.0625
-78.99569224;-2.917190452;[0];-100.9375
-78.99544943;-2.917190017;[0];-100.8750
-78.99520663;-2.917189582;[0];-100.8125
-78.99496382;-2.917189148;[0];-100.7500
-78.99472102;-2.917188713;[0];-100.6875
-78.99447821;-2.917188278;[0];-100.6250
-78.99423541;-2.917187842;[0];-100.6250
-78.99399260;-2.917187407;[0];-100.5625
-78.99374980;-2.917186972;[0];-100.5000
-78.99350700;-2.917186537;[0];-100.5000
-78.99326419;-2.917186102;[0];-100.5000
-78.99302139;-2.917185666;[0];-100.5000
-78.99277858;-2.917185231;[0];-100.4375
-78.99253578;-2.917184795;[0];-100.5000
-78.99229297;-2.91718436;[0];-100.5000
-78.99205017;-2.917183924;[0];-100.5000
-78.99180736;-2.917183489;[0];-100.5000
-78.99156456;-2.917183053;[0];-100.5000
-78.99132176;-2.917182617;[0];-100.5000
-78.99107895;-2.917182182;[0];-100.5000
-78.99083615;-2.917181746;[0];-100.5625
-78.99059334;-2.91718131;[0];-100.5625
-78.99035054;-2.917180874;[0];-100.5625
-78.99010774;-2.917180438;[0];-100.5625
-78.98986493;-2.917180002;[0];-100.6250
-78.98962213;-2.917179566;[0];-100.6875
-78.98937932;-2.91717913;[0];-100.7500
-78.98913652;-2.917178694;[0];-100.8125
-78.98889372;-2.917178258;[0];-100.8125
-78.98865091;-2.917177821;[0];-100.8125
-78.98840811;-2.917177385;[0];-100.8750
-78.98816531;-2.917176949;[0];-100.9375
-78.98792250;-2.917176512;[0];-101.0000
-78.98767970;-2.917176076;[0];-101.0000
-78.98743689;-2.917175639;[0];-101.0625
-78.98719409;-2.917175202;[0];-101.1250
-78.98695129;-2.917174766;[0];-101.1875
-78.98670848;-2.917174329;[0];-101.2500
-78.98646568;-2.917173892;[0];-101.3125
-78.98622288;-2.917173456;[0];-101.4375
-78.98598007;-2.917173019;[0];-101.5000
-78.98573727;-2.917172582;[0];-101.5625
-78.98549447;-2.917172145;[0];-101.6250
-78.98525166;-2.917171708;[0];-101.6875
-78.98500886;-2.917171271;[0];-101.7500
-78.98476606;-2.917170834;[0];-101.8125
-78.98452325;-2.917170396;[0];-101.8750
-78.98428045;-2.917169959;[0];-101.9375
-78.98403765;-2.917169522;[0];-102.0000
-78.99860633;-2.916951545;[0];-102.0000
-78.99836352;-2.916951111;[0];-101.8125
-78.99812072;-2.916950677;[0];-101.6875
-78.99787791;-2.916950243;[0];-101.5000
-78.99763511;-2.916949808;[0];-101.3750
-78.99739230;-2.916949374;[0];-101.2500
-78.99714950;-2.916948939;[0];-101.1875
-78.99690669;-2.916948505;[0];-101.0625
-78.99666389;-2.91694807;[0];-100.9375
-78.99642108;-2.916947636;[0];-100.8125
-78.99617828;-2.916947201;[0];-100.8125
-78.99593547;-2.916946767;[0];-100.6875
-78.99569267;-2.916946332;[0];-100.6250
-78.99544986;-2.916945897;[0];-100.5625
-78.99520706;-2.916945462;[0];-100.5000
-78.99496426;-2.916945027;[0];-100.3750
-78.99472145;-2.916944593;[0];-100.3750
-78.99447865;-2.916944158;[0];-100.3750
-78.99423584;-2.916943722;[0];-100.3125
-78.99399304;-2.916943287;[0];-100.2500
-78.99375023;-2.916942852;[0];-100.1875
-78.99350743;-2.916942417;[0];-100.2500
-78.99326462;-2.916941982;[0];-100.2500
-78.99302182;-2.916941547;[0];-100.1875
-78.99277901;-2.916941111;[0];-100.1875
-78.99253621;-2.916940676;[0];-100.1875
-78.99229341;-2.91694024;[0];-100.1875
-78.99205060;-2.916939805;[0];-100.1875
-78.99180780;-2.916939369;[0];-100.2500
-78.99156499;-2.916938934;[0];-100.2500
-78.99132219;-2.916938498;[0];-100.2500
-78.99107939;-2.916938062;[0];-100.2500
-78.99083658;-2.916937626;[0];-100.3125
-78.99059378;-2.916937191;[0];-100.3125
-78.99035097;-2.916936755;[0];-100.3125
-78.99010817;-2.916936319;[0];-100.3750
-78.98986537;-2.916935883;[0];-100.4375
-78.98962256;-2.916935447;[0];-100.4375
-78.98937976;-2.916935011;[0];-100.5000
-78.98913695;-2.916934575;[0];-100.5000
-78.98889415;-2.916934138;[0];-100.5000
-78.98865135;-2.916933702;[0];-100.5625
-78.98840854;-2.916933266;[0];-100.6250
-78.98816574;-2.916932829;[0];-100.6875
-78.98792294;-2.916932393;[0];-100.7500
-78.98768013;-2.916931957;[0];-100.8125
-78.98743733;-2.91693152;[0];-100.8750
-78.98719452;-2.916931084;[0];-100.9375
-78.98695172;-2.916930647;[0];-101.0000
-78.98670892;-2.91693021;[0];-101.0625
-78.98646611;-2.916929774;[0];-101.1250
-78.98622331;-2.916929337;[0];-101.1875
-78.98598051;-2.9169289;[0];-101.3125
-78.98573770;-2.916928463;[0];-101.3750
-78.98549490;-2.916928026;[0];-101.4375
-78.98525210;-2.916927589;[0];-101.5000
-78.98500929;-2.916927152;[0];-101.5625
-78.98476649;-2.916926715;[0];-101.6250
-78.98452369;-2.916926278;[0];-101.6875
-78.98428089;-2.916925841;[0];-101.7500
-78.98403808;-2.916925403;[0];-101.8750
-78.98379528;-2.916924966;[0];-101.9375
-78.98355248;-2.916924529;[0];-102.0000
-78.99909237;-2.916708293;[0];-101.9375
-78.99884957;-2.916707859;[0];-101.8125
-78.99860676;-2.916707424;[0];-101.6250
-78.99836396;-2.91670699;[0];-101.4375
-78.99812115;-2.916706556;[0];-101.3125
-78.99787835;-2.916706122;[0];-101.1875
-78.99763554;-2.916705688;[0];-101.0625
-78.99739274;-2.916705253;[0];-100.9375
-78.99714993;-2.916704819;[0];-100.8750
-78.99690713;-2.916704385;[0];-100.6875
-78.99666432;-2.91670395;[0];-100.5625
-78.99642152;-2.916703516;[0];-100.5000
-78.99617871;-2.916703081;[0];-100.4375
-78.99593591;-2.916702646;[0];-100.3750
-78.99569310;-2.916702212;[0];-100.3125
-78.99545030;-2.916701777;[0];-100.1875
-78.99520749;-2.916701342;[0];-100.1250
-78.99496469;-2.916700907;[0];-100.0625
-78.99472188;-2.916700472;[0];-100.0625
-78.99447908;-2.916700038;[0];-100.0625
-78.99423627;-2.916699603;[0];-100.0000
-78.99399347;-2.916699167;[0];-99.9375
-78.99375067;-2.916698732;[0];-99.9375
-78.99350786;-2.916698297;[0];-99.9375
-78.99326506;-2.916697862;[0];-99.8750
-78.99302225;-2.916697427;[0];-99.9375
-78.99277945;-2.916696991;[0];-99.9375
-78.99253664;-2.916696556;[0];-99.8750
-78.99229384;-2.916696121;[0];-99.9375
-78.99205104;-2.916695685;[0];-99.9375
-78.99180823;-2.91669525;[0];-99.9375
-78.99156543;-2.916694814;[0];-99.9375
-78.99132262;-2.916694378;[0];-100.0000
-78.99107982;-2.916693943;[0];-100.0000
-78.99083701;-2.916693507;[0];-100.0000
-78.99059421;-2.916693071;[0];-100.0000
-78.99035141;-2.916692635;[0];-100.0625
-78.99010860;-2.916692199;[0];-100.1250
-78.98986580;-2.916691764;[0];-100.1875
-78.98962300;-2.916691328;[0];-100.2500
-78.98938019;-2.916690891;[0];-100.2500
-78.98913739;-2.916690455;[0];-100.2500
-78.98889458;-2.916690019;[0];-100.3125
-78.98865178;-2.916689583;[0];-100.3750
-78.98840898;-2.916689147;[0];-100.4375
-78.98816617;-2.91668871;[0];-100.5000
-78.98792337;-2.916688274;[0];-100.5625
-78.98768057;-2.916687838;[0];-100.6250
-78.98743776;-2.916687401;[0];-100.6875
-78.98719496;-2.916686965;[0];-100.7500
-78.98695216;-2.916686528;[0];-100.8125
-78.98670935;-2.916686091;[0];-100.8750
-78.98646655;-2.916685655;[0];-100.9375
-78.98622375;-2.916685218;[0];-101.0000
-78.98598094;-2.916684781;[0];-101.1250
-78.98573814;-2.916684344;[0];-101.1875
-78.98549534;-2.916683907;[0];-101.2500
-78.98525253;-2.916683471;[0];-101.3125
-78.98500973;-2.916683034;[0];-101.3750
-78.98476693;-2.916682596;[0];-101.4375
-78.98452412;-2.916682159;[0];-101.5000
-78.98428132;-2.916681722;[0];-101.6250
-78.98403852;-2.916681285;[0];-101.6875
-78.98379571;-2.916680848;[0];-101.7500
-78.98355291;-2.91668041;[0];-101.8750
-78.98331011;-2.916679973;[0];-102.0000
-78.99957841;-2.91646504;[0];-101.9375
-78.99933561;-2.916464606;[0];-101.7500
-78.99909280;-2.916464172;[0];-101.6250
-78.99885000;-2.916463738;[0];-101.4375
-78.99860719;-2.916463304;[0];-101.2500
-78.99836439;-2.91646287;[0];-101.1250
-78.99812158;-2.916462436;[0];-100.9375
-78.99787878;-2.916462001;[0];-100.8125
-78.99763597;-2.916461567;[0];-100.6875
-78.99739317;-2.916461133;[0];-100.6250
-78.99715036;-2.916460699;[0];-100.5000
-78.99690756;-2.916460264;[0];-100.3125
-78.99666475;-2.91645983;[0];-100.2500
-78.99642195;-2.916459395;[0];-100.1875
-78.99617914;-2.916458961;[0];-100.1250
-78.99593634;-2.916458526;[0];-100.0000
-78.99569353;-2.916458092;[0];-99.9375
-78.99545073;-2.916457657;[0];-99.8750
-78.99520792;-2.916457222;[0];-99.8125
-78.99496512;-2.916456787;[0];-99.8125
-78.99472232;-2.916456352;[0];-99.7500
-78.99447951;-2.916455918;[0];-99.6875
-78.99423671;-2.916455483;[0];-99.6250
-78.99399390;-2.916455048;[0];-99.6250
-78.99375110;-2.916454612;[0];-99.6250
-78.99350829;-2.916454177;[0];-99.6250
-78.99326549;-2.916453742;[0];-99.6250
-78.99302268;-2.916453307;[0];-99.6250
-78.99277988;-2.916452872;[0];-99.6250
-78.99253708;-2.916452436;[0];-99.6250
-78.99229427;-2.916452001;[0];-99.6875
-78.99205147;-2.916451566;[0];-99.6250
-78.99180866;-2.91645113;[0];-99.6250
-78.99156586;-2.916450694;[0];-99.6875
-78.99132306;-2.916450259;[0];-99.6875
-78.99108025;-2.916449823;[0];-99.6875
-78.99083745;-2.916449388;[0];-99.7500
-78.99059464;-2.916448952;[0];-99.8125
-78.99035184;-2.916448516;[0];-99.8125
-78.99010904;-2.91644808;[0];-99.8750
-78.98986623;-2.916447644;[0];-99.9375
-78.98962343;-2.916447208;[0];-99.9375
-78.98938063;-2.916446772;[0];-99.9375
-78.98913782;-2.916446336;[0];-100.0000
-78.98889502;-2.9164459;[0];-100.0625
-78.98865221;-2.916445464;[0];-100.1250
-78.98840941;-2.916445028;[0];-100.1875
-78.98816661;-2.916444591;[0];-100.3125
-78.98792380;-2.916444155;[0];-100.3750
-78.987681;-2.916443719;[0];-100.4375
-78.98743820;-2.916443282;[0];-100.5000
-78.98719539;-2.916442846;[0];-100.5625
-78.98695259;-2.916442409;[0];-100.6250
-78.98670979;-2.916441973;[0];-100.6875
-78.98646698;-2.916441536;[0];-100.7500
-78.98622418;-2.916441099;[0];-100.8125
-78.98598138;-2.916440662;[0];-100.8750
-78.98573857;-2.916440226;[0];-101.0000
-78.98549577;-2.916439789;[0];-101.0625
-78.98525297;-2.916439352;[0];-101.1250
-78.98501016;-2.916438915;[0];-101.1875
-78.98476736;-2.916438478;[0];-101.2500
-78.98452456;-2.916438041;[0];-101.3750
-78.98428176;-2.916437604;[0];-101.4375
-78.98403895;-2.916437167;[0];-101.5625
-78.98379615;-2.916436729;[0];-101.6250
-78.98355335;-2.916436292;[0];-101.7500
-78.98331054;-2.916435855;[0];-101.8125
-78.98306774;-2.916435417;[0];-101.8750
-78.98282494;-2.91643498;[0];-102.0000
-79.00006446;-2.916221786;[0];-101.8750
-78.99982165;-2.916221353;[0];-101.7500
-78.99957884;-2.916220919;[0];-101.5625
-78.99933604;-2.916220485;[0];-101.4375
-78.99909323;-2.916220051;[0];-101.2500
-78.99885043;-2.916219617;[0];-101.0625
-78.99860762;-2.916219183;[0];-100.8750
-78.99836482;-2.916218749;[0];-100.7500
-78.99812201;-2.916218315;[0];-100.6250
-78.99787921;-2.916217881;[0];-100.4375
-78.99763640;-2.916217447;[0];-100.3750
-78.99739360;-2.916217013;[0];-100.2500
-78.99715079;-2.916216578;[0];-100.0625
-78.99690799;-2.916216144;[0];-99.9375
-78.99666519;-2.916215709;[0];-99.9375
-78.99642238;-2.916215275;[0];-99.8750
-78.99617958;-2.916214841;[0];-99.7500
-78.99593677;-2.916214406;[0];-99.6875
-78.99569397;-2.916213971;[0];-99.5625
-78.99545116;-2.916213537;[0];-99.5000
-78.99520836;-2.916213102;[0];-99.5000
-78.99496555;-2.916212667;[0];-99.5000
-78.99472275;-2.916212232;[0];-99.4375
-78.99447994;-2.916211798;[0];-99.3750
-78.99423714;-2.916211363;[0];-99.3750
-78.99399434;-2.916210928;[0];-99.3750
-78.99375153;-2.916210493;[0];-99.3125
-78.99350873;-2.916210057;[0];-99.3125
-78.99326592;-2.916209622;[0];-99.3750
-78.99302312;-2.916209187;[0];-99.3125
-78.99278031;-2.916208752;[0];-99.3125
-78.99253751;-2.916208317;[0];-99.3750
-78.99229471;-2.916207881;[0];-99.3750
-78.99205190;-2.916207446;[0];-99.3125
-78.99180910;-2.91620701;[0];-99.3750
-78.99156629;-2.916206575;[0];-99.4375
-78.99132349;-2.916206139;[0];-99.4375
-78.99108069;-2.916205704;[0];-99.4375
-78.99083788;-2.916205268;[0];-99.5000
-78.99059508;-2.916204832;[0];-99.5625
-78.99035227;-2.916204397;[0];-99.6250
-78.99010947;-2.916203961;[0];-99.6250
-78.98986667;-2.916203525;[0];-99.6250
-78.98962386;-2.916203089;[0];-99.6875
-78.98938106;-2.916202653;[0];-99.7500
-78.98913826;-2.916202217;[0];-99.8125
-78.98889545;-2.916201781;[0];-99.8750
-78.98865265;-2.916201345;[0];-99.9375
-78.98840984;-2.916200909;[0];-100.0000
-78.98816704;-2.916200472;[0];-100.0625
-78.98792424;-2.916200036;[0];-100.1250
-78.98768143;-2.9161996;[0];-100.1875
-78.98743863;-2.916199163;[0];-100.2500
-78.98719583;-2.916198727;[0];-100.3750
-78.98695302;-2.91619829;[0];-100.4375
-78.98671022;-2.916197854;[0];-100.5000
-78.98646742;-2.916197417;[0];-100.5625
-78.98622461;-2.91619698;[0];-100.6250
-78.98598181;-2.916196544;[0];-100.6875
-78.98573901;-2.916196107;[0];-100.8125
-78.98549620;-2.91619567;[0];-100.8750
-78.98525340;-2.916195233;[0];-100.9375
-78.98501060;-2.916194796;[0];-101.0000
-78.98476780;-2.916194359;[0];-101.1250
-78.98452499;-2.916193922;[0];-101.1875
-78.98428219;-2.916193485;[0];-101.3125
-78.98403939;-2.916193048;[0];-101.4375
-78.98379658;-2.916192611;[0];-101.5000
-78.98355378;-2.916192174;[0];-101.5625
-78.98331098;-2.916191736;[0];-101.6250
-78.98306818;-2.916191299;[0];-101.7500
-78.98282537;-2.916190862;[0];-101.8125
-78.98258257;-2.916190424;[0];-101.8750
-78.98233977;-2.916189987;[0];-102.0000
-79.00055050;-2.915978533;[0];-101.9375
-79.00030769;-2.915978099;[0];-101.7500
-79.00006489;-2.915977665;[0];-101.5625
-78.99982208;-2.915977232;[0];-101.4375
-78.99957928;-2.915976798;[0];-101.2500
-78.99933647;-2.915976364;[0];-101.0625
-78.99909367;-2.91597593;[0];-100.8750
-78.99885086;-2.915975497;[0];-100.6875
-78.99860806;-2.915975063;[0];-100.5000
-78.99836525;-2.915974629;[0];-100.3750
-78.99812245;-2.915974195;[0];-100.2500
-78.99787964;-2.91597376;[0];-100.0625
-78.99763684;-2.915973326;[0];-100.0625
-78.99739403;-2.915972892;[0];-99.8750
-78.99715123;-2.915972458;[0];-99.6875
-78.99690842;-2.915972024;[0];-99.6250
-78.99666562;-2.915971589;[0];-99.5625
-78.99642281;-2.915971155;[0];-99.5000
-78.99618001;-2.91597072;[0];-99.3750
-78.99593720;-2.915970286;[0];-99.3125
-78.99569440;-2.915969851;[0];-99.2500
-78.99545159;-2.915969417;[0];-99.1875
-78.99520879;-2.915968982;[0];-99.1875
-78.99496599;-2.915968547;[0];-99.1250
-78.99472318;-2.915968112;[0];-99.0625
-78.99448038;-2.915967677;[0];-99.0625
-78.99423757;-2.915967243;[0];-99.0625
-78.99399477;-2.915966808;[0];-99.0000
-78.99375196;-2.915966373;[0];-99.0000
-78.99350916;-2.915965938;[0];-99.0625
-78.99326635;-2.915965503;[0];-99.0000
-78.99302355;-2.915965067;[0];-99.0000
-78.99278075;-2.915964632;[0];-99.0625
-78.99253794;-2.915964197;[0];-99.0625
-78.99229514;-2.915963762;[0];-99.0625
-78.99205233;-2.915963326;[0];-99.0625
-78.99180953;-2.915962891;[0];-99.1250
-78.99156673;-2.915962455;[0];-99.1250
-78.99132392;-2.91596202;[0];-99.1250
-78.99108112;-2.915961584;[0];-99.1875
-78.99083831;-2.915961149;[0];-99.2500
-78.99059551;-2.915960713;[0];-99.3125
-78.99035271;-2.915960277;[0];-99.3125
-78.99010990;-2.915959841;[0];-99.3125
-78.98986710;-2.915959406;[0];-99.3750
-78.98962430;-2.91595897;[0];-99.4375
-78.98938149;-2.915958534;[0];-99.5000
-78.98913869;-2.915958098;[0];-99.5625
-78.98889589;-2.915957662;[0];-99.6250
-78.98865308;-2.915957226;[0];-99.6875
-78.98841028;-2.915956789;[0];-99.8125
-78.98816747;-2.915956353;[0];-99.8750
-78.98792467;-2.915955917;[0];-99.9375
-78.98768187;-2.915955481;[0];-100.0000
-78.98743906;-2.915955044;[0];-100.0625
-78.98719626;-2.915954608;[0];-100.1250
-78.98695346;-2.915954171;[0];-100.2500
-78.98671065;-2.915953735;[0];-100.3125
-78.98646785;-2.915953298;[0];-100.3750
-78.98622505;-2.915952862;[0];-100.4375
-78.98598225;-2.915952425;[0];-100.5000
-78.98573944;-2.915951988;[0];-100.6250
-78.98549664;-2.915951552;[0];-100.6875
-78.98525384;-2.915951115;[0];-100.7500
-78.98501103;-2.915950678;[0];-100.8750
-78.98476823;-2.915950241;[0];-100.9375
-78.98452543;-2.915949804;[0];-101.0625
-78.98428262;-2.915949367;[0];-101.1875
-78.98403982;-2.91594893;[0];-101.2500
-78.98379702;-2.915948493;[0];-101.3125
-78.98355422;-2.915948055;[0];-101.3750
-78.98331141;-2.915947618;[0];-101.5000
-78.98306861;-2.915947181;[0];-101.5625
-78.98282581;-2.915946743;[0];-101.6250
-78.98258301;-2.915946306;[0];-101.7500
-78.98234020;-2.915945869;[0];-101.8750
-78.9820974;-2.915945431;[0];-101.9375
-79.00079373;-2.915734845;[0];-101.8125
-79.00055093;-2.915734412;[0];-101.5625
-79.00030812;-2.915733978;[0];-101.3750
-79.00006532;-2.915733545;[0];-101.1875
-78.99982251;-2.915733111;[0];-101.0625
-78.99957971;-2.915732677;[0];-100.8125
-78.99933690;-2.915732244;[0];-100.6875
-78.99909410;-2.91573181;[0];-100.5000
-78.99885129;-2.915731376;[0];-100.3125
-78.99860849;-2.915730942;[0];-100.1250
-78.99836568;-2.915730508;[0];-100.0000
-78.99812288;-2.915730074;[0];-99.8125
-78.99788007;-2.91572964;[0];-99.7500
-78.99763727;-2.915729206;[0];-99.6250
-78.99739446;-2.915728772;[0];-99.4375
-78.99715166;-2.915728337;[0];-99.3750
-78.99690885;-2.915727903;[0];-99.3125
-78.99666605;-2.915727469;[0];-99.1875
-78.99642324;-2.915727034;[0];-99.1250
-78.99618044;-2.9157266;[0];-99.0000
-78.99593764;-2.915726166;[0];-98.9375
-78.99569483;-2.915725731;[0];-98.8750
-78.99545203;-2.915725296;[0];-98.8750
-78.99520922;-2.915724862;[0];-98.8125
-78.99496642;-2.915724427;[0];-98.7500
-78.99472361;-2.915723992;[0];-98.7500
-78.99448081;-2.915723557;[0];-98.7500
-78.99423800;-2.915723123;[0];-98.6875
-78.9939952;-2.915722688;[0];-98.6875
-78.99375240;-2.915722253;[0];-98.7500
-78.99350959;-2.915721818;[0];-98.6875
-78.99326679;-2.915721383;[0];-98.6875
-78.99302398;-2.915720948;[0];-98.7500
-78.99278118;-2.915720512;[0];-98.7500
-78.99253838;-2.915720077;[0];-98.7500
-78.99229557;-2.915719642;[0];-98.7500
-78.99205277;-2.915719207;[0];-98.8125
-78.99180996;-2.915718771;[0];-98.8125
-78.99156716;-2.915718336;[0];-98.8125
-78.99132436;-2.9157179;[0];-98.8750
-78.99108155;-2.915717465;[0];-98.9375
-78.99083875;-2.915717029;[0];-99.0000
-78.99059594;-2.915716594;[0];-99.0000
-78.99035314;-2.915716158;[0];-99.0000
-78.99011034;-2.915715722;[0];-99.0625
-78.98986753;-2.915715286;[0];-99.1250
-78.98962473;-2.91571485;[0];-99.2500
-78.98938193;-2.915714415;[0];-99.3125
-78.98913912;-2.915713979;[0];-99.3750
-78.98889632;-2.915713543;[0];-99.4375
-78.98865352;-2.915713106;[0];-99.5000
-78.98841071;-2.91571267;[0];-99.5625
-78.98816791;-2.915712234;[0];-99.6250
-78.98792511;-2.915711798;[0];-99.6875
-78.98768230;-2.915711362;[0];-99.8125
-78.98743950;-2.915710925;[0];-99.8750
-78.98719670;-2.915710489;[0];-99.9375
-78.98695389;-2.915710053;[0];-100.0000
-78.98671109;-2.915709616;[0];-100.1250
-78.98646829;-2.91570918;[0];-100.1875
-78.98622548;-2.915708743;[0];-100.2500
-78.98598268;-2.915708306;[0];-100.3125
-78.98573988;-2.91570787;[0];-100.4375
-78.98549707;-2.915707433;[0];-100.5000
-78.98525427;-2.915706996;[0];-100.6250
-78.98501147;-2.915706559;[0];-100.7500
-78.98476867;-2.915706122;[0];-100.8125
-78.98452586;-2.915705685;[0];-100.9375
-78.98428306;-2.915705248;[0];-101.0000
-78.98404026;-2.915704811;[0];-101.0625
-78.98379745;-2.915704374;[0];-101.1250
-78.98355465;-2.915703937;[0];-101.2500
-78.98331185;-2.9157035;[0];-101.3125
-78.98306905;-2.915703063;[0];-101.4375
-78.98282624;-2.915702625;[0];-101.5000
-78.98258344;-2.915702188;[0];-101.6250
-78.98234064;-2.91570175;[0];-101.7500
-78.98209784;-2.915701313;[0];-101.8125
-78.98185503;-2.915700875;[0];-101.9375
-78.98161223;-2.915700438;[0];-102.0000
-79.00127978;-2.915491591;[0];-101.8750
-79.00103697;-2.915491158;[0];-101.6875
-79.00079416;-2.915490724;[0];-101.4375
-79.00055136;-2.915490291;[0];-101.1875
-79.00030855;-2.915489857;[0];-101.0000
-79.00006575;-2.915489424;[0];-100.8750
-78.99982294;-2.91548899;[0];-100.6250
-78.99958014;-2.915488557;[0];-100.4375
-78.99933733;-2.915488123;[0];-100.2500
-78.99909453;-2.915487689;[0];-100.0625
-78.99885172;-2.915487255;[0];-99.9375
-78.99860892;-2.915486821;[0];-99.7500
-78.99836611;-2.915486387;[0];-99.6250
-78.99812331;-2.915485953;[0];-99.4375
-78.99788050;-2.915485519;[0];-99.4375
-78.99763770;-2.915485085;[0];-99.1875
-78.99739490;-2.915484651;[0];-99.0625
-78.99715209;-2.915484217;[0];-99.0000
-78.99690929;-2.915483783;[0];-98.9375
-78.99666648;-2.915483348;[0];-98.8125
-78.99642368;-2.915482914;[0];-98.7500
-78.99618087;-2.91548248;[0];-98.6250
-78.99593807;-2.915482045;[0];-98.5625
-78.99569526;-2.915481611;[0];-98.5625
-78.99545246;-2.915481176;[0];-98.5000
-78.99520965;-2.915480742;[0];-98.4375
-78.99496685;-2.915480307;[0];-98.3750
-78.99472405;-2.915479872;[0];-98.4375
-78.99448124;-2.915479437;[0];-98.3750
-78.99423844;-2.915479003;[0];-98.3750
-78.99399563;-2.915478568;[0];-98.4375
-78.99375283;-2.915478133;[0];-98.3750
-78.99351002;-2.915477698;[0];-98.3750
-78.99326722;-2.915477263;[0];-98.4375
-78.99302442;-2.915476828;[0];-98.4375
-78.99278161;-2.915476393;[0];-98.4375
-78.99253881;-2.915475957;[0];-98.4375
-78.99229600;-2.915475522;[0];-98.5000
-78.9920532;-2.915475087;[0];-98.5000
-78.99181040;-2.915474652;[0];-98.5000
-78.99156759;-2.915474216;[0];-98.5625
-78.99132479;-2.915473781;[0];-98.6250
-78.99108199;-2.915473345;[0];-98.6875
-78.99083918;-2.91547291;[0];-98.6875
-78.99059638;-2.915472474;[0];-98.6875
-78.99035357;-2.915472038;[0];-98.8125
-78.99011077;-2.915471603;[0];-98.8750
-78.98986797;-2.915471167;[0];-98.9375
-78.98962516;-2.915470731;[0];-99.0000
-78.98938236;-2.915470295;[0];-99.0625
-78.98913956;-2.915469859;[0];-99.1250
-78.98889675;-2.915469423;[0];-99.1875
-78.98865395;-2.915468987;[0];-99.2500
-78.98841115;-2.915468551;[0];-99.3750
-78.98816834;-2.915468115;[0];-99.4375
-78.98792554;-2.915467679;[0];-99.5000
-78.98768274;-2.915467243;[0];-99.5625
-78.98743993;-2.915466806;[0];-99.6875
-78.98719713;-2.91546637;[0];-99.7500
-78.98695433;-2.915465934;[0];-99.8125
-78.98671152;-2.915465497;[0];-99.8750
-78.98646872;-2.915465061;[0];-100.0000
-78.98622592;-2.915464624;[0];-100.0625
-78.98598311;-2.915464188;[0];-100.1250
-78.98574031;-2.915463751;[0];-100.2500
-78.98549751;-2.915463314;[0];-100.3750
-78.98525471;-2.915462877;[0];-100.5000
-78.98501190;-2.915462441;[0];-100.5625
-78.98476910;-2.915462004;[0];-100.6250
-78.98452630;-2.915461567;[0];-100.7500
-78.98428349;-2.91546113;[0];-100.8125
-78.98404069;-2.915460693;[0];-100.8750
-78.98379789;-2.915460256;[0];-101.0000
-78.98355509;-2.915459819;[0];-101.0625
-78.98331228;-2.915459381;[0];-101.1875
-78.98306948;-2.915458944;[0];-101.3125
-78.98282668;-2.915458507;[0];-101.4375
-78.98258388;-2.91545807;[0];-101.5000
-78.98234107;-2.915457632;[0];-101.5625
-78.98209827;-2.915457195;[0];-101.6875
-78.98185547;-2.915456757;[0];-101.7500
-78.98161267;-2.91545632;[0];-101.8750
-78.98136986;-2.915455882;[0];-101.9375
-79.00152301;-2.915247903;[0];-101.6875
-79.00128021;-2.91524747;[0];-101.5000
-79.0010374;-2.915247037;[0];-101.2500
-79.00079460;-2.915246603;[0];-101.0625
-79.00055179;-2.91524617;[0];-100.8125
-79.00030899;-2.915245736;[0];-100.6250
-79.00006618;-2.915245303;[0];-100.4375
-78.99982338;-2.915244869;[0];-100.2500
-78.99958057;-2.915244436;[0];-100.0625
-78.99933777;-2.915244002;[0];-99.8750
-78.99909496;-2.915243568;[0];-99.6875
-78.99885216;-2.915243135;[0];-99.5000
-78.99860935;-2.915242701;[0];-99.3750
-78.99836655;-2.915242267;[0];-99.1875
-78.99812374;-2.915241833;[0];-99.1250
-78.99788094;-2.915241399;[0];-99.0000
-78.99763813;-2.915240965;[0];-98.8125
-78.99739533;-2.915240531;[0];-98.6875
-78.99715252;-2.915240097;[0];-98.6875
-78.99690972;-2.915239662;[0];-98.5625
-78.99666691;-2.915239228;[0];-98.4375
-78.99642411;-2.915238794;[0];-98.3750
-78.99618130;-2.915238359;[0];-98.2500
-78.99593850;-2.915237925;[0];-98.2500
-78.99569570;-2.915237491;[0];-98.2500
-78.99545289;-2.915237056;[0];-98.1875
-78.99521009;-2.915236621;[0];-98.1250
-78.99496728;-2.915236187;[0];-98.1250
-78.99472448;-2.915235752;[0];-98.0625
-78.99448167;-2.915235317;[0];-98.0625
-78.99423887;-2.915234883;[0];-98.0625
-78.99399607;-2.915234448;[0];-98.0625
-78.99375326;-2.915234013;[0];-98.0625
-78.99351046;-2.915233578;[0];-98.1250
-78.99326765;-2.915233143;[0];-98.1250
-78.99302485;-2.915232708;[0];-98.0625
-78.99278205;-2.915232273;[0];-98.1250
-78.99253924;-2.915231838;[0];-98.1875
-78.99229644;-2.915231403;[0];-98.1250
-78.99205363;-2.915230967;[0];-98.1875
-78.99181083;-2.915230532;[0];-98.2500
-78.99156803;-2.915230097;[0];-98.3125
-78.99132522;-2.915229661;[0];-98.3750
-78.99108242;-2.915229226;[0];-98.3750
-78.99083961;-2.91522879;[0];-98.4375
-78.99059681;-2.915228355;[0];-98.5000
-78.99035401;-2.915227919;[0];-98.5625
-78.99011120;-2.915227483;[0];-98.6250
-78.9898684;-2.915227048;[0];-98.6875
-78.98962560;-2.915226612;[0];-98.7500
-78.98938279;-2.915226176;[0];-98.8125
-78.98913999;-2.91522574;[0];-98.8750
-78.98889719;-2.915225304;[0];-99.0000
-78.98865438;-2.915224868;[0];-99.0625
-78.98841158;-2.915224432;[0];-99.1250
-78.98816878;-2.915223996;[0];-99.1875
-78.98792597;-2.91522356;[0];-99.3125
-78.98768317;-2.915223124;[0];-99.3750
-78.98744037;-2.915222687;[0];-99.4375
-78.98719756;-2.915222251;[0];-99.5625
-78.98695476;-2.915221815;[0];-99.6250
-78.98671196;-2.915221378;[0];-99.6875
-78.98646915;-2.915220942;[0];-99.7500
-78.98622635;-2.915220505;[0];-99.8750
-78.98598355;-2.915220069;[0];-100.0000
-78.98574075;-2.915219632;[0];-100.1250
-78.98549794;-2.915219196;[0];-100.1875
-78.98525514;-2.915218759;[0];-100.3125
-78.98501234;-2.915218322;[0];-100.3750
-78.98476953;-2.915217885;[0];-100.4375
-78.98452673;-2.915217448;[0];-100.5625
-78.98428393;-2.915217011;[0];-100.6250
-78.98404113;-2.915216574;[0];-100.7500
-78.98379832;-2.915216137;[0];-100.8125
-78.98355552;-2.9152157;[0];-100.9375
-78.98331272;-2.915215263;[0];-101.0625
-78.98306992;-2.915214826;[0];-101.1875
-78.98282711;-2.915214389;[0];-101.2500
-78.98258431;-2.915213951;[0];-101.3125
-78.98234151;-2.915213514;[0];-101.4375
-78.98209871;-2.915213077;[0];-101.5000
-78.98185590;-2.915212639;[0];-101.6250
-78.98161310;-2.915212202;[0];-101.7500
-78.98137030;-2.915211764;[0];-101.8750
-78.98112750;-2.915211326;[0];-101.9375
-79.00176625;-2.915004215;[0];-101.7500
-79.00152344;-2.915003782;[0];-101.3125
-79.00128064;-2.915003349;[0];-101.1250
-79.00103783;-2.915002916;[0];-100.8750
-79.00079503;-2.915002482;[0];-100.6250
-79.00055222;-2.915002049;[0];-100.3750
-79.00030942;-2.915001616;[0];-100.2500
-79.00006661;-2.915001182;[0];-100.0625
-78.99982381;-2.915000749;[0];-99.8750
-78.99958100;-2.915000315;[0];-99.6250
-78.99933820;-2.914999881;[0];-99.4375
-78.99909539;-2.914999448;[0];-99.3125
-78.99885259;-2.914999014;[0];-99.1250
-78.99860978;-2.91499858;[0];-98.9375
-78.99836698;-2.914998146;[0];-98.8125
-78.99812417;-2.914997712;[0];-98.7500
-78.99788137;-2.914997278;[0];-98.5000
-78.99763856;-2.914996844;[0];-98.3750
-78.99739576;-2.91499641;[0];-98.3750
-78.99715295;-2.914995976;[0];-98.2500
-78.99691015;-2.914995542;[0];-98.1875
-78.99666735;-2.914995108;[0];-98.0625
-78.99642454;-2.914994674;[0];-98.0000
-78.99618174;-2.914994239;[0];-97.9375
-78.99593893;-2.914993805;[0];-97.9375
-78.99569613;-2.91499337;[0];-97.8750
-78.99545332;-2.914992936;[0];-97.7500
-78.99521052;-2.914992501;[0];-97.7500
-78.99496771;-2.914992067;[0];-97.7500
-78.99472491;-2.914991632;[0];-97.7500
-78.99448211;-2.914991197;[0];-97.7500
-78.99423930;-2.914990763;[0];-97.7500
-78.99399650;-2.914990328;[0];-97.7500
-78.99375369;-2.914989893;[0];-97.7500
-78.99351089;-2.914989458;[0];-97.7500
-78.99326809;-2.914989023;[0];-97.7500
-78.99302528;-2.914988588;[0];-97.8125
-78.99278248;-2.914988153;[0];-97.8125
-78.99253967;-2.914987718;[0];-97.8125
-78.99229687;-2.914987283;[0];-97.8750
-78.99205407;-2.914986848;[0];-97.9375
-78.99181126;-2.914986412;[0];-98.0000
-78.99156846;-2.914985977;[0];-98.0625
-78.99132566;-2.914985542;[0];-98.0625
-78.99108285;-2.914985106;[0];-98.0625
-78.99084005;-2.914984671;[0];-98.1875
-78.99059724;-2.914984235;[0];-98.2500
-78.99035444;-2.9149838;[0];-98.3125
-78.99011164;-2.914983364;[0];-98.3750
-78.98986883;-2.914982928;[0];-98.4375
-78.98962603;-2.914982493;[0];-98.5000
-78.98938323;-2.914982057;[0];-98.6250
-78.98914042;-2.914981621;[0];-98.6875
-78.98889762;-2.914981185;[0];-98.7500
-78.98865482;-2.914980749;[0];-98.8125
-78.98841201;-2.914980313;[0];-98.9375
-78.98816921;-2.914979877;[0];-99.0000
-78.98792641;-2.914979441;[0];-99.0625
-78.98768360;-2.914979005;[0];-99.1875
-78.9874408;-2.914978569;[0];-99.2500
-78.98719800;-2.914978132;[0];-99.3125
-78.98695519;-2.914977696;[0];-99.4375
-78.98671239;-2.91497726;[0];-99.5000
-78.98646959;-2.914976823;[0];-99.6250
-78.98622679;-2.914976387;[0];-99.7500
-78.98598398;-2.91497595;[0];-99.8750
-78.98574118;-2.914975514;[0];-99.9375
-78.98549838;-2.914975077;[0];-100.0000
-78.98525557;-2.91497464;[0];-100.1250
-78.98501277;-2.914974203;[0];-100.1875
-78.98476997;-2.914973767;[0];-100.3125
-78.98452717;-2.91497333;[0];-100.3750
-78.98428436;-2.914972893;[0];-100.5000
-78.98404156;-2.914972456;[0];-100.6250
-78.98379876;-2.914972019;[0];-100.7500
-78.98355596;-2.914971582;[0];-100.8125
-78.98331315;-2.914971145;[0];-100.9375
-78.98307035;-2.914970708;[0];-101.0000
-78.98282755;-2.91497027;[0];-101.0625
-78.98258475;-2.914969833;[0];-101.1875
-78.98234194;-2.914969396;[0];-101.3125
-78.98209914;-2.914968958;[0];-101.4375
-78.98185634;-2.914968521;[0];-101.5625
-78.98161354;-2.914968084;[0];-101.6250
-78.98137073;-2.914967646;[0];-101.6875
-78.98112793;-2.914967208;[0];-101.8125
-78.98088513;-2.914966771;[0];-101.8750
-78.98064233;-2.914966333;[0];-102.0000
-79.00200948;-2.914760527;[0];-101.7500
-79.00176668;-2.914760094;[0];-101.2500
-79.00152387;-2.914759661;[0];-100.9375
-79.00128107;-2.914759228;[0];-100.7500
-79.00103826;-2.914758795;[0];-100.5000
-79.00079546;-2.914758361;[0];-100.2500
-79.00055265;-2.914757928;[0];-100.0000
-79.00030985;-2.914757495;[0];-99.8750
-79.00006704;-2.914757061;[0];-99.6250
-78.99982424;-2.914756628;[0];-99.4375
-78.99958143;-2.914756194;[0];-99.2500
-78.99933863;-2.914755761;[0];-99.0625
-78.99909582;-2.914755327;[0];-98.8750
-78.99885302;-2.914754893;[0];-98.6875
-78.99861021;-2.914754459;[0];-98.5625
-78.99836741;-2.914754026;[0];-98.4375
-78.99812460;-2.914753592;[0];-98.3125
-78.99788180;-2.914753158;[0];-98.1250
-78.99763900;-2.914752724;[0];-98.0625
-78.99739619;-2.91475229;[0];-98.0000
-78.99715339;-2.914751856;[0];-97.8750
-78.99691058;-2.914751422;[0];-97.7500
-78.99666778;-2.914750987;[0];-97.6875
-78.99642497;-2.914750553;[0];-97.5625
-78.99618217;-2.914750119;[0];-97.5625
-78.99593936;-2.914749685;[0];-97.5000
-78.99569656;-2.91474925;[0];-97.4375
-78.99545376;-2.914748816;[0];-97.4375
-78.99521095;-2.914748381;[0];-97.4375
-78.99496815;-2.914747947;[0];-97.3750
-78.99472534;-2.914747512;[0];-97.4375
-78.99448254;-2.914747077;[0];-97.4375
-78.99423973;-2.914746643;[0];-97.3750
-78.99399693;-2.914746208;[0];-97.4375
-78.99375413;-2.914745773;[0];-97.4375
-78.99351132;-2.914745338;[0];-97.4375
-78.99326852;-2.914744903;[0];-97.4375
-78.99302571;-2.914744468;[0];-97.5000
-78.99278291;-2.914744033;[0];-97.5000
-78.99254011;-2.914743598;[0];-97.5625
-78.99229730;-2.914743163;[0];-97.6250
-78.99205450;-2.914742728;[0];-97.6875
-78.99181170;-2.914742293;[0];-97.6875
-78.99156889;-2.914741857;[0];-97.6875
-78.99132609;-2.914741422;[0];-97.7500
-78.99108328;-2.914740987;[0];-97.8125
-78.99084048;-2.914740551;[0];-97.8750
-78.99059768;-2.914740116;[0];-98.0000
-78.99035487;-2.91473968;[0];-98.0625
-78.99011207;-2.914739245;[0];-98.1250
-78.98986927;-2.914738809;[0];-98.1875
-78.98962646;-2.914738373;[0];-98.3125
-78.98938366;-2.914737938;[0];-98.3750
-78.98914086;-2.914737502;[0];-98.4375
-78.98889805;-2.914737066;[0];-98.5000
-78.98865525;-2.91473663;[0];-98.6250
-78.98841245;-2.914736194;[0];-98.6875
-78.98816964;-2.914735758;[0];-98.7500
-78.98792684;-2.914735322;[0];-98.8750
-78.98768404;-2.914734886;[0];-98.9375
-78.98744123;-2.91473445;[0];-99.0625
-78.98719843;-2.914734013;[0];-99.1250
-78.98695563;-2.914733577;[0];-99.2500
-78.98671283;-2.914733141;[0];-99.3750
-78.98647002;-2.914732704;[0];-99.5000
-78.98622722;-2.914732268;[0];-99.5625
-78.98598442;-2.914731831;[0];-99.6875
-78.98574161;-2.914731395;[0];-99.7500
-78.98549881;-2.914730958;[0];-99.8125
-78.98525601;-2.914730522;[0];-99.9375
-78.98501321;-2.914730085;[0];-100.0000
-78.98477040;-2.914729648;[0];-100.1250
-78.9845276;-2.914729211;[0];-100.2500
-78.98428480;-2.914728774;[0];-100.3750
-78.98404200;-2.914728338;[0];-100.5000
-78.98379919;-2.914727901;[0];-100.5625
-78.98355639;-2.914727464;[0];-100.6250
-78.98331359;-2.914727026;[0];-100.7500
-78.98307079;-2.914726589;[0];-100.8750
-78.98282798;-2.914726152;[0];-100.9375
-78.98258518;-2.914725715;[0];-101.0625
-78.98234238;-2.914725278;[0];-101.1875
-78.98209958;-2.91472484;[0];-101.3125
-78.98185677;-2.914724403;[0];-101.3750
-78.98161397;-2.914723965;[0];-101.4375
-78.98137117;-2.914723528;[0];-101.5625
-78.98112837;-2.91472309;[0];-101.6875
-78.98088557;-2.914722653;[0];-101.7500
-78.98064276;-2.914722215;[0];-101.8750
-78.98039996;-2.914721777;[0];-102.0000
-79.00249552;-2.914517272;[0];-101.9375
-79.00225272;-2.914516839;[0];-101.6875
-79.00200991;-2.914516406;[0];-101.3750
-79.00176711;-2.914515973;[0];-100.8125
-79.00152430;-2.91451554;[0];-100.5625
-79.00128150;-2.914515107;[0];-100.3125
-79.00103869;-2.914514674;[0];-100.0625
-79.00079589;-2.91451424;[0];-99.8125
-79.00055308;-2.914513807;[0];-99.6250
-79.00031028;-2.914513374;[0];-99.4375
-79.00006747;-2.91451294;[0];-99.2500
-78.99982467;-2.914512507;[0];-99.0000
-78.99958186;-2.914512073;[0];-98.8125
-78.99933906;-2.91451164;[0];-98.6250
-78.99909625;-2.914511206;[0];-98.4375
-78.99885345;-2.914510773;[0];-98.3125
-78.99861065;-2.914510339;[0];-98.1250
-78.99836784;-2.914509905;[0];-98.0625
-78.99812504;-2.914509471;[0];-97.8125
-78.99788223;-2.914509037;[0];-97.7500
-78.99763943;-2.914508603;[0];-97.6875
-78.99739662;-2.914508169;[0];-97.5625
-78.99715382;-2.914507735;[0];-97.4375
-78.99691101;-2.914507301;[0];-97.3750
-78.99666821;-2.914506867;[0];-97.2500
-78.99642540;-2.914506433;[0];-97.2500
-78.9961826;-2.914505999;[0];-97.1875
-78.99593980;-2.914505564;[0];-97.1250
-78.99569699;-2.91450513;[0];-97.0625
-78.99545419;-2.914504696;[0];-97.1250
-78.99521138;-2.914504261;[0];-97.0625
-78.99496858;-2.914503827;[0];-97.0625
-78.99472577;-2.914503392;[0];-97.0625
-78.99448297;-2.914502957;[0];-97.0625
-78.99424017;-2.914502523;[0];-97.0625
-78.99399736;-2.914502088;[0];-97.0625
-78.99375456;-2.914501653;[0];-97.0625
-78.99351175;-2.914501218;[0];-97.1250
-78.99326895;-2.914500784;[0];-97.1250
-78.99302615;-2.914500349;[0];-97.1250
-78.99278334;-2.914499914;[0];-97.1875
-78.99254054;-2.914499479;[0];-97.2500
-78.99229774;-2.914499043;[0];-97.3125
-78.99205493;-2.914498608;[0];-97.3750
-78.99181213;-2.914498173;[0];-97.3750
-78.99156932;-2.914497738;[0];-97.4375
-78.99132652;-2.914497303;[0];-97.5000
-78.99108372;-2.914496867;[0];-97.5625
-78.99084091;-2.914496432;[0];-97.6250
-78.99059811;-2.914495996;[0];-97.7500
-78.99035531;-2.914495561;[0];-97.8125
-78.99011250;-2.914495125;[0];-97.8750
-78.9898697;-2.91449469;[0];-97.9375
-78.98962690;-2.914494254;[0];-98.0625
-78.98938409;-2.914493818;[0];-98.1250
-78.98914129;-2.914493382;[0];-98.1875
-78.98889849;-2.914492947;[0];-98.3125
-78.98865568;-2.914492511;[0];-98.3750
-78.98841288;-2.914492075;[0];-98.5000
-78.98817008;-2.914491639;[0];-98.5625
-78.98792727;-2.914491203;[0];-98.6250
-78.98768447;-2.914490767;[0];-98.7500
-78.98744167;-2.914490331;[0];-98.8125
-78.98719887;-2.914489894;[0];-98.9375
-78.98695606;-2.914489458;[0];-99.0625
-78.98671326;-2.914489022;[0];-99.1875
-78.98647046;-2.914488586;[0];-99.3125
-78.98622765;-2.914488149;[0];-99.3750
-78.98598485;-2.914487713;[0];-99.4375
-78.98574205;-2.914487276;[0];-99.5625
-78.98549925;-2.91448684;[0];-99.6250
-78.98525644;-2.914486403;[0];-99.7500
-78.98501364;-2.914485966;[0];-99.8750
-78.98477084;-2.91448553;[0];-100.0000
-78.98452803;-2.914485093;[0];-100.1250
-78.98428523;-2.914484656;[0];-100.1875
-78.98404243;-2.914484219;[0];-100.3125
-78.98379963;-2.914483782;[0];-100.3750
-78.98355682;-2.914483345;[0];-100.5000
-78.98331402;-2.914482908;[0];-100.6250
-78.98307122;-2.914482471;[0];-100.7500
-78.98282842;-2.914482034;[0];-100.8750
-78.98258562;-2.914481597;[0];-100.9375
-78.98234281;-2.914481159;[0];-101.0625
-78.98210001;-2.914480722;[0];-101.1250
-78.98185721;-2.914480285;[0];-101.1875
-78.98161441;-2.914479847;[0];-101.3125
-78.98137160;-2.91447941;[0];-101.4375
-78.98112880;-2.914478972;[0];-101.5625
-78.980886;-2.914478535;[0];-101.6875
-78.98064320;-2.914478097;[0];-101.8125
-78.98040040;-2.91447766;[0];-101.8750
-78.98015759;-2.914477222;[0];-102.0000
-79.00273876;-2.914273584;[0];-101.8125
-79.00249596;-2.914273151;[0];-101.5625
-79.00225315;-2.914272718;[0];-101.3125
-79.00201034;-2.914272285;[0];-100.9375
-79.00176754;-2.914271852;[0];-100.3750
-79.00152473;-2.914271419;[0];-100.1875
-79.00128193;-2.914270986;[0];-99.9375
-79.00103912;-2.914270553;[0];-99.6250
-79.00079632;-2.914270119;[0];-99.3750
-79.00055351;-2.914269686;[0];-99.1875
-79.00031071;-2.914269253;[0];-99.0000
-79.00006790;-2.91426882;[0];-98.8125
-78.9998251;-2.914268386;[0];-98.5625
-78.99958230;-2.914267953;[0];-98.3750
-78.99933949;-2.914267519;[0];-98.1875
-78.99909669;-2.914267085;[0];-98.0000
-78.99885388;-2.914266652;[0];-97.8750
-78.99861108;-2.914266218;[0];-97.7500
-78.99836827;-2.914265784;[0];-97.5625
-78.99812547;-2.914265351;[0];-97.3750
-78.99788266;-2.914264917;[0];-97.3750
-78.99763986;-2.914264483;[0];-97.2500
-78.99739705;-2.914264049;[0];-97.1250
-78.99715425;-2.914263615;[0];-97.0625
-78.99691144;-2.914263181;[0];-96.9375
-78.99666864;-2.914262747;[0];-96.8750
-78.99642584;-2.914262313;[0];-96.8750
-78.99618303;-2.914261878;[0];-96.8125
-78.99594023;-2.914261444;[0];-96.7500
-78.99569742;-2.91426101;[0];-96.7500
-78.99545462;-2.914260575;[0];-96.6875
-78.99521182;-2.914260141;[0];-96.6875
-78.99496901;-2.914259707;[0];-96.7500
-78.99472621;-2.914259272;[0];-96.6875
-78.99448340;-2.914258837;[0];-96.7500
-78.99424060;-2.914258403;[0];-96.7500
-78.99399780;-2.914257968;[0];-96.7500
-78.99375499;-2.914257533;[0];-96.7500
-78.99351219;-2.914257099;[0];-96.8125
-78.99326938;-2.914256664;[0];-96.8125
-78.99302658;-2.914256229;[0];-96.8750
-78.99278378;-2.914255794;[0];-96.9375
-78.99254097;-2.914255359;[0];-97.0000
-78.99229817;-2.914254924;[0];-97.0000
-78.99205536;-2.914254489;[0];-97.0000
-78.99181256;-2.914254054;[0];-97.0625
-78.99156976;-2.914253618;[0];-97.1875
-78.99132695;-2.914253183;[0];-97.2500
-78.99108415;-2.914252748;[0];-97.3125
-78.99084135;-2.914252312;[0];-97.3750
-78.99059854;-2.914251877;[0];-97.5000
-78.99035574;-2.914251441;[0];-97.5625
-78.99011294;-2.914251006;[0];-97.6250
-78.98987013;-2.91425057;[0];-97.7500
-78.98962733;-2.914250135;[0];-97.8125
-78.98938453;-2.914249699;[0];-97.8750
-78.98914172;-2.914249263;[0];-98.0000
-78.98889892;-2.914248827;[0];-98.0625
-78.98865612;-2.914248392;[0];-98.1875
-78.98841331;-2.914247956;[0];-98.2500
-78.98817051;-2.91424752;[0];-98.3125
-78.98792771;-2.914247084;[0];-98.4375
-78.98768491;-2.914246648;[0];-98.5625
-78.98744210;-2.914246212;[0];-98.6875
-78.98719930;-2.914245775;[0];-98.8125
-78.98695650;-2.914245339;[0];-98.8750
-78.98671369;-2.914244903;[0];-99.0000
-78.98647089;-2.914244467;[0];-99.0625
-78.98622809;-2.91424403;[0];-99.1875
-78.98598529;-2.914243594;[0];-99.2500
-78.98574248;-2.914243157;[0];-99.3750
-78.98549968;-2.914242721;[0];-99.5000
-78.98525688;-2.914242284;[0];-99.6250
-78.98501407;-2.914241848;[0];-99.7500
-78.98477127;-2.914241411;[0];-99.8125
-78.98452847;-2.914240974;[0];-99.9375
-78.98428567;-2.914240537;[0];-100.0000
-78.98404286;-2.914240101;[0];-100.1250
-78.98380006;-2.914239664;[0];-100.2500
-78.98355726;-2.914239227;[0];-100.3750
-78.98331446;-2.91423879;[0];-100.5000
-78.98307165;-2.914238353;[0];-100.6250
-78.98282885;-2.914237916;[0];-100.6875
-78.98258605;-2.914237478;[0];-100.8125
-78.98234325;-2.914237041;[0];-100.8750
-78.98210045;-2.914236604;[0];-101.0000
-78.98185764;-2.914236167;[0];-101.1250
-78.98161484;-2.914235729;[0];-101.2500
-78.98137204;-2.914235292;[0];-101.3125
-78.98112924;-2.914234854;[0];-101.4375
-78.98088644;-2.914234417;[0];-101.5625
-78.98064363;-2.914233979;[0];-101.6875
-78.98040083;-2.914233542;[0];-101.8125
-78.98015803;-2.914233104;[0];-101.8750
-78.97991523;-2.914232666;[0];-102.0000
-79.00298200;-2.914029895;[0];-101.7500
-79.00273919;-2.914029463;[0];-101.4375
-79.00249639;-2.91402903;[0];-101.1875
-79.00225358;-2.914028597;[0];-100.8750
-79.00201078;-2.914028164;[0];-100.4375
-79.00176797;-2.914027731;[0];-99.9375
-79.00152517;-2.914027298;[0];-99.7500
-79.00128236;-2.914026865;[0];-99.5000
-79.00103956;-2.914026432;[0];-99.1875
-79.00079675;-2.914025999;[0];-98.9375
-79.00055395;-2.914025565;[0];-98.8125
-79.00031114;-2.914025132;[0];-98.5625
-79.00006834;-2.914024699;[0];-98.3750
-78.99982553;-2.914024265;[0];-98.1250
-78.99958273;-2.914023832;[0];-97.9375
-78.99933992;-2.914023398;[0];-97.7500
-78.99909712;-2.914022965;[0];-97.5625
-78.99885431;-2.914022531;[0];-97.4375
-78.99861151;-2.914022098;[0];-97.3125
-78.99836870;-2.914021664;[0];-97.1250
-78.99812590;-2.91402123;[0];-97.0000
-78.99788309;-2.914020796;[0];-96.9375
-78.99764029;-2.914020362;[0];-96.8125
-78.99739749;-2.914019928;[0];-96.6875
-78.99715468;-2.914019495;[0];-96.6250
-78.99691188;-2.91401906;[0];-96.5625
-78.99666907;-2.914018626;[0];-96.5625
-78.99642627;-2.914018192;[0];-96.4375
-78.99618346;-2.914017758;[0];-96.3750
-78.99594066;-2.914017324;[0];-96.3750
-78.99569786;-2.91401689;[0];-96.3750
-78.99545505;-2.914016455;[0];-96.3750
-78.99521225;-2.914016021;[0];-96.3750
-78.99496944;-2.914015586;[0];-96.3125
-78.99472664;-2.914015152;[0];-96.3750
-78.99448384;-2.914014717;[0];-96.3750
-78.99424103;-2.914014283;[0];-96.3750
-78.99399823;-2.914013848;[0];-96.4375
-78.99375542;-2.914013413;[0];-96.4375
-78.99351262;-2.914012979;[0];-96.4375
-78.99326982;-2.914012544;[0];-96.5000
-78.99302701;-2.914012109;[0];-96.5625
-78.99278421;-2.914011674;[0];-96.6250
-78.99254140;-2.914011239;[0];-96.6250
-78.99229860;-2.914010804;[0];-96.6875
-78.99205580;-2.914010369;[0];-96.7500
-78.99181299;-2.914009934;[0];-96.8125
-78.99157019;-2.914009499;[0];-96.8750
-78.99132739;-2.914009064;[0];-97.0000
-78.99108458;-2.914008628;[0];-97.0625
-78.99084178;-2.914008193;[0];-97.1250
-78.99059898;-2.914007757;[0];-97.2500
-78.99035617;-2.914007322;[0];-97.3125
-78.99011337;-2.914006887;[0];-97.3750
-78.98987057;-2.914006451;[0];-97.5000
-78.98962776;-2.914006015;[0];-97.5625
-78.98938496;-2.91400558;[0];-97.6875
-78.98914216;-2.914005144;[0];-97.7500
-78.98889935;-2.914004708;[0];-97.8750
-78.98865655;-2.914004273;[0];-97.9375
-78.98841375;-2.914003837;[0];-98.0000
-78.98817094;-2.914003401;[0];-98.1250
-78.98792814;-2.914002965;[0];-98.2500
-78.98768534;-2.914002529;[0];-98.4375
-78.98744254;-2.914002093;[0];-98.5000
-78.98719973;-2.914001657;[0];-98.6250
-78.98695693;-2.91400122;[0];-98.6875
-78.98671413;-2.914000784;[0];-98.8125
-78.98647132;-2.914000348;[0];-98.8750
-78.98622852;-2.913999912;[0];-99.0000
-78.98598572;-2.913999475;[0];-99.1250
-78.98574292;-2.913999039;[0];-99.2500
-78.98550011;-2.913998602;[0];-99.3750
-78.98525731;-2.913998166;[0];-99.4375
-78.98501451;-2.913997729;[0];-99.5625
-78.98477171;-2.913997292;[0];-99.6250
-78.98452890;-2.913996856;[0];-99.7500
-78.98428610;-2.913996419;[0];-99.8750
-78.98404330;-2.913995982;[0];-100.0000
-78.98380050;-2.913995545;[0];-100.1250
-78.98355769;-2.913995108;[0];-100.2500
-78.98331489;-2.913994671;[0];-100.3125
-78.98307209;-2.913994234;[0];-100.4375
-78.98282929;-2.913993797;[0];-100.5000
-78.98258649;-2.91399336;[0];-100.6250
-78.98234368;-2.913992923;[0];-100.7500
-78.98210088;-2.913992486;[0];-100.8750
-78.98185808;-2.913992049;[0];-101.0000
-78.98161528;-2.913991611;[0];-101.1250
-78.98137247;-2.913991174;[0];-101.2500
-78.98112967;-2.913990736;[0];-101.3750
-78.98088687;-2.913990299;[0];-101.5000
-78.98064407;-2.913989861;[0];-101.5625
-78.98040127;-2.913989424;[0];-101.6875
-78.98015847;-2.913988986;[0];-101.7500
-78.97991566;-2.913988548;[0];-101.8750
-78.97967286;-2.913988111;[0];-101.9375
-79.00346804;-2.913786639;[0];-101.9375
-79.00322523;-2.913786207;[0];-101.6250
-79.00298243;-2.913785774;[0];-101.3750
-79.00273962;-2.913785341;[0];-101.0000
-79.00249682;-2.913784908;[0];-100.7500
-79.00225401;-2.913784476;[0];-100.4375
-79.00201121;-2.913784043;[0];-99.9375
-79.00176840;-2.91378361;[0];-99.5000
-79.00152560;-2.913783177;[0];-99.3125
-79.00128279;-2.913782744;[0];-99.0625
-79.00103999;-2.913782311;[0];-98.7500
-79.00079718;-2.913781878;[0];-98.5625
-79.00055438;-2.913781444;[0];-98.3750
-79.00031157;-2.913781011;[0];-98.1250
-79.00006877;-2.913780578;[0];-97.8750
-78.99982596;-2.913780144;[0];-97.6875
-78.99958316;-2.913779711;[0];-97.5000
-78.99934035;-2.913779278;[0];-97.3125
-78.99909755;-2.913778844;[0];-97.1250
-78.99885474;-2.913778411;[0];-97.0625
-78.99861194;-2.913777977;[0];-96.8125
-78.99836913;-2.913777543;[0];-96.6875
-78.99812633;-2.91377711;[0];-96.6250
-78.99788353;-2.913776676;[0];-96.5000
-78.99764072;-2.913776242;[0];-96.3750
-78.99739792;-2.913775808;[0];-96.2500
-78.99715511;-2.913775374;[0];-96.1875
-78.99691231;-2.91377494;[0];-96.1875
-78.99666950;-2.913774506;[0];-96.1250
-78.99642670;-2.913774072;[0];-96.0625
-78.99618390;-2.913773638;[0];-96.0000
-78.99594109;-2.913773204;[0];-96.0000
-78.99569829;-2.913772769;[0];-96.0000
-78.99545548;-2.913772335;[0];-96.0000
-78.99521268;-2.913771901;[0];-96.0000
-78.99496988;-2.913771466;[0];-96.0000
-78.99472707;-2.913771032;[0];-96.0000
-78.99448427;-2.913770597;[0];-96.0000
-78.99424146;-2.913770163;[0];-96.0625
-78.99399866;-2.913769728;[0];-96.0625
-78.99375586;-2.913769294;[0];-96.0625
-78.99351305;-2.913768859;[0];-96.1250
-78.99327025;-2.913768424;[0];-96.1875
-78.99302744;-2.913767989;[0];-96.2500
-78.99278464;-2.913767554;[0];-96.2500
-78.99254184;-2.913767119;[0];-96.3125
-78.99229903;-2.913766684;[0];-96.3750
-78.99205623;-2.913766249;[0];-96.4375
-78.99181343;-2.913765814;[0];-96.5625
-78.99157062;-2.913765379;[0];-96.6250
-78.99132782;-2.913764944;[0];-96.6875
-78.99108502;-2.913764509;[0];-96.8125
-78.99084221;-2.913764073;[0];-96.8750
-78.99059941;-2.913763638;[0];-97.0000
-78.99035661;-2.913763203;[0];-97.0625
-78.99011380;-2.913762767;[0];-97.1250
-78.98987100;-2.913762332;[0];-97.2500
-78.98962820;-2.913761896;[0];-97.3125
-78.98938539;-2.913761461;[0];-97.4375
-78.98914259;-2.913761025;[0];-97.5000
-78.98889979;-2.913760589;[0];-97.6250
-78.98865698;-2.913760153;[0];-97.6875
-78.98841418;-2.913759718;[0];-97.8750
-78.98817138;-2.913759282;[0];-98.0000
-78.98792858;-2.913758846;[0];-98.1250
-78.98768577;-2.91375841;[0];-98.1875
-78.98744297;-2.913757974;[0];-98.3125
-78.98720017;-2.913757538;[0];-98.3750
-78.98695736;-2.913757102;[0];-98.5000
-78.98671456;-2.913756665;[0];-98.5625
-78.98647176;-2.913756229;[0];-98.6875
-78.98622896;-2.913755793;[0];-98.8750
-78.98598615;-2.913755356;[0];-99.0000
-78.98574335;-2.91375492;[0];-99.0625
-78.98550055;-2.913754484;[0];-99.1875
-78.98525775;-2.913754047;[0];-99.2500
-78.98501494;-2.913753611;[0];-99.3750
-78.98477214;-2.913753174;[0];-99.5000
-78.98452934;-2.913752737;[0];-99.6250
-78.98428654;-2.913752301;[0];-99.7500
-78.98404373;-2.913751864;[0];-99.8750
-78.98380093;-2.913751427;[0];-99.9375
-78.98355813;-2.91375099;[0];-100.0625
-78.98331533;-2.913750553;[0];-100.1875
-78.98307252;-2.913750116;[0];-100.3125
-78.98282972;-2.913749679;[0];-100.4375
-78.98258692;-2.913749242;[0];-100.5625
-78.98234412;-2.913748805;[0];-100.6875
-78.98210132;-2.913748368;[0];-100.7500
-78.98185851;-2.91374793;[0];-100.8750
-78.98161571;-2.913747493;[0];-101.0000
-78.98137291;-2.913747056;[0];-101.1250
-78.98113011;-2.913746618;[0];-101.2500
-78.98088731;-2.913746181;[0];-101.3125
-78.98064450;-2.913745743;[0];-101.4375
-78.98040170;-2.913745306;[0];-101.5000
-78.9801589;-2.913744868;[0];-101.6250
-78.97991610;-2.913744431;[0];-101.7500
-78.97967330;-2.913743993;[0];-101.8750
-78.97943050;-2.913743555;[0];-101.9375
-79.00371127;-2.91354295;[0];-101.9375
-79.00346847;-2.913542518;[0];-101.5625
-79.00322566;-2.913542085;[0];-101.2500
-79.00298286;-2.913541653;[0];-100.9375
-79.00274005;-2.91354122;[0];-100.6250
-79.00249725;-2.913540787;[0];-100.3750
-79.00225444;-2.913540354;[0];-100.0000
-79.00201164;-2.913539922;[0];-99.3750
-79.00176883;-2.913539489;[0];-99.1250
-79.00152603;-2.913539056;[0];-98.8750
-79.00128322;-2.913538623;[0];-98.5625
-79.00104042;-2.91353819;[0];-98.3125
-79.00079761;-2.913537757;[0];-98.1250
-79.00055481;-2.913537323;[0];-97.8750
-79.00031200;-2.91353689;[0];-97.6875
-79.00006920;-2.913536457;[0];-97.4375
-78.99982639;-2.913536024;[0];-97.2500
-78.99958359;-2.91353559;[0];-97.0000
-78.99934078;-2.913535157;[0];-96.8125
-78.99909798;-2.913534723;[0];-96.6875
-78.99885517;-2.91353429;[0];-96.5625
-78.99861237;-2.913533856;[0];-96.3125
-78.99836957;-2.913533423;[0];-96.2500
-78.99812676;-2.913532989;[0];-96.1875
-78.99788396;-2.913532555;[0];-96.0625
-78.99764115;-2.913532121;[0];-95.9375
-78.99739835;-2.913531688;[0];-95.8125
-78.99715554;-2.913531254;[0];-95.8125
-78.99691274;-2.91353082;[0];-95.7500
-78.99666994;-2.913530386;[0];-95.6875
-78.99642713;-2.913529952;[0];-95.6250
-78.99618433;-2.913529518;[0];-95.6250
-78.99594152;-2.913529083;[0];-95.6250
-78.99569872;-2.913528649;[0];-95.6250
-78.99545592;-2.913528215;[0];-95.6250
-78.99521311;-2.913527781;[0];-95.6250
-78.99497031;-2.913527346;[0];-95.6250
-78.99472750;-2.913526912;[0];-95.6250
-78.99448470;-2.913526477;[0];-95.6875
-78.99424190;-2.913526043;[0];-95.6875
-78.99399909;-2.913525608;[0];-95.6875
-78.99375629;-2.913525174;[0];-95.7500
-78.99351348;-2.913524739;[0];-95.8125
-78.99327068;-2.913524304;[0];-95.8750
-78.99302788;-2.913523869;[0];-95.8750
-78.99278507;-2.913523435;[0];-95.9375
-78.99254227;-2.913523;[0];-96.0000
-78.99229947;-2.913522565;[0];-96.1250
-78.99205666;-2.91352213;[0];-96.1875
-78.99181386;-2.913521695;[0];-96.2500
-78.99157106;-2.91352126;[0];-96.3750
-78.99132825;-2.913520824;[0];-96.4375
-78.99108545;-2.913520389;[0];-96.5625
-78.99084265;-2.913519954;[0];-96.6250
-78.99059984;-2.913519519;[0];-96.7500
-78.99035704;-2.913519083;[0];-96.8125
-78.99011424;-2.913518648;[0];-96.9375
-78.98987143;-2.913518212;[0];-97.0000
-78.98962863;-2.913517777;[0];-97.1250
-78.98938583;-2.913517341;[0];-97.1875
-78.98914302;-2.913516906;[0];-97.3125
-78.98890022;-2.91351647;[0];-97.4375
-78.98865742;-2.913516034;[0];-97.5625
-78.98841461;-2.913515598;[0];-97.6875
-78.98817181;-2.913515163;[0];-97.8125
-78.98792901;-2.913514727;[0];-97.8750
-78.98768621;-2.913514291;[0];-98.0000
-78.98744340;-2.913513855;[0];-98.0625
-78.9872006;-2.913513419;[0];-98.1875
-78.98695780;-2.913512983;[0];-98.3125
-78.98671500;-2.913512546;[0];-98.4375
-78.98647219;-2.91351211;[0];-98.5625
-78.98622939;-2.913511674;[0];-98.6875
-78.98598659;-2.913511238;[0];-98.8125
-78.98574378;-2.913510801;[0];-98.8750
-78.98550098;-2.913510365;[0];-99.0000
-78.98525818;-2.913509928;[0];-99.1250
-78.98501538;-2.913509492;[0];-99.2500
-78.98477257;-2.913509055;[0];-99.3750
-78.98452977;-2.913508619;[0];-99.5000
-78.98428697;-2.913508182;[0];-99.5625
-78.98404417;-2.913507745;[0];-99.6875
-78.98380137;-2.913507309;[0];-99.8125
-78.98355856;-2.913506872;[0];-99.9375
-78.98331576;-2.913506435;[0];-100.0625
-78.98307296;-2.913505998;[0];-100.1875
-78.98283016;-2.913505561;[0];-100.3125
-78.98258735;-2.913505124;[0];-100.4375
-78.98234455;-2.913504687;[0];-100.5625
-78.98210175;-2.91350425;[0];-100.6875
-78.98185895;-2.913503812;[0];-100.8125
-78.98161615;-2.913503375;[0];-100.8750
-78.98137334;-2.913502938;[0];-101.0000
-78.98113054;-2.9135025;[0];-101.0625
-78.98088774;-2.913502063;[0];-101.1875
-78.98064494;-2.913501626;[0];-101.3125
-78.98040214;-2.913501188;[0];-101.4375
-78.98015934;-2.91350075;[0];-101.5000
-78.97991653;-2.913500313;[0];-101.6250
-78.97967373;-2.913499875;[0];-101.7500
-78.97943093;-2.913499437;[0];-101.8750
-78.97918813;-2.913499;[0];-102.0000
-79.00395451;-2.913299261;[0];-101.8750
-79.00371170;-2.913298829;[0];-101.5000
-79.00346890;-2.913298397;[0];-101.1875
-79.00322609;-2.913297964;[0];-100.8125
-79.00298329;-2.913297531;[0];-100.5625
-79.00274048;-2.913297099;[0];-100.1875
-79.00249768;-2.913296666;[0];-99.9375
-79.00225487;-2.913296233;[0];-99.5625
-79.00201207;-2.9132958;[0];-98.9375
-79.00176926;-2.913295368;[0];-98.6875
-79.00152646;-2.913294935;[0];-98.4375
-79.00128365;-2.913294502;[0];-98.1250
-79.00104085;-2.913294069;[0];-97.8125
-79.00079804;-2.913293636;[0];-97.6875
-79.00055524;-2.913293203;[0];-97.4375
-79.00031243;-2.913292769;[0];-97.1875
-79.00006963;-2.913292336;[0];-96.9375
-78.99982682;-2.913291903;[0];-96.7500
-78.99958402;-2.913291469;[0];-96.5625
-78.99934122;-2.913291036;[0];-96.3750
-78.99909841;-2.913290603;[0];-96.3125
-78.99885561;-2.913290169;[0];-96.0000
-78.99861280;-2.913289736;[0];-95.8750
-78.99837000;-2.913289302;[0];-95.8125
-78.99812719;-2.913288868;[0];-95.6875
-78.99788439;-2.913288435;[0];-95.5625
-78.99764158;-2.913288001;[0];-95.5000
-78.99739878;-2.913287567;[0];-95.4375
-78.99715598;-2.913287133;[0];-95.3750
-78.99691317;-2.913286699;[0];-95.3125
-78.99667037;-2.913286265;[0];-95.2500
-78.99642756;-2.913285831;[0];-95.2500
-78.99618476;-2.913285397;[0];-95.1875
-78.99594196;-2.913284963;[0];-95.2500
-78.99569915;-2.913284529;[0];-95.1875
-78.99545635;-2.913284095;[0];-95.2500
-78.99521354;-2.91328366;[0];-95.2500
-78.99497074;-2.913283226;[0];-95.2500
-78.99472794;-2.913282792;[0];-95.3125
-78.99448513;-2.913282357;[0];-95.3125
-78.99424233;-2.913281923;[0];-95.3125
-78.99399952;-2.913281488;[0];-95.3750
-78.99375672;-2.913281054;[0];-95.4375
-78.99351392;-2.913280619;[0];-95.5000
-78.99327111;-2.913280184;[0];-95.5000
-78.99302831;-2.91327975;[0];-95.5625
-78.99278551;-2.913279315;[0];-95.6250
-78.99254270;-2.91327888;[0];-95.7500
-78.99229990;-2.913278445;[0];-95.8125
-78.99205710;-2.91327801;[0];-95.9375
-78.99181429;-2.913277575;[0];-96.0000
-78.99157149;-2.91327714;[0];-96.0625
-78.99132869;-2.913276705;[0];-96.1875
-78.99108588;-2.91327627;[0];-96.2500
-78.99084308;-2.913275834;[0];-96.3750
-78.99060028;-2.913275399;[0];-96.4375
-78.99035747;-2.913274964;[0];-96.5625
-78.99011467;-2.913274528;[0];-96.6875
-78.98987187;-2.913274093;[0];-96.7500
-78.98962906;-2.913273658;[0];-96.8750
-78.98938626;-2.913273222;[0];-97.0000
-78.98914346;-2.913272786;[0];-97.1250
-78.98890065;-2.913272351;[0];-97.2500
-78.98865785;-2.913271915;[0];-97.3750
-78.98841505;-2.913271479;[0];-97.4375
-78.98817225;-2.913271044;[0];-97.5625
-78.98792944;-2.913270608;[0];-97.6875
-78.98768664;-2.913270172;[0];-97.7500
-78.98744384;-2.913269736;[0];-97.8750
-78.98720103;-2.9132693;[0];-98.0625
-78.98695823;-2.913268864;[0];-98.1875
-78.98671543;-2.913268428;[0];-98.3125
-78.98647263;-2.913267991;[0];-98.3750
-78.98622982;-2.913267555;[0];-98.5000
-78.98598702;-2.913267119;[0];-98.6250
-78.98574422;-2.913266683;[0];-98.7500
-78.98550142;-2.913266246;[0];-98.8750
-78.98525861;-2.91326581;[0];-99.0000
-78.98501581;-2.913265373;[0];-99.1250
-78.98477301;-2.913264937;[0];-99.1875
-78.98453021;-2.9132645;[0];-99.3125
-78.98428740;-2.913264064;[0];-99.4375
-78.98404460;-2.913263627;[0];-99.5625
-78.98380180;-2.91326319;[0];-99.6875
-78.98355900;-2.913262753;[0];-99.8125
-78.98331620;-2.913262316;[0];-99.9375
-78.98307339;-2.91326188;[0];-100.0625
-78.98283059;-2.913261443;[0];-100.1875
-78.98258779;-2.913261006;[0];-100.3125
-78.98234499;-2.913260569;[0];-100.4375
-78.98210219;-2.913260131;[0];-100.5000
-78.98185938;-2.913259694;[0];-100.6250
-78.98161658;-2.913259257;[0];-100.7500
-78.98137378;-2.91325882;[0];-100.8125
-78.98113098;-2.913258382;[0];-100.9375
-78.98088818;-2.913257945;[0];-101.0625
-78.98064537;-2.913257508;[0];-101.1875
-78.98040257;-2.91325707;[0];-101.3125
-78.98015977;-2.913256633;[0];-101.4375
-78.97991697;-2.913256195;[0];-101.5625
-78.97967417;-2.913255757;[0];-101.6875
-78.97943137;-2.91325532;[0];-101.7500
-78.97918856;-2.913254882;[0];-101.8750
-78.97894576;-2.913254444;[0];-102.0000
-79.00419774;-2.913055572;[0];-101.8125
-79.00395494;-2.91305514;[0];-101.4375
-79.00371213;-2.913054708;[0];-101.1250
-79.00346933;-2.913054275;[0];-100.7500
-79.00322652;-2.913053843;[0];-100.4375
-79.00298372;-2.91305341;[0];-100.1250
-79.00274091;-2.913052977;[0];-99.7500
-79.00249811;-2.913052545;[0];-99.4375
-79.00225530;-2.913052112;[0];-99.0625
-79.00201250;-2.913051679;[0];-98.4375
-79.00176969;-2.913051246;[0];-98.2500
-79.00152689;-2.913050814;[0];-97.9375
-79.00128408;-2.913050381;[0];-97.6250
-79.00104128;-2.913049948;[0];-97.3750
-79.00079847;-2.913049515;[0];-97.1875
-79.00055567;-2.913049082;[0];-96.9375
-79.00031286;-2.913048648;[0];-96.6875
-79.00007006;-2.913048215;[0];-96.5000
-78.99982726;-2.913047782;[0];-96.2500
-78.99958445;-2.913047349;[0];-96.0625
-78.99934165;-2.913046915;[0];-95.9375
-78.99909884;-2.913046482;[0];-95.7500
-78.99885604;-2.913046048;[0];-95.5625
-78.99861323;-2.913045615;[0];-95.5000
-78.99837043;-2.913045181;[0];-95.3750
-78.99812762;-2.913044748;[0];-95.2500
-78.99788482;-2.913044314;[0];-95.1250
-78.99764202;-2.91304388;[0];-95.0000
-78.99739921;-2.913043447;[0];-95.0000
-78.99715641;-2.913043013;[0];-94.9375
-78.99691360;-2.913042579;[0];-94.8750
-78.99667080;-2.913042145;[0];-94.8750
-78.99642800;-2.913041711;[0];-94.8125
-78.99618519;-2.913041277;[0];-94.8750
-78.99594239;-2.913040843;[0];-94.8125
-78.99569958;-2.913040409;[0];-94.8125
-78.99545678;-2.913039975;[0];-94.8750
-78.99521398;-2.91303954;[0];-94.8125
-78.99497117;-2.913039106;[0];-94.8750
-78.99472837;-2.913038672;[0];-94.8750
-78.99448556;-2.913038237;[0];-94.9375
-78.99424276;-2.913037803;[0];-95.0000
-78.99399996;-2.913037368;[0];-95.0625
-78.99375715;-2.913036934;[0];-95.1250
-78.99351435;-2.913036499;[0];-95.1250
-78.99327155;-2.913036065;[0];-95.1875
-78.99302874;-2.91303563;[0];-95.2500
-78.99278594;-2.913035195;[0];-95.3750
-78.99254314;-2.91303476;[0];-95.4375
-78.99230033;-2.913034325;[0];-95.5625
-78.99205753;-2.91303389;[0];-95.6250
-78.99181472;-2.913033455;[0];-95.7500
-78.99157192;-2.91303302;[0];-95.8125
-78.99132912;-2.913032585;[0];-95.9375
-78.99108632;-2.91303215;[0];-96.0000
-78.99084351;-2.913031715;[0];-96.1250
-78.99060071;-2.91303128;[0];-96.1875
-78.99035791;-2.913030844;[0];-96.3125
-78.99011510;-2.913030409;[0];-96.4375
-78.98987230;-2.913029974;[0];-96.5000
-78.98962950;-2.913029538;[0];-96.6875
-78.98938669;-2.913029103;[0];-96.8125
-78.98914389;-2.913028667;[0];-96.9375
-78.98890109;-2.913028232;[0];-97.0000
-78.98865828;-2.913027796;[0];-97.1250
-78.98841548;-2.91302736;[0];-97.2500
-78.98817268;-2.913026924;[0];-97.3750
-78.98792988;-2.913026489;[0];-97.4375
-78.98768707;-2.913026053;[0];-97.6250
-78.98744427;-2.913025617;[0];-97.7500
-78.98720147;-2.913025181;[0];-97.8750
-78.98695867;-2.913024745;[0];-98.0000
-78.98671586;-2.913024309;[0];-98.0625
-78.98647306;-2.913023873;[0];-98.1875
-78.98623026;-2.913023436;[0];-98.3125
-78.98598746;-2.913023;[0];-98.5000
-78.98574465;-2.913022564;[0];-98.6250
-78.98550185;-2.913022128;[0];-98.6875
-78.98525905;-2.913021691;[0];-98.8125
-78.98501625;-2.913021255;[0];-98.9375
-78.98477344;-2.913020818;[0];-99.0625
-78.98453064;-2.913020382;[0];-99.1875
-78.98428784;-2.913019945;[0];-99.3125
-78.98404504;-2.913019508;[0];-99.4375
-78.98380223;-2.913019072;[0];-99.5625
-78.98355943;-2.913018635;[0];-99.6875
-78.98331663;-2.913018198;[0];-99.8125
-78.98307383;-2.913017761;[0];-99.9375
-78.98283103;-2.913017324;[0];-100.0625
-78.98258822;-2.913016887;[0];-100.1875
-78.98234542;-2.91301645;[0];-100.2500
-78.98210262;-2.913016013;[0];-100.3750
-78.98185982;-2.913015576;[0];-100.5000
-78.98161702;-2.913015139;[0];-100.6250
-78.98137421;-2.913014702;[0];-100.7500
-78.98113141;-2.913014264;[0];-100.8750
-78.98088861;-2.913013827;[0];-101.0000
-78.98064581;-2.91301339;[0];-101.1250
-78.98040301;-2.913012952;[0];-101.1875
-78.98016021;-2.913012515;[0];-101.3125
-78.97991740;-2.913012077;[0];-101.4375
-78.97967460;-2.91301164;[0];-101.5625
-78.97943180;-2.913011202;[0];-101.6875
-78.979189;-2.913010764;[0];-101.8125
-78.97894620;-2.913010326;[0];-101.9375
-79.00444098;-2.912811883;[0];-101.7500
-79.00419817;-2.912811451;[0];-101.3750
-79.00395537;-2.912811019;[0];-101.0625
-79.00371256;-2.912810586;[0];-100.6875
-79.00346976;-2.912810154;[0];-100.3750
-79.00322695;-2.912809721;[0];-100.0000
-79.00298415;-2.912809289;[0];-99.6250
-79.00274134;-2.912808856;[0];-99.3125
-79.00249854;-2.912808424;[0];-99.0000
-79.00225573;-2.912807991;[0];-98.5000
-79.00201293;-2.912807558;[0];-98.0000
-79.00177012;-2.912807125;[0];-97.7500
-79.00152732;-2.912806693;[0];-97.4375
-79.00128451;-2.91280626;[0];-97.1250
-79.00104171;-2.912805827;[0];-96.9375
-79.00079890;-2.912805394;[0];-96.6875
-79.00055610;-2.912804961;[0];-96.4375
-79.00031330;-2.912804528;[0];-96.1875
-79.00007049;-2.912804094;[0];-95.9375
-78.99982769;-2.912803661;[0];-95.7500
-78.99958488;-2.912803228;[0];-95.5625
-78.99934208;-2.912802795;[0];-95.4375
-78.99909927;-2.912802361;[0];-95.1875
-78.99885647;-2.912801928;[0];-95.1250
-78.99861366;-2.912801494;[0];-95.0000
-78.99837086;-2.912801061;[0];-94.8750
-78.99812806;-2.912800627;[0];-94.7500
-78.99788525;-2.912800194;[0];-94.6250
-78.99764245;-2.91279976;[0];-94.6250
-78.99739964;-2.912799326;[0];-94.5625
-78.99715684;-2.912798892;[0];-94.4375
-78.99691403;-2.912798459;[0];-94.5000
-78.99667123;-2.912798025;[0];-94.4375
-78.99642843;-2.912797591;[0];-94.4375
-78.99618562;-2.912797157;[0];-94.4375
-78.99594282;-2.912796723;[0];-94.4375
-78.99570001;-2.912796289;[0];-94.4375
-78.99545721;-2.912795854;[0];-94.4375
-78.99521441;-2.91279542;[0];-94.5000
-78.99497160;-2.912794986;[0];-94.5000
-78.99472880;-2.912794552;[0];-94.5000
-78.99448600;-2.912794117;[0];-94.5625
-78.99424319;-2.912793683;[0];-94.6875
-78.99400039;-2.912793248;[0];-94.6875
-78.99375759;-2.912792814;[0];-94.7500
-78.99351478;-2.912792379;[0];-94.8125
-78.99327198;-2.912791945;[0];-94.8750
-78.99302917;-2.91279151;[0];-95.0000
-78.99278637;-2.912791075;[0];-95.0625
-78.99254357;-2.91279064;[0];-95.1875
-78.99230076;-2.912790206;[0];-95.2500
-78.99205796;-2.912789771;[0];-95.3750
-78.99181516;-2.912789336;[0];-95.4375
-78.99157235;-2.912788901;[0];-95.5625
-78.99132955;-2.912788466;[0];-95.6250
-78.99108675;-2.912788031;[0];-95.7500
-78.99084394;-2.912787596;[0];-95.8750
-78.99060114;-2.91278716;[0];-95.9375
-78.99035834;-2.912786725;[0];-96.0625
-78.99011554;-2.91278629;[0];-96.1875
-78.98987273;-2.912785854;[0];-96.3125
-78.98962993;-2.912785419;[0];-96.5000
-78.98938713;-2.912784984;[0];-96.5625
-78.98914432;-2.912784548;[0];-96.6875
-78.98890152;-2.912784112;[0];-96.8125
-78.98865872;-2.912783677;[0];-96.9375
-78.98841592;-2.912783241;[0];-97.0000
-78.98817311;-2.912782805;[0];-97.1875
-78.98793031;-2.91278237;[0];-97.3125
-78.98768751;-2.912781934;[0];-97.4375
-78.98744470;-2.912781498;[0];-97.5625
-78.98720190;-2.912781062;[0];-97.6875
-78.98695910;-2.912780626;[0];-97.8125
-78.98671630;-2.91278019;[0];-97.9375
-78.98647349;-2.912779754;[0];-98.0625
-78.98623069;-2.912779318;[0];-98.1875
-78.98598789;-2.912778881;[0];-98.3125
-78.98574509;-2.912778445;[0];-98.4375
-78.98550228;-2.912778009;[0];-98.5000
-78.98525948;-2.912777573;[0];-98.6875
-78.98501668;-2.912777136;[0];-98.8125
-78.98477388;-2.9127767;[0];-98.9375
-78.98453108;-2.912776263;[0];-99.0625
-78.98428827;-2.912775827;[0];-99.1875
-78.98404547;-2.91277539;[0];-99.3125
-78.98380267;-2.912774953;[0];-99.4375
-78.98355987;-2.912774517;[0];-99.5625
-78.98331706;-2.91277408;[0];-99.6875
-78.98307426;-2.912773643;[0];-99.8125
-78.98283146;-2.912773206;[0];-99.8750
-78.98258866;-2.912772769;[0];-100.0000
-78.98234586;-2.912772332;[0];-100.1250
-78.98210305;-2.912771895;[0];-100.2500
-78.98186025;-2.912771458;[0];-100.3750
-78.98161745;-2.912771021;[0];-100.5000
-78.98137465;-2.912770584;[0];-100.6250
-78.98113185;-2.912770146;[0];-100.7500
-78.98088905;-2.912769709;[0];-100.8750
-78.98064624;-2.912769272;[0];-101.0000
-78.98040344;-2.912768834;[0];-101.1250
-78.98016064;-2.912768397;[0];-101.2500
-78.97991784;-2.912767959;[0];-101.3750
-78.97967504;-2.912767522;[0];-101.5000
-78.97943224;-2.912767084;[0];-101.6250
-78.97918944;-2.912766646;[0];-101.6875
-78.97894663;-2.912766209;[0];-101.8125
-78.97870383;-2.912765771;[0];-101.9375
-79.00468421;-2.912568194;[0];-101.7500
-79.00444141;-2.912567762;[0];-101.3750
-79.00419860;-2.912567329;[0];-101.0000
-79.00395580;-2.912566897;[0];-100.6250
-79.00371299;-2.912566465;[0];-100.2500
-79.00347019;-2.912566032;[0];-99.9375
-79.00322738;-2.9125656;[0];-99.5625
-79.00298458;-2.912565167;[0];-99.1875
-79.00274177;-2.912564735;[0];-98.8750
-79.00249897;-2.912564302;[0];-98.5000
-79.00225616;-2.91256387;[0];-97.8750
-79.00201336;-2.912563437;[0];-97.5625
-79.00177055;-2.912563004;[0];-97.2500
-79.00152775;-2.912562571;[0];-96.9375
-79.00128494;-2.912562139;[0];-96.6250
-79.00104214;-2.912561706;[0];-96.4375
-79.00079934;-2.912561273;[0];-96.1875
-79.00055653;-2.91256084;[0];-95.9375
-79.00031373;-2.912560407;[0];-95.6875
-79.00007092;-2.912559974;[0];-95.4375
-78.99982812;-2.91255954;[0];-95.2500
-78.99958531;-2.912559107;[0];-95.1250
-78.99934251;-2.912558674;[0];-94.8750
-78.99909970;-2.912558241;[0];-94.6875
-78.99885690;-2.912557807;[0];-94.6250
-78.99861410;-2.912557374;[0];-94.5000
-78.99837129;-2.91255694;[0];-94.3750
-78.99812849;-2.912556507;[0];-94.2500
-78.99788568;-2.912556073;[0];-94.1875
-78.99764288;-2.912555639;[0];-94.1250
-78.99740007;-2.912555206;[0];-94.0625
-78.99715727;-2.912554772;[0];-94.0625
-78.99691447;-2.912554338;[0];-94.0000
-78.99667166;-2.912553904;[0];-94.0000
-78.99642886;-2.91255347;[0];-94.0000
-78.99618605;-2.912553036;[0];-94.0000
-78.99594325;-2.912552602;[0];-94.0000
-78.99570045;-2.912552168;[0];-94.0000
-78.99545764;-2.912551734;[0];-94.0625
-78.99521484;-2.9125513;[0];-94.0625
-78.99497204;-2.912550866;[0];-94.1250
-78.99472923;-2.912550432;[0];-94.1875
-78.99448643;-2.912549997;[0];-94.2500
-78.99424362;-2.912549563;[0];-94.2500
-78.99400082;-2.912549128;[0];-94.3125
-78.99375802;-2.912548694;[0];-94.3750
-78.99351521;-2.912548259;[0];-94.5000
-78.99327241;-2.912547825;[0];-94.5625
-78.99302961;-2.91254739;[0];-94.6875
-78.99278680;-2.912546955;[0];-94.7500
-78.992544;-2.912546521;[0];-94.8750
-78.99230120;-2.912546086;[0];-94.9375
-78.99205839;-2.912545651;[0];-95.0625
-78.99181559;-2.912545216;[0];-95.1875
-78.99157279;-2.912544781;[0];-95.2500
-78.99132998;-2.912544346;[0];-95.3750
-78.99108718;-2.912543911;[0];-95.5000
-78.99084438;-2.912543476;[0];-95.5625
-78.99060157;-2.912543041;[0];-95.6875
-78.99035877;-2.912542606;[0];-95.8750
-78.99011597;-2.91254217;[0];-96.0000
-78.98987317;-2.912541735;[0];-96.1250
-78.98963036;-2.9125413;[0];-96.2500
-78.98938756;-2.912540864;[0];-96.3750
-78.98914476;-2.912540429;[0];-96.4375
-78.98890195;-2.912539993;[0];-96.5625
-78.98865915;-2.912539558;[0];-96.6875
-78.98841635;-2.912539122;[0];-96.8750
-78.98817355;-2.912538686;[0];-97.0000
-78.98793074;-2.912538251;[0];-97.1250
-78.98768794;-2.912537815;[0];-97.2500
-78.98744514;-2.912537379;[0];-97.3750
-78.98720234;-2.912536943;[0];-97.5000
-78.98695953;-2.912536507;[0];-97.6250
-78.98671673;-2.912536071;[0];-97.7500
-78.98647393;-2.912535635;[0];-97.8750
-78.98623113;-2.912535199;[0];-98.0000
-78.98598832;-2.912534763;[0];-98.1250
-78.98574552;-2.912534326;[0];-98.2500
-78.98550272;-2.91253389;[0];-98.3750
-78.98525992;-2.912533454;[0];-98.5625
-78.98501711;-2.912533018;[0];-98.6875
-78.98477431;-2.912532581;[0];-98.8125
-78.98453151;-2.912532145;[0];-98.9375
-78.98428871;-2.912531708;[0];-99.0625
-78.98404591;-2.912531272;[0];-99.1875
-78.98380310;-2.912530835;[0];-99.3125
-78.9835603;-2.912530398;[0];-99.4375
-78.98331750;-2.912529961;[0];-99.5000
-78.98307470;-2.912529525;[0];-99.6250
-78.98283190;-2.912529088;[0];-99.7500
-78.98258909;-2.912528651;[0];-99.8750
-78.98234629;-2.912528214;[0];-100.0000
-78.98210349;-2.912527777;[0];-100.1875
-78.98186069;-2.91252734;[0];-100.3125
-78.98161789;-2.912526903;[0];-100.4375
-78.98137508;-2.912526466;[0];-100.5625
-78.98113228;-2.912526028;[0];-100.6875
-78.98088948;-2.912525591;[0];-100.8125
-78.98064668;-2.912525154;[0];-100.8750
-78.98040388;-2.912524716;[0];-101.0000
-78.98016108;-2.912524279;[0];-101.1250
-78.97991828;-2.912523842;[0];-101.2500
-78.97967547;-2.912523404;[0];-101.3750
-78.97943267;-2.912522966;[0];-101.5000
-78.97918987;-2.912522529;[0];-101.6250
-78.97894707;-2.912522091;[0];-101.7500
-78.97870427;-2.912521653;[0];-101.8750
-78.97846147;-2.912521216;[0];-102.0000
-79.00492745;-2.912324504;[0];-101.6875
-79.00468464;-2.912324072;[0];-101.3125
-79.00444184;-2.91232364;[0];-101.0000
-79.00419903;-2.912323208;[0];-100.5625
-79.00395623;-2.912322776;[0];-100.1875
-79.00371342;-2.912322343;[0];-99.8125
-79.00347062;-2.912321911;[0];-99.5000
-79.00322781;-2.912321479;[0];-99.1250
-79.00298501;-2.912321046;[0];-98.6875
-79.00274220;-2.912320614;[0];-98.3750
-79.00249940;-2.912320181;[0];-98.0000
-79.00225659;-2.912319749;[0];-97.3125
-79.00201379;-2.912319316;[0];-97.0625
-79.00177098;-2.912318883;[0];-96.7500
-79.00152818;-2.91231845;[0];-96.4375
-79.00128537;-2.912318018;[0];-96.1250
-79.00104257;-2.912317585;[0];-95.9375
-79.00079977;-2.912317152;[0];-95.6250
-79.00055696;-2.912316719;[0];-95.3750
-79.00031416;-2.912316286;[0];-95.1250
-79.00007135;-2.912315853;[0];-94.9375
-78.99982855;-2.91231542;[0];-94.6875
-78.99958574;-2.912314986;[0];-94.6250
-78.99934294;-2.912314553;[0];-94.3125
-78.99910013;-2.91231412;[0];-94.2500
-78.99885733;-2.912313686;[0];-94.1250
-78.99861453;-2.912313253;[0];-94.0000
-78.99837172;-2.91231282;[0];-93.8750
-78.99812892;-2.912312386;[0];-93.7500
-78.99788611;-2.912311953;[0];-93.7500
-78.99764331;-2.912311519;[0];-93.6250
-78.99740051;-2.912311085;[0];-93.6250
-78.99715770;-2.912310652;[0];-93.6250
-78.99691490;-2.912310218;[0];-93.5625
-78.99667209;-2.912309784;[0];-93.5625
-78.99642929;-2.91230935;[0];-93.5625
-78.99618649;-2.912308916;[0];-93.6250
-78.99594368;-2.912308482;[0];-93.5625
-78.99570088;-2.912308048;[0];-93.6250
-78.99545807;-2.912307614;[0];-93.6250
-78.99521527;-2.91230718;[0];-93.6875
-78.99497247;-2.912306746;[0];-93.7500
-78.99472966;-2.912306312;[0];-93.8125
-78.99448686;-2.912305877;[0];-93.8750
-78.99424406;-2.912305443;[0];-93.8750
-78.99400125;-2.912305008;[0];-94.0000
-78.99375845;-2.912304574;[0];-94.0625
-78.99351565;-2.91230414;[0];-94.1875
-78.99327284;-2.912303705;[0];-94.2500
-78.99303004;-2.91230327;[0];-94.3750
-78.99278724;-2.912302836;[0];-94.5000
-78.99254443;-2.912302401;[0];-94.5625
-78.99230163;-2.912301966;[0];-94.6875
-78.99205883;-2.912301531;[0];-94.7500
-78.99181602;-2.912301097;[0];-94.8750
-78.99157322;-2.912300662;[0];-95.0000
-78.99133042;-2.912300227;[0];-95.1250
-78.99108761;-2.912299792;[0];-95.1875
-78.99084481;-2.912299357;[0];-95.3750
-78.99060201;-2.912298921;[0];-95.5000
-78.99035920;-2.912298486;[0];-95.6250
-78.99011640;-2.912298051;[0];-95.7500
-78.98987360;-2.912297616;[0];-95.8750
-78.98963080;-2.91229718;[0];-96.0000
-78.98938799;-2.912296745;[0];-96.1250
-78.98914519;-2.91229631;[0];-96.2500
-78.98890239;-2.912295874;[0];-96.4375
-78.98865958;-2.912295438;[0];-96.5625
-78.98841678;-2.912295003;[0];-96.6875
-78.98817398;-2.912294567;[0];-96.8125
-78.98793118;-2.912294132;[0];-96.9375
-78.98768837;-2.912293696;[0];-97.0625
-78.98744557;-2.91229326;[0];-97.1875
-78.98720277;-2.912292824;[0];-97.3750
-78.98695997;-2.912292388;[0];-97.4375
-78.98671716;-2.912291952;[0];-97.5625
-78.98647436;-2.912291516;[0];-97.6875
-78.98623156;-2.91229108;[0];-97.8125
-78.98598876;-2.912290644;[0];-98.0000
-78.98574595;-2.912290208;[0];-98.1250
-78.98550315;-2.912289772;[0];-98.2500
-78.98526035;-2.912289335;[0];-98.4375
-78.98501755;-2.912288899;[0];-98.5625
-78.98477475;-2.912288463;[0];-98.6875
-78.98453194;-2.912288026;[0];-98.8125
-78.98428914;-2.91228759;[0];-98.9375
-78.98404634;-2.912287153;[0];-99.0000
-78.98380354;-2.912286716;[0];-99.1250
-78.98356074;-2.91228628;[0];-99.2500
-78.98331793;-2.912285843;[0];-99.3750
-78.98307513;-2.912285406;[0];-99.5625
-78.98283233;-2.91228497;[0];-99.6875
-78.98258953;-2.912284533;[0];-99.8125
-78.98234673;-2.912284096;[0];-99.9375
-78.98210392;-2.912283659;[0];-100.0625
-78.98186112;-2.912283222;[0];-100.1875
-78.98161832;-2.912282785;[0];-100.3125
-78.98137552;-2.912282348;[0];-100.4375
-78.98113272;-2.91228191;[0];-100.5625
-78.98088992;-2.912281473;[0];-100.6875
-78.98064711;-2.912281036;[0];-100.8125
-78.98040431;-2.912280599;[0];-100.9375
-78.98016151;-2.912280161;[0];-101.0625
-78.97991871;-2.912279724;[0];-101.1875
-78.97967591;-2.912279286;[0];-101.3125
-78.97943311;-2.912278849;[0];-101.4375
-78.97919031;-2.912278411;[0];-101.5625
-78.97894750;-2.912277973;[0];-101.6875
-78.97870470;-2.912277536;[0];-101.7500
-78.97846190;-2.912277098;[0];-101.8750
-78.97821910;-2.91227666;[0];-101.9375
-79.00517068;-2.912080815;[0];-101.6875
-79.00492788;-2.912080383;[0];-101.3125
-79.00468507;-2.912079951;[0];-100.9375
-79.00444227;-2.912079519;[0];-100.5625
-79.00419946;-2.912079086;[0];-100.1250
-79.00395666;-2.912078654;[0];-99.7500
-79.00371385;-2.912078222;[0];-99.3750
-79.00347105;-2.91207779;[0];-99.0000
-79.00322824;-2.912077357;[0];-98.6250
-79.00298544;-2.912076925;[0];-98.2500
-79.00274263;-2.912076492;[0];-97.8750
-79.00249983;-2.91207606;[0];-97.5000
-79.00225702;-2.912075627;[0];-96.8125
-79.00201422;-2.912075195;[0];-96.5625
-79.00177141;-2.912074762;[0];-96.1875
-79.00152861;-2.912074329;[0];-95.8750
-79.00128581;-2.912073897;[0];-95.6875
-79.001043;-2.912073464;[0];-95.3750
-79.00080020;-2.912073031;[0];-95.1250
-79.00055739;-2.912072598;[0];-94.8125
-79.00031459;-2.912072165;[0];-94.6250
-79.00007178;-2.912071732;[0];-94.3750
-78.99982898;-2.912071299;[0];-94.2500
-78.99958617;-2.912070866;[0];-94.0000
-78.99934337;-2.912070432;[0];-93.8125
-78.99910057;-2.912069999;[0];-93.7500
-78.99885776;-2.912069566;[0];-93.5625
-78.99861496;-2.912069132;[0];-93.4375
-78.99837215;-2.912068699;[0];-93.3125
-78.99812935;-2.912068266;[0];-93.3125
-78.99788655;-2.912067832;[0];-93.2500
-78.99764374;-2.912067398;[0];-93.1875
-78.99740094;-2.912066965;[0];-93.1875
-78.99715813;-2.912066531;[0];-93.1250
-78.99691533;-2.912066097;[0];-93.1250
-78.99667253;-2.912065664;[0];-93.1250
-78.99642972;-2.91206523;[0];-93.1875
-78.99618692;-2.912064796;[0];-93.1250
-78.99594411;-2.912064362;[0];-93.1875
-78.99570131;-2.912063928;[0];-93.1875
-78.99545851;-2.912063494;[0];-93.2500
-78.99521570;-2.91206306;[0];-93.3125
-78.99497290;-2.912062626;[0];-93.3750
-78.99473010;-2.912062191;[0];-93.4375
-78.99448729;-2.912061757;[0];-93.5000
-78.99424449;-2.912061323;[0];-93.5625
-78.99400169;-2.912060889;[0];-93.6875
-78.99375888;-2.912060454;[0];-93.7500
-78.99351608;-2.91206002;[0];-93.8750
-78.99327327;-2.912059585;[0];-93.9375
-78.99303047;-2.912059151;[0];-94.0625
-78.99278767;-2.912058716;[0];-94.1875
-78.99254486;-2.912058281;[0];-94.2500
-78.99230206;-2.912057847;[0];-94.3750
-78.99205926;-2.912057412;[0];-94.5000
-78.99181646;-2.912056977;[0];-94.6250
-78.99157365;-2.912056542;[0];-94.6875
-78.99133085;-2.912056107;[0];-94.8750
-78.99108805;-2.912055672;[0];-95.0000
-78.99084524;-2.912055237;[0];-95.1875
-78.99060244;-2.912054802;[0];-95.2500
-78.99035964;-2.912054367;[0];-95.3750
-78.99011683;-2.912053932;[0];-95.5000
-78.98987403;-2.912053496;[0];-95.6250
-78.98963123;-2.912053061;[0];-95.7500
-78.98938843;-2.912052626;[0];-95.9375
-78.98914562;-2.91205219;[0];-96.0625
-78.98890282;-2.912051755;[0];-96.1875
-78.98866002;-2.912051319;[0];-96.3125
-78.98841721;-2.912050884;[0];-96.4375
-78.98817441;-2.912050448;[0];-96.6250
-78.98793161;-2.912050012;[0];-96.7500
-78.98768881;-2.912049577;[0];-96.8750
-78.98744600;-2.912049141;[0];-97.0000
-78.98720320;-2.912048705;[0];-97.1250
-78.98696040;-2.912048269;[0];-97.2500
-78.98671760;-2.912047833;[0];-97.4375
-78.98647480;-2.912047397;[0];-97.5625
-78.98623199;-2.912046961;[0];-97.6875
-78.98598919;-2.912046525;[0];-97.8750
-78.98574639;-2.912046089;[0];-98.0000
-78.98550359;-2.912045653;[0];-98.1250
-78.98526078;-2.912045217;[0];-98.2500
-78.98501798;-2.91204478;[0];-98.3750
-78.98477518;-2.912044344;[0];-98.5000
-78.98453238;-2.912043908;[0];-98.6250
-78.98428958;-2.912043471;[0];-98.7500
-78.98404677;-2.912043035;[0];-98.8750
-78.98380397;-2.912042598;[0];-99.0000
-78.98356117;-2.912042161;[0];-99.1875
-78.98331837;-2.912041725;[0];-99.3125
-78.98307557;-2.912041288;[0];-99.4375
-78.98283276;-2.912040851;[0];-99.5625
-78.98258996;-2.912040414;[0];-99.6875
-78.98234716;-2.912039978;[0];-99.8125
-78.98210436;-2.912039541;[0];-99.9375
-78.98186156;-2.912039104;[0];-100.0625
-78.98161876;-2.912038667;[0];-100.1875
-78.98137595;-2.912038229;[0];-100.3125
-78.98113315;-2.912037792;[0];-100.4375
-78.98089035;-2.912037355;[0];-100.5625
-78.98064755;-2.912036918;[0];-100.6875
-78.98040475;-2.912036481;[0];-100.8125
-78.98016195;-2.912036043;[0];-100.9375
-78.97991915;-2.912035606;[0];-101.0625
-78.97967634;-2.912035168;[0];-101.1875
-78.97943354;-2.912034731;[0];-101.3125
-78.97919074;-2.912034293;[0];-101.4375
-78.97894794;-2.912033856;[0];-101.5000
-78.97870514;-2.912033418;[0];-101.6250
-78.97846234;-2.91203298;[0];-101.7500
-78.97821954;-2.912032543;[0];-101.8125
-78.97797674;-2.912032105;[0];-101.9375
-79.00541392;-2.911837125;[0];-101.6875
-79.00517111;-2.911836693;[0];-101.2500
-79.00492831;-2.911836261;[0];-100.8750
-79.00468550;-2.911835829;[0];-100.5000
-79.00444270;-2.911835397;[0];-100.1250
-79.00419989;-2.911834965;[0];-99.6875
-79.00395709;-2.911834533;[0];-99.3125
-79.00371428;-2.911834101;[0];-98.8750
-79.00347148;-2.911833668;[0];-98.5000
-79.00322867;-2.911833236;[0];-98.1875
-79.00298587;-2.911832804;[0];-97.6875
-79.00274306;-2.911832371;[0];-97.3750
-79.00250026;-2.911831939;[0];-96.8750
-79.00225745;-2.911831506;[0];-96.3125
-79.00201465;-2.911831074;[0];-96.0000
-79.00177184;-2.911830641;[0];-95.6875
-79.00152904;-2.911830208;[0];-95.3125
-79.00128624;-2.911829775;[0];-95.1250
-79.00104343;-2.911829343;[0];-94.8125
-79.00080063;-2.91182891;[0];-94.5625
-79.00055782;-2.911828477;[0];-94.2500
-79.00031502;-2.911828044;[0];-94.0625
-79.00007221;-2.911827611;[0];-93.8125
-78.99982941;-2.911827178;[0];-93.6875
-78.99958661;-2.911826745;[0];-93.4375
-78.9993438;-2.911826312;[0];-93.3750
-78.99910100;-2.911825878;[0];-93.1875
-78.99885819;-2.911825445;[0];-93.0625
-78.99861539;-2.911825012;[0];-92.9375
-78.99837258;-2.911824578;[0];-92.8750
-78.99812978;-2.911824145;[0];-92.8125
-78.99788698;-2.911823711;[0];-92.7500
-78.99764417;-2.911823278;[0];-92.7500
-78.99740137;-2.911822844;[0];-92.6875
-78.99715856;-2.911822411;[0];-92.6875
-78.99691576;-2.911821977;[0];-92.6875
-78.99667296;-2.911821543;[0];-92.6875
-78.99643015;-2.911821109;[0];-92.6875
-78.99618735;-2.911820676;[0];-92.7500
-78.99594455;-2.911820242;[0];-92.7500
-78.99570174;-2.911819808;[0];-92.8125
-78.99545894;-2.911819374;[0];-92.8750
-78.99521613;-2.91181894;[0];-92.9375
-78.99497333;-2.911818506;[0];-92.9375
-78.99473053;-2.911818071;[0];-93.0625
-78.99448772;-2.911817637;[0];-93.1250
-78.99424492;-2.911817203;[0];-93.2500
-78.99400212;-2.911816769;[0];-93.3125
-78.99375931;-2.911816334;[0];-93.4375
-78.99351651;-2.9118159;[0];-93.5625
-78.99327371;-2.911815465;[0];-93.6250
-78.99303090;-2.911815031;[0];-93.7500
-78.9927881;-2.911814596;[0];-93.8750
-78.99254530;-2.911814162;[0];-94.0000
-78.99230249;-2.911813727;[0];-94.0625
-78.99205969;-2.911813292;[0];-94.1875
-78.99181689;-2.911812857;[0];-94.3125
-78.99157408;-2.911812422;[0];-94.5000
-78.99133128;-2.911811988;[0];-94.6250
-78.99108848;-2.911811553;[0];-94.7500
-78.99084568;-2.911811118;[0];-94.8750
-78.99060287;-2.911810683;[0];-95.0000
-78.99036007;-2.911810247;[0];-95.1250
-78.99011727;-2.911809812;[0];-95.2500
-78.98987446;-2.911809377;[0];-95.4375
-78.98963166;-2.911808942;[0];-95.6250
-78.98938886;-2.911808506;[0];-95.7500
-78.98914606;-2.911808071;[0];-95.8750
-78.98890325;-2.911807636;[0];-96.0000
-78.98866045;-2.9118072;[0];-96.1250
-78.98841765;-2.911806765;[0];-96.3125
-78.98817485;-2.911806329;[0];-96.4375
-78.98793204;-2.911805893;[0];-96.5625
-78.98768924;-2.911805458;[0];-96.6875
-78.98744644;-2.911805022;[0];-96.8125
-78.98720364;-2.911804586;[0];-97.0000
-78.98696083;-2.91180415;[0];-97.1250
-78.98671803;-2.911803714;[0];-97.2500
-78.98647523;-2.911803279;[0];-97.4375
-78.98623243;-2.911802843;[0];-97.5625
-78.98598962;-2.911802406;[0];-97.7500
-78.98574682;-2.91180197;[0];-97.8750
-78.98550402;-2.911801534;[0];-98.0000
-78.98526122;-2.911801098;[0];-98.0625
-78.98501842;-2.911800662;[0];-98.1875
-78.98477561;-2.911800225;[0];-98.3750
-78.98453281;-2.911799789;[0];-98.5000
-78.98429001;-2.911799353;[0];-98.6250
-78.98404721;-2.911798916;[0];-98.7500
-78.98380441;-2.91179848;[0];-98.9375
-78.98356160;-2.911798043;[0];-99.0625
-78.98331880;-2.911797606;[0];-99.1875
-78.983076;-2.91179717;[0];-99.3125
-78.98283320;-2.911796733;[0];-99.4375
-78.98259040;-2.911796296;[0];-99.5625
-78.98234760;-2.911795859;[0];-99.7500
-78.98210479;-2.911795422;[0];-99.8750
-78.98186199;-2.911794985;[0];-100.0000
-78.98161919;-2.911794548;[0];-100.1250
-78.98137639;-2.911794111;[0];-100.2500
-78.98113359;-2.911793674;[0];-100.3750
-78.98089079;-2.911793237;[0];-100.5000
-78.98064798;-2.9117928;[0];-100.6250
-78.98040518;-2.911792363;[0];-100.7500
-78.98016238;-2.911791925;[0];-100.8750
-78.97991958;-2.911791488;[0];-101.0000
-78.97967678;-2.911791051;[0];-101.0625
-78.97943398;-2.911790613;[0];-101.1875
-78.97919118;-2.911790176;[0];-101.3125
-78.97894838;-2.911789738;[0];-101.3750
-78.97870557;-2.9117893;[0];-101.5000
-78.97846277;-2.911788863;[0];-101.6250
-78.97821997;-2.911788425;[0];-101.8125
-78.97797717;-2.911787987;[0];-101.9375
-79.00565715;-2.911593435;[0];-101.6875
-79.00541435;-2.911593003;[0];-101.2500
-79.00517154;-2.911592572;[0];-100.8750
-79.00492874;-2.91159214;[0];-100.4375
-79.00468593;-2.911591708;[0];-100.0625
-79.00444313;-2.911591276;[0];-99.6875
-79.00420032;-2.911590843;[0];-99.2500
-79.00395752;-2.911590411;[0];-98.8125
-79.00371471;-2.911589979;[0];-98.4375
-79.00347191;-2.911589547;[0];-98.0000
-79.00322910;-2.911589115;[0];-97.6250
-79.00298630;-2.911588682;[0];-97.1875
-79.00274349;-2.91158825;[0];-96.8750
-79.00250069;-2.911587817;[0];-96.1875
-79.00225788;-2.911587385;[0];-95.7500
-79.00201508;-2.911586952;[0];-95.4375
-79.00177228;-2.91158652;[0];-95.0625
-79.00152947;-2.911586087;[0];-94.8125
-79.00128667;-2.911585654;[0];-94.5625
-79.00104386;-2.911585222;[0];-94.2500
-79.00080106;-2.911584789;[0];-93.9375
-79.00055825;-2.911584356;[0];-93.6875
-79.00031545;-2.911583923;[0];-93.4375
-79.00007264;-2.91158349;[0];-93.3125
-78.99982984;-2.911583057;[0];-93.0625
-78.99958704;-2.911582624;[0];-92.8750
-78.99934423;-2.911582191;[0];-92.7500
-78.99910143;-2.911581758;[0];-92.6250
-78.99885862;-2.911581324;[0];-92.5000
-78.99861582;-2.911580891;[0];-92.4375
-78.99837302;-2.911580458;[0];-92.3750
-78.99813021;-2.911580024;[0];-92.2500
-78.99788741;-2.911579591;[0];-92.2500
-78.99764460;-2.911579157;[0];-92.1875
-78.99740180;-2.911578724;[0];-92.2500
-78.99715900;-2.91157829;[0];-92.1875
-78.99691619;-2.911577857;[0];-92.2500
-78.99667339;-2.911577423;[0];-92.1875
-78.99643058;-2.911576989;[0];-92.3125
-78.99618778;-2.911576555;[0];-92.2500
-78.99594498;-2.911576121;[0];-92.3125
-78.99570217;-2.911575688;[0];-92.4375
-78.99545937;-2.911575254;[0];-92.5000
-78.99521657;-2.91157482;[0];-92.5000
-78.99497376;-2.911574385;[0];-92.5625
-78.99473096;-2.911573951;[0];-92.6875
-78.99448816;-2.911573517;[0];-92.8125
-78.99424535;-2.911573083;[0];-92.8750
-78.99400255;-2.911572649;[0];-93.0000
-78.99375975;-2.911572214;[0];-93.1250
-78.99351694;-2.91157178;[0];-93.2500
-78.99327414;-2.911571345;[0];-93.3125
-78.99303134;-2.911570911;[0];-93.4375
-78.99278853;-2.911570476;[0];-93.5625
-78.99254573;-2.911570042;[0];-93.6875
-78.99230293;-2.911569607;[0];-93.8125
-78.99206012;-2.911569172;[0];-93.9375
-78.99181732;-2.911568738;[0];-94.1250
-78.99157452;-2.911568303;[0];-94.2500
-78.99133171;-2.911567868;[0];-94.3750
-78.99108891;-2.911567433;[0];-94.5000
-78.99084611;-2.911566998;[0];-94.6250
-78.99060331;-2.911566563;[0];-94.7500
-78.99036050;-2.911566128;[0];-94.9375
-78.99011770;-2.911565693;[0];-95.1250
-78.98987490;-2.911565258;[0];-95.2500
-78.98963209;-2.911564822;[0];-95.3750
-78.98938929;-2.911564387;[0];-95.5000
-78.98914649;-2.911563952;[0];-95.6875
-78.98890369;-2.911563516;[0];-95.8125
-78.98866088;-2.911563081;[0];-96.0000
-78.98841808;-2.911562646;[0];-96.1250
-78.98817528;-2.91156221;[0];-96.2500
-78.98793248;-2.911561774;[0];-96.3750
-78.98768967;-2.911561339;[0];-96.5000
-78.98744687;-2.911560903;[0];-96.6875
-78.98720407;-2.911560467;[0];-96.8125
-78.98696127;-2.911560031;[0];-97.0000
-78.98671846;-2.911559596;[0];-97.1250
-78.98647566;-2.91155916;[0];-97.3125
-78.98623286;-2.911558724;[0];-97.4375
-78.98599006;-2.911558288;[0];-97.5625
-78.98574726;-2.911557852;[0];-97.6875
-78.98550445;-2.911557416;[0];-97.8125
-78.98526165;-2.911556979;[0];-97.9375
-78.98501885;-2.911556543;[0];-98.0625
-78.98477605;-2.911556107;[0];-98.2500
-78.98453325;-2.911555671;[0];-98.3750
-78.98429044;-2.911555234;[0];-98.5000
-78.98404764;-2.911554798;[0];-98.6875
-78.98380484;-2.911554361;[0];-98.8125
-78.98356204;-2.911553925;[0];-98.9375
-78.98331924;-2.911553488;[0];-99.0625
-78.98307643;-2.911553051;[0];-99.1875
-78.98283363;-2.911552615;[0];-99.3750
-78.98259083;-2.911552178;[0];-99.5000
-78.98234803;-2.911551741;[0];-99.6250
-78.98210523;-2.911551304;[0];-99.7500
-78.98186243;-2.911550867;[0];-99.8750
-78.98161962;-2.91155043;[0];-100.0000
-78.98137682;-2.911549993;[0];-100.1250
-78.98113402;-2.911549556;[0];-100.2500
-78.98089122;-2.911549119;[0];-100.3750
-78.98064842;-2.911548682;[0];-100.5000
-78.98040562;-2.911548245;[0];-100.6250
-78.98016282;-2.911547808;[0];-100.7500
-78.97992002;-2.91154737;[0];-100.8125
-78.97967721;-2.911546933;[0];-100.9375
-78.97943441;-2.911546495;[0];-101.0625
-78.97919161;-2.911546058;[0];-101.1875
-78.97894881;-2.91154562;[0];-101.3750
-78.97870601;-2.911545183;[0];-101.5000
-78.97846321;-2.911544745;[0];-101.6250
-78.97822041;-2.911544307;[0];-101.7500
-78.97797761;-2.91154387;[0];-101.8750
-78.97773481;-2.911543432;[0];-102.0000
-79.00590039;-2.911349745;[0];-101.7500
-79.00565758;-2.911349313;[0];-101.3125
-79.00541478;-2.911348882;[0];-100.8750
-79.00517197;-2.91134845;[0];-100.4375
-79.00492917;-2.911348018;[0];-100.0625
-79.00468636;-2.911347586;[0];-99.6250
-79.00444356;-2.911347154;[0];-99.2500
-79.00420075;-2.911346722;[0];-98.8125
-79.00395795;-2.91134629;[0];-98.3750
-79.00371514;-2.911345858;[0];-97.9375
-79.00347234;-2.911345426;[0];-97.5000
-79.00322953;-2.911344993;[0];-97.1250
-79.00298673;-2.911344561;[0];-96.6875
-79.00274392;-2.911344129;[0];-96.3125
-79.00250112;-2.911343696;[0];-95.5625
-79.00225831;-2.911343264;[0];-95.2500
-79.00201551;-2.911342831;[0];-94.8750
-79.00177271;-2.911342399;[0];-94.5000
-79.00152990;-2.911341966;[0];-94.2500
-79.00128710;-2.911341533;[0];-93.9375
-79.00104429;-2.911341101;[0];-93.6250
-79.00080149;-2.911340668;[0];-93.3750
-79.00055868;-2.911340235;[0];-93.1250
-79.00031588;-2.911339802;[0];-92.8750
-79.00007308;-2.911339369;[0];-92.6875
-78.99983027;-2.911338936;[0];-92.4375
-78.99958747;-2.911338503;[0];-92.3750
-78.99934466;-2.91133807;[0];-92.1875
-78.99910186;-2.911337637;[0];-92.0625
-78.99885905;-2.911337204;[0];-91.9375
-78.99861625;-2.91133677;[0];-91.8750
-78.99837345;-2.911336337;[0];-91.8125
-78.99813064;-2.911335904;[0];-91.8125
-78.99788784;-2.91133547;[0];-91.7500
-78.99764503;-2.911335037;[0];-91.7500
-78.99740223;-2.911334603;[0];-91.6875
-78.99715943;-2.91133417;[0];-91.7500
-78.99691662;-2.911333736;[0];-91.7500
-78.99667382;-2.911333303;[0];-91.8125
-78.99643102;-2.911332869;[0];-91.8125
-78.99618821;-2.911332435;[0];-91.8750
-78.99594541;-2.911332001;[0];-91.9375
-78.99570261;-2.911331567;[0];-92.0000
-78.99545980;-2.911331133;[0];-92.0000
-78.99521700;-2.911330699;[0];-92.1250
-78.99497419;-2.911330265;[0];-92.2500
-78.99473139;-2.911329831;[0];-92.3125
-78.99448859;-2.911329397;[0];-92.4375
-78.99424578;-2.911328963;[0];-92.5625
-78.99400298;-2.911328529;[0];-92.6875
-78.99376018;-2.911328094;[0];-92.7500
-78.99351737;-2.91132766;[0];-92.8750
-78.99327457;-2.911327226;[0];-93.0000
-78.99303177;-2.911326791;[0];-93.1250
-78.99278896;-2.911326357;[0];-93.2500
-78.99254616;-2.911325922;[0];-93.3750
-78.99230336;-2.911325487;[0];-93.5625
-78.99206056;-2.911325053;[0];-93.7500
-78.99181775;-2.911324618;[0];-93.8750
-78.99157495;-2.911324183;[0];-94.0000
-78.99133215;-2.911323748;[0];-94.1250
-78.99108934;-2.911323314;[0];-94.2500
-78.99084654;-2.911322879;[0];-94.4375
-78.99060374;-2.911322444;[0];-94.5625
-78.99036094;-2.911322009;[0];-94.7500
-78.99011813;-2.911321574;[0];-94.8750
-78.98987533;-2.911321138;[0];-95.0000
-78.98963253;-2.911320703;[0];-95.1875
-78.98938972;-2.911320268;[0];-95.3125
-78.98914692;-2.911319833;[0];-95.5000
-78.98890412;-2.911319397;[0];-95.6250
-78.98866132;-2.911318962;[0];-95.7500
-78.98841851;-2.911318526;[0];-95.8750
-78.98817571;-2.911318091;[0];-96.0625
-78.98793291;-2.911317655;[0];-96.2500
-78.98769011;-2.91131722;[0];-96.3750
-78.98744730;-2.911316784;[0];-96.5625
-78.98720450;-2.911316348;[0];-96.6875
-78.9869617;-2.911315913;[0];-96.8125
-78.98671890;-2.911315477;[0];-96.9375
-78.98647610;-2.911315041;[0];-97.1250
-78.98623329;-2.911314605;[0];-97.2500
-78.98599049;-2.911314169;[0];-97.3750
-78.98574769;-2.911313733;[0];-97.5000
-78.98550489;-2.911313297;[0];-97.6875
-78.98526209;-2.911312861;[0];-97.8125
-78.98501928;-2.911312425;[0];-98.0000
-78.98477648;-2.911311988;[0];-98.1250
-78.98453368;-2.911311552;[0];-98.2500
-78.98429088;-2.911311116;[0];-98.3750
-78.98404808;-2.911310679;[0];-98.5625
-78.98380527;-2.911310243;[0];-98.6875
-78.98356247;-2.911309806;[0];-98.8125
-78.98331967;-2.91130937;[0];-99.0000
-78.98307687;-2.911308933;[0];-99.1250
-78.98283407;-2.911308496;[0];-99.2500
-78.98259127;-2.91130806;[0];-99.3750
-78.98234846;-2.911307623;[0];-99.5000
-78.98210566;-2.911307186;[0];-99.6250
-78.98186286;-2.911306749;[0];-99.8125
-78.98162006;-2.911306312;[0];-99.8750
-78.98137726;-2.911305875;[0];-100.0000
-78.98113446;-2.911305438;[0];-100.1250
-78.98089166;-2.911305001;[0];-100.2500
-78.98064885;-2.911304564;[0];-100.3750
-78.98040605;-2.911304127;[0];-100.5000
-78.98016325;-2.91130369;[0];-100.6250
-78.97992045;-2.911303252;[0];-100.7500
-78.97967765;-2.911302815;[0];-100.8750
-78.97943485;-2.911302378;[0];-101.0625
-78.97919205;-2.91130194;[0];-101.1875
-78.97894925;-2.911301503;[0];-101.3125
-78.97870644;-2.911301065;[0];-101.4375
-78.97846364;-2.911300627;[0];-101.5625
-78.97822084;-2.91130019;[0];-101.6875
-78.97797804;-2.911299752;[0];-101.8125
-78.97773524;-2.911299314;[0];-101.9375
-79.00614362;-2.911106055;[0];-101.6875
-79.00590082;-2.911105623;[0];-101.3125
-79.00565801;-2.911105192;[0];-100.9375
-79.00541521;-2.91110476;[0];-100.5000
-79.00517240;-2.911104328;[0];-100.0625
-79.00492960;-2.911103896;[0];-99.6250
-79.00468679;-2.911103464;[0];-99.2500
-79.00444399;-2.911103033;[0];-98.8125
-79.00420118;-2.911102601;[0];-98.3750
-79.00395838;-2.911102168;[0];-97.8750
-79.00371557;-2.911101736;[0];-97.4375
-79.00347277;-2.911101304;[0];-97.0000
-79.00322996;-2.911100872;[0];-96.6250
-79.00298716;-2.91110044;[0];-96.1875
-79.00274435;-2.911100007;[0];-95.7500
-79.00250155;-2.911099575;[0];-95.0000
-79.00225874;-2.911099143;[0];-94.6875
-79.00201594;-2.91109871;[0];-94.2500
-79.00177314;-2.911098278;[0];-93.8750
-79.00153033;-2.911097845;[0];-93.6250
-79.00128753;-2.911097412;[0];-93.3125
-79.00104472;-2.91109698;[0];-93.0000
-79.00080192;-2.911096547;[0];-92.7500
-79.00055911;-2.911096114;[0];-92.5000
-79.00031631;-2.911095681;[0];-92.3125
-79.00007351;-2.911095248;[0];-92.0625
-78.99983070;-2.911094815;[0];-91.9375
-78.99958790;-2.911094382;[0];-91.7500
-78.99934509;-2.911093949;[0];-91.6250
-78.99910229;-2.911093516;[0];-91.4375
-78.99885949;-2.911093083;[0];-91.4375
-78.99861668;-2.91109265;[0];-91.3125
-78.99837388;-2.911092217;[0];-91.3125
-78.99813107;-2.911091783;[0];-91.2500
-78.99788827;-2.91109135;[0];-91.2500
-78.99764547;-2.911090916;[0];-91.1875
-78.99740266;-2.911090483;[0];-91.2500
-78.99715986;-2.911090049;[0];-91.2500
-78.99691705;-2.911089616;[0];-91.3125
-78.99667425;-2.911089182;[0];-91.3125
-78.99643145;-2.911088748;[0];-91.3750
-78.99618864;-2.911088315;[0];-91.4375
-78.99594584;-2.911087881;[0];-91.5000
-78.99570304;-2.911087447;[0];-91.5625
-78.99546023;-2.911087013;[0];-91.6250
-78.99521743;-2.911086579;[0];-91.7500
-78.99497463;-2.911086145;[0];-91.8750
-78.99473182;-2.911085711;[0];-92.0000
-78.99448902;-2.911085277;[0];-92.0625
-78.99424622;-2.911084843;[0];-92.1875
-78.99400341;-2.911084409;[0];-92.3125
-78.99376061;-2.911083974;[0];-92.4375
-78.99351781;-2.91108354;[0];-92.5625
-78.99327500;-2.911083106;[0];-92.6875
-78.9930322;-2.911082671;[0];-92.8125
-78.99278940;-2.911082237;[0];-93.0000
-78.99254659;-2.911081802;[0];-93.1875
-78.99230379;-2.911081368;[0];-93.3125
-78.99206099;-2.911080933;[0];-93.4375
-78.99181819;-2.911080498;[0];-93.5625
-78.99157538;-2.911080064;[0];-93.6875
-78.99133258;-2.911079629;[0];-93.8750
-78.99108978;-2.911079194;[0];-94.0625
-78.99084697;-2.911078759;[0];-94.1875
-78.99060417;-2.911078324;[0];-94.3125
-78.99036137;-2.911077889;[0];-94.5000
-78.99011857;-2.911077454;[0];-94.6875
-78.98987576;-2.911077019;[0];-94.8125
-78.98963296;-2.911076584;[0];-95.0000
-78.98939016;-2.911076149;[0];-95.1250
-78.98914736;-2.911075713;[0];-95.2500
-78.98890455;-2.911075278;[0];-95.4375
-78.98866175;-2.911074843;[0];-95.5625
-78.98841895;-2.911074407;[0];-95.7500
-78.98817615;-2.911073972;[0];-95.9375
-78.98793334;-2.911073536;[0];-96.0625
-78.98769054;-2.911073101;[0];-96.2500
-78.98744774;-2.911072665;[0];-96.3750
-78.98720494;-2.911072229;[0];-96.5000
-78.98696213;-2.911071794;[0];-96.6250
-78.98671933;-2.911071358;[0];-96.7500
-78.98647653;-2.911070922;[0];-96.9375
-78.98623373;-2.911070486;[0];-97.0625
-78.98599093;-2.91107005;[0];-97.2500
-78.98574812;-2.911069614;[0];-97.3750
-78.98550532;-2.911069178;[0];-97.5625
-78.98526252;-2.911068742;[0];-97.6875
-78.98501972;-2.911068306;[0];-97.8750
-78.98477692;-2.91106787;[0];-98.0000
-78.98453411;-2.911067433;[0];-98.1250
-78.98429131;-2.911066997;[0];-98.3125
-78.98404851;-2.911066561;[0];-98.4375
-78.98380571;-2.911066124;[0];-98.5625
-78.98356291;-2.911065688;[0];-98.7500
-78.98332010;-2.911065251;[0];-98.8750
-78.98307730;-2.911064815;[0];-99.0000
-78.98283450;-2.911064378;[0];-99.1250
-78.9825917;-2.911063941;[0];-99.3125
-78.98234890;-2.911063505;[0];-99.3750
-78.98210610;-2.911063068;[0];-99.5000
-78.98186330;-2.911062631;[0];-99.6250
-78.98162049;-2.911062194;[0];-99.7500
-78.98137769;-2.911061757;[0];-99.8750
-78.98113489;-2.91106132;[0];-100.0000
-78.98089209;-2.911060883;[0];-100.1250
-78.98064929;-2.911060446;[0];-100.3125
-78.98040649;-2.911060009;[0];-100.4375
-78.98016369;-2.911059572;[0];-100.5625
-78.97992089;-2.911059135;[0];-100.7500
-78.97967808;-2.911058697;[0];-100.8750
-78.97943528;-2.91105826;[0];-101.0000
-78.97919248;-2.911057822;[0];-101.1250
-78.97894968;-2.911057385;[0];-101.2500
-78.97870688;-2.911056947;[0];-101.3750
-78.97846408;-2.91105651;[0];-101.5000
-78.97822128;-2.911056072;[0];-101.6250
-78.97797848;-2.911055635;[0];-101.7500
-78.97773568;-2.911055197;[0];-101.8750
-78.97749288;-2.911054759;[0];-101.9375
-79.00638686;-2.910862365;[0];-101.7500
-79.00614405;-2.910861933;[0];-101.3125
-79.00590125;-2.910861502;[0];-100.9375
-79.00565844;-2.91086107;[0];-100.5625
-79.00541564;-2.910860638;[0];-100.1250
-79.00517283;-2.910860207;[0];-99.6875
-79.00493003;-2.910859775;[0];-99.2500
-79.00468722;-2.910859343;[0];-98.8125
-79.00444442;-2.910858911;[0];-98.3750
-79.00420161;-2.910858479;[0];-97.8750
-79.00395881;-2.910858047;[0];-97.4375
-79.00371600;-2.910857615;[0];-96.9375
-79.00347320;-2.910857183;[0];-96.5000
-79.00323039;-2.910856751;[0];-96.0625
-79.00298759;-2.910856318;[0];-95.6875
-79.00274478;-2.910855886;[0];-95.1250
-79.00250198;-2.910855454;[0];-94.4375
-79.00225917;-2.910855021;[0];-94.0625
-79.00201637;-2.910854589;[0];-93.6875
-79.00177357;-2.910854156;[0];-93.3750
-79.00153076;-2.910853724;[0];-93.0000
-79.00128796;-2.910853291;[0];-92.6875
-79.00104515;-2.910852859;[0];-92.3750
-79.00080235;-2.910852426;[0];-92.1250
-79.00055954;-2.910851993;[0];-91.8750
-79.00031674;-2.91085156;[0];-91.6250
-79.00007394;-2.910851127;[0];-91.4375
-78.99983113;-2.910850695;[0];-91.3125
-78.99958833;-2.910850262;[0];-91.1250
-78.99934552;-2.910849829;[0];-91.0000
-78.99910272;-2.910849395;[0];-90.9375
-78.99885992;-2.910848962;[0];-90.8125
-78.99861711;-2.910848529;[0];-90.7500
-78.99837431;-2.910848096;[0];-90.7500
-78.99813150;-2.910847663;[0];-90.7500
-78.9978887;-2.910847229;[0];-90.6875
-78.99764590;-2.910846796;[0];-90.7500
-78.99740309;-2.910846362;[0];-90.6875
-78.99716029;-2.910845929;[0];-90.8125
-78.99691749;-2.910845495;[0];-90.7500
-78.99667468;-2.910845062;[0];-90.8750
-78.99643188;-2.910844628;[0];-90.9375
-78.99618908;-2.910844194;[0];-91.0000
-78.99594627;-2.910843761;[0];-91.0625
-78.99570347;-2.910843327;[0];-91.1875
-78.99546066;-2.910842893;[0];-91.2500
-78.99521786;-2.910842459;[0];-91.3750
-78.99497506;-2.910842025;[0];-91.5000
-78.99473225;-2.910841591;[0];-91.6250
-78.99448945;-2.910841157;[0];-91.7500
-78.99424665;-2.910840723;[0];-91.8750
-78.99400384;-2.910840289;[0];-92.0000
-78.99376104;-2.910839855;[0];-92.1250
-78.99351824;-2.91083942;[0];-92.2500
-78.99327544;-2.910838986;[0];-92.3750
-78.99303263;-2.910838552;[0];-92.5625
-78.99278983;-2.910838117;[0];-92.7500
-78.99254703;-2.910837683;[0];-92.8750
-78.99230422;-2.910837248;[0];-93.0000
-78.99206142;-2.910836813;[0];-93.1250
-78.99181862;-2.910836379;[0];-93.3125
-78.99157581;-2.910835944;[0];-93.5000
-78.99133301;-2.910835509;[0];-93.6875
-78.99109021;-2.910835075;[0];-93.8125
-78.99084741;-2.91083464;[0];-93.9375
-78.99060460;-2.910834205;[0];-94.1250
-78.9903618;-2.91083377;[0];-94.3125
-78.99011900;-2.910833335;[0];-94.4375
-78.98987620;-2.9108329;[0];-94.6250
-78.98963339;-2.910832465;[0];-94.7500
-78.98939059;-2.910832029;[0];-94.9375
-78.98914779;-2.910831594;[0];-95.0625
-78.98890499;-2.910831159;[0];-95.2500
-78.98866218;-2.910830724;[0];-95.4375
-78.98841938;-2.910830288;[0];-95.6250
-78.98817658;-2.910829853;[0];-95.7500
-78.98793378;-2.910829417;[0];-95.8750
-78.98769097;-2.910828982;[0];-96.0625
-78.98744817;-2.910828546;[0];-96.1875
-78.98720537;-2.91082811;[0];-96.3125
-78.98696257;-2.910827675;[0];-96.5000
-78.98671976;-2.910827239;[0];-96.6250
-78.98647696;-2.910826803;[0];-96.8125
-78.98623416;-2.910826367;[0];-96.9375
-78.98599136;-2.910825931;[0];-97.1250
-78.98574856;-2.910825496;[0];-97.2500
-78.98550575;-2.910825059;[0];-97.4375
-78.98526295;-2.910824623;[0];-97.5625
-78.98502015;-2.910824187;[0];-97.7500
-78.98477735;-2.910823751;[0];-97.8750
-78.98453455;-2.910823315;[0];-98.0625
-78.98429175;-2.910822879;[0];-98.1875
-78.98404894;-2.910822442;[0];-98.3125
-78.98380614;-2.910822006;[0];-98.5000
-78.98356334;-2.910821569;[0];-98.6250
-78.98332054;-2.910821133;[0];-98.7500
-78.98307774;-2.910820696;[0];-98.8750
-78.98283494;-2.91082026;[0];-99.0000
-78.98259213;-2.910819823;[0];-99.1250
-78.98234933;-2.910819387;[0];-99.2500
-78.98210653;-2.91081895;[0];-99.3750
-78.98186373;-2.910818513;[0];-99.5000
-78.98162093;-2.910818076;[0];-99.6875
-78.98137813;-2.910817639;[0];-99.8125
-78.98113533;-2.910817202;[0];-99.9375
-78.98089252;-2.910816765;[0];-100.1250
-78.98064972;-2.910816328;[0];-100.2500
-78.98040692;-2.910815891;[0];-100.3750
-78.98016412;-2.910815454;[0];-100.5000
-78.97992132;-2.910815017;[0];-100.6250
-78.97967852;-2.910814579;[0];-100.8125
-78.97943572;-2.910814142;[0];-100.9375
-78.97919292;-2.910813705;[0];-101.0625
-78.97895012;-2.910813267;[0];-101.1875
-78.97870732;-2.91081283;[0];-101.3125
-78.97846451;-2.910812392;[0];-101.3750
-78.97822171;-2.910811955;[0];-101.5000
-78.97797891;-2.910811517;[0];-101.6250
-78.97773611;-2.910811079;[0];-101.7500
-78.97749331;-2.910810642;[0];-101.8750
-78.97725051;-2.910810204;[0];-102.0000
-79.00663009;-2.910618675;[0];-101.7500
-79.00638728;-2.910618243;[0];-101.3750
-79.00614448;-2.910617812;[0];-101.0000
-79.00590167;-2.91061738;[0];-100.6250
-79.00565887;-2.910616948;[0];-100.2500
-79.00541606;-2.910616517;[0];-99.7500
-79.00517326;-2.910616085;[0];-99.2500
-79.00493046;-2.910615653;[0];-98.8125
-79.00468765;-2.910615221;[0];-98.3750
-79.00444485;-2.910614789;[0];-97.9375
-79.00420204;-2.910614358;[0];-97.4375
-79.00395924;-2.910613926;[0];-96.9375
-79.00371643;-2.910613494;[0];-96.4375
-79.00347363;-2.910613061;[0];-96.0000
-79.00323082;-2.910612629;[0];-95.5000
-79.00298802;-2.910612197;[0];-95.0625
-79.00274521;-2.910611765;[0];-94.4375
-79.00250241;-2.910611333;[0];-93.8750
-79.00225960;-2.9106109;[0];-93.5000
-79.0020168;-2.910610468;[0];-93.0625
-79.00177400;-2.910610035;[0];-92.7500
-79.00153119;-2.910609603;[0];-92.3750
-79.00128839;-2.91060917;[0];-92.0625
-79.00104558;-2.910608738;[0];-91.7500
-79.00080278;-2.910608305;[0];-91.4375
-79.00055997;-2.910607872;[0];-91.2500
-79.00031717;-2.910607439;[0];-90.9375
-79.00007437;-2.910607007;[0];-90.8750
-78.99983156;-2.910606574;[0];-90.6875
-78.99958876;-2.910606141;[0];-90.5000
-78.99934595;-2.910605708;[0];-90.4375
-78.99910315;-2.910605275;[0];-90.3125
-78.99886035;-2.910604842;[0];-90.2500
-78.99861754;-2.910604409;[0];-90.1875
-78.99837474;-2.910603975;[0];-90.1875
-78.99813194;-2.910603542;[0];-90.1875
-78.99788913;-2.910603109;[0];-90.1875
-78.99764633;-2.910602675;[0];-90.1875
-78.99740352;-2.910602242;[0];-90.2500
-78.99716072;-2.910601809;[0];-90.2500
-78.99691792;-2.910601375;[0];-90.3125
-78.99667511;-2.910600941;[0];-90.4375
-78.99643231;-2.910600508;[0];-90.4375
-78.99618951;-2.910600074;[0];-90.5625
-78.99594670;-2.91059964;[0];-90.6250
-78.99570390;-2.910599207;[0];-90.7500
-78.99546110;-2.910598773;[0];-90.8750
-78.99521829;-2.910598339;[0];-91.0000
-78.99497549;-2.910597905;[0];-91.1250
-78.99473269;-2.910597471;[0];-91.2500
-78.99448988;-2.910597037;[0];-91.3750
-78.99424708;-2.910596603;[0];-91.5000
-78.99400428;-2.910596169;[0];-91.6250
-78.99376147;-2.910595735;[0];-91.8125
-78.99351867;-2.9105953;[0];-92.0000
-78.99327587;-2.910594866;[0];-92.1875
-78.99303306;-2.910594432;[0];-92.3125
-78.99279026;-2.910593997;[0];-92.4375
-78.99254746;-2.910593563;[0];-92.5625
-78.99230466;-2.910593128;[0];-92.7500
-78.99206185;-2.910592694;[0];-92.9375
-78.99181905;-2.910592259;[0];-93.1250
-78.99157625;-2.910591825;[0];-93.2500
-78.99133344;-2.91059139;[0];-93.3750
-78.99109064;-2.910590955;[0];-93.5625
-78.99084784;-2.91059052;[0];-93.7500
-78.99060504;-2.910590085;[0];-93.9375
-78.99036223;-2.91058965;[0];-94.0625
-78.99011943;-2.910589215;[0];-94.1875
-78.98987663;-2.91058878;[0];-94.3750
-78.98963383;-2.910588345;[0];-94.5625
-78.98939102;-2.91058791;[0];-94.7500
-78.98914822;-2.910587475;[0];-94.9375
-78.98890542;-2.91058704;[0];-95.1250
-78.98866262;-2.910586604;[0];-95.2500
-78.98841981;-2.910586169;[0];-95.3750
-78.98817701;-2.910585734;[0];-95.5625
-78.98793421;-2.910585298;[0];-95.6875
-78.98769141;-2.910584863;[0];-95.8750
-78.98744860;-2.910584427;[0];-96.0000
-78.98720580;-2.910583992;[0];-96.1875
-78.986963;-2.910583556;[0];-96.3750
-78.98672020;-2.91058312;[0];-96.5000
-78.98647740;-2.910582684;[0];-96.6875
-78.98623459;-2.910582249;[0];-96.8125
-78.98599179;-2.910581813;[0];-97.0000
-78.98574899;-2.910581377;[0];-97.1875
-78.98550619;-2.910580941;[0];-97.3125
-78.98526339;-2.910580505;[0];-97.4375
-78.98502058;-2.910580069;[0];-97.6250
-78.98477778;-2.910579633;[0];-97.7500
-78.98453498;-2.910579196;[0];-97.9375
-78.98429218;-2.91057876;[0];-98.0625
-78.98404938;-2.910578324;[0];-98.1875
-78.98380658;-2.910577888;[0];-98.3750
-78.98356377;-2.910577451;[0];-98.5000
-78.98332097;-2.910577015;[0];-98.6250
-78.98307817;-2.910576578;[0];-98.7500
-78.98283537;-2.910576142;[0];-98.8750
-78.98259257;-2.910575705;[0];-99.0000
-78.98234977;-2.910575268;[0];-99.1875
-78.98210697;-2.910574832;[0];-99.3125
-78.98186416;-2.910574395;[0];-99.5000
-78.98162136;-2.910573958;[0];-99.6250
-78.98137856;-2.910573521;[0];-99.7500
-78.98113576;-2.910573084;[0];-99.9375
-78.98089296;-2.910572647;[0];-100.0625
-78.98065016;-2.91057221;[0];-100.1875
-78.98040736;-2.910571773;[0];-100.3125
-78.98016456;-2.910571336;[0];-100.4375
-78.97992176;-2.910570899;[0];-100.5625
-78.97967895;-2.910570462;[0];-100.6875
-78.97943615;-2.910570024;[0];-100.8125
-78.97919335;-2.910569587;[0];-100.9375
-78.97895055;-2.91056915;[0];-101.0625
-78.97870775;-2.910568712;[0];-101.1875
-78.97846495;-2.910568275;[0];-101.3125
-78.97822215;-2.910567837;[0];-101.4375
-78.97797935;-2.910567399;[0];-101.5625
-78.97773655;-2.910566962;[0];-101.6875
-78.97749375;-2.910566524;[0];-101.8125
-78.97725095;-2.910566086;[0];-101.9375
-79.00687332;-2.910374984;[0];-101.7500
-79.00663052;-2.910374553;[0];-101.3125
-79.00638771;-2.910374121;[0];-101.0000
-79.00614491;-2.91037369;[0];-100.6875
-79.00590210;-2.910373258;[0];-100.2500
-79.00565930;-2.910372827;[0];-99.8125
-79.00541649;-2.910372395;[0];-99.3750
-79.00517369;-2.910371963;[0];-98.8750
-79.00493088;-2.910371532;[0];-98.3750
-79.00468808;-2.9103711;[0];-97.9375
-79.00444528;-2.910370668;[0];-97.4375
-79.00420247;-2.910370236;[0];-96.9375
-79.00395967;-2.910369804;[0];-96.4375
-79.00371686;-2.910369372;[0];-95.9375
-79.00347406;-2.91036894;[0];-95.4375
-79.00323125;-2.910368508;[0];-94.9375
-79.00298845;-2.910368076;[0];-94.5000
-79.00274564;-2.910367644;[0];-93.6875
-79.00250284;-2.910367211;[0];-93.3125
-79.00226003;-2.910366779;[0];-92.8125
-79.00201723;-2.910366347;[0];-92.4375
-79.00177443;-2.910365914;[0];-92.1250
-79.00153162;-2.910365482;[0];-91.7500
-79.00128882;-2.910365049;[0];-91.3750
-79.00104601;-2.910364617;[0];-91.0625
-79.00080321;-2.910364184;[0];-90.8125
-79.00056041;-2.910363751;[0];-90.5000
-79.00031760;-2.910363319;[0];-90.3750
-79.00007480;-2.910362886;[0];-90.1875
-78.99983199;-2.910362453;[0];-90.0000
-78.99958919;-2.91036202;[0];-89.8750
-78.99934639;-2.910361587;[0];-89.8125
-78.99910358;-2.910361154;[0];-89.6875
-78.99886078;-2.910360721;[0];-89.6875
-78.99861797;-2.910360288;[0];-89.6250
-78.99837517;-2.910359855;[0];-89.6250
-78.99813237;-2.910359421;[0];-89.6875
-78.99788956;-2.910358988;[0];-89.6250
-78.99764676;-2.910358555;[0];-89.6875
-78.99740396;-2.910358122;[0];-89.6875
-78.99716115;-2.910357688;[0];-89.8125
-78.99691835;-2.910357255;[0];-89.8750
-78.99667554;-2.910356821;[0];-89.8750
-78.99643274;-2.910356388;[0];-90.0000
-78.99618994;-2.910355954;[0];-90.1250
-78.99594713;-2.91035552;[0];-90.2500
-78.99570433;-2.910355086;[0];-90.3750
-78.99546153;-2.910354653;[0];-90.5000
-78.99521872;-2.910354219;[0];-90.6250
-78.99497592;-2.910353785;[0];-90.7500
-78.99473312;-2.910353351;[0];-90.8750
-78.99449031;-2.910352917;[0];-91.0000
-78.99424751;-2.910352483;[0];-91.1875
-78.99400471;-2.910352049;[0];-91.3125
-78.99376191;-2.910351615;[0];-91.5625
-78.99351910;-2.91035118;[0];-91.6875
-78.99327630;-2.910350746;[0];-91.8125
-78.99303350;-2.910350312;[0];-92.0000
-78.99279069;-2.910349878;[0];-92.1250
-78.99254789;-2.910349443;[0];-92.3125
-78.99230509;-2.910349009;[0];-92.5000
-78.99206228;-2.910348574;[0];-92.6875
-78.99181948;-2.91034814;[0];-92.8125
-78.99157668;-2.910347705;[0];-93.0000
-78.99133388;-2.91034727;[0];-93.1875
-78.99109107;-2.910346835;[0];-93.3750
-78.99084827;-2.910346401;[0];-93.5000
-78.99060547;-2.910345966;[0];-93.6875
-78.99036267;-2.910345531;[0];-93.8750
-78.99011986;-2.910345096;[0];-94.0625
-78.98987706;-2.910344661;[0];-94.2500
-78.98963426;-2.910344226;[0];-94.4375
-78.98939146;-2.910343791;[0];-94.6250
-78.98914865;-2.910343356;[0];-94.7500
-78.98890585;-2.910342921;[0];-94.8750
-78.98866305;-2.910342485;[0];-95.0625
-78.98842025;-2.91034205;[0];-95.1875
-78.98817744;-2.910341615;[0];-95.3750
-78.98793464;-2.910341179;[0];-95.5625
-78.98769184;-2.910340744;[0];-95.7500
-78.98744904;-2.910340308;[0];-95.8750
-78.98720624;-2.910339873;[0];-96.0625
-78.98696343;-2.910339437;[0];-96.2500
-78.98672063;-2.910339001;[0];-96.3750
-78.98647783;-2.910338566;[0];-96.5625
-78.98623503;-2.91033813;[0];-96.6875
-78.98599223;-2.910337694;[0];-96.8750
-78.98574942;-2.910337258;[0];-97.0625
-78.98550662;-2.910336822;[0];-97.1875
-78.98526382;-2.910336386;[0];-97.3750
-78.98502102;-2.91033595;[0];-97.5000
-78.98477822;-2.910335514;[0];-97.6250
-78.98453542;-2.910335078;[0];-97.8125
-78.98429261;-2.910334642;[0];-97.9375
-78.98404981;-2.910334205;[0];-98.0625
-78.98380701;-2.910333769;[0];-98.1875
-78.98356421;-2.910333333;[0];-98.3125
-78.98332141;-2.910332896;[0];-98.5000
-78.98307861;-2.91033246;[0];-98.6250
-78.98283580;-2.910332023;[0];-98.8125
-78.98259300;-2.910331587;[0];-98.9375
-78.98235020;-2.91033115;[0];-99.1250
-78.9821074;-2.910330713;[0];-99.2500
-78.98186460;-2.910330277;[0];-99.4375
-78.98162180;-2.91032984;[0];-99.5625
-78.98137900;-2.910329403;[0];-99.6875
-78.98113620;-2.910328966;[0];-99.8125
-78.98089339;-2.910328529;[0];-99.9375
-78.98065059;-2.910328092;[0];-100.0625
-78.98040779;-2.910327655;[0];-100.2500
-78.98016499;-2.910327218;[0];-100.3750
-78.97992219;-2.910326781;[0];-100.5000
-78.97967939;-2.910326344;[0];-100.6250
-78.97943659;-2.910325907;[0];-100.7500
-78.97919379;-2.910325469;[0];-100.8750
-78.97895099;-2.910325032;[0];-101.0000
-78.97870819;-2.910324594;[0];-101.1250
-78.97846538;-2.910324157;[0];-101.2500
-78.97822258;-2.91032372;[0];-101.3750
-78.97797978;-2.910323282;[0];-101.5000
-78.97773698;-2.910322844;[0];-101.6250
-78.97749418;-2.910322407;[0];-101.7500
-78.97725138;-2.910321969;[0];-101.8750
-78.97700858;-2.910321531;[0];-102.0000
-79.00711656;-2.910131293;[0];-101.8750
-79.00687375;-2.910130862;[0];-101.4375
-79.00663095;-2.910130431;[0];-101.0625
-79.00638814;-2.910129999;[0];-100.6875
-79.00614534;-2.910129568;[0];-100.2500
-79.00590253;-2.910129137;[0];-99.8125
-79.00565973;-2.910128705;[0];-99.4375
-79.00541692;-2.910128273;[0];-98.9375
-79.00517412;-2.910127842;[0];-98.4375
-79.00493131;-2.91012741;[0];-97.9375
-79.00468851;-2.910126978;[0];-97.4375
-79.00444570;-2.910126546;[0];-97.0000
-79.0042029;-2.910126115;[0];-96.4375
-79.00396010;-2.910125683;[0];-95.8750
-79.00371729;-2.910125251;[0];-95.3750
-79.00347449;-2.910124819;[0];-94.8750
-79.00323168;-2.910124387;[0];-94.3750
-79.00298888;-2.910123954;[0];-93.8750
-79.00274607;-2.910123522;[0];-93.0625
-79.00250327;-2.91012309;[0];-92.6250
-79.00226046;-2.910122658;[0];-92.1875
-79.00201766;-2.910122225;[0];-91.8125
-79.00177486;-2.910121793;[0];-91.4375
-79.00153205;-2.910121361;[0];-91.0625
-79.00128925;-2.910120928;[0];-90.6875
-79.00104644;-2.910120496;[0];-90.3750
-79.00080364;-2.910120063;[0];-90.1875
-79.00056084;-2.91011963;[0];-89.8125
-79.00031803;-2.910119198;[0];-89.6875
-79.00007523;-2.910118765;[0];-89.5000
-78.99983242;-2.910118332;[0];-89.3125
-78.99958962;-2.910117899;[0];-89.2500
-78.99934682;-2.910117466;[0];-89.1250
-78.99910401;-2.910117033;[0];-89.1250
-78.99886121;-2.9101166;[0];-89.0625
-78.99861840;-2.910116167;[0];-89.0625
-78.9983756;-2.910115734;[0];-89.0625
-78.99813280;-2.910115301;[0];-89.0625
-78.99788999;-2.910114868;[0];-89.1250
-78.99764719;-2.910114434;[0];-89.1250
-78.99740439;-2.910114001;[0];-89.2500
-78.99716158;-2.910113568;[0];-89.3125
-78.99691878;-2.910113134;[0];-89.3125
-78.99667598;-2.910112701;[0];-89.4375
-78.99643317;-2.910112267;[0];-89.5625
-78.99619037;-2.910111834;[0];-89.6875
-78.99594757;-2.9101114;[0];-89.8125
-78.99570476;-2.910110966;[0];-89.9375
-78.99546196;-2.910110532;[0];-90.1250
-78.99521916;-2.910110099;[0];-90.2500
-78.99497635;-2.910109665;[0];-90.3750
-78.99473355;-2.910109231;[0];-90.5000
-78.99449075;-2.910108797;[0];-90.6875
-78.99424794;-2.910108363;[0];-90.8750
-78.99400514;-2.910107929;[0];-91.0625
-78.99376234;-2.910107495;[0];-91.1875
-78.99351953;-2.910107061;[0];-91.3750
-78.99327673;-2.910106626;[0];-91.5000
-78.99303393;-2.910106192;[0];-91.7500
-78.99279113;-2.910105758;[0];-91.9375
-78.99254832;-2.910105323;[0];-92.0625
-78.99230552;-2.910104889;[0];-92.2500
-78.99206272;-2.910104454;[0];-92.4375
-78.99181991;-2.91010402;[0];-92.6250
-78.99157711;-2.910103585;[0];-92.8125
-78.99133431;-2.910103151;[0];-92.9375
-78.99109151;-2.910102716;[0];-93.1250
-78.99084870;-2.910102281;[0];-93.3125
-78.99060590;-2.910101846;[0];-93.5000
-78.99036310;-2.910101412;[0];-93.6875
-78.99012030;-2.910100977;[0];-93.8750
-78.98987749;-2.910100542;[0];-94.0625
-78.98963469;-2.910100107;[0];-94.1875
-78.98939189;-2.910099672;[0];-94.3750
-78.98914909;-2.910099236;[0];-94.5000
-78.98890628;-2.910098801;[0];-94.6875
-78.98866348;-2.910098366;[0];-94.8750
-78.98842068;-2.910097931;[0];-95.0625
-78.98817788;-2.910097496;[0];-95.2500
-78.98793508;-2.91009706;[0];-95.4375
-78.98769227;-2.910096625;[0];-95.5625
-78.98744947;-2.910096189;[0];-95.7500
-78.98720667;-2.910095754;[0];-95.9375
-78.98696387;-2.910095318;[0];-96.1250
-78.98672107;-2.910094882;[0];-96.2500
-78.98647826;-2.910094447;[0];-96.4375
-78.98623546;-2.910094011;[0];-96.6250
-78.98599266;-2.910093575;[0];-96.7500
-78.98574986;-2.910093139;[0];-96.9375
-78.98550706;-2.910092703;[0];-97.0625
-78.98526425;-2.910092267;[0];-97.1875
-78.98502145;-2.910091831;[0];-97.3750
-78.98477865;-2.910091395;[0];-97.5000
-78.98453585;-2.910090959;[0];-97.6250
-78.98429305;-2.910090523;[0];-97.7500
-78.98405025;-2.910090087;[0];-97.9375
-78.98380744;-2.910089651;[0];-98.1250
-78.98356464;-2.910089214;[0];-98.2500
-78.98332184;-2.910088778;[0];-98.4375
-78.98307904;-2.910088342;[0];-98.6250
-78.98283624;-2.910087905;[0];-98.7500
-78.98259344;-2.910087469;[0];-98.8750
-78.98235064;-2.910087032;[0];-99.0625
-78.98210783;-2.910086595;[0];-99.1875
-78.98186503;-2.910086159;[0];-99.3125
-78.98162223;-2.910085722;[0];-99.4375
-78.98137943;-2.910085285;[0];-99.6250
-78.98113663;-2.910084848;[0];-99.7500
-78.98089383;-2.910084411;[0];-99.8750
-78.98065103;-2.910083974;[0];-100.0000
-78.98040823;-2.910083537;[0];-100.1250
-78.98016543;-2.9100831;[0];-100.2500
-78.97992262;-2.910082663;[0];-100.3750
-78.97967982;-2.910082226;[0];-100.5625
-78.97943702;-2.910081789;[0];-100.6875
-78.97919422;-2.910081352;[0];-100.8125
-78.97895142;-2.910080914;[0];-100.9375
-78.97870862;-2.910080477;[0];-101.0625
-78.97846582;-2.910080039;[0];-101.1875
-78.97822302;-2.910079602;[0];-101.3125
-78.97798022;-2.910079164;[0];-101.4375
-78.97773742;-2.910078727;[0];-101.5625
-78.97749462;-2.910078289;[0];-101.6875
-78.97725182;-2.910077851;[0];-101.8125
-78.97700902;-2.910077414;[0];-101.9375
-79.00711699;-2.909887172;[0];-101.6250
-79.00687418;-2.90988674;[0];-101.1250
-79.00663138;-2.909886309;[0];-100.6875
-79.00638857;-2.909885878;[0];-100.2500
-79.00614577;-2.909885446;[0];-99.8750
-79.00590296;-2.909885015;[0];-99.4375
-79.00566016;-2.909884583;[0];-99.0000
-79.00541735;-2.909884152;[0];-98.5625
-79.00517455;-2.90988372;[0];-98.0000
-79.00493174;-2.909883288;[0];-97.5000
-79.00468894;-2.909882857;[0];-96.9375
-79.00444613;-2.909882425;[0];-96.5000
-79.00420333;-2.909881993;[0];-95.9375
-79.00396053;-2.909881561;[0];-95.3750
-79.00371772;-2.909881129;[0];-94.8125
-79.00347492;-2.909880697;[0];-94.3125
-79.00323211;-2.909880265;[0];-93.7500
-79.00298931;-2.909879833;[0];-93.2500
-79.00274650;-2.909879401;[0];-92.3750
-79.00250370;-2.909878969;[0];-92.0000
-79.00226089;-2.909878537;[0];-91.5000
-79.00201809;-2.909878104;[0];-91.1250
-79.00177529;-2.909877672;[0];-90.7500
-79.00153248;-2.909877239;[0];-90.3750
-79.00128968;-2.909876807;[0];-90.0000
-79.00104687;-2.909876375;[0];-89.7500
-79.00080407;-2.909875942;[0];-89.3750
-79.00056127;-2.909875509;[0];-89.2500
-79.00031846;-2.909875077;[0];-89.0000
-79.00007566;-2.909874644;[0];-88.8125
-78.99983285;-2.909874211;[0];-88.6875
-78.99959005;-2.909873778;[0];-88.5625
-78.99934725;-2.909873345;[0];-88.5625
-78.99910444;-2.909872913;[0];-88.5000
-78.99886164;-2.90987248;[0];-88.4375
-78.99861884;-2.909872047;[0];-88.5000
-78.99837603;-2.909871613;[0];-88.4375
-78.99813323;-2.90987118;[0];-88.5000
-78.99789042;-2.909870747;[0];-88.5625
-78.99764762;-2.909870314;[0];-88.6250
-78.99740482;-2.909869881;[0];-88.6875
-78.99716201;-2.909869447;[0];-88.7500
-78.99691921;-2.909869014;[0];-88.8750
-78.99667641;-2.90986858;[0];-89.0000
-78.99643360;-2.909868147;[0];-89.1250
-78.9961908;-2.909867713;[0];-89.2500
-78.99594800;-2.90986728;[0];-89.4375
-78.99570519;-2.909866846;[0];-89.5625
-78.99546239;-2.909866412;[0];-89.6875
-78.99521959;-2.909865979;[0];-89.8750
-78.99497678;-2.909865545;[0];-90.0000
-78.99473398;-2.909865111;[0];-90.1875
-78.99449118;-2.909864677;[0];-90.4375
-78.99424837;-2.909864243;[0];-90.5625
-78.99400557;-2.909863809;[0];-90.7500
-78.99376277;-2.909863375;[0];-90.8750
-78.99351997;-2.909862941;[0];-91.0625
-78.99327716;-2.909862507;[0];-91.3125
-78.99303436;-2.909862072;[0];-91.4375
-78.99279156;-2.909861638;[0];-91.6250
-78.99254875;-2.909861204;[0];-91.8125
-78.99230595;-2.909860769;[0];-92.0000
-78.99206315;-2.909860335;[0];-92.1875
-78.99182035;-2.9098599;[0];-92.3750
-78.99157754;-2.909859466;[0];-92.5625
-78.99133474;-2.909859031;[0];-92.7500
-78.99109194;-2.909858596;[0];-92.9375
-78.99084914;-2.909858162;[0];-93.1250
-78.99060633;-2.909857727;[0];-93.3125
-78.99036353;-2.909857292;[0];-93.5000
-78.99012073;-2.909856857;[0];-93.6875
-78.98987793;-2.909856422;[0];-93.8125
-78.98963512;-2.909855987;[0];-94.0000
-78.98939232;-2.909855552;[0];-94.1875
-78.98914952;-2.909855117;[0];-94.3750
-78.98890672;-2.909854682;[0];-94.5625
-78.98866391;-2.909854247;[0];-94.7500
-78.98842111;-2.909853812;[0];-94.9375
-78.98817831;-2.909853376;[0];-95.1250
-78.98793551;-2.909852941;[0];-95.2500
-78.98769271;-2.909852506;[0];-95.4375
-78.98744990;-2.90985207;[0];-95.6250
-78.98720710;-2.909851635;[0];-95.8125
-78.9869643;-2.909851199;[0];-96.0000
-78.98672150;-2.909850764;[0];-96.1250
-78.98647870;-2.909850328;[0];-96.3125
-78.98623589;-2.909849892;[0];-96.4375
-78.98599309;-2.909849456;[0];-96.6250
-78.98575029;-2.909849021;[0];-96.7500
-78.98550749;-2.909848585;[0];-96.8750
-78.98526469;-2.909848149;[0];-97.0000
-78.98502189;-2.909847713;[0];-97.1875
-78.98477908;-2.909847277;[0];-97.3750
-78.98453628;-2.909846841;[0];-97.5625
-78.98429348;-2.909846405;[0];-97.7500
-78.98405068;-2.909845968;[0];-97.8750
-78.98380788;-2.909845532;[0];-98.0625
-78.98356508;-2.909845096;[0];-98.1875
-78.98332228;-2.90984466;[0];-98.3750
-78.98307947;-2.909844223;[0];-98.5000
-78.98283667;-2.909843787;[0];-98.6250
-78.98259387;-2.90984335;[0];-98.8125
-78.98235107;-2.909842914;[0];-98.9375
-78.98210827;-2.909842477;[0];-99.0625
-78.98186547;-2.90984204;[0];-99.2500
-78.98162267;-2.909841604;[0];-99.3750
-78.98137987;-2.909841167;[0];-99.5000
-78.98113706;-2.90984073;[0];-99.6250
-78.98089426;-2.909840293;[0];-99.8125
-78.98065146;-2.909839856;[0];-99.9375
-78.98040866;-2.909839419;[0];-100.0625
-78.98016586;-2.909838982;[0];-100.1875
-78.97992306;-2.909838545;[0];-100.3125
-78.97968026;-2.909838108;[0];-100.4375
-78.97943746;-2.909837671;[0];-100.5625
-78.97919466;-2.909837234;[0];-100.6875
-78.97895186;-2.909836797;[0];-100.8750
-78.97870906;-2.909836359;[0];-101.0000
-78.97846625;-2.909835922;[0];-101.1250
-78.97822345;-2.909835484;[0];-101.2500
-78.97798065;-2.909835047;[0];-101.3750
-78.97773785;-2.909834609;[0];-101.5625
-78.97749505;-2.909834172;[0];-101.6875
-78.97725225;-2.909833734;[0];-101.8125
-78.97700945;-2.909833296;[0];-101.9375
-79.00736022;-2.909643481;[0];-101.6875
-79.00711742;-2.90964305;[0];-101.3125
-79.00687461;-2.909642618;[0];-100.8125
-79.00663181;-2.909642187;[0];-100.3125
-79.00638900;-2.909641756;[0];-99.8750
-79.00614620;-2.909641324;[0];-99.5000
-79.00590339;-2.909640893;[0];-99.0625
-79.00566059;-2.909640462;[0];-98.6250
-79.00541778;-2.90964003;[0];-98.1250
-79.00517498;-2.909639598;[0];-97.5625
-79.00493217;-2.909639167;[0];-97.0000
-79.00468937;-2.909638735;[0];-96.5000
-79.00444656;-2.909638303;[0];-95.9375
-79.00420376;-2.909637872;[0];-95.3750
-79.00396095;-2.90963744;[0];-94.8125
-79.00371815;-2.909637008;[0];-94.2500
-79.00347535;-2.909636576;[0];-93.6875
-79.00323254;-2.909636144;[0];-93.1250
-79.00298974;-2.909635712;[0];-92.5000
-79.00274693;-2.90963528;[0];-91.7500
-79.00250413;-2.909634848;[0];-91.2500
-79.00226132;-2.909634415;[0];-90.8125
-79.00201852;-2.909633983;[0];-90.4375
-79.00177572;-2.909633551;[0];-90.0000
-79.00153291;-2.909633118;[0];-89.6250
-79.00129011;-2.909632686;[0];-89.2500
-79.00104730;-2.909632254;[0];-89.0000
-79.0008045;-2.909631821;[0];-88.6875
-79.00056170;-2.909631388;[0];-88.5000
-79.00031889;-2.909630956;[0];-88.3125
-79.00007609;-2.909630523;[0];-88.1250
-78.99983328;-2.90963009;[0];-88.0000
-78.99959048;-2.909629658;[0];-87.9375
-78.99934768;-2.909629225;[0];-87.8750
-78.99910487;-2.909628792;[0];-87.8750
-78.99886207;-2.909628359;[0];-87.8750
-78.99861927;-2.909627926;[0];-87.8125
-78.99837646;-2.909627493;[0];-87.8750
-78.99813366;-2.90962706;[0];-87.9375
-78.99789086;-2.909626627;[0];-88.0000
-78.99764805;-2.909626193;[0];-88.0625
-78.99740525;-2.90962576;[0];-88.1875
-78.99716244;-2.909625327;[0];-88.3125
-78.99691964;-2.909624893;[0];-88.4375
-78.99667684;-2.90962446;[0];-88.5625
-78.99643403;-2.909624027;[0];-88.6875
-78.99619123;-2.909623593;[0];-88.8750
-78.99594843;-2.909623159;[0];-89.0000
-78.99570563;-2.909622726;[0];-89.1250
-78.99546282;-2.909622292;[0];-89.3125
-78.99522002;-2.909621858;[0];-89.5000
-78.99497722;-2.909621425;[0];-89.6875
-78.99473441;-2.909620991;[0];-89.8750
-78.99449161;-2.909620557;[0];-90.0625
-78.99424881;-2.909620123;[0];-90.1875
-78.99400600;-2.909619689;[0];-90.4375
-78.9937632;-2.909619255;[0];-90.6250
-78.99352040;-2.909618821;[0];-90.8125
-78.99327759;-2.909618387;[0];-91.0000
-78.99303479;-2.909617952;[0];-91.1875
-78.99279199;-2.909617518;[0];-91.3750
-78.99254919;-2.909617084;[0];-91.5625
-78.99230638;-2.90961665;[0];-91.7500
-78.99206358;-2.909616215;[0];-91.9375
-78.99182078;-2.909615781;[0];-92.1250
-78.99157798;-2.909615346;[0];-92.3750
-78.99133517;-2.909614912;[0];-92.5625
-78.99109237;-2.909614477;[0];-92.7500
-78.99084957;-2.909614042;[0];-92.9375
-78.99060677;-2.909613608;[0];-93.0625
-78.99036396;-2.909613173;[0];-93.2500
-78.99012116;-2.909612738;[0];-93.4375
-78.98987836;-2.909612303;[0];-93.6250
-78.98963556;-2.909611868;[0];-93.8125
-78.98939275;-2.909611433;[0];-94.0625
-78.98914995;-2.909610998;[0];-94.2500
-78.98890715;-2.909610563;[0];-94.4375
-78.98866435;-2.909610128;[0];-94.6250
-78.98842155;-2.909609693;[0];-94.7500
-78.98817874;-2.909609257;[0];-94.9375
-78.98793594;-2.909608822;[0];-95.1250
-78.98769314;-2.909608387;[0];-95.3125
-78.98745034;-2.909607951;[0];-95.5000
-78.98720754;-2.909607516;[0];-95.6875
-78.98696473;-2.90960708;[0];-95.8125
-78.98672193;-2.909606645;[0];-96.0000
-78.98647913;-2.909606209;[0];-96.1250
-78.98623633;-2.909605773;[0];-96.2500
-78.98599353;-2.909605338;[0];-96.4375
-78.98575072;-2.909604902;[0];-96.6250
-78.98550792;-2.909604466;[0];-96.8125
-78.98526512;-2.90960403;[0];-97.0000
-78.98502232;-2.909603594;[0];-97.1875
-78.98477952;-2.909603158;[0];-97.3125
-78.98453672;-2.909602722;[0];-97.5000
-78.98429391;-2.909602286;[0];-97.6250
-78.98405111;-2.90960185;[0];-97.8125
-78.98380831;-2.909601414;[0];-97.9375
-78.98356551;-2.909600978;[0];-98.1250
-78.98332271;-2.909600541;[0];-98.2500
-78.98307991;-2.909600105;[0];-98.4375
-78.98283711;-2.909599668;[0];-98.5625
-78.98259431;-2.909599232;[0];-98.6875
-78.98235150;-2.909598796;[0];-98.8750
-78.98210870;-2.909598359;[0];-99.0000
-78.98186590;-2.909597922;[0];-99.1250
-78.9816231;-2.909597486;[0];-99.3125
-78.98138030;-2.909597049;[0];-99.4375
-78.98113750;-2.909596612;[0];-99.5625
-78.98089470;-2.909596175;[0];-99.6875
-78.98065190;-2.909595738;[0];-99.8125
-78.98040910;-2.909595302;[0];-100.0000
-78.98016630;-2.909594865;[0];-100.1250
-78.97992349;-2.909594427;[0];-100.2500
-78.97968069;-2.90959399;[0];-100.3750
-78.97943789;-2.909593553;[0];-100.5625
-78.97919509;-2.909593116;[0];-100.6875
-78.97895229;-2.909592679;[0];-100.8125
-78.97870949;-2.909592242;[0];-100.9375
-78.97846669;-2.909591804;[0];-101.1250
-78.97822389;-2.909591367;[0];-101.2500
-78.97798109;-2.909590929;[0];-101.3750
-78.97773829;-2.909590492;[0];-101.5000
-78.97749549;-2.909590054;[0];-101.6250
-78.97725269;-2.909589617;[0];-101.7500
-78.97700989;-2.909589179;[0];-101.8750
-78.97676709;-2.909588741;[0];-102.0000
-79.00760345;-2.90939979;[0];-101.8125
-79.00736065;-2.909399359;[0];-101.3125
-79.00711784;-2.909398928;[0];-101.0000
-79.00687504;-2.909398497;[0];-100.5000
-79.00663223;-2.909398065;[0];-100.0000
-79.00638943;-2.909397634;[0];-99.5625
-79.00614663;-2.909397203;[0];-99.1250
-79.00590382;-2.909396771;[0];-98.6250
-79.00566102;-2.90939634;[0];-98.1875
-79.00541821;-2.909395908;[0];-97.6875
-79.00517541;-2.909395477;[0];-97.1250
-79.00493260;-2.909395045;[0];-96.5000
-79.00468980;-2.909394614;[0];-96.0000
-79.00444699;-2.909394182;[0];-95.4375
-79.00420419;-2.90939375;[0];-94.8125
-79.00396138;-2.909393318;[0];-94.2500
-79.00371858;-2.909392886;[0];-93.6250
-79.00347578;-2.909392455;[0];-93.0625
-79.00323297;-2.909392023;[0];-92.5000
-79.00299017;-2.909391591;[0];-91.6250
-79.00274736;-2.909391158;[0];-91.0625
-79.00250456;-2.909390726;[0];-90.5625
-79.00226175;-2.909390294;[0];-90.1250
-79.00201895;-2.909389862;[0];-89.6875
-79.00177615;-2.90938943;[0];-89.2500
-79.00153334;-2.909388997;[0];-88.8750
-79.00129054;-2.909388565;[0];-88.5625
-79.00104773;-2.909388132;[0];-88.1875
-79.00080493;-2.9093877;[0];-88.0000
-79.00056213;-2.909387267;[0];-87.7500
-79.00031932;-2.909386835;[0];-87.5625
-79.00007652;-2.909386402;[0];-87.4375
-78.99983372;-2.90938597;[0];-87.3125
-78.99959091;-2.909385537;[0];-87.2500
-78.99934811;-2.909385104;[0];-87.2500
-78.99910530;-2.909384671;[0];-87.1875
-78.9988625;-2.909384238;[0];-87.1875
-78.99861970;-2.909383805;[0];-87.2500
-78.99837689;-2.909383372;[0];-87.3125
-78.99813409;-2.909382939;[0];-87.3750
-78.99789129;-2.909382506;[0];-87.4375
-78.99764848;-2.909382073;[0];-87.5625
-78.99740568;-2.90938164;[0];-87.6875
-78.99716288;-2.909381206;[0];-87.8125
-78.99692007;-2.909380773;[0];-87.9375
-78.99667727;-2.90938034;[0];-88.1250
-78.99643447;-2.909379906;[0];-88.2500
-78.99619166;-2.909379473;[0];-88.4375
-78.99594886;-2.909379039;[0];-88.5625
-78.99570606;-2.909378606;[0];-88.7500
-78.99546325;-2.909378172;[0];-89.0000
-78.99522045;-2.909377738;[0];-89.1875
-78.99497765;-2.909377305;[0];-89.3750
-78.99473484;-2.909376871;[0];-89.5000
-78.99449204;-2.909376437;[0];-89.6875
-78.99424924;-2.909376003;[0];-89.9375
-78.99400644;-2.909375569;[0];-90.1250
-78.99376363;-2.909375135;[0];-90.3125
-78.99352083;-2.909374701;[0];-90.5000
-78.99327803;-2.909374267;[0];-90.7500
-78.99303522;-2.909373833;[0];-90.9375
-78.99279242;-2.909373398;[0];-91.1250
-78.99254962;-2.909372964;[0];-91.3125
-78.99230682;-2.90937253;[0];-91.5625
-78.99206401;-2.909372095;[0];-91.7500
-78.99182121;-2.909371661;[0];-91.9375
-78.99157841;-2.909371227;[0];-92.1250
-78.99133561;-2.909370792;[0];-92.3125
-78.99109280;-2.909370357;[0];-92.5000
-78.99085;-2.909369923;[0];-92.6875
-78.99060720;-2.909369488;[0];-92.8750
-78.99036440;-2.909369053;[0];-93.0625
-78.99012159;-2.909368619;[0];-93.3125
-78.98987879;-2.909368184;[0];-93.5000
-78.98963599;-2.909367749;[0];-93.6875
-78.98939319;-2.909367314;[0];-93.8750
-78.98915038;-2.909366879;[0];-94.0625
-78.98890758;-2.909366444;[0];-94.2500
-78.98866478;-2.909366009;[0];-94.4375
-78.98842198;-2.909365573;[0];-94.6250
-78.98817918;-2.909365138;[0];-94.8125
-78.98793637;-2.909364703;[0];-95.0000
-78.98769357;-2.909364268;[0];-95.1875
-78.98745077;-2.909363832;[0];-95.3125
-78.98720797;-2.909363397;[0];-95.5000
-78.98696517;-2.909362961;[0];-95.6250
-78.98672236;-2.909362526;[0];-95.8125
-78.98647956;-2.90936209;[0];-96.0000
-78.98623676;-2.909361655;[0];-96.1875
-78.98599396;-2.909361219;[0];-96.3750
-78.98575116;-2.909360783;[0];-96.5625
-78.98550836;-2.909360347;[0];-96.7500
-78.98526555;-2.909359912;[0];-96.8750
-78.98502275;-2.909359476;[0];-97.0625
-78.98477995;-2.90935904;[0];-97.2500
-78.98453715;-2.909358604;[0];-97.3750
-78.98429435;-2.909358168;[0];-97.5625
-78.98405155;-2.909357732;[0];-97.6875
-78.98380875;-2.909357295;[0];-97.8750
-78.98356594;-2.909356859;[0];-98.0000
-78.98332314;-2.909356423;[0];-98.1875
-78.98308034;-2.909355987;[0];-98.3125
-78.98283754;-2.90935555;[0];-98.4375
-78.98259474;-2.909355114;[0];-98.6250
-78.98235194;-2.909354677;[0];-98.7500
-78.98210914;-2.909354241;[0];-98.9375
-78.98186634;-2.909353804;[0];-99.0625
-78.98162354;-2.909353368;[0];-99.1875
-78.98138073;-2.909352931;[0];-99.3125
-78.98113793;-2.909352494;[0];-99.5000
-78.98089513;-2.909352057;[0];-99.6250
-78.98065233;-2.90935162;[0];-99.8125
-78.98040953;-2.909351184;[0];-99.9375
-78.98016673;-2.909350747;[0];-100.0625
-78.97992393;-2.90935031;[0];-100.2500
-78.97968113;-2.909349873;[0];-100.3750
-78.97943833;-2.909349435;[0];-100.5000
-78.97919553;-2.909348998;[0];-100.6875
-78.97895273;-2.909348561;[0];-100.8125
-78.97870993;-2.909348124;[0];-100.9375
-78.97846712;-2.909347687;[0];-101.0625
-78.97822432;-2.909347249;[0];-101.1875
-78.97798152;-2.909346812;[0];-101.3125
-78.97773872;-2.909346374;[0];-101.4375
-78.97749592;-2.909345937;[0];-101.5625
-78.97725312;-2.909345499;[0];-101.6875
-78.97701032;-2.909345062;[0];-101.8125
-78.97676752;-2.909344624;[0];-101.9375
-79.00784669;-2.909156099;[0];-102.0000
-79.00760388;-2.909155668;[0];-101.5000
-79.00736108;-2.909155237;[0];-101.0625
-79.00711827;-2.909154806;[0];-100.6250
-79.00687547;-2.909154375;[0];-100.1875
-79.00663266;-2.909153943;[0];-99.6875
-79.00638986;-2.909153512;[0];-99.1250
-79.00614705;-2.909153081;[0];-98.6250
-79.00590425;-2.90915265;[0];-98.1875
-79.00566145;-2.909152218;[0];-97.6875
-79.00541864;-2.909151787;[0];-97.2500
-79.00517584;-2.909151355;[0];-96.6250
-79.00493303;-2.909150924;[0];-96.0625
-79.00469023;-2.909150492;[0];-95.4375
-79.00444742;-2.90915006;[0];-94.8750
-79.00420462;-2.909149629;[0];-94.2500
-79.00396181;-2.909149197;[0];-93.6250
-79.00371901;-2.909148765;[0];-93.0000
-79.00347621;-2.909148333;[0];-92.3750
-79.00323340;-2.909147901;[0];-91.8125
-79.00299060;-2.909147469;[0];-90.8125
-79.00274779;-2.909147037;[0];-90.3125
-79.00250499;-2.909146605;[0];-89.7500
-79.00226218;-2.909146173;[0];-89.3750
-79.00201938;-2.909145741;[0];-88.8750
-79.00177658;-2.909145309;[0];-88.4375
-79.00153377;-2.909144876;[0];-88.0625
-79.00129097;-2.909144444;[0];-87.7500
-79.00104816;-2.909144011;[0];-87.5000
-79.00080536;-2.909143579;[0];-87.1875
-79.00056256;-2.909143147;[0];-87.0000
-79.00031975;-2.909142714;[0];-86.8750
-79.00007695;-2.909142281;[0];-86.6875
-78.99983415;-2.909141849;[0];-86.6250
-78.99959134;-2.909141416;[0];-86.6250
-78.99934854;-2.909140983;[0];-86.5625
-78.99910573;-2.90914055;[0];-86.5625
-78.99886293;-2.909140117;[0];-86.5625
-78.99862013;-2.909139685;[0];-86.6250
-78.99837732;-2.909139252;[0];-86.7500
-78.99813452;-2.909138819;[0];-86.7500
-78.99789172;-2.909138385;[0];-86.8750
-78.99764891;-2.909137952;[0];-87.0625
-78.99740611;-2.909137519;[0];-87.1875
-78.99716331;-2.909137086;[0];-87.3125
-78.99692050;-2.909136653;[0];-87.5000
-78.9966777;-2.909136219;[0];-87.6250
-78.99643490;-2.909135786;[0];-87.8125
-78.99619209;-2.909135352;[0];-88.0000
-78.99594929;-2.909134919;[0];-88.1875
-78.99570649;-2.909134485;[0];-88.4375
-78.99546368;-2.909134052;[0];-88.6250
-78.99522088;-2.909133618;[0];-88.8125
-78.99497808;-2.909133184;[0];-89.0000
-78.99473528;-2.909132751;[0];-89.2500
-78.99449247;-2.909132317;[0];-89.4375
-78.99424967;-2.909131883;[0];-89.6250
-78.99400687;-2.909131449;[0];-89.8125
-78.99376406;-2.909131015;[0];-90.0625
-78.99352126;-2.909130581;[0];-90.2500
-78.99327846;-2.909130147;[0];-90.4375
-78.99303566;-2.909129713;[0];-90.6875
-78.99279285;-2.909129279;[0];-90.8750
-78.99255005;-2.909128844;[0];-91.1250
-78.99230725;-2.90912841;[0];-91.3125
-78.99206445;-2.909127976;[0];-91.5000
-78.99182164;-2.909127541;[0];-91.6875
-78.99157884;-2.909127107;[0];-91.8750
-78.99133604;-2.909126672;[0];-92.1250
-78.99109324;-2.909126238;[0];-92.3125
-78.99085043;-2.909125803;[0];-92.5000
-78.99060763;-2.909125369;[0];-92.7500
-78.99036483;-2.909124934;[0];-92.9375
-78.99012203;-2.909124499;[0];-93.1250
-78.98987922;-2.909124064;[0];-93.3125
-78.98963642;-2.909123629;[0];-93.5625
-78.98939362;-2.909123195;[0];-93.7500
-78.98915082;-2.90912276;[0];-93.9375
-78.98890802;-2.909122325;[0];-94.1250
-78.98866521;-2.909121889;[0];-94.3125
-78.98842241;-2.909121454;[0];-94.5000
-78.98817961;-2.909121019;[0];-94.6250
-78.98793681;-2.909120584;[0];-94.8125
-78.98769401;-2.909120149;[0];-94.9375
-78.98745120;-2.909119713;[0];-95.1250
-78.98720840;-2.909119278;[0];-95.3750
-78.98696560;-2.909118842;[0];-95.5625
-78.98672280;-2.909118407;[0];-95.7500
-78.98648000;-2.909117971;[0];-95.9375
-78.98623719;-2.909117536;[0];-96.1250
-78.98599439;-2.9091171;[0];-96.3125
-78.98575159;-2.909116664;[0];-96.4375
-78.98550879;-2.909116229;[0];-96.6250
-78.98526599;-2.909115793;[0];-96.8125
-78.98502319;-2.909115357;[0];-96.9375
-78.98478039;-2.909114921;[0];-97.1250
-78.98453758;-2.909114485;[0];-97.3125
-78.98429478;-2.909114049;[0];-97.4375
-78.98405198;-2.909113613;[0];-97.6250
-78.98380918;-2.909113177;[0];-97.7500
-78.98356638;-2.909112741;[0];-97.9375
-78.98332358;-2.909112305;[0];-98.0625
-78.98308078;-2.909111868;[0];-98.2500
-78.98283797;-2.909111432;[0];-98.3750
-78.98259517;-2.909110996;[0];-98.5000
-78.98235237;-2.909110559;[0];-98.6875
-78.98210957;-2.909110123;[0];-98.8125
-78.98186677;-2.909109686;[0];-99.0000
-78.98162397;-2.909109249;[0];-99.1250
-78.98138117;-2.909108813;[0];-99.3125
-78.98113837;-2.909108376;[0];-99.4375
-78.98089557;-2.909107939;[0];-99.6250
-78.98065277;-2.909107503;[0];-99.7500
-78.98040997;-2.909107066;[0];-99.9375
-78.98016716;-2.909106629;[0];-100.0625
-78.97992436;-2.909106192;[0];-100.1875
-78.97968156;-2.909105755;[0];-100.3125
-78.97943876;-2.909105318;[0];-100.4375
-78.97919596;-2.909104881;[0];-100.5625
-78.97895316;-2.909104443;[0];-100.7500
-78.97871036;-2.909104006;[0];-100.8750
-78.97846756;-2.909103569;[0];-101.0000
-78.97822476;-2.909103132;[0];-101.1250
-78.97798196;-2.909102694;[0];-101.2500
-78.97773916;-2.909102257;[0];-101.3750
-78.97749636;-2.909101819;[0];-101.5000
-78.97725356;-2.909101382;[0];-101.6250
-78.97701076;-2.909100944;[0];-101.7500
-78.97676796;-2.909100507;[0];-101.8750
-78.97652516;-2.909100069;[0];-102.0000
-79.00784712;-2.908911977;[0];-101.6875
-79.00760431;-2.908911546;[0];-101.2500
-79.00736151;-2.908911115;[0];-100.7500
-79.00711870;-2.908910684;[0];-100.2500
-79.00687590;-2.908910253;[0];-99.8750
-79.00663309;-2.908909822;[0];-99.3750
-79.00639029;-2.90890939;[0];-98.7500
-79.00614748;-2.908908959;[0];-98.3125
-79.00590468;-2.908908528;[0];-97.8125
-79.00566187;-2.908908096;[0];-97.3125
-79.00541907;-2.908907665;[0];-96.7500
-79.00517627;-2.908907234;[0];-96.1875
-79.00493346;-2.908906802;[0];-95.5625
-79.00469066;-2.90890637;[0];-94.9375
-79.00444785;-2.908905939;[0];-94.3125
-79.00420505;-2.908905507;[0];-93.6250
-79.00396224;-2.908905075;[0];-93.0000
-79.00371944;-2.908904644;[0];-92.3125
-79.00347663;-2.908904212;[0];-91.6875
-79.00323383;-2.90890378;[0];-91.0625
-79.00299103;-2.908903348;[0];-90.0625
-79.00274822;-2.908902916;[0];-89.5625
-79.00250542;-2.908902484;[0];-89.0000
-79.00226261;-2.908902052;[0];-88.5625
-79.00201981;-2.90890162;[0];-88.0625
-79.00177701;-2.908901187;[0];-87.6250
-79.00153420;-2.908900755;[0];-87.3125
-79.00129140;-2.908900323;[0];-86.8750
-79.00104859;-2.90889989;[0];-86.6875
-79.00080579;-2.908899458;[0];-86.3750
-79.00056299;-2.908899026;[0];-86.2500
-79.00032018;-2.908898593;[0];-86.0625
-79.00007738;-2.90889816;[0];-86.0000
-78.99983458;-2.908897728;[0];-85.9375
-78.99959177;-2.908897295;[0];-85.9375
-78.99934897;-2.908896862;[0];-85.8750
-78.99910617;-2.90889643;[0];-85.8750
-78.99886336;-2.908895997;[0];-85.9375
-78.99862056;-2.908895564;[0];-86.0000
-78.99837775;-2.908895131;[0];-86.0625
-78.99813495;-2.908894698;[0];-86.1875
-78.99789215;-2.908894265;[0];-86.3750
-78.99764934;-2.908893832;[0];-86.5000
-78.99740654;-2.908893399;[0];-86.6875
-78.99716374;-2.908892965;[0];-86.8750
-78.99692093;-2.908892532;[0];-87.0000
-78.99667813;-2.908892099;[0];-87.1875
-78.99643533;-2.908891666;[0];-87.3750
-78.99619253;-2.908891232;[0];-87.6250
-78.99594972;-2.908890799;[0];-87.8125
-78.99570692;-2.908890365;[0];-88.0000
-78.99546412;-2.908889932;[0];-88.1875
-78.99522131;-2.908889498;[0];-88.4375
-78.99497851;-2.908889064;[0];-88.6875
-78.99473571;-2.908888631;[0];-88.8750
-78.99449290;-2.908888197;[0];-89.1250
-78.99425010;-2.908887763;[0];-89.3750
-78.99400730;-2.908887329;[0];-89.5625
-78.99376450;-2.908886895;[0];-89.7500
-78.99352169;-2.908886461;[0];-90.0000
-78.99327889;-2.908886027;[0];-90.2500
-78.99303609;-2.908885593;[0];-90.4375
-78.99279329;-2.908885159;[0];-90.6875
-78.99255048;-2.908884725;[0];-90.8750
-78.99230768;-2.90888429;[0];-91.0625
-78.99206488;-2.908883856;[0];-91.2500
-78.99182207;-2.908883422;[0];-91.5000
-78.99157927;-2.908882987;[0];-91.6875
-78.99133647;-2.908882553;[0];-91.9375
-78.99109367;-2.908882118;[0];-92.1250
-78.99085087;-2.908881684;[0];-92.3750
-78.99060806;-2.908881249;[0];-92.5625
-78.99036526;-2.908880814;[0];-92.7500
-78.99012246;-2.90888038;[0];-93.0000
-78.98987966;-2.908879945;[0];-93.1875
-78.98963685;-2.90887951;[0];-93.3750
-78.98939405;-2.908879075;[0];-93.5625
-78.98915125;-2.90887864;[0];-93.7500
-78.98890845;-2.908878205;[0];-93.9375
-78.98866565;-2.90887777;[0];-94.1250
-78.98842284;-2.908877335;[0];-94.2500
-78.98818004;-2.9088769;[0];-94.5000
-78.98793724;-2.908876465;[0];-94.6875
-78.98769444;-2.90887603;[0];-94.8750
-78.98745164;-2.908875594;[0];-95.1250
-78.98720883;-2.908875159;[0];-95.3125
-78.98696603;-2.908874724;[0];-95.5000
-78.98672323;-2.908874288;[0];-95.6875
-78.98648043;-2.908873853;[0];-95.8125
-78.98623763;-2.908873417;[0];-96.0000
-78.98599483;-2.908872981;[0];-96.1875
-78.98575202;-2.908872546;[0];-96.3750
-78.98550922;-2.90887211;[0];-96.5000
-78.98526642;-2.908871674;[0];-96.6875
-78.98502362;-2.908871238;[0];-96.8750
-78.98478082;-2.908870803;[0];-97.0000
-78.98453802;-2.908870367;[0];-97.1875
-78.98429522;-2.908869931;[0];-97.3750
-78.98405241;-2.908869495;[0];-97.5000
-78.98380961;-2.908869058;[0];-97.6875
-78.98356681;-2.908868622;[0];-97.8125
-78.98332401;-2.908868186;[0];-98.0000
-78.98308121;-2.90886775;[0];-98.1250
-78.98283841;-2.908867314;[0];-98.3125
-78.98259561;-2.908866877;[0];-98.5000
-78.98235281;-2.908866441;[0];-98.6250
-78.98211001;-2.908866004;[0];-98.8125
-78.98186720;-2.908865568;[0];-98.9375
-78.98162440;-2.908865131;[0];-99.1250
-78.98138160;-2.908864695;[0];-99.2500
-78.98113880;-2.908864258;[0];-99.4375
-78.98089600;-2.908863821;[0];-99.5625
-78.9806532;-2.908863385;[0];-99.6875
-78.98041040;-2.908862948;[0];-99.8125
-78.98016760;-2.908862511;[0];-100.0000
-78.97992480;-2.908862074;[0];-100.1250
-78.97968200;-2.908861637;[0];-100.2500
-78.97943920;-2.9088612;[0];-100.3750
-78.97919640;-2.908860763;[0];-100.5000
-78.97895360;-2.908860326;[0];-100.6250
-78.97871080;-2.908859889;[0];-100.7500
-78.97846799;-2.908859451;[0];-100.9375
-78.97822519;-2.908859014;[0];-101.0625
-78.97798239;-2.908858577;[0];-101.1875
-78.97773959;-2.908858139;[0];-101.3125
-78.97749679;-2.908857702;[0];-101.4375
-78.97725399;-2.908857264;[0];-101.5625
-78.97701119;-2.908856827;[0];-101.6875
-78.97676839;-2.908856389;[0];-101.8125
-78.97652559;-2.908855951;[0];-101.9375
-79.00784754;-2.908667855;[0];-101.5625
-79.00760474;-2.908667424;[0];-100.9375
-79.00736194;-2.908666993;[0];-100.4375
-79.00711913;-2.908666562;[0];-100.0000
-79.00687633;-2.908666131;[0];-99.5000
-79.00663352;-2.9086657;[0];-99.0000
-79.00639072;-2.908665269;[0];-98.4375
-79.00614791;-2.908664837;[0];-97.8750
-79.00590511;-2.908664406;[0];-97.3750
-79.00566230;-2.908663975;[0];-96.8750
-79.00541950;-2.908663543;[0];-96.3125
-79.00517669;-2.908663112;[0];-95.7500
-79.00493389;-2.90866268;[0];-95.0625
-79.00469109;-2.908662249;[0];-94.4375
-79.00444828;-2.908661817;[0];-93.8125
-79.00420548;-2.908661386;[0];-93.1250
-79.00396267;-2.908660954;[0];-92.4375
-79.00371987;-2.908660522;[0];-91.6875
-79.00347706;-2.90866009;[0];-91.0000
-79.00323426;-2.908659658;[0];-90.3125
-79.00299146;-2.908659227;[0];-89.3750
-79.00274865;-2.908658795;[0];-88.7500
-79.00250585;-2.908658363;[0];-88.2500
-79.00226304;-2.908657931;[0];-87.6875
-79.00202024;-2.908657498;[0];-87.1875
-79.00177744;-2.908657066;[0];-86.7500
-79.00153463;-2.908656634;[0];-86.3750
-79.00129183;-2.908656202;[0];-86.1250
-79.00104902;-2.908655769;[0];-85.8125
-79.00080622;-2.908655337;[0];-85.6250
-79.00056342;-2.908654905;[0];-85.4375
-79.00032061;-2.908654472;[0];-85.3125
-79.00007781;-2.90865404;[0];-85.2500
-78.99983501;-2.908653607;[0];-85.1875
-78.99959220;-2.908653174;[0];-85.1875
-78.99934940;-2.908652742;[0];-85.1875
-78.99910660;-2.908652309;[0];-85.2500
-78.99886379;-2.908651876;[0];-85.3125
-78.99862099;-2.908651443;[0];-85.3750
-78.99837819;-2.90865101;[0];-85.5000
-78.99813538;-2.908650577;[0];-85.6875
-78.99789258;-2.908650144;[0];-85.8125
-78.99764978;-2.908649711;[0];-86.0000
-78.99740697;-2.908649278;[0];-86.1875
-78.99716417;-2.908648845;[0];-86.3750
-78.99692137;-2.908648412;[0];-86.5625
-78.99667856;-2.908647979;[0];-86.8125
-78.99643576;-2.908647545;[0];-87.0000
-78.99619296;-2.908647112;[0];-87.1875
-78.99595015;-2.908646678;[0];-87.4375
-78.99570735;-2.908646245;[0];-87.6875
-78.99546455;-2.908645811;[0];-87.8750
-78.99522174;-2.908645378;[0];-88.1250
-78.99497894;-2.908644944;[0];-88.3750
-78.99473614;-2.90864451;[0];-88.6250
-78.99449334;-2.908644077;[0];-88.8125
-78.99425053;-2.908643643;[0];-89.0000
-78.99400773;-2.908643209;[0];-89.2500
-78.99376493;-2.908642775;[0];-89.5000
-78.99352212;-2.908642341;[0];-89.7500
-78.99327932;-2.908641907;[0];-90.0000
-78.99303652;-2.908641473;[0];-90.1875
-78.99279372;-2.908641039;[0];-90.3750
-78.99255091;-2.908640605;[0];-90.6250
-78.99230811;-2.908640171;[0];-90.8750
-78.99206531;-2.908639736;[0];-91.0625
-78.99182251;-2.908639302;[0];-91.3125
-78.99157970;-2.908638868;[0];-91.5000
-78.99133690;-2.908638433;[0];-91.7500
-78.99109410;-2.908637999;[0];-92.0000
-78.99085130;-2.908637564;[0];-92.1875
-78.99060850;-2.90863713;[0];-92.3750
-78.99036569;-2.908636695;[0];-92.6250
-78.99012289;-2.90863626;[0];-92.8125
-78.98988009;-2.908635826;[0];-93.0000
-78.98963729;-2.908635391;[0];-93.1875
-78.98939448;-2.908634956;[0];-93.3750
-78.98915168;-2.908634521;[0];-93.5625
-78.98890888;-2.908634086;[0];-93.7500
-78.98866608;-2.908633651;[0];-94.0000
-78.98842328;-2.908633216;[0];-94.1875
-78.98818047;-2.908632781;[0];-94.4375
-78.98793767;-2.908632346;[0];-94.6250
-78.98769487;-2.908631911;[0];-94.8125
-78.98745207;-2.908631475;[0];-95.0000
-78.98720927;-2.90863104;[0];-95.1875
-78.98696647;-2.908630605;[0];-95.3750
-78.98672366;-2.908630169;[0];-95.5625
-78.98648086;-2.908629734;[0];-95.7500
-78.98623806;-2.908629298;[0];-95.8750
-78.98599526;-2.908628863;[0];-96.0625
-78.98575246;-2.908628427;[0];-96.2500
-78.98550966;-2.908627991;[0];-96.4375
-78.98526686;-2.908627556;[0];-96.5625
-78.98502405;-2.90862712;[0];-96.7500
-78.98478125;-2.908626684;[0];-96.9375
-78.98453845;-2.908626248;[0];-97.0625
-78.98429565;-2.908625812;[0];-97.2500
-78.98405285;-2.908625376;[0];-97.4375
-78.98381005;-2.90862494;[0];-97.6250
-78.98356725;-2.908624504;[0];-97.7500
-78.98332444;-2.908624068;[0];-97.9375
-78.98308164;-2.908623632;[0];-98.1250
-78.98283884;-2.908623195;[0];-98.2500
-78.98259604;-2.908622759;[0];-98.4375
-78.98235324;-2.908622323;[0];-98.6250
-78.98211044;-2.908621886;[0];-98.7500
-78.98186764;-2.90862145;[0];-98.8750
-78.98162484;-2.908621013;[0];-99.0625
-78.98138204;-2.908620577;[0];-99.1875
-78.98113924;-2.90862014;[0];-99.3125
-78.98089644;-2.908619703;[0];-99.5000
-78.98065363;-2.908619267;[0];-99.6250
-78.98041083;-2.90861883;[0];-99.7500
-78.98016803;-2.908618393;[0];-99.8750
-78.97992523;-2.908617956;[0];-100.0625
-78.97968243;-2.908617519;[0];-100.1875
-78.97943963;-2.908617082;[0];-100.3125
-78.97919683;-2.908616645;[0];-100.4375
-78.97895403;-2.908616208;[0];-100.5625
-78.97871123;-2.908615771;[0];-100.6875
-78.97846843;-2.908615334;[0];-100.8125
-78.97822563;-2.908614896;[0];-101.0000
-78.97798283;-2.908614459;[0];-101.1250
-78.97774003;-2.908614022;[0];-101.2500
-78.97749723;-2.908613584;[0];-101.3750
-78.97725443;-2.908613147;[0];-101.5000
-78.97701163;-2.908612709;[0];-101.6250
-78.97676883;-2.908612272;[0];-101.7500
-78.97652603;-2.908611834;[0];-101.9375
-79.00809078;-2.908424164;[0];-101.8750
-79.00784797;-2.908423733;[0];-101.3750
-79.00760517;-2.908423302;[0];-100.7500
-79.00736236;-2.908422871;[0];-100.1875
-79.00711956;-2.90842244;[0];-99.6250
-79.00687675;-2.908422009;[0];-99.1250
-79.00663395;-2.908421578;[0];-98.6250
-79.00639115;-2.908421147;[0];-98.1250
-79.00614834;-2.908420716;[0];-97.5000
-79.00590554;-2.908420284;[0];-96.9375
-79.00566273;-2.908419853;[0];-96.4375
-79.00541993;-2.908419422;[0];-95.8750
-79.00517712;-2.90841899;[0];-95.3125
-79.00493432;-2.908418559;[0];-94.6250
-79.00469151;-2.908418127;[0];-93.9375
-79.00444871;-2.908417696;[0];-93.2500
-79.00420591;-2.908417264;[0];-92.5000
-79.00396310;-2.908416832;[0];-91.8125
-79.00372030;-2.908416401;[0];-91.0625
-79.00347749;-2.908415969;[0];-90.3125
-79.00323469;-2.908415537;[0];-89.3750
-79.00299189;-2.908415105;[0];-88.6250
-79.00274908;-2.908414673;[0];-87.9375
-79.00250628;-2.908414241;[0];-87.3750
-79.00226347;-2.908413809;[0];-86.8125
-79.00202067;-2.908413377;[0];-86.3125
-79.00177787;-2.908412945;[0];-85.9375
-79.00153506;-2.908412513;[0];-85.5000
-79.00129226;-2.908412081;[0];-85.1875
-79.00104945;-2.908411648;[0];-84.9375
-79.00080665;-2.908411216;[0];-84.7500
-79.00056385;-2.908410784;[0];-84.6250
-79.00032104;-2.908410351;[0];-84.5625
-79.00007824;-2.908409919;[0];-84.5000
-78.99983544;-2.908409486;[0];-84.4375
-78.99959263;-2.908409054;[0];-84.4375
-78.99934983;-2.908408621;[0];-84.5000
-78.99910703;-2.908408188;[0];-84.5625
-78.99886422;-2.908407755;[0];-84.6250
-78.99862142;-2.908407323;[0];-84.8125
-78.99837862;-2.90840689;[0];-84.9375
-78.99813581;-2.908406457;[0];-85.1250
-78.99789301;-2.908406024;[0];-85.3125
-78.99765021;-2.908405591;[0];-85.5000
-78.99740740;-2.908405158;[0];-85.6875
-78.99716460;-2.908404725;[0];-85.8750
-78.99692180;-2.908404291;[0];-86.1875
-78.99667899;-2.908403858;[0];-86.3750
-78.99643619;-2.908403425;[0];-86.5625
-78.99619339;-2.908402992;[0];-86.8125
-78.99595058;-2.908402558;[0];-87.0625
-78.99570778;-2.908402125;[0];-87.3125
-78.99546498;-2.908401691;[0];-87.5625
-78.99522218;-2.908401258;[0];-87.8125
-78.99497937;-2.908400824;[0];-88.0000
-78.99473657;-2.90840039;[0];-88.2500
-78.99449377;-2.908399957;[0];-88.5000
-78.99425096;-2.908399523;[0];-88.8125
-78.99400816;-2.908399089;[0];-89.0625
-78.99376536;-2.908398655;[0];-89.2500
-78.99352256;-2.908398221;[0];-89.4375
-78.99327975;-2.908397787;[0];-89.6875
-78.99303695;-2.908397353;[0];-89.9375
-78.99279415;-2.908396919;[0];-90.1875
-78.99255135;-2.908396485;[0];-90.4375
-78.99230854;-2.908396051;[0];-90.6875
-78.99206574;-2.908395617;[0];-90.8750
-78.99182294;-2.908395182;[0];-91.1250
-78.99158014;-2.908394748;[0];-91.3750
-78.99133733;-2.908394314;[0];-91.5625
-78.99109453;-2.908393879;[0];-91.8125
-78.99085173;-2.908393445;[0];-92.0000
-78.99060893;-2.90839301;[0];-92.1875
-78.99036613;-2.908392576;[0];-92.3750
-78.99012332;-2.908392141;[0];-92.5625
-78.98988052;-2.908391706;[0];-92.8125
-78.98963772;-2.908391272;[0];-93.0000
-78.98939492;-2.908390837;[0];-93.2500
-78.98915212;-2.908390402;[0];-93.5000
-78.98890931;-2.908389967;[0];-93.6875
-78.98866651;-2.908389532;[0];-93.8750
-78.98842371;-2.908389097;[0];-94.1250
-78.98818091;-2.908388662;[0];-94.3125
-78.98793811;-2.908388227;[0];-94.5000
-78.98769530;-2.908387792;[0];-94.6875
-78.98745250;-2.908387356;[0];-94.8750
-78.9872097;-2.908386921;[0];-95.0625
-78.98696690;-2.908386486;[0];-95.2500
-78.98672410;-2.90838605;[0];-95.4375
-78.98648130;-2.908385615;[0];-95.6250
-78.98623849;-2.908385179;[0];-95.8125
-78.98599569;-2.908384744;[0];-95.9375
-78.98575289;-2.908384308;[0];-96.1250
-78.98551009;-2.908383873;[0];-96.3125
-78.98526729;-2.908383437;[0];-96.5000
-78.98502449;-2.908383001;[0];-96.6875
-78.98478169;-2.908382565;[0];-96.8750
-78.98453888;-2.90838213;[0];-97.0625
-78.98429608;-2.908381694;[0];-97.1875
-78.98405328;-2.908381258;[0];-97.3750
-78.98381048;-2.908380822;[0];-97.5625
-78.98356768;-2.908380386;[0];-97.7500
-78.98332488;-2.908379949;[0];-97.8750
-78.98308208;-2.908379513;[0];-98.0625
-78.98283928;-2.908379077;[0];-98.1875
-78.98259648;-2.908378641;[0];-98.3750
-78.98235367;-2.908378204;[0];-98.5000
-78.98211087;-2.908377768;[0];-98.6875
-78.98186807;-2.908377332;[0];-98.8125
-78.98162527;-2.908376895;[0];-98.9375
-78.98138247;-2.908376459;[0];-99.1250
-78.98113967;-2.908376022;[0];-99.2500
-78.98089687;-2.908375585;[0];-99.3750
-78.98065407;-2.908375149;[0];-99.5625
-78.98041127;-2.908374712;[0];-99.6875
-78.98016847;-2.908374275;[0];-99.8125
-78.97992567;-2.908373838;[0];-99.9375
-78.97968287;-2.908373401;[0];-100.1250
-78.97944007;-2.908372964;[0];-100.2500
-78.97919727;-2.908372527;[0];-100.3750
-78.97895447;-2.90837209;[0];-100.5000
-78.97871166;-2.908371653;[0];-100.6875
-78.97846886;-2.908371216;[0];-100.8125
-78.97822606;-2.908370779;[0];-100.9375
-78.97798326;-2.908370342;[0];-101.0625
-78.97774046;-2.908369904;[0];-101.2500
-78.97749766;-2.908369467;[0];-101.3750
-78.97725486;-2.908369029;[0];-101.5000
-78.97701206;-2.908368592;[0];-101.6250
-78.97676926;-2.908368154;[0];-101.7500
-78.97652646;-2.908367717;[0];-101.8750
-78.97628366;-2.908367279;[0];-102.0000
-79.00809121;-2.908180042;[0];-101.7500
-79.00784840;-2.908179611;[0];-101.1250
-79.00760560;-2.90817918;[0];-100.5625
-79.00736279;-2.908178749;[0];-99.9375
-79.00711999;-2.908178318;[0];-99.3125
-79.00687718;-2.908177887;[0];-98.8125
-79.00663438;-2.908177456;[0];-98.2500
-79.00639157;-2.908177025;[0];-97.8125
-79.00614877;-2.908176594;[0];-97.1875
-79.00590597;-2.908176163;[0];-96.6250
-79.00566316;-2.908175731;[0];-96.0625
-79.00542036;-2.9081753;[0];-95.5000
-79.00517755;-2.908174869;[0];-94.8750
-79.00493475;-2.908174437;[0];-94.1875
-79.00469194;-2.908174006;[0];-93.4375
-79.00444914;-2.908173574;[0];-92.7500
-79.00420634;-2.908173143;[0];-91.9375
-79.00396353;-2.908172711;[0];-91.1250
-79.00372073;-2.908172279;[0];-90.3750
-79.00347792;-2.908171848;[0];-89.6250
-79.00323512;-2.908171416;[0];-88.5000
-79.00299232;-2.908170984;[0];-87.8125
-79.00274951;-2.908170552;[0];-87.1250
-79.00250671;-2.90817012;[0];-86.5000
-79.00226390;-2.908169688;[0];-85.9375
-79.00202110;-2.908169256;[0];-85.3750
-79.00177830;-2.908168824;[0];-84.8750
-79.00153549;-2.908168392;[0];-84.5625
-79.00129269;-2.90816796;[0];-84.2500
-79.00104988;-2.908167527;[0];-84.0625
-79.00080708;-2.908167095;[0];-83.8750
-79.00056428;-2.908166663;[0];-83.8125
-79.00032147;-2.90816623;[0];-83.7500
-79.00007867;-2.908165798;[0];-83.6875
-78.99983587;-2.908165365;[0];-83.6875
-78.99959306;-2.908164933;[0];-83.7500
-78.99935026;-2.9081645;[0];-83.8125
-78.99910746;-2.908164067;[0];-83.9375
-78.99886465;-2.908163635;[0];-84.0625
-78.99862185;-2.908163202;[0];-84.1875
-78.99837905;-2.908162769;[0];-84.3750
-78.99813624;-2.908162336;[0];-84.5625
-78.99789344;-2.908161903;[0];-84.7500
-78.99765064;-2.90816147;[0];-84.9375
-78.99740783;-2.908161037;[0];-85.2500
-78.99716503;-2.908160604;[0];-85.4375
-78.99692223;-2.908160171;[0];-85.6875
-78.99667942;-2.908159738;[0];-85.9375
-78.99643662;-2.908159305;[0];-86.1875
-78.99619382;-2.908158871;[0];-86.4375
-78.99595102;-2.908158438;[0];-86.6875
-78.99570821;-2.908158004;[0];-87.0000
-78.99546541;-2.908157571;[0];-87.1875
-78.99522261;-2.908157137;[0];-87.4375
-78.99497980;-2.908156704;[0];-87.7500
-78.99473700;-2.90815627;[0];-88.0000
-78.99449420;-2.908155837;[0];-88.2500
-78.99425140;-2.908155403;[0];-88.5000
-78.99400859;-2.908154969;[0];-88.6875
-78.99376579;-2.908154535;[0];-89.0000
-78.99352299;-2.908154101;[0];-89.2500
-78.99328019;-2.908153667;[0];-89.5000
-78.99303738;-2.908153234;[0];-89.7500
-78.99279458;-2.908152799;[0];-90.0000
-78.99255178;-2.908152365;[0];-90.2500
-78.99230898;-2.908151931;[0];-90.5000
-78.99206617;-2.908151497;[0];-90.6875
-78.99182337;-2.908151063;[0];-90.9375
-78.99158057;-2.908150628;[0];-91.1875
-78.99133777;-2.908150194;[0];-91.3750
-78.99109496;-2.90814976;[0];-91.5625
-78.99085216;-2.908149325;[0];-91.7500
-78.99060936;-2.908148891;[0];-92.0000
-78.99036656;-2.908148456;[0];-92.2500
-78.99012376;-2.908148022;[0];-92.5000
-78.98988095;-2.908147587;[0];-92.7500
-78.98963815;-2.908147152;[0];-92.9375
-78.98939535;-2.908146717;[0];-93.1875
-78.98915255;-2.908146283;[0];-93.3750
-78.98890975;-2.908145848;[0];-93.5625
-78.98866694;-2.908145413;[0];-93.7500
-78.98842414;-2.908144978;[0];-94.0000
-78.98818134;-2.908144543;[0];-94.1875
-78.98793854;-2.908144108;[0];-94.3750
-78.98769574;-2.908143673;[0];-94.5625
-78.98745294;-2.908143237;[0];-94.7500
-78.98721013;-2.908142802;[0];-94.9375
-78.98696733;-2.908142367;[0];-95.1250
-78.98672453;-2.908141931;[0];-95.3125
-78.98648173;-2.908141496;[0];-95.5000
-78.98623893;-2.908141061;[0];-95.6875
-78.98599613;-2.908140625;[0];-95.8750
-78.98575332;-2.90814019;[0];-96.0625
-78.98551052;-2.908139754;[0];-96.2500
-78.98526772;-2.908139318;[0];-96.4375
-78.98502492;-2.908138883;[0];-96.6250
-78.98478212;-2.908138447;[0];-96.8125
-78.98453932;-2.908138011;[0];-97.0000
-78.98429652;-2.908137575;[0];-97.1250
-78.98405372;-2.908137139;[0];-97.3125
-78.98381091;-2.908136703;[0];-97.5000
-78.98356811;-2.908136267;[0];-97.6250
-78.98332531;-2.908135831;[0];-97.8125
-78.98308251;-2.908135395;[0];-97.9375
-78.98283971;-2.908134959;[0];-98.1250
-78.98259691;-2.908134523;[0];-98.2500
-78.98235411;-2.908134086;[0];-98.4375
-78.98211131;-2.90813365;[0];-98.5625
-78.98186851;-2.908133213;[0];-98.7500
-78.98162571;-2.908132777;[0];-98.8750
-78.98138291;-2.908132341;[0];-99.0000
-78.98114010;-2.908131904;[0];-99.1875
-78.98089730;-2.908131467;[0];-99.3125
-78.98065450;-2.908131031;[0];-99.5000
-78.98041170;-2.908130594;[0];-99.6250
-78.98016890;-2.908130157;[0];-99.7500
-78.97992610;-2.90812972;[0];-99.9375
-78.97968330;-2.908129284;[0];-100.0625
-78.9794405;-2.908128847;[0];-100.2500
-78.9791977;-2.90812841;[0];-100.3750
-78.97895490;-2.908127973;[0];-100.5000
-78.97871210;-2.908127536;[0];-100.6250
-78.97846930;-2.908127098;[0];-100.8125
-78.97822650;-2.908126661;[0];-100.9375
-78.97798370;-2.908126224;[0];-101.0625
-78.97774090;-2.908125787;[0];-101.1875
-78.97749810;-2.908125349;[0];-101.3125
-78.97725530;-2.908124912;[0];-101.4375
-78.97701250;-2.908124475;[0];-101.5625
-78.97676970;-2.908124037;[0];-101.6875
-78.97652690;-2.908123599;[0];-101.8125
-78.97628410;-2.908123162;[0];-101.9375
-79.00809164;-2.907935919;[0];-101.6250
-79.00784883;-2.907935489;[0];-101.0000
-79.00760603;-2.907935058;[0];-100.3750
-79.00736322;-2.907934627;[0];-99.7500
-79.00712042;-2.907934196;[0];-99.0625
-79.00687761;-2.907933765;[0];-98.5000
-79.00663481;-2.907933334;[0];-98.0000
-79.00639200;-2.907932903;[0];-97.4375
-79.00614920;-2.907932472;[0];-96.8750
-79.00590639;-2.907932041;[0];-96.1875
-79.00566359;-2.90793161;[0];-95.6250
-79.00542079;-2.907931178;[0];-95.0625
-79.00517798;-2.907930747;[0];-94.4375
-79.00493518;-2.907930316;[0];-93.6875
-79.00469237;-2.907929884;[0];-92.9375
-79.00444957;-2.907929453;[0];-92.1875
-79.00420676;-2.907929021;[0];-91.3125
-79.00396396;-2.90792859;[0];-90.5000
-79.00372116;-2.907928158;[0];-89.6875
-79.00347835;-2.907927726;[0];-88.8125
-79.00323555;-2.907927294;[0];-87.6250
-79.00299274;-2.907926863;[0];-86.9375
-79.00274994;-2.907926431;[0];-86.2500
-79.00250714;-2.907925999;[0];-85.5625
-79.00226433;-2.907925567;[0];-84.9375
-79.00202153;-2.907925135;[0];-84.5000
-79.00177873;-2.907924703;[0];-84.0625
-79.00153592;-2.907924271;[0];-83.6250
-79.00129312;-2.907923839;[0];-83.3750
-79.00105031;-2.907923406;[0];-83.1250
-79.00080751;-2.907922974;[0];-83.0000
-79.00056471;-2.907922542;[0];-82.9375
-79.00032190;-2.907922109;[0];-82.8750
-79.0000791;-2.907921677;[0];-82.8750
-78.99983630;-2.907921244;[0];-82.9375
-78.99959349;-2.907920812;[0];-83.0000
-78.99935069;-2.907920379;[0];-83.1250
-78.99910789;-2.907919947;[0];-83.2500
-78.99886508;-2.907919514;[0];-83.4375
-78.99862228;-2.907919081;[0];-83.6250
-78.99837948;-2.907918648;[0];-83.8125
-78.99813667;-2.907918216;[0];-84.0000
-78.99789387;-2.907917783;[0];-84.2500
-78.99765107;-2.90791735;[0];-84.5000
-78.99740826;-2.907916917;[0];-84.7500
-78.99716546;-2.907916484;[0];-85.0000
-78.99692266;-2.907916051;[0];-85.3125
-78.99667986;-2.907915617;[0];-85.5625
-78.99643705;-2.907915184;[0];-85.8125
-78.99619425;-2.907914751;[0];-86.1250
-78.99595145;-2.907914318;[0];-86.3125
-78.99570864;-2.907913884;[0];-86.6250
-78.99546584;-2.907913451;[0];-86.9375
-78.99522304;-2.907913017;[0];-87.1875
-78.99498024;-2.907912584;[0];-87.4375
-78.99473743;-2.90791215;[0];-87.6875
-78.99449463;-2.907911717;[0];-87.9375
-78.99425183;-2.907911283;[0];-88.2500
-78.99400902;-2.907910849;[0];-88.5000
-78.99376622;-2.907910415;[0];-88.7500
-78.99352342;-2.907909982;[0];-89.0000
-78.99328062;-2.907909548;[0];-89.3125
-78.99303781;-2.907909114;[0];-89.5625
-78.99279501;-2.90790868;[0];-89.8125
-78.99255221;-2.907908246;[0];-90.0625
-78.99230941;-2.907907812;[0];-90.3125
-78.99206661;-2.907907377;[0];-90.5000
-78.99182380;-2.907906943;[0];-90.6875
-78.991581;-2.907906509;[0];-90.9375
-78.99133820;-2.907906075;[0];-91.1875
-78.99109540;-2.90790564;[0];-91.4375
-78.99085259;-2.907905206;[0];-91.6875
-78.99060979;-2.907904771;[0];-91.9375
-78.99036699;-2.907904337;[0];-92.1250
-78.99012419;-2.907903902;[0];-92.3750
-78.98988139;-2.907903468;[0];-92.5625
-78.98963858;-2.907903033;[0];-92.8125
-78.98939578;-2.907902598;[0];-93.0000
-78.98915298;-2.907902163;[0];-93.2500
-78.98891018;-2.907901729;[0];-93.4375
-78.98866738;-2.907901294;[0];-93.6250
-78.98842457;-2.907900859;[0];-93.8750
-78.98818177;-2.907900424;[0];-94.0625
-78.98793897;-2.907899989;[0];-94.2500
-78.98769617;-2.907899554;[0];-94.4375
-78.98745337;-2.907899118;[0];-94.6250
-78.98721057;-2.907898683;[0];-94.8750
-78.98696777;-2.907898248;[0];-95.0625
-78.98672496;-2.907897813;[0];-95.2500
-78.98648216;-2.907897377;[0];-95.4375
-78.98623936;-2.907896942;[0];-95.6875
-78.98599656;-2.907896506;[0];-95.8750
-78.98575376;-2.907896071;[0];-96.0000
-78.98551096;-2.907895635;[0];-96.1875
-78.98526816;-2.9078952;[0];-96.3750
-78.98502535;-2.907894764;[0];-96.5625
-78.98478255;-2.907894328;[0];-96.7500
-78.98453975;-2.907893892;[0];-96.8750
-78.98429695;-2.907893457;[0];-97.0625
-78.98405415;-2.907893021;[0];-97.2500
-78.98381135;-2.907892585;[0];-97.3750
-78.98356855;-2.907892149;[0];-97.5625
-78.98332575;-2.907891713;[0];-97.6875
-78.98308295;-2.907891277;[0];-97.8750
-78.98284014;-2.90789084;[0];-98.0625
-78.98259734;-2.907890404;[0];-98.1875
-78.98235454;-2.907889968;[0];-98.3750
-78.98211174;-2.907889532;[0];-98.5000
-78.98186894;-2.907889095;[0];-98.6875
-78.98162614;-2.907888659;[0];-98.8125
-78.98138334;-2.907888222;[0];-99.0000
-78.98114054;-2.907887786;[0];-99.1250
-78.98089774;-2.907887349;[0];-99.3125
-78.98065494;-2.907886913;[0];-99.4375
-78.98041214;-2.907886476;[0];-99.6250
-78.98016934;-2.907886039;[0];-99.7500
-78.97992654;-2.907885603;[0];-99.9375
-78.97968374;-2.907885166;[0];-100.0625
-78.97944094;-2.907884729;[0];-100.1875
-78.97919813;-2.907884292;[0];-100.3125
-78.97895533;-2.907883855;[0];-100.4375
-78.97871253;-2.907883418;[0];-100.6250
-78.97846973;-2.907882981;[0];-100.7500
-78.97822693;-2.907882544;[0];-100.8750
-78.97798413;-2.907882106;[0];-101.0000
-78.97774133;-2.907881669;[0];-101.1250
-78.97749853;-2.907881232;[0];-101.2500
-78.97725573;-2.907880795;[0];-101.3750
-78.97701293;-2.907880357;[0];-101.5000
-78.97677013;-2.90787992;[0];-101.6250
-78.97652733;-2.907879482;[0];-101.7500
-78.97628453;-2.907879045;[0];-101.8750
-79.00809206;-2.907691797;[0];-101.4375
-79.00784926;-2.907691367;[0];-100.8750
-79.00760645;-2.907690936;[0];-100.1875
-79.00736365;-2.907690505;[0];-99.5625
-79.00712085;-2.907690074;[0];-98.8750
-79.00687804;-2.907689643;[0];-98.2500
-79.00663524;-2.907689212;[0];-97.6875
-79.00639243;-2.907688781;[0];-97.0625
-79.00614963;-2.90768835;[0];-96.5625
-79.00590682;-2.907687919;[0];-95.9375
-79.00566402;-2.907687488;[0];-95.2500
-79.00542121;-2.907687057;[0];-94.6250
-79.00517841;-2.907686625;[0];-94.0000
-79.00493561;-2.907686194;[0];-93.2500
-79.00469280;-2.907685763;[0];-92.4375
-79.00445000;-2.907685331;[0];-91.6250
-79.00420719;-2.9076849;[0];-90.7500
-79.00396439;-2.907684468;[0];-89.8125
-79.00372159;-2.907684036;[0];-88.9375
-79.00347878;-2.907683605;[0];-88.0000
-79.00323598;-2.907683173;[0];-86.8750
-79.00299317;-2.907682741;[0];-86.0000
-79.00275037;-2.907682309;[0];-85.3125
-79.00250757;-2.907681878;[0];-84.6250
-79.00226476;-2.907681446;[0];-84.0000
-79.00202196;-2.907681014;[0];-83.4375
-79.00177916;-2.907680582;[0];-83.0625
-79.00153635;-2.90768015;[0];-82.6875
-79.00129355;-2.907679717;[0];-82.3750
-79.00105074;-2.907679285;[0];-82.1875
-79.00080794;-2.907678853;[0];-82.0625
-79.00056514;-2.907678421;[0];-82.0625
-79.00032233;-2.907677988;[0];-82.0000
-79.00007953;-2.907677556;[0];-82.1250
-78.99983673;-2.907677124;[0];-82.1250
-78.99959392;-2.907676691;[0];-82.3125
-78.99935112;-2.907676259;[0];-82.4375
-78.99910832;-2.907675826;[0];-82.6250
-78.99886551;-2.907675393;[0];-82.8125
-78.99862271;-2.907674961;[0];-83.0000
-78.99837991;-2.907674528;[0];-83.2500
-78.99813710;-2.907674095;[0];-83.5000
-78.9978943;-2.907673662;[0];-83.7500
-78.99765150;-2.907673229;[0];-84.0000
-78.99740869;-2.907672796;[0];-84.3125
-78.99716589;-2.907672363;[0];-84.5625
-78.99692309;-2.90767193;[0];-84.8750
-78.99668029;-2.907671497;[0];-85.1875
-78.99643748;-2.907671064;[0];-85.4375
-78.99619468;-2.907670631;[0];-85.7500
-78.99595188;-2.907670197;[0];-86.0625
-78.99570907;-2.907669764;[0];-86.3750
-78.99546627;-2.907669331;[0];-86.6250
-78.99522347;-2.907668897;[0];-86.8750
-78.99498067;-2.907668464;[0];-87.1250
-78.99473786;-2.90766803;[0];-87.4375
-78.99449506;-2.907667597;[0];-87.6875
-78.99425226;-2.907667163;[0];-88.0000
-78.99400946;-2.907666729;[0];-88.2500
-78.99376665;-2.907666295;[0];-88.5625
-78.99352385;-2.907665862;[0];-88.8125
-78.99328105;-2.907665428;[0];-89.0625
-78.99303825;-2.907664994;[0];-89.3750
-78.99279544;-2.90766456;[0];-89.5625
-78.99255264;-2.907664126;[0];-89.8125
-78.99230984;-2.907663692;[0];-90.0000
-78.99206704;-2.907663258;[0];-90.3125
-78.99182423;-2.907662824;[0];-90.5625
-78.99158143;-2.907662389;[0];-90.8750
-78.99133863;-2.907661955;[0];-91.0625
-78.99109583;-2.907661521;[0];-91.3125
-78.99085303;-2.907661086;[0];-91.5625
-78.99061022;-2.907660652;[0];-91.8125
-78.99036742;-2.907660217;[0];-92.0000
-78.99012462;-2.907659783;[0];-92.2500
-78.98988182;-2.907659348;[0];-92.4375
-78.98963902;-2.907658914;[0];-92.6875
-78.98939621;-2.907658479;[0];-92.8750
-78.98915341;-2.907658044;[0];-93.1250
-78.98891061;-2.907657609;[0];-93.3125
-78.98866781;-2.907657174;[0];-93.5000
-78.98842501;-2.90765674;[0];-93.7500
-78.98818221;-2.907656305;[0];-93.9375
-78.98793940;-2.90765587;[0];-94.1875
-78.98769660;-2.907655435;[0];-94.3750
-78.9874538;-2.907654999;[0];-94.6250
-78.98721100;-2.907654564;[0];-94.8125
-78.98696820;-2.907654129;[0];-95.0000
-78.98672540;-2.907653694;[0];-95.1875
-78.98648260;-2.907653258;[0];-95.3750
-78.98623979;-2.907652823;[0];-95.5625
-78.98599699;-2.907652388;[0];-95.7500
-78.98575419;-2.907651952;[0];-95.9375
-78.98551139;-2.907651517;[0];-96.1250
-78.98526859;-2.907651081;[0];-96.3125
-78.98502579;-2.907650645;[0];-96.4375
-78.98478299;-2.90765021;[0];-96.6250
-78.98454019;-2.907649774;[0];-96.8125
-78.98429738;-2.907649338;[0];-97.0000
-78.98405458;-2.907648902;[0];-97.1250
-78.98381178;-2.907648466;[0];-97.3125
-78.98356898;-2.90764803;[0];-97.5000
-78.98332618;-2.907647594;[0];-97.6250
-78.98308338;-2.907647158;[0];-97.8125
-78.98284058;-2.907646722;[0];-98.0000
-78.98259778;-2.907646286;[0];-98.1875
-78.98235498;-2.90764585;[0];-98.3125
-78.98211218;-2.907645414;[0];-98.5000
-78.98186938;-2.907644977;[0];-98.6250
-78.98162657;-2.907644541;[0];-98.8125
-78.98138377;-2.907644104;[0];-99.0000
-78.98114097;-2.907643668;[0];-99.1250
-78.98089817;-2.907643231;[0];-99.2500
-78.98065537;-2.907642795;[0];-99.4375
-78.98041257;-2.907642358;[0];-99.5625
-78.98016977;-2.907641921;[0];-99.6875
-78.97992697;-2.907641485;[0];-99.8750
-78.97968417;-2.907641048;[0];-100.0000
-78.97944137;-2.907640611;[0];-100.1250
-78.97919857;-2.907640174;[0];-100.2500
-78.97895577;-2.907639737;[0];-100.3750
-78.97871297;-2.9076393;[0];-100.5625
-78.97847017;-2.907638863;[0];-100.6875
-78.97822737;-2.907638426;[0];-100.8125
-78.97798457;-2.907637989;[0];-100.9375
-78.97774177;-2.907637552;[0];-101.0625
-78.97749897;-2.907637114;[0];-101.2500
-78.97725617;-2.907636677;[0];-101.3750
-78.97701337;-2.90763624;[0];-101.5000
-78.97677057;-2.907635802;[0];-101.6250
-78.97652777;-2.907635365;[0];-101.7500
-78.97628497;-2.907634927;[0];-101.8750
-78.97604217;-2.90763449;[0];-102.0000
-79.00833530;-2.907448106;[0];-101.9375
-79.00809249;-2.907447675;[0];-101.3750
-79.00784969;-2.907447245;[0];-100.6875
-79.00760688;-2.907446814;[0];-100.0625
-79.00736408;-2.907446383;[0];-99.4375
-79.00712127;-2.907445952;[0];-98.7500
-79.00687847;-2.907445521;[0];-98.1250
-79.00663567;-2.90744509;[0];-97.4375
-79.00639286;-2.907444659;[0];-96.8125
-79.00615006;-2.907444228;[0];-96.2500
-79.00590725;-2.907443797;[0];-95.6250
-79.00566445;-2.907443366;[0];-94.8750
-79.00542164;-2.907442935;[0];-94.3125
-79.00517884;-2.907442504;[0];-93.6250
-79.00493604;-2.907442072;[0];-92.9375
-79.00469323;-2.907441641;[0];-92.0625
-79.00445043;-2.90744121;[0];-91.1875
-79.00420762;-2.907440778;[0];-90.2500
-79.00396482;-2.907440347;[0];-89.2500
-79.00372202;-2.907439915;[0];-88.2500
-79.00347921;-2.907439483;[0];-87.2500
-79.00323641;-2.907439052;[0];-86.0000
-79.00299360;-2.90743862;[0];-85.1250
-79.00275080;-2.907438188;[0];-84.3125
-79.00250800;-2.907437756;[0];-83.5625
-79.00226519;-2.907437324;[0];-82.9375
-79.00202239;-2.907436893;[0];-82.4375
-79.00177959;-2.907436461;[0];-82.0000
-79.00153678;-2.907436029;[0];-81.6875
-79.00129398;-2.907435596;[0];-81.4375
-79.00105117;-2.907435164;[0];-81.2500
-79.00080837;-2.907434732;[0];-81.1875
-79.00056557;-2.9074343;[0];-81.1250
-79.00032276;-2.907433868;[0];-81.2500
-79.00007996;-2.907433435;[0];-81.2500
-78.99983716;-2.907433003;[0];-81.4375
-78.99959435;-2.90743257;[0];-81.5625
-78.99935155;-2.907432138;[0];-81.7500
-78.99910875;-2.907431705;[0];-82.0000
-78.99886594;-2.907431273;[0];-82.1875
-78.99862314;-2.90743084;[0];-82.5000
-78.99838034;-2.907430407;[0];-82.7500
-78.99813753;-2.907429974;[0];-82.9375
-78.99789473;-2.907429542;[0];-83.3125
-78.99765193;-2.907429109;[0];-83.5625
-78.99740913;-2.907428676;[0];-83.8750
-78.99716632;-2.907428243;[0];-84.1875
-78.99692352;-2.90742781;[0];-84.4375
-78.99668072;-2.907427377;[0];-84.7500
-78.99643791;-2.907426944;[0];-85.1250
-78.99619511;-2.90742651;[0];-85.4375
-78.99595231;-2.907426077;[0];-85.6875
-78.99570951;-2.907425644;[0];-86.0000
-78.99546670;-2.90742521;[0];-86.3125
-78.9952239;-2.907424777;[0];-86.5625
-78.99498110;-2.907424344;[0];-86.8750
-78.99473829;-2.90742391;[0];-87.1875
-78.99449549;-2.907423476;[0];-87.5000
-78.99425269;-2.907423043;[0];-87.7500
-78.99400989;-2.907422609;[0];-88.0625
-78.99376708;-2.907422175;[0];-88.3125
-78.99352428;-2.907421742;[0];-88.5625
-78.99328148;-2.907421308;[0];-88.8125
-78.99303868;-2.907420874;[0];-89.0625
-78.99279588;-2.90742044;[0];-89.3750
-78.99255307;-2.907420006;[0];-89.6875
-78.99231027;-2.907419572;[0];-89.9375
-78.99206747;-2.907419138;[0];-90.1875
-78.99182467;-2.907418704;[0];-90.4375
-78.99158186;-2.90741827;[0];-90.6875
-78.99133906;-2.907417835;[0];-90.9375
-78.99109626;-2.907417401;[0];-91.1875
-78.99085346;-2.907416967;[0];-91.3750
-78.99061066;-2.907416532;[0];-91.6250
-78.99036785;-2.907416098;[0];-91.8750
-78.99012505;-2.907415663;[0];-92.0625
-78.98988225;-2.907415229;[0];-92.3125
-78.98963945;-2.907414794;[0];-92.5625
-78.98939665;-2.90741436;[0];-92.7500
-78.98915385;-2.907413925;[0];-93.0000
-78.98891104;-2.90741349;[0];-93.2500
-78.98866824;-2.907413055;[0];-93.4375
-78.98842544;-2.90741262;[0];-93.6875
-78.98818264;-2.907412185;[0];-93.9375
-78.98793984;-2.907411751;[0];-94.1250
-78.98769704;-2.907411315;[0];-94.3125
-78.98745423;-2.90741088;[0];-94.5000
-78.98721143;-2.907410445;[0];-94.6875
-78.98696863;-2.90741001;[0];-94.8750
-78.98672583;-2.907409575;[0];-95.0625
-78.98648303;-2.90740914;[0];-95.2500
-78.98624023;-2.907408704;[0];-95.4375
-78.98599743;-2.907408269;[0];-95.6250
-78.98575462;-2.907407833;[0];-95.8125
-78.98551182;-2.907407398;[0];-96.0000
-78.98526902;-2.907406962;[0];-96.1875
-78.98502622;-2.907406527;[0];-96.3750
-78.98478342;-2.907406091;[0];-96.5625
-78.98454062;-2.907405655;[0];-96.7500
-78.98429782;-2.90740522;[0];-96.9375
-78.98405502;-2.907404784;[0];-97.1250
-78.98381222;-2.907404348;[0];-97.2500
-78.98356941;-2.907403912;[0];-97.4375
-78.98332661;-2.907403476;[0];-97.6250
-78.98308381;-2.90740304;[0];-97.8125
-78.98284101;-2.907402604;[0];-97.9375
-78.98259821;-2.907402168;[0];-98.1250
-78.98235541;-2.907401732;[0];-98.3125
-78.98211261;-2.907401295;[0];-98.4375
-78.98186981;-2.907400859;[0];-98.6250
-78.98162701;-2.907400423;[0];-98.7500
-78.98138421;-2.907399986;[0];-98.8750
-78.98114141;-2.90739955;[0];-99.0625
-78.98089861;-2.907399113;[0];-99.1875
-78.98065581;-2.907398677;[0];-99.3125
-78.98041301;-2.90739824;[0];-99.5000
-78.98017021;-2.907397804;[0];-99.6250
-78.97992741;-2.907397367;[0];-99.8125
-78.97968460;-2.90739693;[0];-99.9375
-78.97944180;-2.907396493;[0];-100.0625
-78.97919900;-2.907396056;[0];-100.2500
-78.97895620;-2.90739562;[0];-100.3750
-78.97871340;-2.907395183;[0];-100.5000
-78.97847060;-2.907394746;[0];-100.6875
-78.97822780;-2.907394308;[0];-100.8125
-78.97798500;-2.907393871;[0];-100.9375
-78.97774220;-2.907393434;[0];-101.0625
-78.97749940;-2.907392997;[0];-101.1875
-78.97725660;-2.90739256;[0];-101.3750
-78.97701380;-2.907392122;[0];-101.5000
-78.97677100;-2.907391685;[0];-101.6250
-78.97652820;-2.907391247;[0];-101.7500
-78.97628540;-2.90739081;[0];-101.8750
-78.97604260;-2.907390372;[0];-102.0000
-79.00809292;-2.907203553;[0];-101.2500
-79.00785012;-2.907203123;[0];-100.6250
-79.00760731;-2.907202692;[0];-99.9375
-79.00736451;-2.907202261;[0];-99.3750
-79.00712170;-2.90720183;[0];-98.6875
-79.00687890;-2.907201399;[0];-98.0000
-79.00663609;-2.907200969;[0];-97.2500
-79.00639329;-2.907200538;[0];-96.5625
-79.00615049;-2.907200107;[0];-95.8750
-79.00590768;-2.907199675;[0];-95.3750
-79.00566488;-2.907199244;[0];-94.7500
-79.00542207;-2.907198813;[0];-94.0000
-79.00517927;-2.907198382;[0];-93.4375
-79.00493646;-2.907197951;[0];-92.6875
-79.00469366;-2.907197519;[0];-91.7500
-79.00445086;-2.907197088;[0];-90.8125
-79.00420805;-2.907196657;[0];-89.8125
-79.00396525;-2.907196225;[0];-88.7500
-79.00372244;-2.907195794;[0];-87.6250
-79.00347964;-2.907195362;[0];-86.1875
-79.00323684;-2.90719493;[0];-85.1875
-79.00299403;-2.907194499;[0];-84.2500
-79.00275123;-2.907194067;[0];-83.3125
-79.00250843;-2.907193635;[0];-82.5625
-79.00226562;-2.907193203;[0];-81.8750
-79.00202282;-2.907192771;[0];-81.3125
-79.00178001;-2.907192339;[0];-80.9375
-79.00153721;-2.907191907;[0];-80.6875
-79.00129441;-2.907191475;[0];-80.4375
-79.00105160;-2.907191043;[0];-80.3125
-79.0008088;-2.907190611;[0];-80.2500
-79.00056600;-2.907190179;[0];-80.3125
-79.00032319;-2.907189747;[0];-80.3125
-79.00008039;-2.907189314;[0];-80.5000
-78.99983759;-2.907188882;[0];-80.6875
-78.99959478;-2.907188449;[0];-80.8750
-78.99935198;-2.907188017;[0];-81.0625
-78.99910918;-2.907187584;[0];-81.3750
-78.99886637;-2.907187152;[0];-81.6250
-78.99862357;-2.907186719;[0];-81.8750
-78.99838077;-2.907186287;[0];-82.1875
-78.99813797;-2.907185854;[0];-82.5000
-78.99789516;-2.907185421;[0];-82.8125
-78.99765236;-2.907184988;[0];-83.1250
-78.99740956;-2.907184555;[0];-83.4375
-78.99716675;-2.907184122;[0];-83.7500
-78.99692395;-2.907183689;[0];-84.1250
-78.99668115;-2.907183256;[0];-84.4375
-78.99643834;-2.907182823;[0];-84.6875
-78.99619554;-2.90718239;[0];-85.0625
-78.99595274;-2.907181957;[0];-85.3750
-78.99570994;-2.907181524;[0];-85.6875
-78.99546713;-2.90718109;[0];-86.0000
-78.99522433;-2.907180657;[0];-86.3750
-78.99498153;-2.907180223;[0];-86.6250
-78.99473873;-2.90717979;[0];-86.9375
-78.99449592;-2.907179356;[0];-87.2500
-78.99425312;-2.907178923;[0];-87.5000
-78.99401032;-2.907178489;[0];-87.7500
-78.99376752;-2.907178056;[0];-88.0625
-78.99352471;-2.907177622;[0];-88.3750
-78.99328191;-2.907177188;[0];-88.6875
-78.99303911;-2.907176754;[0];-89.0000
-78.99279631;-2.90717632;[0];-89.2500
-78.99255350;-2.907175886;[0];-89.5000
-78.99231070;-2.907175452;[0];-89.7500
-78.9920679;-2.907175018;[0];-90.0000
-78.99182510;-2.907174584;[0];-90.2500
-78.99158230;-2.90717415;[0];-90.5000
-78.99133949;-2.907173716;[0];-90.7500
-78.99109669;-2.907173282;[0];-91.0000
-78.99085389;-2.907172847;[0];-91.2500
-78.99061109;-2.907172413;[0];-91.5000
-78.99036829;-2.907171978;[0];-91.7500
-78.99012548;-2.907171544;[0];-92.0000
-78.98988268;-2.90717111;[0];-92.2500
-78.98963988;-2.907170675;[0];-92.5000
-78.98939708;-2.90717024;[0];-92.7500
-78.98915428;-2.907169806;[0];-92.9375
-78.98891148;-2.907169371;[0];-93.1875
-78.98866867;-2.907168936;[0];-93.3750
-78.98842587;-2.907168501;[0];-93.5625
-78.98818307;-2.907168066;[0];-93.8125
-78.98794027;-2.907167631;[0];-94.0000
-78.98769747;-2.907167196;[0];-94.1875
-78.98745467;-2.907166761;[0];-94.3750
-78.98721187;-2.907166326;[0];-94.6250
-78.98696906;-2.907165891;[0];-94.8125
-78.98672626;-2.907165456;[0];-95.0000
-78.98648346;-2.907165021;[0];-95.1875
-78.98624066;-2.907164585;[0];-95.3750
-78.98599786;-2.90716415;[0];-95.5625
-78.98575506;-2.907163715;[0];-95.7500
-78.98551226;-2.907163279;[0];-95.9375
-78.98526945;-2.907162844;[0];-96.1250
-78.98502665;-2.907162408;[0];-96.3750
-78.98478385;-2.907161972;[0];-96.5625
-78.98454105;-2.907161537;[0];-96.6875
-78.98429825;-2.907161101;[0];-96.8750
-78.98405545;-2.907160665;[0];-97.0625
-78.98381265;-2.907160229;[0];-97.2500
-78.98356985;-2.907159794;[0];-97.3750
-78.98332705;-2.907159358;[0];-97.5625
-78.98308425;-2.907158922;[0];-97.7500
-78.98284145;-2.907158486;[0];-97.8750
-78.98259864;-2.90715805;[0];-98.0625
-78.98235584;-2.907157613;[0];-98.1875
-78.98211304;-2.907157177;[0];-98.3750
-78.98187024;-2.907156741;[0];-98.5000
-78.98162744;-2.907156305;[0];-98.6875
-78.98138464;-2.907155868;[0];-98.8125
-78.98114184;-2.907155432;[0];-99.0000
-78.98089904;-2.907154995;[0];-99.1875
-78.98065624;-2.907154559;[0];-99.3125
-78.98041344;-2.907154122;[0];-99.4375
-78.98017064;-2.907153686;[0];-99.6250
-78.97992784;-2.907153249;[0];-99.7500
-78.97968504;-2.907152812;[0];-99.9375
-78.97944224;-2.907152376;[0];-100.0625
-78.97919944;-2.907151939;[0];-100.1875
-78.97895664;-2.907151502;[0];-100.3750
-78.97871384;-2.907151065;[0];-100.5000
-78.97847104;-2.907150628;[0];-100.6250
-78.97822824;-2.907150191;[0];-100.7500
-78.97798544;-2.907149754;[0];-100.9375
-78.97774264;-2.907149317;[0];-101.0625
-78.97749984;-2.907148879;[0];-101.1875
-78.97725704;-2.907148442;[0];-101.3125
-78.97701424;-2.907148005;[0];-101.4375
-78.97677144;-2.907147568;[0];-101.5625
-78.97652864;-2.90714713;[0];-101.6875
-78.97628584;-2.907146693;[0];-101.8125
-78.97604304;-2.907146255;[0];-101.9375
-79.00809335;-2.906959431;[0];-101.4375
-79.00785054;-2.906959;[0];-100.5625
-79.00760774;-2.90695857;[0];-99.9375
-79.00736494;-2.906958139;[0];-99.2500
-79.00712213;-2.906957708;[0];-98.5625
-79.00687933;-2.906957278;[0];-97.8750
-79.00663652;-2.906956847;[0];-97.1250
-79.00639372;-2.906956416;[0];-96.3125
-79.00615091;-2.906955985;[0];-95.7500
-79.00590811;-2.906955554;[0];-95.1875
-79.00566531;-2.906955123;[0];-94.6250
-79.00542250;-2.906954692;[0];-93.8750
-79.00517970;-2.90695426;[0];-93.1875
-79.00493689;-2.906953829;[0];-92.4375
-79.00469409;-2.906953398;[0];-91.5000
-79.00445129;-2.906952966;[0];-90.5000
-79.00420848;-2.906952535;[0];-89.4375
-79.00396568;-2.906952104;[0];-88.2500
-79.00372287;-2.906951672;[0];-87.0000
-79.00348007;-2.906951241;[0];-85.4375
-79.00323727;-2.906950809;[0];-84.3125
-79.00299446;-2.906950377;[0];-83.3125
-79.00275166;-2.906949946;[0];-82.3125
-79.00250886;-2.906949514;[0];-81.4375
-79.00226605;-2.906949082;[0];-80.8125
-79.00202325;-2.90694865;[0];-80.2500
-79.00178044;-2.906948218;[0];-79.8750
-79.00153764;-2.906947786;[0];-79.6250
-79.00129484;-2.906947354;[0];-79.4375
-79.00105203;-2.906946922;[0];-79.3125
-79.00080923;-2.90694649;[0];-79.3125
-79.00056643;-2.906946058;[0];-79.3750
-79.00032362;-2.906945626;[0];-79.5000
-79.00008082;-2.906945193;[0];-79.6875
-78.99983802;-2.906944761;[0];-79.9375
-78.99959521;-2.906944329;[0];-80.1250
-78.99935241;-2.906943896;[0];-80.5000
-78.99910961;-2.906943464;[0];-80.7500
-78.99886680;-2.906943031;[0];-81.0625
-78.99862400;-2.906942599;[0];-81.3750
-78.99838120;-2.906942166;[0];-81.6875
-78.99813840;-2.906941733;[0];-82.0000
-78.99789559;-2.9069413;[0];-82.3750
-78.99765279;-2.906940868;[0];-82.6875
-78.99740999;-2.906940435;[0];-83.0625
-78.99716718;-2.906940002;[0];-83.3750
-78.99692438;-2.906939569;[0];-83.6875
-78.99668158;-2.906939136;[0];-84.0625
-78.99643878;-2.906938703;[0];-84.4375
-78.99619597;-2.90693827;[0];-84.7500
-78.99595317;-2.906937837;[0];-85.1250
-78.99571037;-2.906937403;[0];-85.4375
-78.99546756;-2.90693697;[0];-85.7500
-78.99522476;-2.906936537;[0];-86.0625
-78.99498196;-2.906936103;[0];-86.3750
-78.99473916;-2.90693567;[0];-86.6250
-78.99449635;-2.906935236;[0];-87.0000
-78.99425355;-2.906934803;[0];-87.3125
-78.99401075;-2.906934369;[0];-87.6250
-78.99376795;-2.906933936;[0];-87.9375
-78.99352515;-2.906933502;[0];-88.2500
-78.99328234;-2.906933068;[0];-88.5000
-78.99303954;-2.906932634;[0];-88.8125
-78.99279674;-2.906932201;[0];-89.0625
-78.99255394;-2.906931767;[0];-89.3125
-78.99231113;-2.906931333;[0];-89.6250
-78.99206833;-2.906930899;[0];-89.8750
-78.99182553;-2.906930465;[0];-90.1250
-78.99158273;-2.90693003;[0];-90.3750
-78.99133993;-2.906929596;[0];-90.6250
-78.99109712;-2.906929162;[0];-90.9375
-78.99085432;-2.906928728;[0];-91.1875
-78.99061152;-2.906928293;[0];-91.4375
-78.99036872;-2.906927859;[0];-91.6875
-78.99012592;-2.906927425;[0];-91.9375
-78.98988311;-2.90692699;[0];-92.1250
-78.98964031;-2.906926556;[0];-92.3750
-78.98939751;-2.906926121;[0];-92.6250
-78.98915471;-2.906925686;[0];-92.8125
-78.98891191;-2.906925252;[0];-93.0625
-78.98866911;-2.906924817;[0];-93.2500
-78.98842630;-2.906924382;[0];-93.4375
-78.98818350;-2.906923947;[0];-93.6875
-78.98794070;-2.906923512;[0];-93.8750
-78.9876979;-2.906923077;[0];-94.1250
-78.98745510;-2.906922642;[0];-94.3125
-78.98721230;-2.906922207;[0];-94.5000
-78.98696950;-2.906921772;[0];-94.7500
-78.98672670;-2.906921337;[0];-94.9375
-78.98648389;-2.906920902;[0];-95.1250
-78.98624109;-2.906920467;[0];-95.3750
-78.98599829;-2.906920031;[0];-95.5625
-78.98575549;-2.906919596;[0];-95.7500
-78.98551269;-2.90691916;[0];-95.9375
-78.98526989;-2.906918725;[0];-96.1250
-78.98502709;-2.906918289;[0];-96.3125
-78.98478429;-2.906917854;[0];-96.4375
-78.98454149;-2.906917418;[0];-96.6250
-78.98429868;-2.906916983;[0];-96.8125
-78.98405588;-2.906916547;[0];-97.0000
-78.98381308;-2.906916111;[0];-97.1250
-78.98357028;-2.906915675;[0];-97.3125
-78.98332748;-2.906915239;[0];-97.5000
-78.98308468;-2.906914803;[0];-97.6875
-78.98284188;-2.906914367;[0];-97.8125
-78.98259908;-2.906913931;[0];-98.0000
-78.98235628;-2.906913495;[0];-98.1875
-78.98211348;-2.906913059;[0];-98.3125
-78.98187068;-2.906912623;[0];-98.5000
-78.98162788;-2.906912186;[0];-98.6875
-78.98138508;-2.90691175;[0];-98.8125
-78.98114228;-2.906911314;[0];-99.0000
-78.98089948;-2.906910877;[0];-99.1250
-78.98065667;-2.906910441;[0];-99.3125
-78.98041387;-2.906910004;[0];-99.4375
-78.98017107;-2.906909568;[0];-99.6250
-78.97992827;-2.906909131;[0];-99.7500
-78.97968547;-2.906908694;[0];-99.8750
-78.97944267;-2.906908258;[0];-100.0000
-78.97919987;-2.906907821;[0];-100.1875
-78.97895707;-2.906907384;[0];-100.3125
-78.97871427;-2.906906947;[0];-100.4375
-78.97847147;-2.90690651;[0];-100.5625
-78.97822867;-2.906906073;[0];-100.6875
-78.97798587;-2.906905636;[0];-100.8750
-78.97774307;-2.906905199;[0];-101.0000
-78.97750027;-2.906904762;[0];-101.1250
-78.97725747;-2.906904325;[0];-101.2500
-78.97701467;-2.906903887;[0];-101.3750
-78.97677187;-2.90690345;[0];-101.5000
-78.97652907;-2.906903013;[0];-101.6250
-78.97628627;-2.906902575;[0];-101.7500
-78.97604347;-2.906902138;[0];-101.8750
-78.97580067;-2.9069017;[0];-102.0000
-79.00833658;-2.90671574;[0];-102.0000
-79.00809378;-2.906715309;[0];-101.5625
-79.00785097;-2.906714878;[0];-100.8125
-79.00760817;-2.906714448;[0];-99.9375
-79.00736536;-2.906714017;[0];-99.1875
-79.00712256;-2.906713586;[0];-98.5000
-79.00687976;-2.906713156;[0];-97.8125
-79.00663695;-2.906712725;[0];-97.0625
-79.00639415;-2.906712294;[0];-96.4375
-79.00615134;-2.906711863;[0];-95.6875
-79.00590854;-2.906711432;[0];-95.1250
-79.00566573;-2.906711001;[0];-94.5625
-79.00542293;-2.90671057;[0];-93.8125
-79.00518013;-2.906710139;[0];-93.1875
-79.00493732;-2.906709707;[0];-92.4375
-79.00469452;-2.906709276;[0];-91.5625
-79.00445171;-2.906708845;[0];-90.4375
-79.00420891;-2.906708414;[0];-89.2500
-79.00396611;-2.906707982;[0];-87.9375
-79.00372330;-2.906707551;[0];-86.5625
-79.00348050;-2.906707119;[0];-84.8750
-79.00323770;-2.906706688;[0];-83.5625
-79.00299489;-2.906706256;[0];-82.3125
-79.00275209;-2.906705824;[0];-81.3125
-79.00250928;-2.906705393;[0];-80.4375
-79.00226648;-2.906704961;[0];-79.6250
-79.00202368;-2.906704529;[0];-79.1250
-79.00178087;-2.906704097;[0];-78.7500
-79.00153807;-2.906703665;[0];-78.5000
-79.00129527;-2.906703233;[0];-78.3750
-79.00105246;-2.906702801;[0];-78.3125
-79.00080966;-2.906702369;[0];-78.4375
-79.00056686;-2.906701937;[0];-78.5625
-79.00032405;-2.906701505;[0];-78.6875
-79.00008125;-2.906701073;[0];-78.8750
-78.99983845;-2.90670064;[0];-79.2500
-78.99959564;-2.906700208;[0];-79.5000
-78.99935284;-2.906699775;[0];-79.8125
-78.99911004;-2.906699343;[0];-80.1875
-78.99886723;-2.90669891;[0];-80.5000
-78.99862443;-2.906698478;[0];-80.8750
-78.99838163;-2.906698045;[0];-81.1875
-78.99813883;-2.906697613;[0];-81.6250
-78.99789602;-2.90669718;[0];-81.9375
-78.99765322;-2.906696747;[0];-82.2500
-78.99741042;-2.906696314;[0];-82.6250
-78.99716761;-2.906695881;[0];-83.0000
-78.99692481;-2.906695449;[0];-83.3750
-78.99668201;-2.906695016;[0];-83.7500
-78.99643921;-2.906694583;[0];-84.1250
-78.99619640;-2.906694149;[0];-84.5000
-78.9959536;-2.906693716;[0];-84.8125
-78.99571080;-2.906693283;[0];-85.1250
-78.99546800;-2.90669285;[0];-85.4375
-78.99522519;-2.906692417;[0];-85.8125
-78.99498239;-2.906691983;[0];-86.1875
-78.99473959;-2.90669155;[0];-86.5000
-78.99449679;-2.906691116;[0];-86.8125
-78.99425398;-2.906690683;[0];-87.1250
-78.99401118;-2.906690249;[0];-87.4375
-78.99376838;-2.906689816;[0];-87.7500
-78.99352558;-2.906689382;[0];-88.0625
-78.99328277;-2.906688948;[0];-88.3125
-78.99303997;-2.906688515;[0];-88.6250
-78.99279717;-2.906688081;[0];-88.8750
-78.99255437;-2.906687647;[0];-89.1875
-78.99231157;-2.906687213;[0];-89.5000
-78.99206876;-2.906686779;[0];-89.7500
-78.99182596;-2.906686345;[0];-90.0625
-78.99158316;-2.906685911;[0];-90.3125
-78.99134036;-2.906685477;[0];-90.5625
-78.99109756;-2.906685043;[0];-90.8125
-78.99085475;-2.906684608;[0];-91.0625
-78.99061195;-2.906684174;[0];-91.3125
-78.99036915;-2.90668374;[0];-91.5625
-78.99012635;-2.906683305;[0];-91.8125
-78.98988355;-2.906682871;[0];-92.0000
-78.98964075;-2.906682436;[0];-92.2500
-78.98939794;-2.906682002;[0];-92.5000
-78.98915514;-2.906681567;[0];-92.6875
-78.98891234;-2.906681132;[0];-92.9375
-78.98866954;-2.906680698;[0];-93.1875
-78.98842674;-2.906680263;[0];-93.3750
-78.98818394;-2.906679828;[0];-93.6250
-78.98794113;-2.906679393;[0];-93.8750
-78.98769833;-2.906678958;[0];-94.0625
-78.98745553;-2.906678523;[0];-94.3125
-78.98721273;-2.906678088;[0];-94.5000
-78.98696993;-2.906677653;[0];-94.6875
-78.98672713;-2.906677218;[0];-94.8750
-78.98648433;-2.906676783;[0];-95.0625
-78.98624153;-2.906676348;[0];-95.2500
-78.98599872;-2.906675912;[0];-95.4375
-78.98575592;-2.906675477;[0];-95.6250
-78.98551312;-2.906675042;[0];-95.8125
-78.98527032;-2.906674606;[0];-96.0000
-78.98502752;-2.906674171;[0];-96.1875
-78.98478472;-2.906673735;[0];-96.3750
-78.98454192;-2.9066733;[0];-96.5625
-78.98429912;-2.906672864;[0];-96.7500
-78.98405632;-2.906672428;[0];-96.9375
-78.98381352;-2.906671993;[0];-97.1250
-78.98357072;-2.906671557;[0];-97.3125
-78.98332791;-2.906671121;[0];-97.5000
-78.98308511;-2.906670685;[0];-97.6250
-78.98284231;-2.906670249;[0];-97.8125
-78.98259951;-2.906669813;[0];-98.0000
-78.98235671;-2.906669377;[0];-98.1250
-78.98211391;-2.906668941;[0];-98.3125
-78.98187111;-2.906668505;[0];-98.5000
-78.98162831;-2.906668068;[0];-98.6250
-78.98138551;-2.906667632;[0];-98.7500
-78.98114271;-2.906667196;[0];-98.9375
-78.98089991;-2.906666759;[0];-99.0625
-78.98065711;-2.906666323;[0];-99.2500
-78.98041431;-2.906665886;[0];-99.3750
-78.98017151;-2.90666545;[0];-99.5000
-78.97992871;-2.906665013;[0];-99.6875
-78.97968591;-2.906664577;[0];-99.8125
-78.97944311;-2.90666414;[0];-99.9375
-78.97920031;-2.906663703;[0];-100.1250
-78.97895751;-2.906663266;[0];-100.2500
-78.97871471;-2.90666283;[0];-100.3750
-78.97847191;-2.906662393;[0];-100.5625
-78.97822911;-2.906661956;[0];-100.6875
-78.97798631;-2.906661519;[0];-100.8125
-78.97774351;-2.906661082;[0];-100.9375
-78.97750071;-2.906660644;[0];-101.0625
-78.97725791;-2.906660207;[0];-101.2500
-78.97701511;-2.90665977;[0];-101.3750
-78.97677231;-2.906659333;[0];-101.5000
-78.97652951;-2.906658895;[0];-101.6250
-78.97628671;-2.906658458;[0];-101.7500
-78.97604391;-2.906658021;[0];-101.8750
-78.97580111;-2.906657583;[0];-102.0000
-79.00809420;-2.906471187;[0];-101.3750
-79.0078514;-2.906470756;[0];-100.8125
-79.00760860;-2.906470326;[0];-100.3125
-79.00736579;-2.906469895;[0];-99.3750
-79.00712299;-2.906469464;[0];-98.5000
-79.00688018;-2.906469034;[0];-97.7500
-79.00663738;-2.906468603;[0];-97.1875
-79.00639458;-2.906468172;[0];-96.5000
-79.00615177;-2.906467741;[0];-95.8125
-79.00590897;-2.90646731;[0];-95.1250
-79.00566616;-2.906466879;[0];-94.5000
-79.00542336;-2.906466448;[0];-94.0625
-79.00518056;-2.906466017;[0];-93.3750
-79.00493775;-2.906465586;[0];-92.6875
-79.00469495;-2.906465155;[0];-91.6875
-79.00445214;-2.906464723;[0];-90.5625
-79.00420934;-2.906464292;[0];-89.2500
-79.00396654;-2.906463861;[0];-87.6875
-79.00372373;-2.906463429;[0];-86.0625
-79.00348093;-2.906462998;[0];-84.1875
-79.00323812;-2.906462566;[0];-82.7500
-79.00299532;-2.906462135;[0];-81.3750
-79.00275252;-2.906461703;[0];-80.1250
-79.00250971;-2.906461271;[0];-79.1875
-79.00226691;-2.90646084;[0];-78.5000
-79.00202411;-2.906460408;[0];-78.0625
-79.00178130;-2.906459976;[0];-77.6250
-79.0015385;-2.906459544;[0];-77.3750
-79.00129570;-2.906459112;[0];-77.3125
-79.00105289;-2.90645868;[0];-77.3750
-79.00081009;-2.906458248;[0];-77.5000
-79.00056729;-2.906457816;[0];-77.6875
-79.00032448;-2.906457384;[0];-77.8750
-79.00008168;-2.906456952;[0];-78.1875
-78.99983888;-2.906456519;[0];-78.5000
-78.99959607;-2.906456087;[0];-78.8750
-78.99935327;-2.906455655;[0];-79.2500
-78.99911047;-2.906455222;[0];-79.6250
-78.99886766;-2.90645479;[0];-80.0000
-78.99862486;-2.906454357;[0];-80.4375
-78.99838206;-2.906453925;[0];-80.7500
-78.99813926;-2.906453492;[0];-81.1250
-78.99789645;-2.906453059;[0];-81.5625
-78.99765365;-2.906452627;[0];-81.9375
-78.99741085;-2.906452194;[0];-82.3125
-78.99716804;-2.906451761;[0];-82.6875
-78.99692524;-2.906451328;[0];-83.1250
-78.99668244;-2.906450895;[0];-83.4375
-78.99643964;-2.906450462;[0];-83.7500
-78.99619683;-2.906450029;[0];-84.1250
-78.99595403;-2.906449596;[0];-84.5625
-78.99571123;-2.906449163;[0];-84.9375
-78.99546843;-2.90644873;[0];-85.3125
-78.99522562;-2.906448296;[0];-85.6250
-78.99498282;-2.906447863;[0];-86.0000
-78.99474002;-2.90644743;[0];-86.3125
-78.99449722;-2.906446996;[0];-86.6250
-78.99425441;-2.906446563;[0];-86.9375
-78.99401161;-2.906446129;[0];-87.2500
-78.99376881;-2.906445696;[0];-87.5625
-78.99352601;-2.906445262;[0];-87.8750
-78.99328321;-2.906444828;[0];-88.1875
-78.99304040;-2.906444395;[0];-88.5000
-78.99279760;-2.906443961;[0];-88.8125
-78.99255480;-2.906443527;[0];-89.1250
-78.99231200;-2.906443093;[0];-89.3750
-78.99206920;-2.906442659;[0];-89.6250
-78.99182639;-2.906442225;[0];-89.9375
-78.99158359;-2.906441791;[0];-90.1875
-78.99134079;-2.906441357;[0];-90.4375
-78.99109799;-2.906440923;[0];-90.6875
-78.99085519;-2.906440489;[0];-90.9375
-78.99061238;-2.906440055;[0];-91.1875
-78.99036958;-2.90643962;[0];-91.4375
-78.99012678;-2.906439186;[0];-91.6875
-78.98988398;-2.906438751;[0];-91.9375
-78.98964118;-2.906438317;[0];-92.1875
-78.98939838;-2.906437882;[0];-92.4375
-78.98915557;-2.906437448;[0];-92.6875
-78.98891277;-2.906437013;[0];-92.9375
-78.98866997;-2.906436579;[0];-93.1250
-78.98842717;-2.906436144;[0];-93.3750
-78.98818437;-2.906435709;[0];-93.5625
-78.98794157;-2.906435274;[0];-93.7500
-78.98769877;-2.906434839;[0];-94.0000
-78.98745596;-2.906434404;[0];-94.1875
-78.98721316;-2.906433969;[0];-94.3750
-78.98697036;-2.906433534;[0];-94.6250
-78.98672756;-2.906433099;[0];-94.8125
-78.98648476;-2.906432664;[0];-95.0000
-78.98624196;-2.906432229;[0];-95.1875
-78.98599916;-2.906431794;[0];-95.4375
-78.98575636;-2.906431358;[0];-95.6250
-78.98551356;-2.906430923;[0];-95.8125
-78.98527075;-2.906430488;[0];-96.0000
-78.98502795;-2.906430052;[0];-96.1875
-78.98478515;-2.906429617;[0];-96.3750
-78.98454235;-2.906429181;[0];-96.5625
-78.98429955;-2.906428746;[0];-96.7500
-78.98405675;-2.90642831;[0];-96.9375
-78.98381395;-2.906427874;[0];-97.0625
-78.98357115;-2.906427438;[0];-97.2500
-78.98332835;-2.906427003;[0];-97.4375
-78.98308555;-2.906426567;[0];-97.5625
-78.98284275;-2.906426131;[0];-97.7500
-78.98259995;-2.906425695;[0];-97.9375
-78.98235715;-2.906425259;[0];-98.0625
-78.98211435;-2.906424823;[0];-98.2500
-78.98187154;-2.906424386;[0];-98.3750
-78.98162874;-2.90642395;[0];-98.5625
-78.98138594;-2.906423514;[0];-98.6875
-78.98114314;-2.906423078;[0];-98.8750
-78.98090034;-2.906422641;[0];-99.0000
-78.98065754;-2.906422205;[0];-99.1875
-78.98041474;-2.906421769;[0];-99.3125
-78.98017194;-2.906421332;[0];-99.5000
-78.97992914;-2.906420895;[0];-99.6250
-78.97968634;-2.906420459;[0];-99.8125
-78.97944354;-2.906420022;[0];-99.9375
-78.97920074;-2.906419585;[0];-100.0625
-78.97895794;-2.906419149;[0];-100.2500
-78.97871514;-2.906418712;[0];-100.3750
-78.97847234;-2.906418275;[0];-100.5000
-78.97822954;-2.906417838;[0];-100.6875
-78.97798674;-2.906417401;[0];-100.8125
-78.97774394;-2.906416964;[0];-100.9375
-78.97750114;-2.906416527;[0];-101.0625
-78.97725834;-2.90641609;[0];-101.2500
-78.97701554;-2.906415653;[0];-101.3750
-78.97677274;-2.906415215;[0];-101.5000
-78.97652994;-2.906414778;[0];-101.6250
-78.97628714;-2.906414341;[0];-101.7500
-78.97604434;-2.906413903;[0];-101.8750
-78.97580154;-2.906413466;[0];-102.0000
-79.00809463;-2.906227065;[0];-101.6250
-79.00785183;-2.906226634;[0];-100.8750
-79.00760902;-2.906226204;[0];-100.1250
-79.00736622;-2.906225773;[0];-99.6250
-79.00712342;-2.906225343;[0];-98.8125
-79.00688061;-2.906224912;[0];-97.9375
-79.00663781;-2.906224481;[0];-97.3125
-79.00639500;-2.90622405;[0];-96.6875
-79.00615220;-2.906223619;[0];-96.0000
-79.00590940;-2.906223188;[0];-95.4375
-79.00566659;-2.906222757;[0];-94.8750
-79.00542379;-2.906222326;[0];-94.3750
-79.00518098;-2.906221895;[0];-93.8750
-79.00493818;-2.906221464;[0];-93.3750
-79.00469538;-2.906221033;[0];-92.7500
-79.00445257;-2.906220602;[0];-91.5000
-79.00420977;-2.906220171;[0];-90.0000
-79.00396696;-2.906219739;[0];-88.2500
-79.00372416;-2.906219308;[0];-86.0625
-79.00348136;-2.906218876;[0];-83.9375
-79.00323855;-2.906218445;[0];-82.0625
-79.00299575;-2.906218013;[0];-80.4375
-79.00275295;-2.906217582;[0];-79.1250
-79.00251014;-2.90621715;[0];-78.1250
-79.00226734;-2.906216718;[0];-77.3750
-79.00202454;-2.906216287;[0];-76.8125
-79.00178173;-2.906215855;[0];-76.5625
-79.00153893;-2.906215423;[0];-76.3125
-79.00129613;-2.906214991;[0];-76.3125
-79.00105332;-2.906214559;[0];-76.4375
-79.00081052;-2.906214127;[0];-76.5625
-79.00056772;-2.906213695;[0];-76.8750
-79.00032491;-2.906213263;[0];-77.1250
-79.00008211;-2.906212831;[0];-77.5000
-78.99983931;-2.906212398;[0];-77.8750
-78.99959650;-2.906211966;[0];-78.2500
-78.99935370;-2.906211534;[0];-78.6875
-78.99911090;-2.906211101;[0];-79.1250
-78.99886810;-2.906210669;[0];-79.5000
-78.99862529;-2.906210237;[0];-79.9375
-78.99838249;-2.906209804;[0];-80.3750
-78.99813969;-2.906209371;[0];-80.7500
-78.99789688;-2.906208939;[0];-81.1875
-78.99765408;-2.906208506;[0];-81.6250
-78.99741128;-2.906208073;[0];-81.9375
-78.99716848;-2.906207641;[0];-82.3125
-78.99692567;-2.906207208;[0];-82.7500
-78.99668287;-2.906206775;[0];-83.1875
-78.99644007;-2.906206342;[0];-83.5625
-78.99619726;-2.906205909;[0];-83.9375
-78.99595446;-2.906205476;[0];-84.3125
-78.99571166;-2.906205043;[0];-84.6875
-78.99546886;-2.906204609;[0];-85.0625
-78.99522606;-2.906204176;[0];-85.4375
-78.99498325;-2.906203743;[0];-85.7500
-78.99474045;-2.90620331;[0];-86.1250
-78.99449765;-2.906202876;[0];-86.4375
-78.99425485;-2.906202443;[0];-86.8125
-78.99401204;-2.906202009;[0];-87.1875
-78.99376924;-2.906201576;[0];-87.5000
-78.99352644;-2.906201142;[0];-87.7500
-78.99328364;-2.906200709;[0];-88.0625
-78.99304084;-2.906200275;[0];-88.3750
-78.99279803;-2.906199841;[0];-88.6875
-78.99255523;-2.906199407;[0];-88.9375
-78.99231243;-2.906198973;[0];-89.2500
-78.99206963;-2.90619854;[0];-89.5000
-78.99182683;-2.906198106;[0];-89.7500
-78.99158402;-2.906197672;[0];-90.0625
-78.99134122;-2.906197238;[0];-90.3125
-78.99109842;-2.906196803;[0];-90.6250
-78.99085562;-2.906196369;[0];-90.8750
-78.99061282;-2.906195935;[0];-91.1250
-78.99037001;-2.906195501;[0];-91.3750
-78.99012721;-2.906195066;[0];-91.6250
-78.98988441;-2.906194632;[0];-91.8750
-78.98964161;-2.906194198;[0];-92.1250
-78.98939881;-2.906193763;[0];-92.3125
-78.98915601;-2.906193329;[0];-92.5625
-78.98891321;-2.906192894;[0];-92.8125
-78.98867040;-2.906192459;[0];-93.0000
-78.98842760;-2.906192025;[0];-93.2500
-78.9881848;-2.90619159;[0];-93.5000
-78.98794200;-2.906191155;[0];-93.6875
-78.98769920;-2.90619072;[0];-93.9375
-78.98745640;-2.906190285;[0];-94.1250
-78.98721360;-2.90618985;[0];-94.3750
-78.98697079;-2.906189415;[0];-94.5625
-78.98672799;-2.90618898;[0];-94.8125
-78.98648519;-2.906188545;[0];-95.0000
-78.98624239;-2.90618811;[0];-95.1875
-78.98599959;-2.906187675;[0];-95.3750
-78.98575679;-2.90618724;[0];-95.5625
-78.98551399;-2.906186804;[0];-95.7500
-78.98527119;-2.906186369;[0];-95.9375
-78.98502839;-2.906185934;[0];-96.1250
-78.98478559;-2.906185498;[0];-96.3125
-78.98454278;-2.906185063;[0];-96.5000
-78.98429998;-2.906184627;[0];-96.6875
-78.98405718;-2.906184191;[0];-96.8125
-78.98381438;-2.906183756;[0];-97.0000
-78.98357158;-2.90618332;[0];-97.1875
-78.98332878;-2.906182884;[0];-97.3750
-78.98308598;-2.906182448;[0];-97.5625
-78.98284318;-2.906182012;[0];-97.6875
-78.98260038;-2.906181576;[0];-97.8750
-78.98235758;-2.90618114;[0];-98.0625
-78.98211478;-2.906180704;[0];-98.1875
-78.98187198;-2.906180268;[0];-98.3750
-78.98162918;-2.906179832;[0];-98.5625
-78.98138638;-2.906179396;[0];-98.6875
-78.98114358;-2.90617896;[0];-98.8750
-78.98090078;-2.906178523;[0];-99.0000
-78.98065798;-2.906178087;[0];-99.1875
-78.98041518;-2.906177651;[0];-99.3125
-78.98017238;-2.906177214;[0];-99.5000
-78.97992958;-2.906176778;[0];-99.6250
-78.97968678;-2.906176341;[0];-99.8125
-78.97944398;-2.906175904;[0];-99.9375
-78.97920118;-2.906175468;[0];-100.0625
-78.97895838;-2.906175031;[0];-100.2500
-78.97871558;-2.906174594;[0];-100.3750
-78.97847278;-2.906174157;[0];-100.5000
-78.97822998;-2.90617372;[0];-100.6875
-78.97798718;-2.906173284;[0];-100.8125
-78.97774438;-2.906172847;[0];-100.9375
-78.97750158;-2.906172409;[0];-101.0625
-78.97725878;-2.906171972;[0];-101.2500
-78.97701598;-2.906171535;[0];-101.3750
-78.97677318;-2.906171098;[0];-101.5000
-78.97653038;-2.906170661;[0];-101.6250
-78.97628758;-2.906170223;[0];-101.7500
-78.97604478;-2.906169786;[0];-101.8750
-78.97580198;-2.906169349;[0];-102.0000
-79.00785226;-2.905982512;[0];-101.3750
-79.00760945;-2.905982082;[0];-100.3750
-79.00736665;-2.905981651;[0];-99.5625
-79.00712384;-2.905981221;[0];-99.0000
-79.00688104;-2.90598079;[0];-98.5000
-79.00663824;-2.905980359;[0];-97.5625
-79.00639543;-2.905979928;[0];-97.0000
-79.00615263;-2.905979498;[0];-96.5000
-79.00590982;-2.905979067;[0];-95.9375
-79.00566702;-2.905978636;[0];-95.4375
-79.00542422;-2.905978205;[0];-95.3750
-79.00518141;-2.905977774;[0];-95.2500
-79.00493861;-2.905977343;[0];-95.0000
-79.00469581;-2.905976912;[0];-94.8750
-79.00445300;-2.90597648;[0];-93.9375
-79.00421020;-2.905976049;[0];-92.2500
-79.00396739;-2.905975618;[0];-90.0625
-79.00372459;-2.905975186;[0];-87.0000
-79.00348179;-2.905974755;[0];-84.2500
-79.00323898;-2.905974324;[0];-81.7500
-79.00299618;-2.905973892;[0];-79.7500
-79.00275338;-2.90597346;[0];-78.0625
-79.00251057;-2.905973029;[0];-76.9375
-79.00226777;-2.905972597;[0];-76.1875
-79.00202497;-2.905972165;[0];-75.6875
-79.00178216;-2.905971734;[0];-75.3750
-79.00153936;-2.905971302;[0];-75.3125
-79.00129656;-2.90597087;[0];-75.3125
-79.00105375;-2.905970438;[0];-75.5000
-79.00081095;-2.905970006;[0];-75.7500
-79.00056815;-2.905969574;[0];-76.1250
-79.00032534;-2.905969142;[0];-76.4375
-79.00008254;-2.90596871;[0];-76.8125
-78.99983974;-2.905968278;[0];-77.2500
-78.99959693;-2.905967845;[0];-77.6875
-78.99935413;-2.905967413;[0];-78.1250
-78.99911133;-2.905966981;[0];-78.5625
-78.99886853;-2.905966548;[0];-79.0625
-78.99862572;-2.905966116;[0];-79.5000
-78.99838292;-2.905965683;[0];-80.0000
-78.99814012;-2.905965251;[0];-80.3750
-78.99789731;-2.905964818;[0];-80.7500
-78.99765451;-2.905964386;[0];-81.2500
-78.99741171;-2.905963953;[0];-81.6875
-78.99716891;-2.90596352;[0];-82.1250
-78.99692610;-2.905963087;[0];-82.5000
-78.9966833;-2.905962654;[0];-82.9375
-78.99644050;-2.905962221;[0];-83.3125
-78.99619770;-2.905961788;[0];-83.6875
-78.99595489;-2.905961355;[0];-84.1250
-78.99571209;-2.905960922;[0];-84.5000
-78.99546929;-2.905960489;[0];-84.8750
-78.99522649;-2.905960056;[0];-85.3125
-78.99498368;-2.905959623;[0];-85.6250
-78.99474088;-2.90595919;[0];-86.0000
-78.99449808;-2.905958756;[0];-86.3125
-78.99425528;-2.905958323;[0];-86.6250
-78.99401247;-2.905957889;[0];-87.0000
-78.99376967;-2.905957456;[0];-87.3125
-78.99352687;-2.905957022;[0];-87.6250
-78.99328407;-2.905956589;[0];-87.9375
-78.99304127;-2.905956155;[0];-88.2500
-78.99279846;-2.905955721;[0];-88.5625
-78.99255566;-2.905955288;[0];-88.8750
-78.99231286;-2.905954854;[0];-89.1250
-78.99207006;-2.90595442;[0];-89.4375
-78.99182726;-2.905953986;[0];-89.7500
-78.99158445;-2.905953552;[0];-90.0000
-78.99134165;-2.905953118;[0];-90.2500
-78.99109885;-2.905952684;[0];-90.5000
-78.99085605;-2.90595225;[0];-90.7500
-78.99061325;-2.905951816;[0];-91.0000
-78.99037045;-2.905951381;[0];-91.3125
-78.99012764;-2.905950947;[0];-91.5625
-78.98988484;-2.905950513;[0];-91.8125
-78.98964204;-2.905950078;[0];-92.0625
-78.98939924;-2.905949644;[0];-92.3125
-78.98915644;-2.905949209;[0];-92.5625
-78.98891364;-2.905948775;[0];-92.7500
-78.98867084;-2.90594834;[0];-93.0000
-78.98842803;-2.905947906;[0];-93.2500
-78.98818523;-2.905947471;[0];-93.4375
-78.98794243;-2.905947036;[0];-93.6875
-78.98769963;-2.905946601;[0];-93.8750
-78.98745683;-2.905946166;[0];-94.0625
-78.98721403;-2.905945732;[0];-94.3125
-78.98697123;-2.905945297;[0];-94.5000
-78.98672843;-2.905944862;[0];-94.6875
-78.98648563;-2.905944426;[0];-94.8750
-78.98624282;-2.905943991;[0];-95.1250
-78.98600002;-2.905943556;[0];-95.3125
-78.98575722;-2.905943121;[0];-95.5000
-78.98551442;-2.905942686;[0];-95.6875
-78.98527162;-2.90594225;[0];-95.8750
-78.98502882;-2.905941815;[0];-96.0625
-78.98478602;-2.90594138;[0];-96.2500
-78.98454322;-2.905940944;[0];-96.4375
-78.98430042;-2.905940508;[0];-96.6250
-78.98405762;-2.905940073;[0];-96.8125
-78.98381482;-2.905939637;[0];-97.0000
-78.98357202;-2.905939202;[0];-97.1875
-78.98332921;-2.905938766;[0];-97.3750
-78.98308641;-2.90593833;[0];-97.5000
-78.98284361;-2.905937894;[0];-97.6875
-78.98260081;-2.905937458;[0];-97.8750
-78.98235801;-2.905937022;[0];-98.0625
-78.98211521;-2.905936586;[0];-98.1875
-78.98187241;-2.90593615;[0];-98.3750
-78.98162961;-2.905935714;[0];-98.5625
-78.98138681;-2.905935278;[0];-98.6875
-78.98114401;-2.905934842;[0];-98.8750
-78.98090121;-2.905934405;[0];-99.0000
-78.98065841;-2.905933969;[0];-99.1875
-78.98041561;-2.905933533;[0];-99.3125
-78.98017281;-2.905933096;[0];-99.5000
-78.97993001;-2.90593266;[0];-99.6250
-78.97968721;-2.905932223;[0];-99.8125
-78.97944441;-2.905931787;[0];-99.9375
-78.97920161;-2.90593135;[0];-100.0625
-78.97895881;-2.905930913;[0];-100.2500
-78.97871601;-2.905930477;[0];-100.3750
-78.97847321;-2.90593004;[0];-100.5000
-78.97823041;-2.905929603;[0];-100.6875
-78.97798761;-2.905929166;[0];-100.8125
-78.97774481;-2.905928729;[0];-100.9375
-78.97750201;-2.905928292;[0];-101.0625
-78.97725921;-2.905927855;[0];-101.1875
-78.97701641;-2.905927418;[0];-101.3750
-78.97677361;-2.905926981;[0];-101.5000
-78.97653081;-2.905926543;[0];-101.6250
-78.97628801;-2.905926106;[0];-101.7500
-78.97604521;-2.905925669;[0];-101.8750
-78.97580242;-2.905925231;[0];-102.0000
-79.00760988;-2.90573796;[0];-101.1250
-79.00736708;-2.905737529;[0];-100.2500
-79.00712427;-2.905737099;[0];-99.2500
-79.00688147;-2.905736668;[0];-98.6250
-79.00663866;-2.905736237;[0];-98.3125
-79.00639586;-2.905735807;[0];-97.6250
-79.00615306;-2.905735376;[0];-97.1250
-79.00591025;-2.905734945;[0];-96.8125
-79.00566745;-2.905734514;[0];-96.8750
-79.00542465;-2.905734083;[0];-97.0000
-79.00518184;-2.905733652;[0];-98.1250
-79.00493904;-2.905733221;[0];-98.7500
-79.00469623;-2.90573279;[0];-99.7500
-79.00445343;-2.905732359;[0];-99.4375
-79.00421063;-2.905731928;[0];-97.6875
-79.00396782;-2.905731496;[0];-94.5625
-79.00372502;-2.905731065;[0];-90.1875
-79.00348222;-2.905730634;[0];-85.6875
-79.00323941;-2.905730202;[0];-82.2500
-79.00299661;-2.905729771;[0];-79.1875
-79.00275381;-2.905729339;[0];-77.3125
-79.00251100;-2.905728908;[0];-75.8125
-79.00226820;-2.905728476;[0];-75.0000
-79.00202540;-2.905728044;[0];-74.5000
-79.00178259;-2.905727613;[0];-74.2500
-79.00153979;-2.905727181;[0];-74.2500
-79.00129699;-2.905726749;[0];-74.4375
-79.00105418;-2.905726317;[0];-74.6250
-79.00081138;-2.905725885;[0];-74.9375
-79.00056858;-2.905725453;[0];-75.3125
-79.00032577;-2.905725021;[0];-75.8125
-79.00008297;-2.905724589;[0];-76.1875
-78.99984017;-2.905724157;[0];-76.6875
-78.99959736;-2.905723725;[0];-77.1250
-78.99935456;-2.905723292;[0];-77.6250
-78.99911176;-2.90572286;[0];-78.1875
-78.99886896;-2.905722428;[0];-78.6250
-78.99862615;-2.905721995;[0];-79.0625
-78.99838335;-2.905721563;[0];-79.6250
-78.99814055;-2.90572113;[0];-80.0625
-78.99789774;-2.905720698;[0];-80.5000
-78.99765494;-2.905720265;[0];-81.0000
-78.99741214;-2.905719832;[0];-81.3750
-78.99716934;-2.9057194;[0];-81.8125
-78.99692653;-2.905718967;[0];-82.2500
-78.99668373;-2.905718534;[0];-82.6875
-78.99644093;-2.905718101;[0];-83.1250
-78.99619813;-2.905717668;[0];-83.5625
-78.99595532;-2.905717235;[0];-83.9375
-78.99571252;-2.905716802;[0];-84.3750
-78.99546972;-2.905716369;[0];-84.7500
-78.99522692;-2.905715936;[0];-85.0625
-78.99498411;-2.905715503;[0];-85.4375
-78.99474131;-2.905715069;[0];-85.8125
-78.99449851;-2.905714636;[0];-86.1875
-78.99425571;-2.905714203;[0];-86.5000
-78.99401291;-2.905713769;[0];-86.8750
-78.99377010;-2.905713336;[0];-87.1875
-78.99352730;-2.905712902;[0];-87.5625
-78.99328450;-2.905712469;[0];-87.8750
-78.99304170;-2.905712035;[0];-88.1250
-78.99279890;-2.905711602;[0];-88.4375
-78.99255609;-2.905711168;[0];-88.7500
-78.99231329;-2.905710734;[0];-89.0000
-78.99207049;-2.9057103;[0];-89.3125
-78.99182769;-2.905709866;[0];-89.6250
-78.99158489;-2.905709432;[0];-89.8750
-78.99134208;-2.905708998;[0];-90.1875
-78.99109928;-2.905708564;[0];-90.4375
-78.99085648;-2.90570813;[0];-90.7500
-78.99061368;-2.905707696;[0];-91.0000
-78.99037088;-2.905707262;[0];-91.2500
-78.99012808;-2.905706828;[0];-91.5000
-78.98988528;-2.905706393;[0];-91.7500
-78.98964247;-2.905705959;[0];-92.0000
-78.98939967;-2.905705525;[0];-92.1875
-78.98915687;-2.90570509;[0];-92.4375
-78.98891407;-2.905704656;[0];-92.6875
-78.98867127;-2.905704221;[0];-92.9375
-78.98842847;-2.905703786;[0];-93.1250
-78.98818567;-2.905703352;[0];-93.3750
-78.98794286;-2.905702917;[0];-93.5625
-78.98770006;-2.905702482;[0];-93.8125
-78.98745726;-2.905702047;[0];-94.0000
-78.98721446;-2.905701613;[0];-94.2500
-78.98697166;-2.905701178;[0];-94.4375
-78.98672886;-2.905700743;[0];-94.6875
-78.98648606;-2.905700308;[0];-94.8750
-78.98624326;-2.905699873;[0];-95.0625
-78.98600046;-2.905699437;[0];-95.2500
-78.98575766;-2.905699002;[0];-95.5000
-78.98551485;-2.905698567;[0];-95.6875
-78.98527205;-2.905698132;[0];-95.8750
-78.98502925;-2.905697696;[0];-96.0625
-78.98478645;-2.905697261;[0];-96.2500
-78.98454365;-2.905696825;[0];-96.4375
-78.98430085;-2.90569639;[0];-96.6250
-78.98405805;-2.905695954;[0];-96.8125
-78.98381525;-2.905695519;[0];-97.0000
-78.98357245;-2.905695083;[0];-97.1875
-78.98332965;-2.905694647;[0];-97.3750
-78.98308685;-2.905694212;[0];-97.5000
-78.98284405;-2.905693776;[0];-97.6875
-78.98260125;-2.90569334;[0];-97.8750
-78.98235845;-2.905692904;[0];-98.0625
-78.98211565;-2.905692468;[0];-98.1875
-78.98187285;-2.905692032;[0];-98.3750
-78.98163005;-2.905691596;[0];-98.5625
-78.98138725;-2.90569116;[0];-98.6875
-78.98114445;-2.905690724;[0];-98.8750
-78.98090165;-2.905690287;[0];-99.0000
-78.98065884;-2.905689851;[0];-99.1875
-78.98041604;-2.905689415;[0];-99.3125
-78.98017324;-2.905688978;[0];-99.5000
-78.97993044;-2.905688542;[0];-99.6250
-78.97968764;-2.905688105;[0];-99.7500
-78.97944484;-2.905687669;[0];-99.9375
-78.97920204;-2.905687232;[0];-100.0625
-78.97895925;-2.905686796;[0];-100.1875
-78.97871645;-2.905686359;[0];-100.3750
-78.97847365;-2.905685922;[0];-100.5000
-78.97823085;-2.905685485;[0];-100.6250
-78.97798805;-2.905685048;[0];-100.7500
-78.97774525;-2.905684611;[0];-100.8750
-78.97750245;-2.905684175;[0];-101.0625
-78.97725965;-2.905683737;[0];-101.1875
-78.97701685;-2.9056833;[0];-101.3125
-78.97677405;-2.905682863;[0];-101.4375
-78.97653125;-2.905682426;[0];-101.5625
-78.97628845;-2.905681989;[0];-101.6875
-78.97604565;-2.905681552;[0];-101.8125
-78.97580285;-2.905681114;[0];-101.9375
-79.00761031;-2.905493838;[0];-102.0000
-79.00736751;-2.905493407;[0];-101.1250
-79.0071247;-2.905492977;[0];-100.3125
-79.00688190;-2.905492546;[0];-99.4375
-79.00663909;-2.905492115;[0];-98.6250
-79.00639629;-2.905491685;[0];-98.3125
-79.00615349;-2.905491254;[0];-98.1250
-79.00591068;-2.905490823;[0];-98.2500
-79.00566788;-2.905490392;[0];-98.9375
-79.00542507;-2.905489961;[0];-100.7500
-79.00445386;-2.905488237;[0];-100.9375
-79.00421106;-2.905487806;[0];-98.8125
-79.00396825;-2.905487375;[0];-96.5625
-79.00372545;-2.905486944;[0];-93.3750
-79.00348264;-2.905486512;[0];-89.8125
-79.00323984;-2.905486081;[0];-84.1875
-79.00299704;-2.905485649;[0];-79.5625
-79.00275423;-2.905485218;[0];-76.6875
-79.00251143;-2.905484786;[0];-74.9375
-79.00226863;-2.905484355;[0];-73.8750
-79.00202582;-2.905483923;[0];-73.3750
-79.00178302;-2.905483491;[0];-73.3125
-79.00154022;-2.90548306;[0];-73.3125
-79.00129742;-2.905482628;[0];-73.5625
-79.00105461;-2.905482196;[0];-73.8125
-79.00081181;-2.905481764;[0];-74.2500
-79.00056901;-2.905481332;[0];-74.6250
-79.00032620;-2.9054809;[0];-75.1875
-79.00008340;-2.905480468;[0];-75.6875
-78.99984060;-2.905480036;[0];-76.1875
-78.99959779;-2.905479604;[0];-76.6250
-78.99935499;-2.905479172;[0];-77.1875
-78.99911219;-2.905478739;[0];-77.7500
-78.99886939;-2.905478307;[0];-78.2500
-78.99862658;-2.905477875;[0];-78.7500
-78.99838378;-2.905477442;[0];-79.2500
-78.99814098;-2.90547701;[0];-79.7500
-78.99789817;-2.905476577;[0];-80.2500
-78.99765537;-2.905476145;[0];-80.7500
-78.99741257;-2.905475712;[0];-81.1875
-78.99716977;-2.905475279;[0];-81.6250
-78.99692696;-2.905474846;[0];-82.0625
-78.99668416;-2.905474414;[0];-82.5000
-78.99644136;-2.905473981;[0];-82.9375
-78.99619856;-2.905473548;[0];-83.3750
-78.99595575;-2.905473115;[0];-83.7500
-78.99571295;-2.905472682;[0];-84.1875
-78.99547015;-2.905472249;[0];-84.5625
-78.99522735;-2.905471816;[0];-85.0000
-78.99498455;-2.905471383;[0];-85.3750
-78.99474174;-2.905470949;[0];-85.6875
-78.99449894;-2.905470516;[0];-86.0625
-78.99425614;-2.905470083;[0];-86.3750
-78.99401334;-2.905469649;[0];-86.7500
-78.99377053;-2.905469216;[0];-87.0625
-78.99352773;-2.905468782;[0];-87.4375
-78.99328493;-2.905468349;[0];-87.7500
-78.99304213;-2.905467915;[0];-88.0625
-78.99279933;-2.905467482;[0];-88.3750
-78.99255653;-2.905467048;[0];-88.6875
-78.99231372;-2.905466614;[0];-89.0000
-78.99207092;-2.90546618;[0];-89.2500
-78.99182812;-2.905465747;[0];-89.5625
-78.99158532;-2.905465313;[0];-89.8125
-78.99134252;-2.905464879;[0];-90.1250
-78.99109971;-2.905464445;[0];-90.3750
-78.99085691;-2.905464011;[0];-90.6250
-78.99061411;-2.905463577;[0];-90.8750
-78.99037131;-2.905463142;[0];-91.1250
-78.99012851;-2.905462708;[0];-91.3750
-78.98988571;-2.905462274;[0];-91.6875
-78.98964291;-2.90546184;[0];-91.9375
-78.98940010;-2.905461405;[0];-92.1875
-78.98915730;-2.905460971;[0];-92.3750
-78.98891450;-2.905460536;[0];-92.6250
-78.9886717;-2.905460102;[0];-92.8750
-78.98842890;-2.905459667;[0];-93.1250
-78.98818610;-2.905459233;[0];-93.3750
-78.98794330;-2.905458798;[0];-93.5625
-78.98770050;-2.905458363;[0];-93.8125
-78.98745769;-2.905457928;[0];-94.0000
-78.98721489;-2.905457494;[0];-94.2500
-78.98697209;-2.905457059;[0];-94.4375
-78.98672929;-2.905456624;[0];-94.6875
-78.98648649;-2.905456189;[0];-94.8750
-78.98624369;-2.905455754;[0];-95.0625
-78.98600089;-2.905455319;[0];-95.2500
-78.98575809;-2.905454883;[0];-95.5000
-78.98551529;-2.905454448;[0];-95.6875
-78.98527249;-2.905454013;[0];-95.8750
-78.98502969;-2.905453578;[0];-96.0625
-78.98478689;-2.905453142;[0];-96.2500
-78.98454408;-2.905452707;[0];-96.4375
-78.98430128;-2.905452271;[0];-96.6250
-78.98405848;-2.905451836;[0];-96.8125
-78.98381568;-2.9054514;[0];-97.0000
-78.98357288;-2.905450965;[0];-97.1875
-78.98333008;-2.905450529;[0];-97.3125
-78.98308728;-2.905450093;[0];-97.5000
-78.98284448;-2.905449658;[0];-97.6875
-78.98260168;-2.905449222;[0];-97.8125
-78.98235888;-2.905448786;[0];-98.0000
-78.98211608;-2.90544835;[0];-98.1875
-78.98187328;-2.905447914;[0];-98.3125
-78.98163048;-2.905447478;[0];-98.5000
-78.98138768;-2.905447042;[0];-98.6250
-78.98114488;-2.905446606;[0];-98.8125
-78.98090208;-2.905446169;[0];-98.9375
-78.98065928;-2.905445733;[0];-99.1250
-78.98041648;-2.905445297;[0];-99.2500
-78.98017368;-2.90544486;[0];-99.4375
-78.97993088;-2.905444424;[0];-99.5625
-78.97968808;-2.905443988;[0];-99.6875
-78.97944528;-2.905443551;[0];-99.8750
-78.97920248;-2.905443114;[0];-100.0000
-78.97895968;-2.905442678;[0];-100.1250
-78.97871688;-2.905442241;[0];-100.3125
-78.97847408;-2.905441804;[0];-100.4375
-78.97823128;-2.905441368;[0];-100.5625
-78.97798848;-2.905440931;[0];-100.6875
-78.97774568;-2.905440494;[0];-100.8750
-78.97750288;-2.905440057;[0];-101.0000
-78.97726008;-2.90543962;[0];-101.1250
-78.97701728;-2.905439183;[0];-101.2500
-78.97677448;-2.905438746;[0];-101.3750
-78.97653168;-2.905438309;[0];-101.5000
-78.97628888;-2.905437872;[0];-101.6250
-78.97604608;-2.905437434;[0];-101.8125
-78.97580329;-2.905436997;[0];-101.9375
-79.00736793;-2.905249285;[0];-102.0000
-79.00712513;-2.905248855;[0];-101.4375
-79.00688233;-2.905248424;[0];-100.6250
-79.00663952;-2.905247994;[0];-100.0000
-79.00639672;-2.905247563;[0];-99.3750
-79.00615391;-2.905247132;[0];-99.4375
-79.00591111;-2.905246701;[0];-100.4375
-79.00469709;-2.905244547;[0];-99.2500
-79.00445429;-2.905244116;[0];-94.0000
-79.00421148;-2.905243685;[0];-90.4375
-79.00396868;-2.905243253;[0];-88.6875
-79.00372588;-2.905242822;[0];-90.3750
-79.00348307;-2.905242391;[0];-90.1250
-79.00324027;-2.905241959;[0];-86.5625
-79.00299747;-2.905241528;[0];-81.1875
-79.00275466;-2.905241097;[0];-76.5000
-79.00251186;-2.905240665;[0];-74.0625
-79.00226906;-2.905240234;[0];-72.9375
-79.00202625;-2.905239802;[0];-72.3125
-79.00178345;-2.90523937;[0];-72.3125
-79.00154065;-2.905238939;[0];-72.4375
-79.00129784;-2.905238507;[0];-72.7500
-79.00105504;-2.905238075;[0];-73.1250
-79.00081224;-2.905237643;[0];-73.5625
-79.00056944;-2.905237211;[0];-74.0625
-79.00032663;-2.905236779;[0];-74.5625
-79.00008383;-2.905236347;[0];-75.1875
-78.99984103;-2.905235915;[0];-75.7500
-78.99959822;-2.905235483;[0];-76.2500
-78.99935542;-2.905235051;[0];-76.8125
-78.99911262;-2.905234619;[0];-77.3750
-78.99886982;-2.905234186;[0];-77.9375
-78.99862701;-2.905233754;[0];-78.5000
-78.99838421;-2.905233321;[0];-79.0625
-78.99814141;-2.905232889;[0];-79.5625
-78.99789860;-2.905232457;[0];-80.0000
-78.99765580;-2.905232024;[0];-80.5000
-78.99741300;-2.905231591;[0];-80.9375
-78.99717020;-2.905231159;[0];-81.4375
-78.99692739;-2.905230726;[0];-81.8750
-78.99668459;-2.905230293;[0];-82.3750
-78.99644179;-2.90522986;[0];-82.8125
-78.99619899;-2.905229428;[0];-83.2500
-78.99595619;-2.905228995;[0];-83.6250
-78.99571338;-2.905228562;[0];-84.0625
-78.99547058;-2.905228129;[0];-84.4375
-78.99522778;-2.905227696;[0];-84.8125
-78.99498498;-2.905227262;[0];-85.2500
-78.99474217;-2.905226829;[0];-85.6250
-78.99449937;-2.905226396;[0];-86.0000
-78.99425657;-2.905225963;[0];-86.3125
-78.99401377;-2.905225529;[0];-86.6875
-78.99377097;-2.905225096;[0];-87.0000
-78.99352816;-2.905224663;[0];-87.3125
-78.99328536;-2.905224229;[0];-87.6250
-78.99304256;-2.905223796;[0];-87.9375
-78.99279976;-2.905223362;[0];-88.2500
-78.99255696;-2.905222928;[0];-88.5625
-78.99231415;-2.905222495;[0];-88.8750
-78.99207135;-2.905222061;[0];-89.1875
-78.99182855;-2.905221627;[0];-89.5000
-78.99158575;-2.905221193;[0];-89.7500
-78.99134295;-2.905220759;[0];-90.0625
-78.99110015;-2.905220325;[0];-90.3125
-78.99085734;-2.905219891;[0];-90.6250
-78.99061454;-2.905219457;[0];-90.8750
-78.99037174;-2.905219023;[0];-91.1250
-78.99012894;-2.905218589;[0];-91.3750
-78.98988614;-2.905218155;[0];-91.6250
-78.98964334;-2.90521772;[0];-91.8750
-78.98940054;-2.905217286;[0];-92.1250
-78.98915774;-2.905216852;[0];-92.3750
-78.98891493;-2.905216417;[0];-92.6250
-78.98867213;-2.905215983;[0];-92.8750
-78.98842933;-2.905215548;[0];-93.1250
-78.98818653;-2.905215114;[0];-93.3125
-78.98794373;-2.905214679;[0];-93.5625
-78.98770093;-2.905214244;[0];-93.8125
-78.98745813;-2.905213809;[0];-94.0000
-78.98721533;-2.905213375;[0];-94.2500
-78.98697253;-2.90521294;[0];-94.4375
-78.98672972;-2.905212505;[0];-94.6250
-78.98648692;-2.90521207;[0];-94.8750
-78.98624412;-2.905211635;[0];-95.0625
-78.98600132;-2.9052112;[0];-95.2500
-78.98575852;-2.905210765;[0];-95.4375
-78.98551572;-2.90521033;[0];-95.6250
-78.98527292;-2.905209894;[0];-95.8125
-78.98503012;-2.905209459;[0];-96.0000
-78.98478732;-2.905209024;[0];-96.1875
-78.98454452;-2.905208588;[0];-96.3750
-78.98430172;-2.905208153;[0];-96.5625
-78.98405892;-2.905207717;[0];-96.7500
-78.98381612;-2.905207282;[0];-96.9375
-78.98357332;-2.905206846;[0];-97.1250
-78.98333051;-2.905206411;[0];-97.2500
-78.98308771;-2.905205975;[0];-97.4375
-78.98284491;-2.905205539;[0];-97.6250
-78.98260211;-2.905205103;[0];-97.7500
-78.98235931;-2.905204668;[0];-97.9375
-78.98211651;-2.905204232;[0];-98.1250
-78.98187371;-2.905203796;[0];-98.2500
-78.98163091;-2.90520336;[0];-98.4375
-78.98138811;-2.905202924;[0];-98.5625
-78.98114531;-2.905202488;[0];-98.7500
-78.98090251;-2.905202051;[0];-98.9375
-78.98065971;-2.905201615;[0];-99.0625
-78.98041691;-2.905201179;[0];-99.2500
-78.98017411;-2.905200743;[0];-99.3750
-78.97993131;-2.905200306;[0];-99.5000
-78.97968851;-2.90519987;[0];-99.6875
-78.97944571;-2.905199433;[0];-99.8125
-78.97920291;-2.905198997;[0];-100.0000
-78.97896011;-2.90519856;[0];-100.1250
-78.97871731;-2.905198123;[0];-100.2500
-78.97847451;-2.905197687;[0];-100.4375
-78.97823171;-2.90519725;[0];-100.5625
-78.97798891;-2.905196813;[0];-100.6875
-78.97774612;-2.905196376;[0];-100.8125
-78.97750332;-2.90519594;[0];-101.0000
-78.97726052;-2.905195503;[0];-101.1250
-78.97701772;-2.905195066;[0];-101.2500
-78.97677492;-2.905194629;[0];-101.3750
-78.97653212;-2.905194191;[0];-101.5000
-78.97628932;-2.905193754;[0];-101.6250
-78.97604652;-2.905193317;[0];-101.8125
-78.97580372;-2.90519288;[0];-101.9375
-79.00688275;-2.905004302;[0];-101.8125
-79.00663995;-2.905003872;[0];-101.5000
-79.00639715;-2.905003441;[0];-101.3750
-79.00615434;-2.90500301;[0];-101.7500
-79.00494032;-2.905000856;[0];-96.3125
-79.00469752;-2.905000425;[0];-90.9375
-79.00445472;-2.904999994;[0];-86.6875
-79.00421191;-2.904999563;[0];-82.9375
-79.00396911;-2.904999132;[0];-79.2500
-79.00372631;-2.904998701;[0];-77.8750
-79.00348350;-2.904998269;[0];-79.8750
-79.00324070;-2.904997838;[0];-86.8750
-79.00299790;-2.904997407;[0];-82.9375
-79.00275509;-2.904996975;[0];-77.1250
-79.00251229;-2.904996544;[0];-73.6250
-79.00226949;-2.904996112;[0];-72.1250
-79.00202668;-2.904995681;[0];-71.5000
-79.00178388;-2.904995249;[0];-71.4375
-79.00154108;-2.904994817;[0];-71.6875
-79.00129827;-2.904994386;[0];-72.0625
-79.00105547;-2.904993954;[0];-72.4375
-79.00081267;-2.904993522;[0];-73.0000
-79.00056986;-2.90499309;[0];-73.5625
-79.00032706;-2.904992658;[0];-74.1250
-79.00008426;-2.904992226;[0];-74.7500
-78.99984146;-2.904991794;[0];-75.3750
-78.99959865;-2.904991362;[0];-75.9375
-78.99935585;-2.90499093;[0];-76.5000
-78.99911305;-2.904990498;[0];-77.0625
-78.99887025;-2.904990065;[0];-77.6250
-78.99862744;-2.904989633;[0];-78.2500
-78.99838464;-2.904989201;[0];-78.8125
-78.99814184;-2.904988768;[0];-79.3125
-78.99789903;-2.904988336;[0];-79.8125
-78.99765623;-2.904987903;[0];-80.3125
-78.99741343;-2.904987471;[0];-80.8125
-78.99717063;-2.904987038;[0];-81.3125
-78.99692783;-2.904986606;[0];-81.7500
-78.99668502;-2.904986173;[0];-82.2500
-78.99644222;-2.90498574;[0];-82.6875
-78.99619942;-2.904985307;[0];-83.1250
-78.99595662;-2.904984874;[0];-83.5000
-78.99571381;-2.904984441;[0];-83.9375
-78.99547101;-2.904984008;[0];-84.3125
-78.99522821;-2.904983575;[0];-84.6875
-78.99498541;-2.904983142;[0];-85.1250
-78.99474261;-2.904982709;[0];-85.5000
-78.99449980;-2.904982276;[0];-85.8750
-78.994257;-2.904981843;[0];-86.2500
-78.99401420;-2.904981409;[0];-86.5625
-78.99377140;-2.904980976;[0];-86.9375
-78.99352860;-2.904980543;[0];-87.2500
-78.99328579;-2.904980109;[0];-87.6250
-78.99304299;-2.904979676;[0];-87.9375
-78.99280019;-2.904979242;[0];-88.2500
-78.99255739;-2.904978808;[0];-88.5625
-78.99231459;-2.904978375;[0];-88.8750
-78.99207178;-2.904977941;[0];-89.1875
-78.99182898;-2.904977507;[0];-89.4375
-78.99158618;-2.904977074;[0];-89.7500
-78.99134338;-2.90497664;[0];-90.0625
-78.99110058;-2.904976206;[0];-90.3125
-78.99085778;-2.904975772;[0];-90.6250
-78.99061498;-2.904975338;[0];-90.8750
-78.99037217;-2.904974904;[0];-91.1250
-78.99012937;-2.904974469;[0];-91.3750
-78.98988657;-2.904974035;[0];-91.6250
-78.98964377;-2.904973601;[0];-91.8750
-78.98940097;-2.904973167;[0];-92.1250
-78.98915817;-2.904972732;[0];-92.3750
-78.98891537;-2.904972298;[0];-92.5625
-78.98867256;-2.904971864;[0];-92.8125
-78.98842976;-2.904971429;[0];-93.0625
-78.98818696;-2.904970994;[0];-93.2500
-78.98794416;-2.90497056;[0];-93.5000
-78.98770136;-2.904970125;[0];-93.6875
-78.98745856;-2.90496969;[0];-93.9375
-78.98721576;-2.904969256;[0];-94.1250
-78.98697296;-2.904968821;[0];-94.3750
-78.98673016;-2.904968386;[0];-94.5625
-78.98648736;-2.904967951;[0];-94.7500
-78.98624456;-2.904967516;[0];-94.9375
-78.98600175;-2.904967081;[0];-95.1875
-78.98575895;-2.904966646;[0];-95.3750
-78.98551615;-2.904966211;[0];-95.5625
-78.98527335;-2.904965776;[0];-95.7500
-78.98503055;-2.90496534;[0];-95.9375
-78.98478775;-2.904964905;[0];-96.1250
-78.98454495;-2.90496447;[0];-96.3125
-78.98430215;-2.904964034;[0];-96.5000
-78.98405935;-2.904963599;[0];-96.6875
-78.98381655;-2.904963163;[0];-96.8750
-78.98357375;-2.904962728;[0];-97.0625
-78.98333095;-2.904962292;[0];-97.2500
-78.98308815;-2.904961857;[0];-97.4375
-78.98284535;-2.904961421;[0];-97.5625
-78.98260255;-2.904960985;[0];-97.7500
-78.98235975;-2.904960549;[0];-97.9375
-78.98211695;-2.904960113;[0];-98.1250
-78.98187415;-2.904959678;[0];-98.2500
-78.98163135;-2.904959242;[0];-98.4375
-78.98138855;-2.904958806;[0];-98.5625
-78.98114575;-2.904958369;[0];-98.7500
-78.98090295;-2.904957933;[0];-98.9375
-78.98066015;-2.904957497;[0];-99.0625
-78.98041735;-2.904957061;[0];-99.2500
-78.98017455;-2.904956625;[0];-99.3750
-78.97993175;-2.904956188;[0];-99.5625
-78.97968895;-2.904955752;[0];-99.6875
-78.97944615;-2.904955315;[0];-99.8125
-78.97920335;-2.904954879;[0];-100.0000
-78.97896055;-2.904954442;[0];-100.1250
-78.97871775;-2.904954006;[0];-100.2500
-78.97847495;-2.904953569;[0];-100.4375
-78.97823215;-2.904953132;[0];-100.5625
-78.97798935;-2.904952696;[0];-100.6875
-78.97774655;-2.904952259;[0];-100.8125
-78.97750375;-2.904951822;[0];-101.0000
-78.97726095;-2.904951385;[0];-101.1250
-78.97701815;-2.904950948;[0];-101.2500
-78.97677535;-2.904950511;[0];-101.3750
-78.97653255;-2.904950074;[0];-101.5000
-78.97628975;-2.904949637;[0];-101.6250
-78.97604695;-2.9049492;[0];-101.8125
-78.97580416;-2.904948763;[0];-101.9375
-79.00518356;-2.904757165;[0];-98.9375
-79.00494075;-2.904756735;[0];-91.9375
-79.00469795;-2.904756304;[0];-87.6250
-79.00445515;-2.904755873;[0];-84.6875
-79.00421234;-2.904755441;[0];-82.5000
-79.00396954;-2.90475501;[0];-76.3750
-79.00372674;-2.904754579;[0];-71.5000
-79.00348393;-2.904754148;[0];-70.8750
-79.00324113;-2.904753717;[0];-76.0625
-79.00299833;-2.904753285;[0];-84.0000
-79.00275552;-2.904752854;[0];-78.0625
-79.00251272;-2.904752423;[0];-73.1250
-79.00226992;-2.904751991;[0];-71.3750
-79.00202711;-2.90475156;[0];-70.8125
-79.00178431;-2.904751128;[0];-70.6875
-79.00154151;-2.904750696;[0];-71.0000
-79.00129870;-2.904750265;[0];-71.3750
-79.0010559;-2.904749833;[0];-71.9375
-79.00081310;-2.904749401;[0];-72.5625
-79.00057029;-2.904748969;[0];-73.1250
-79.00032749;-2.904748537;[0];-73.7500
-79.00008469;-2.904748105;[0];-74.3750
-78.99984189;-2.904747673;[0];-75.0625
-78.99959908;-2.904747241;[0];-75.6875
-78.99935628;-2.904746809;[0];-76.2500
-78.99911348;-2.904746377;[0];-76.8750
-78.99887068;-2.904745945;[0];-77.5000
-78.99862787;-2.904745513;[0];-78.0625
-78.99838507;-2.90474508;[0];-78.6250
-78.99814227;-2.904744648;[0];-79.1875
-78.99789947;-2.904744215;[0];-79.6875
-78.99765666;-2.904743783;[0];-80.1875
-78.99741386;-2.90474335;[0];-80.6875
-78.99717106;-2.904742918;[0];-81.1250
-78.99692826;-2.904742485;[0];-81.6250
-78.99668545;-2.904742052;[0];-82.1250
-78.99644265;-2.90474162;[0];-82.5625
-78.99619985;-2.904741187;[0];-83.0000
-78.99595705;-2.904740754;[0];-83.4375
-78.99571424;-2.904740321;[0];-83.8750
-78.99547144;-2.904739888;[0];-84.3125
-78.99522864;-2.904739455;[0];-84.6875
-78.99498584;-2.904739022;[0];-85.0625
-78.99474304;-2.904738589;[0];-85.5000
-78.99450023;-2.904738156;[0];-85.8750
-78.99425743;-2.904737723;[0];-86.1875
-78.99401463;-2.904737289;[0];-86.5625
-78.99377183;-2.904736856;[0];-86.9375
-78.99352903;-2.904736423;[0];-87.2500
-78.99328622;-2.904735989;[0];-87.5625
-78.99304342;-2.904735556;[0];-87.8750
-78.99280062;-2.904735122;[0];-88.1875
-78.99255782;-2.904734689;[0];-88.5000
-78.99231502;-2.904734255;[0];-88.8125
-78.99207222;-2.904733821;[0];-89.1250
-78.99182941;-2.904733388;[0];-89.3750
-78.99158661;-2.904732954;[0];-89.6875
-78.99134381;-2.90473252;[0];-89.9375
-78.99110101;-2.904732086;[0];-90.2500
-78.99085821;-2.904731652;[0];-90.5000
-78.99061541;-2.904731218;[0];-90.7500
-78.99037261;-2.904730784;[0];-91.0000
-78.99012980;-2.90473035;[0];-91.3125
-78.98988700;-2.904729916;[0];-91.5625
-78.98964420;-2.904729482;[0];-91.8125
-78.9894014;-2.904729047;[0];-92.0625
-78.98915860;-2.904728613;[0];-92.3125
-78.98891580;-2.904728179;[0];-92.5625
-78.98867300;-2.904727744;[0];-92.7500
-78.98843020;-2.90472731;[0];-93.0000
-78.98818739;-2.904726875;[0];-93.2500
-78.98794459;-2.904726441;[0];-93.4375
-78.98770179;-2.904726006;[0];-93.6875
-78.98745899;-2.904725571;[0];-93.9375
-78.98721619;-2.904725137;[0];-94.1250
-78.98697339;-2.904724702;[0];-94.3125
-78.98673059;-2.904724267;[0];-94.5625
-78.98648779;-2.904723832;[0];-94.7500
-78.98624499;-2.904723397;[0];-94.9375
-78.98600219;-2.904722962;[0];-95.1875
-78.98575939;-2.904722527;[0];-95.3750
-78.98551659;-2.904722092;[0];-95.5625
-78.98527379;-2.904721657;[0];-95.7500
-78.98503098;-2.904721222;[0];-95.9375
-78.98478818;-2.904720787;[0];-96.1250
-78.98454538;-2.904720351;[0];-96.3125
-78.98430258;-2.904719916;[0];-96.5000
-78.98405978;-2.90471948;[0];-96.6875
-78.98381698;-2.904719045;[0];-96.8750
-78.98357418;-2.904718609;[0];-97.0625
-78.98333138;-2.904718174;[0];-97.2500
-78.98308858;-2.904717738;[0];-97.4375
-78.98284578;-2.904717303;[0];-97.5625
-78.98260298;-2.904716867;[0];-97.7500
-78.98236018;-2.904716431;[0];-97.9375
-78.98211738;-2.904715995;[0];-98.1250
-78.98187458;-2.904715559;[0];-98.2500
-78.98163178;-2.904715123;[0];-98.4375
-78.98138898;-2.904714687;[0];-98.6250
-78.98114618;-2.904714251;[0];-98.7500
-78.98090338;-2.904713815;[0];-98.9375
-78.98066058;-2.904713379;[0];-99.0625
-78.98041778;-2.904712943;[0];-99.2500
-78.98017498;-2.904712507;[0];-99.3750
-78.97993218;-2.90471207;[0];-99.5625
-78.97968938;-2.904711634;[0];-99.6875
-78.97944658;-2.904711198;[0];-99.8125
-78.97920378;-2.904710761;[0];-100.0000
-78.97896098;-2.904710325;[0];-100.1250
-78.97871818;-2.904709888;[0];-100.2500
-78.97847538;-2.904709452;[0];-100.4375
-78.97823258;-2.904709015;[0];-100.5625
-78.97798978;-2.904708578;[0];-100.6875
-78.97774698;-2.904708141;[0];-100.8750
-78.97750418;-2.904707705;[0];-101.0000
-78.97726139;-2.904707268;[0];-101.1250
-78.97701859;-2.904706831;[0];-101.2500
-78.97677579;-2.904706394;[0];-101.3750
-78.97653299;-2.904705957;[0];-101.5000
-78.97629019;-2.90470552;[0];-101.6875
-78.97604739;-2.904705082;[0];-101.8125
-78.97580459;-2.904704645;[0];-101.9375
-79.00518398;-2.904513044;[0];-97.4375
-79.00494118;-2.904512613;[0];-91.3125
-79.00469838;-2.904512182;[0];-89.8125
-79.00445557;-2.904511751;[0];-82.1250
-79.00421277;-2.90451132;[0];-79.0000
-79.00396997;-2.904510889;[0];-70.5625
-79.00372716;-2.904510458;[0];-72.8125
-79.00348436;-2.904510027;[0];-65.7500
-79.00324156;-2.904509595;[0];-68.9375
-79.00299875;-2.904509164;[0];-81.8750
-79.00275595;-2.904508733;[0];-79.3750
-79.00251315;-2.904508301;[0];-73.1875
-79.00227034;-2.90450787;[0];-70.8125
-79.00202754;-2.904507438;[0];-70.1875
-79.00178474;-2.904507007;[0];-70.0625
-79.00154194;-2.904506575;[0];-70.4375
-79.00129913;-2.904506144;[0];-71.0000
-79.00105633;-2.904505712;[0];-71.5625
-79.00081353;-2.90450528;[0];-72.1875
-79.00057072;-2.904504848;[0];-72.8125
-79.00032792;-2.904504416;[0];-73.5000
-79.00008512;-2.904503984;[0];-74.1875
-78.99984232;-2.904503552;[0];-74.8125
-78.99959951;-2.90450312;[0];-75.4375
-78.99935671;-2.904502688;[0];-76.0625
-78.99911391;-2.904502256;[0];-76.6875
-78.99887111;-2.904501824;[0];-77.3125
-78.99862830;-2.904501392;[0];-77.9375
-78.9983855;-2.90450096;[0];-78.5000
-78.99814270;-2.904500527;[0];-79.0625
-78.99789990;-2.904500095;[0];-79.6250
-78.99765709;-2.904499662;[0];-80.1250
-78.99741429;-2.90449923;[0];-80.6250
-78.99717149;-2.904498797;[0];-81.1250
-78.99692869;-2.904498365;[0];-81.5625
-78.99668588;-2.904497932;[0];-82.0625
-78.99644308;-2.904497499;[0];-82.5000
-78.99620028;-2.904497067;[0];-82.9375
-78.99595748;-2.904496634;[0];-83.3750
-78.99571467;-2.904496201;[0];-83.7500
-78.99547187;-2.904495768;[0];-84.1875
-78.99522907;-2.904495335;[0];-84.5625
-78.99498627;-2.904494902;[0];-85.0000
-78.99474347;-2.904494469;[0];-85.3750
-78.99450066;-2.904494036;[0];-85.7500
-78.99425786;-2.904493603;[0];-86.1250
-78.99401506;-2.904493169;[0];-86.5000
-78.99377226;-2.904492736;[0];-86.8125
-78.99352946;-2.904492303;[0];-87.1875
-78.99328666;-2.904491869;[0];-87.5000
-78.99304385;-2.904491436;[0];-87.8125
-78.99280105;-2.904491003;[0];-88.1250
-78.99255825;-2.904490569;[0];-88.4375
-78.99231545;-2.904490135;[0];-88.7500
-78.99207265;-2.904489702;[0];-89.0625
-78.99182985;-2.904489268;[0];-89.3750
-78.99158704;-2.904488834;[0];-89.6250
-78.99134424;-2.9044884;[0];-89.9375
-78.99110144;-2.904487967;[0];-90.2500
-78.99085864;-2.904487533;[0];-90.5000
-78.99061584;-2.904487099;[0];-90.7500
-78.99037304;-2.904486665;[0];-91.0000
-78.99013024;-2.904486231;[0];-91.3125
-78.98988743;-2.904485797;[0];-91.5625
-78.98964463;-2.904485362;[0];-91.8125
-78.98940183;-2.904484928;[0];-92.0625
-78.98915903;-2.904484494;[0];-92.3125
-78.98891623;-2.90448406;[0];-92.5625
-78.98867343;-2.904483625;[0];-92.7500
-78.98843063;-2.904483191;[0];-93.0000
-78.98818783;-2.904482756;[0];-93.2500
-78.98794503;-2.904482322;[0];-93.4375
-78.98770223;-2.904481887;[0];-93.6875
-78.98745942;-2.904481452;[0];-93.9375
-78.98721662;-2.904481018;[0];-94.1250
-78.98697382;-2.904480583;[0];-94.3750
-78.98673102;-2.904480148;[0];-94.5625
-78.98648822;-2.904479713;[0];-94.7500
-78.98624542;-2.904479278;[0];-95.0000
-78.98600262;-2.904478843;[0];-95.1875
-78.98575982;-2.904478408;[0];-95.3750
-78.98551702;-2.904477973;[0];-95.5625
-78.98527422;-2.904477538;[0];-95.7500
-78.98503142;-2.904477103;[0];-95.9375
-78.98478862;-2.904476668;[0];-96.1250
-78.98454582;-2.904476233;[0];-96.3125
-78.98430302;-2.904475797;[0];-96.5000
-78.98406022;-2.904475362;[0];-96.6875
-78.98381742;-2.904474927;[0];-96.8750
-78.98357462;-2.904474491;[0];-97.0625
-78.98333181;-2.904474056;[0];-97.2500
-78.98308901;-2.90447362;[0];-97.4375
-78.98284621;-2.904473184;[0];-97.6250
-78.98260341;-2.904472749;[0];-97.7500
-78.98236061;-2.904472313;[0];-97.9375
-78.98211781;-2.904471877;[0];-98.1250
-78.98187501;-2.904471441;[0];-98.2500
-78.98163221;-2.904471005;[0];-98.4375
-78.98138941;-2.904470569;[0];-98.6250
-78.98114661;-2.904470133;[0];-98.7500
-78.98090381;-2.904469697;[0];-98.9375
-78.98066101;-2.904469261;[0];-99.0625
-78.98041821;-2.904468825;[0];-99.2500
-78.98017541;-2.904468389;[0];-99.3750
-78.97993261;-2.904467953;[0];-99.5625
-78.97968982;-2.904467516;[0];-99.6875
-78.97944702;-2.90446708;[0];-99.8125
-78.97920422;-2.904466643;[0];-100.0000
-78.97896142;-2.904466207;[0];-100.1250
-78.97871862;-2.90446577;[0];-100.2500
-78.97847582;-2.904465334;[0];-100.4375
-78.97823302;-2.904464897;[0];-100.5625
-78.97799022;-2.904464461;[0];-100.6875
-78.97774742;-2.904464024;[0];-100.8750
-78.97750462;-2.904463587;[0];-101.0000
-78.97726182;-2.90446315;[0];-101.1250
-78.97701902;-2.904462713;[0];-101.2500
-78.97677622;-2.904462276;[0];-101.3750
-78.97653342;-2.904461839;[0];-101.5000
-78.97629062;-2.904461402;[0];-101.6875
-78.97604782;-2.904460965;[0];-101.8125
-78.97580502;-2.904460528;[0];-101.9375
-79.00518441;-2.904268922;[0];-98.6875
-79.00494161;-2.904268491;[0];-93.3750
-79.00469881;-2.90426806;[0];-88.6250
-79.00445600;-2.904267629;[0];-67.8750
-79.00421320;-2.904267198;[0];-63.5000
-79.00397040;-2.904266767;[0];-53.4375
-79.00372759;-2.904266336;[0];-62.6875
-79.00348479;-2.904265905;[0];-64.5625
-79.00324199;-2.904265474;[0];-64.8750
-79.00299918;-2.904265043;[0];-75.3750
-79.00275638;-2.904264611;[0];-80.6875
-79.00251358;-2.90426418;[0];-73.0000
-79.00227077;-2.904263749;[0];-70.3750
-79.00202797;-2.904263317;[0];-69.6875
-79.00178517;-2.904262886;[0];-69.6250
-79.00154236;-2.904262454;[0];-70.1250
-79.00129956;-2.904262022;[0];-70.6875
-79.00105676;-2.904261591;[0];-71.3750
-79.00081396;-2.904261159;[0];-72.0000
-79.00057115;-2.904260727;[0];-72.6250
-79.00032835;-2.904260295;[0];-73.3125
-79.00008555;-2.904259864;[0];-74.0000
-78.99984275;-2.904259432;[0];-74.6250
-78.99959994;-2.904259;[0];-75.3125
-78.99935714;-2.904258568;[0];-75.9375
-78.99911434;-2.904258135;[0];-76.5625
-78.99887154;-2.904257703;[0];-77.1875
-78.99862873;-2.904257271;[0];-77.8125
-78.99838593;-2.904256839;[0];-78.3750
-78.99814313;-2.904256407;[0];-78.9375
-78.99790033;-2.904255974;[0];-79.5000
-78.99765752;-2.904255542;[0];-80.0000
-78.99741472;-2.904255109;[0];-80.5625
-78.99717192;-2.904254677;[0];-81.0000
-78.99692912;-2.904254244;[0];-81.5000
-78.99668631;-2.904253812;[0];-82.0000
-78.99644351;-2.904253379;[0];-82.4375
-78.99620071;-2.904252946;[0];-82.8750
-78.99595791;-2.904252514;[0];-83.3125
-78.99571511;-2.904252081;[0];-83.7500
-78.99547230;-2.904251648;[0];-84.1875
-78.99522950;-2.904251215;[0];-84.5625
-78.99498670;-2.904250782;[0];-85.0000
-78.99474390;-2.904250349;[0];-85.3750
-78.99450110;-2.904249916;[0];-85.7500
-78.99425829;-2.904249483;[0];-86.1250
-78.99401549;-2.904249049;[0];-86.5000
-78.99377269;-2.904248616;[0];-86.8125
-78.99352989;-2.904248183;[0];-87.1875
-78.99328709;-2.90424775;[0];-87.5000
-78.99304428;-2.904247316;[0];-87.8125
-78.99280148;-2.904246883;[0];-88.1250
-78.99255868;-2.904246449;[0];-88.4375
-78.99231588;-2.904246016;[0];-88.7500
-78.99207308;-2.904245582;[0];-89.0625
-78.99183028;-2.904245148;[0];-89.3750
-78.99158748;-2.904244715;[0];-89.6875
-78.99134467;-2.904244281;[0];-89.9375
-78.99110187;-2.904243847;[0];-90.2500
-78.99085907;-2.904243413;[0];-90.5000
-78.99061627;-2.904242979;[0];-90.7500
-78.99037347;-2.904242545;[0];-91.0625
-78.99013067;-2.904242111;[0];-91.3125
-78.98988787;-2.904241677;[0];-91.5625
-78.98964507;-2.904241243;[0];-91.8125
-78.98940226;-2.904240809;[0];-92.0625
-78.98915946;-2.904240375;[0];-92.3125
-78.98891666;-2.90423994;[0];-92.5625
-78.98867386;-2.904239506;[0];-92.7500
-78.98843106;-2.904239072;[0];-93.0000
-78.98818826;-2.904238637;[0];-93.2500
-78.98794546;-2.904238203;[0];-93.5000
-78.98770266;-2.904237768;[0];-93.6875
-78.98745986;-2.904237333;[0];-93.9375
-78.98721706;-2.904236899;[0];-94.1250
-78.98697425;-2.904236464;[0];-94.3750
-78.98673145;-2.904236029;[0];-94.5625
-78.98648865;-2.904235595;[0];-94.7500
-78.98624585;-2.90423516;[0];-95.0000
-78.98600305;-2.904234725;[0];-95.1875
-78.98576025;-2.90423429;[0];-95.3750
-78.98551745;-2.904233855;[0];-95.5625
-78.98527465;-2.90423342;[0];-95.7500
-78.98503185;-2.904232985;[0];-96.0000
-78.98478905;-2.904232549;[0];-96.1875
-78.98454625;-2.904232114;[0];-96.3750
-78.98430345;-2.904231679;[0];-96.5625
-78.98406065;-2.904231243;[0];-96.6875
-78.98381785;-2.904230808;[0];-96.8750
-78.98357505;-2.904230373;[0];-97.0625
-78.98333225;-2.904229937;[0];-97.2500
-78.98308945;-2.904229502;[0];-97.4375
-78.98284665;-2.904229066;[0];-97.6250
-78.98260385;-2.90422863;[0];-97.7500
-78.98236105;-2.904228195;[0];-97.9375
-78.98211825;-2.904227759;[0];-98.1250
-78.98187545;-2.904227323;[0];-98.2500
-78.98163265;-2.904226887;[0];-98.4375
-78.98138985;-2.904226451;[0];-98.6250
-78.98114705;-2.904226015;[0];-98.7500
-78.98090425;-2.904225579;[0];-98.9375
-78.98066145;-2.904225143;[0];-99.0625
-78.98041865;-2.904224707;[0];-99.2500
-78.98017585;-2.904224271;[0];-99.3750
-78.97993305;-2.904223835;[0];-99.5625
-78.97969025;-2.904223398;[0];-99.6875
-78.97944745;-2.904222962;[0];-99.8750
-78.97920465;-2.904222526;[0];-100.0000
-78.97896185;-2.904222089;[0];-100.1250
-78.97871905;-2.904221653;[0];-100.3125
-78.97847625;-2.904221216;[0];-100.4375
-78.97823345;-2.90422078;[0];-100.5625
-78.97799065;-2.904220343;[0];-100.6875
-78.97774785;-2.904219906;[0];-100.8750
-78.97750505;-2.90421947;[0];-101.0000
-78.97726225;-2.904219033;[0];-101.1250
-78.97701946;-2.904218596;[0];-101.2500
-78.97677666;-2.904218159;[0];-101.3750
-78.97653386;-2.904217722;[0];-101.5625
-78.97629106;-2.904217285;[0];-101.6875
-78.97604826;-2.904216848;[0];-101.8125
-78.97580546;-2.904216411;[0];-101.9375
-79.00785568;-2.904029536;[0];-101.9375
-79.00761288;-2.904029106;[0];-101.6875
-79.00737007;-2.904028675;[0];-101.4375
-79.00712727;-2.904028245;[0];-101.2500
-79.00688447;-2.904027815;[0];-101.4375
-79.00664166;-2.904027384;[0];-101.8125
-79.00518484;-2.9040248;[0];-96.1250
-79.00494204;-2.90402437;[0];-91.6875
-79.00469923;-2.904023939;[0];-87.1250
-79.00445643;-2.904023508;[0];-69.8750
-79.00421363;-2.904023077;[0];-27.5000
-79.00397082;-2.904022646;[0];-57.0625
-79.00372802;-2.904022215;[0];-61.8125
-79.00348522;-2.904021784;[0];-65.1875
-79.00324242;-2.904021353;[0];-63.6250
-79.00299961;-2.904020921;[0];-73.1875
-79.00275681;-2.90402049;[0];-81.1875
-79.00251401;-2.904020059;[0];-72.5625
-79.00227120;-2.904019627;[0];-70.0625
-79.0020284;-2.904019196;[0];-69.4375
-79.00178560;-2.904018764;[0];-69.5000
-79.00154279;-2.904018333;[0];-70.0000
-79.00129999;-2.904017901;[0];-70.5625
-79.00105719;-2.90401747;[0];-71.1875
-79.00081439;-2.904017038;[0];-71.8750
-79.00057158;-2.904016606;[0];-72.5625
-79.00032878;-2.904016175;[0];-73.2500
-79.00008598;-2.904015743;[0];-73.9375
-78.99984318;-2.904015311;[0];-74.6250
-78.99960037;-2.904014879;[0];-75.3125
-78.99935757;-2.904014447;[0];-75.9375
-78.99911477;-2.904014015;[0];-76.5625
-78.99887196;-2.904013583;[0];-77.1875
-78.99862916;-2.90401315;[0];-77.8125
-78.99838636;-2.904012718;[0];-78.3750
-78.99814356;-2.904012286;[0];-78.9375
-78.99790076;-2.904011854;[0];-79.5000
-78.99765795;-2.904011421;[0];-80.0625
-78.99741515;-2.904010989;[0];-80.5625
-78.99717235;-2.904010556;[0];-81.0625
-78.99692955;-2.904010124;[0];-81.5000
-78.99668674;-2.904009691;[0];-82.0000
-78.99644394;-2.904009259;[0];-82.4375
-78.99620114;-2.904008826;[0];-82.9375
-78.99595834;-2.904008393;[0];-83.3750
-78.99571554;-2.90400796;[0];-83.8125
-78.99547273;-2.904007528;[0];-84.1875
-78.99522993;-2.904007095;[0];-84.6250
-78.99498713;-2.904006662;[0];-85.0000
-78.99474433;-2.904006229;[0];-85.3750
-78.99450153;-2.904005796;[0];-85.7500
-78.99425872;-2.904005363;[0];-86.1250
-78.99401592;-2.904004929;[0];-86.5000
-78.99377312;-2.904004496;[0];-86.8125
-78.99353032;-2.904004063;[0];-87.1875
-78.99328752;-2.90400363;[0];-87.5000
-78.99304472;-2.904003196;[0];-87.8125
-78.99280191;-2.904002763;[0];-88.1875
-78.99255911;-2.904002329;[0];-88.5000
-78.99231631;-2.904001896;[0];-88.8125
-78.99207351;-2.904001462;[0];-89.0625
-78.99183071;-2.904001029;[0];-89.3750
-78.99158791;-2.904000595;[0];-89.6875
-78.99134511;-2.904000161;[0];-89.9375
-78.99110230;-2.903999727;[0];-90.2500
-78.99085950;-2.903999294;[0];-90.5000
-78.99061670;-2.90399886;[0];-90.8125
-78.9903739;-2.903998426;[0];-91.0625
-78.99013110;-2.903997992;[0];-91.3125
-78.98988830;-2.903997558;[0];-91.5625
-78.98964550;-2.903997124;[0];-91.8125
-78.98940270;-2.90399669;[0];-92.0625
-78.98915990;-2.903996255;[0];-92.3125
-78.98891709;-2.903995821;[0];-92.5625
-78.98867429;-2.903995387;[0];-92.8125
-78.98843149;-2.903994952;[0];-93.0000
-78.98818869;-2.903994518;[0];-93.2500
-78.98794589;-2.903994084;[0];-93.5000
-78.98770309;-2.903993649;[0];-93.6875
-78.98746029;-2.903993214;[0];-93.9375
-78.98721749;-2.90399278;[0];-94.1250
-78.98697469;-2.903992345;[0];-94.3750
-78.98673189;-2.90399191;[0];-94.5625
-78.98648909;-2.903991476;[0];-94.7500
-78.98624629;-2.903991041;[0];-95.0000
-78.98600348;-2.903990606;[0];-95.1875
-78.98576068;-2.903990171;[0];-95.3750
-78.98551788;-2.903989736;[0];-95.5625
-78.98527508;-2.903989301;[0];-95.8125
-78.98503228;-2.903988866;[0];-96.0000
-78.98478948;-2.903988431;[0];-96.1875
-78.98454668;-2.903987996;[0];-96.3750
-78.98430388;-2.90398756;[0];-96.5625
-78.98406108;-2.903987125;[0];-96.7500
-78.98381828;-2.90398669;[0];-96.9375
-78.98357548;-2.903986254;[0];-97.0625
-78.98333268;-2.903985819;[0];-97.2500
-78.98308988;-2.903985383;[0];-97.4375
-78.98284708;-2.903984948;[0];-97.6250
-78.98260428;-2.903984512;[0];-97.8125
-78.98236148;-2.903984076;[0];-97.9375
-78.98211868;-2.903983641;[0];-98.1250
-78.98187588;-2.903983205;[0];-98.3125
-78.98163308;-2.903982769;[0];-98.4375
-78.98139028;-2.903982333;[0];-98.6250
-78.98114748;-2.903981897;[0];-98.7500
-78.98090468;-2.903981461;[0];-98.9375
-78.98066188;-2.903981025;[0];-99.0625
-78.98041908;-2.903980589;[0];-99.2500
-78.98017628;-2.903980153;[0];-99.3750
-78.97993348;-2.903979717;[0];-99.5625
-78.97969068;-2.903979281;[0];-99.6875
-78.97944788;-2.903978844;[0];-99.8750
-78.97920508;-2.903978408;[0];-100.0000
-78.97896228;-2.903977972;[0];-100.1250
-78.97871949;-2.903977535;[0];-100.3125
-78.97847669;-2.903977099;[0];-100.4375
-78.97823389;-2.903976662;[0];-100.5625
-78.97799109;-2.903976225;[0];-100.7500
-78.97774829;-2.903975789;[0];-100.8750
-78.97750549;-2.903975352;[0];-101.0000
-78.97726269;-2.903974915;[0];-101.1250
-78.97701989;-2.903974478;[0];-101.2500
-78.97677709;-2.903974042;[0];-101.4375
-78.97653429;-2.903973605;[0];-101.5625
-78.97629149;-2.903973168;[0];-101.6875
-78.97604869;-2.903972731;[0];-101.8125
-78.97580589;-2.903972294;[0];-101.9375
-79.00761331;-2.903784984;[0];-101.8750
-79.00737050;-2.903784553;[0];-101.6250
-79.00712770;-2.903784123;[0];-101.4375
-79.00688489;-2.903783693;[0];-101.5625
-79.00664209;-2.903783262;[0];-101.8750
-79.00518527;-2.903780679;[0];-98.1875
-79.00494247;-2.903780248;[0];-93.8125
-79.00469966;-2.903779817;[0];-92.1250
-79.00445686;-2.903779386;[0];-68.8125
-79.00421406;-2.903778955;[0];-66.5625
-79.00397125;-2.903778524;[0];-56.5000
-79.00372845;-2.903778093;[0];-64.3125
-79.00348565;-2.903777662;[0];-64.5625
-79.00324284;-2.903777231;[0];-65.4375
-79.00300004;-2.9037768;[0];-76.3125
-79.00275724;-2.903776369;[0];-80.4375
-79.00251443;-2.903775938;[0];-73.0000
-79.00227163;-2.903775506;[0];-70.4375
-79.00202883;-2.903775075;[0];-69.8125
-79.00178603;-2.903774643;[0];-69.6875
-79.00154322;-2.903774212;[0];-70.1875
-79.00130042;-2.90377378;[0];-70.6875
-79.00105762;-2.903773349;[0];-71.3750
-79.00081482;-2.903772917;[0];-72.0000
-79.00057201;-2.903772485;[0];-72.6875
-79.00032921;-2.903772054;[0];-73.3750
-79.00008641;-2.903771622;[0];-74.0625
-78.99984360;-2.90377119;[0];-74.7500
-78.99960080;-2.903770758;[0];-75.3750
-78.99935800;-2.903770326;[0];-76.0000
-78.99911520;-2.903769894;[0];-76.6875
-78.99887239;-2.903769462;[0];-77.3125
-78.99862959;-2.90376903;[0];-77.8750
-78.99838679;-2.903768598;[0];-78.4375
-78.99814399;-2.903768165;[0];-79.0000
-78.99790119;-2.903767733;[0];-79.5625
-78.99765838;-2.903767301;[0];-80.0625
-78.99741558;-2.903766868;[0];-80.5625
-78.99717278;-2.903766436;[0];-81.0625
-78.99692998;-2.903766003;[0];-81.5000
-78.99668717;-2.903765571;[0];-82.0000
-78.99644437;-2.903765138;[0];-82.4375
-78.99620157;-2.903764706;[0];-82.8750
-78.99595877;-2.903764273;[0];-83.3125
-78.99571597;-2.90376384;[0];-83.7500
-78.99547316;-2.903763407;[0];-84.1875
-78.99523036;-2.903762975;[0];-84.5625
-78.99498756;-2.903762542;[0];-85.0000
-78.99474476;-2.903762109;[0];-85.3750
-78.99450196;-2.903761676;[0];-85.7500
-78.99425916;-2.903761243;[0];-86.1250
-78.99401635;-2.903760809;[0];-86.5000
-78.99377355;-2.903760376;[0];-86.8125
-78.99353075;-2.903759943;[0];-87.1875
-78.99328795;-2.90375951;[0];-87.5000
-78.99304515;-2.903759076;[0];-87.8125
-78.99280235;-2.903758643;[0];-88.1250
-78.99255954;-2.90375821;[0];-88.4375
-78.99231674;-2.903757776;[0];-88.7500
-78.99207394;-2.903757343;[0];-89.0625
-78.99183114;-2.903756909;[0];-89.3750
-78.99158834;-2.903756475;[0];-89.6875
-78.99134554;-2.903756042;[0];-89.9375
-78.99110274;-2.903755608;[0];-90.2500
-78.99085993;-2.903755174;[0];-90.5000
-78.99061713;-2.90375474;[0];-90.7500
-78.99037433;-2.903754306;[0];-91.0625
-78.99013153;-2.903753872;[0];-91.3125
-78.98988873;-2.903753438;[0];-91.5625
-78.98964593;-2.903753004;[0];-91.8125
-78.98940313;-2.90375257;[0];-92.0625
-78.98916033;-2.903752136;[0];-92.3125
-78.98891753;-2.903751702;[0];-92.5625
-78.98867473;-2.903751268;[0];-92.7500
-78.98843192;-2.903750833;[0];-93.0000
-78.98818912;-2.903750399;[0];-93.2500
-78.98794632;-2.903749964;[0];-93.5000
-78.98770352;-2.90374953;[0];-93.6875
-78.98746072;-2.903749095;[0];-93.9375
-78.98721792;-2.903748661;[0];-94.1250
-78.98697512;-2.903748226;[0];-94.3750
-78.98673232;-2.903747792;[0];-94.5625
-78.98648952;-2.903747357;[0];-94.7500
-78.98624672;-2.903746922;[0];-95.0000
-78.98600392;-2.903746487;[0];-95.1875
-78.98576112;-2.903746052;[0];-95.3750
-78.98551832;-2.903745617;[0];-95.5625
-78.98527552;-2.903745182;[0];-95.7500
-78.98503272;-2.903744747;[0];-95.9375
-78.98478992;-2.903744312;[0];-96.1875
-78.98454712;-2.903743877;[0];-96.3750
-78.98430431;-2.903743442;[0];-96.5625
-78.98406151;-2.903743006;[0];-96.6875
-78.98381871;-2.903742571;[0];-96.8750
-78.98357591;-2.903742136;[0];-97.0625
-78.98333311;-2.9037417;[0];-97.2500
-78.98309031;-2.903741265;[0];-97.4375
-78.98284751;-2.903740829;[0];-97.6250
-78.98260471;-2.903740394;[0];-97.7500
-78.98236191;-2.903739958;[0];-97.9375
-78.98211911;-2.903739522;[0];-98.1250
-78.98187631;-2.903739087;[0];-98.2500
-78.98163351;-2.903738651;[0];-98.4375
-78.98139071;-2.903738215;[0];-98.6250
-78.98114791;-2.903737779;[0];-98.7500
-78.98090512;-2.903737343;[0];-98.9375
-78.98066232;-2.903736907;[0];-99.0625
-78.98041952;-2.903736471;[0];-99.2500
-78.98017672;-2.903736035;[0];-99.3750
-78.97993392;-2.903735599;[0];-99.5625
-78.97969112;-2.903735163;[0];-99.6875
-78.97944832;-2.903734726;[0];-99.8750
-78.97920552;-2.90373429;[0];-100.0000
-78.97896272;-2.903733854;[0];-100.1250
-78.97871992;-2.903733417;[0];-100.3125
-78.97847712;-2.903732981;[0];-100.4375
-78.97823432;-2.903732544;[0];-100.5625
-78.97799152;-2.903732108;[0];-100.6875
-78.97774872;-2.903731671;[0];-100.8750
-78.97750592;-2.903731235;[0];-101.0000
-78.97726312;-2.903730798;[0];-101.1250
-78.97702032;-2.903730361;[0];-101.2500
-78.97677753;-2.903729924;[0];-101.3750
-78.97653473;-2.903729487;[0];-101.5625
-78.97629193;-2.90372905;[0];-101.6875
-78.97604913;-2.903728613;[0];-101.8125
-78.97580633;-2.903728176;[0];-101.9375
-79.00737093;-2.903540431;[0];-101.9375
-79.00712813;-2.903540001;[0];-101.9375
-79.00518570;-2.903536557;[0];-99.2500
-79.00494289;-2.903536126;[0];-92.3750
-79.00470009;-2.903535696;[0];-87.5625
-79.00445729;-2.903535265;[0];-85.5625
-79.00421449;-2.903534834;[0];-77.1875
-79.00397168;-2.903534403;[0];-73.8125
-79.00372888;-2.903533972;[0];-71.3750
-79.00348608;-2.903533541;[0];-66.5000
-79.00324327;-2.90353311;[0];-70.0000
-79.00300047;-2.903532679;[0];-83.4375
-79.00275767;-2.903532247;[0];-79.1250
-79.00251486;-2.903531816;[0];-73.1875
-79.00227206;-2.903531385;[0];-70.9375
-79.00202926;-2.903530954;[0];-70.2500
-79.00178646;-2.903530522;[0];-70.1875
-79.00154365;-2.903530091;[0];-70.5625
-79.00130085;-2.903529659;[0];-71.0000
-79.00105805;-2.903529228;[0];-71.5625
-79.00081524;-2.903528796;[0];-72.1875
-79.00057244;-2.903528364;[0];-72.8125
-79.00032964;-2.903527933;[0];-73.5625
-79.00008684;-2.903527501;[0];-74.2500
-78.99984403;-2.903527069;[0];-74.8750
-78.99960123;-2.903526637;[0];-75.4375
-78.99935843;-2.903526205;[0];-76.0625
-78.99911563;-2.903525773;[0];-76.6875
-78.99887282;-2.903525341;[0];-77.3125
-78.99863002;-2.903524909;[0];-77.9375
-78.99838722;-2.903524477;[0];-78.5000
-78.99814442;-2.903524045;[0];-79.0625
-78.99790162;-2.903523613;[0];-79.6250
-78.99765881;-2.90352318;[0];-80.1250
-78.99741601;-2.903522748;[0];-80.6250
-78.99717321;-2.903522315;[0];-81.1250
-78.99693041;-2.903521883;[0];-81.6250
-78.99668760;-2.903521451;[0];-82.0625
-78.99644480;-2.903521018;[0];-82.5625
-78.996202;-2.903520585;[0];-83.0000
-78.99595920;-2.903520153;[0];-83.4375
-78.99571640;-2.90351972;[0];-83.8750
-78.99547359;-2.903519287;[0];-84.3125
-78.99523079;-2.903518854;[0];-84.6875
-78.99498799;-2.903518421;[0];-85.0625
-78.99474519;-2.903517989;[0];-85.5000
-78.99450239;-2.903517556;[0];-85.8750
-78.99425959;-2.903517123;[0];-86.1875
-78.99401678;-2.903516689;[0];-86.5625
-78.99377398;-2.903516256;[0];-86.8750
-78.99353118;-2.903515823;[0];-87.2500
-78.99328838;-2.90351539;[0];-87.5625
-78.99304558;-2.903514957;[0];-87.8750
-78.99280278;-2.903514523;[0];-88.1875
-78.99255998;-2.90351409;[0];-88.5000
-78.99231717;-2.903513656;[0];-88.8125
-78.99207437;-2.903513223;[0];-89.1250
-78.99183157;-2.903512789;[0];-89.3750
-78.99158877;-2.903512356;[0];-89.6875
-78.99134597;-2.903511922;[0];-89.9375
-78.99110317;-2.903511488;[0];-90.2500
-78.99086037;-2.903511055;[0];-90.5000
-78.99061756;-2.903510621;[0];-90.7500
-78.99037476;-2.903510187;[0];-91.0625
-78.99013196;-2.903509753;[0];-91.3125
-78.98988916;-2.903509319;[0];-91.5625
-78.98964636;-2.903508885;[0];-91.8125
-78.98940356;-2.903508451;[0];-92.0625
-78.98916076;-2.903508017;[0];-92.3125
-78.98891796;-2.903507583;[0];-92.5625
-78.98867516;-2.903507148;[0];-92.7500
-78.98843236;-2.903506714;[0];-93.0000
-78.98818956;-2.90350628;[0];-93.2500
-78.98794675;-2.903505845;[0];-93.4375
-78.98770395;-2.903505411;[0];-93.6875
-78.98746115;-2.903504976;[0];-93.9375
-78.98721835;-2.903504542;[0];-94.1250
-78.98697555;-2.903504107;[0];-94.3125
-78.98673275;-2.903503673;[0];-94.5625
-78.98648995;-2.903503238;[0];-94.7500
-78.98624715;-2.903502803;[0];-95.0000
-78.98600435;-2.903502368;[0];-95.1875
-78.98576155;-2.903501933;[0];-95.3750
-78.98551875;-2.903501499;[0];-95.5625
-78.98527595;-2.903501064;[0];-95.7500
-78.98503315;-2.903500629;[0];-95.9375
-78.98479035;-2.903500194;[0];-96.1250
-78.98454755;-2.903499758;[0];-96.3125
-78.98430475;-2.903499323;[0];-96.5000
-78.98406195;-2.903498888;[0];-96.6875
-78.98381915;-2.903498453;[0];-96.8750
-78.98357635;-2.903498017;[0];-97.0625
-78.98333355;-2.903497582;[0];-97.2500
-78.98309075;-2.903497147;[0];-97.4375
-78.98284795;-2.903496711;[0];-97.6250
-78.98260515;-2.903496276;[0];-97.7500
-78.98236235;-2.90349584;[0];-97.9375
-78.98211955;-2.903495404;[0];-98.1250
-78.98187675;-2.903494969;[0];-98.2500
-78.98163395;-2.903494533;[0];-98.4375
-78.98139115;-2.903494097;[0];-98.6250
-78.98114835;-2.903493661;[0];-98.7500
-78.98090555;-2.903493225;[0];-98.9375
-78.98066275;-2.903492789;[0];-99.0625
-78.98041995;-2.903492353;[0];-99.2500
-78.98017715;-2.903491917;[0];-99.3750
-78.97993435;-2.903491481;[0];-99.5625
-78.97969155;-2.903491045;[0];-99.6875
-78.97944875;-2.903490609;[0];-99.8125
-78.97920595;-2.903490172;[0];-100.0000
-78.97896315;-2.903489736;[0];-100.1250
-78.97872035;-2.9034893;[0];-100.2500
-78.97847755;-2.903488863;[0];-100.4375
-78.97823475;-2.903488427;[0];-100.5625
-78.97799196;-2.90348799;[0];-100.6875
-78.97774916;-2.903487554;[0];-100.8750
-78.97750636;-2.903487117;[0];-101.0000
-78.97726356;-2.90348668;[0];-101.1250
-78.97702076;-2.903486244;[0];-101.2500
-78.97677796;-2.903485807;[0];-101.3750
-78.97653516;-2.90348537;[0];-101.5000
-78.97629236;-2.903484933;[0];-101.6875
-78.97604956;-2.903484496;[0];-101.8125
-78.97580676;-2.903484059;[0];-101.9375
-79.00518613;-2.903292435;[0];-100.1250
-79.00494332;-2.903292005;[0];-92.1250
-79.00470052;-2.903291574;[0];-87.2500
-79.00445772;-2.903291143;[0];-83.6250
-79.00421491;-2.903290712;[0];-80.8750
-79.00397211;-2.903290281;[0];-75.6875
-79.00372931;-2.903289851;[0];-72.1250
-79.00348650;-2.90328942;[0];-72.1250
-79.00324370;-2.903288988;[0];-78.3750
-79.00300090;-2.903288557;[0];-84.0625
-79.00275810;-2.903288126;[0];-77.8750
-79.00251529;-2.903287695;[0];-73.2500
-79.00227249;-2.903287264;[0];-71.4375
-79.00202969;-2.903286832;[0];-70.9375
-79.00178688;-2.903286401;[0];-70.8125
-79.00154408;-2.90328597;[0];-71.1250
-79.00130128;-2.903285538;[0];-71.5000
-79.00105848;-2.903285107;[0];-72.0000
-79.00081567;-2.903284675;[0];-72.6250
-79.00057287;-2.903284243;[0];-73.1875
-79.00033007;-2.903283812;[0];-73.8125
-79.00008727;-2.90328338;[0];-74.4375
-78.99984446;-2.903282948;[0];-75.0625
-78.99960166;-2.903282516;[0];-75.6250
-78.99935886;-2.903282084;[0];-76.1875
-78.99911606;-2.903281652;[0];-76.8750
-78.99887325;-2.90328122;[0];-77.5000
-78.99863045;-2.903280788;[0];-78.0625
-78.99838765;-2.903280356;[0];-78.6250
-78.99814485;-2.903279924;[0];-79.1875
-78.99790205;-2.903279492;[0];-79.7500
-78.99765924;-2.90327906;[0];-80.1875
-78.99741644;-2.903278627;[0];-80.6875
-78.99717364;-2.903278195;[0];-81.1875
-78.99693084;-2.903277763;[0];-81.6250
-78.99668803;-2.90327733;[0];-82.1250
-78.99644523;-2.903276898;[0];-82.5625
-78.99620243;-2.903276465;[0];-83.0000
-78.99595963;-2.903276032;[0];-83.4375
-78.99571683;-2.9032756;[0];-83.8750
-78.99547403;-2.903275167;[0];-84.3125
-78.99523122;-2.903274734;[0];-84.6875
-78.99498842;-2.903274301;[0];-85.0625
-78.99474562;-2.903273868;[0];-85.5000
-78.99450282;-2.903273436;[0];-85.8750
-78.99426002;-2.903273003;[0];-86.1875
-78.99401722;-2.903272569;[0];-86.5625
-78.99377441;-2.903272136;[0];-86.9375
-78.99353161;-2.903271703;[0];-87.2500
-78.99328881;-2.90327127;[0];-87.6250
-78.99304601;-2.903270837;[0];-87.9375
-78.99280321;-2.903270403;[0];-88.2500
-78.99256041;-2.90326997;[0];-88.5625
-78.99231760;-2.903269537;[0];-88.8750
-78.99207480;-2.903269103;[0];-89.1875
-78.99183200;-2.90326867;[0];-89.4375
-78.9915892;-2.903268236;[0];-89.7500
-78.99134640;-2.903267803;[0];-90.0625
-78.99110360;-2.903267369;[0];-90.3125
-78.99086080;-2.903266935;[0];-90.5625
-78.99061800;-2.903266501;[0];-90.8750
-78.99037520;-2.903266067;[0];-91.1250
-78.99013239;-2.903265634;[0];-91.3750
-78.98988959;-2.9032652;[0];-91.6250
-78.98964679;-2.903264766;[0];-91.8750
-78.98940399;-2.903264332;[0];-92.1250
-78.98916119;-2.903263898;[0];-92.3750
-78.98891839;-2.903263463;[0];-92.6250
-78.98867559;-2.903263029;[0];-92.8750
-78.98843279;-2.903262595;[0];-93.0625
-78.98818999;-2.903262161;[0];-93.3125
-78.98794719;-2.903261726;[0];-93.5000
-78.98770439;-2.903261292;[0];-93.7500
-78.98746159;-2.903260857;[0];-93.9375
-78.98721878;-2.903260423;[0];-94.1875
-78.98697598;-2.903259988;[0];-94.3750
-78.98673318;-2.903259554;[0];-94.6250
-78.98649038;-2.903259119;[0];-94.8125
-78.98624758;-2.903258684;[0];-95.0000
-78.98600478;-2.90325825;[0];-95.1875
-78.98576198;-2.903257815;[0];-95.3750
-78.98551918;-2.90325738;[0];-95.6250
-78.98527638;-2.903256945;[0];-95.8125
-78.98503358;-2.90325651;[0];-96.0000
-78.98479078;-2.903256075;[0];-96.1875
-78.98454798;-2.90325564;[0];-96.3750
-78.98430518;-2.903255205;[0];-96.5625
-78.98406238;-2.903254769;[0];-96.7500
-78.98381958;-2.903254334;[0];-96.8750
-78.98357678;-2.903253899;[0];-97.0625
-78.98333398;-2.903253464;[0];-97.2500
-78.98309118;-2.903253028;[0];-97.4375
-78.98284838;-2.903252593;[0];-97.6250
-78.98260558;-2.903252157;[0];-97.7500
-78.98236278;-2.903251722;[0];-97.9375
-78.98211998;-2.903251286;[0];-98.1250
-78.98187718;-2.90325085;[0];-98.2500
-78.98163438;-2.903250415;[0];-98.4375
-78.98139158;-2.903249979;[0];-98.6250
-78.98114878;-2.903249543;[0];-98.7500
-78.98090598;-2.903249107;[0];-98.9375
-78.98066318;-2.903248671;[0];-99.0625
-78.98042038;-2.903248235;[0];-99.2500
-78.98017758;-2.903247799;[0];-99.3750
-78.97993478;-2.903247363;[0];-99.5625
-78.97969198;-2.903246927;[0];-99.6875
-78.97944919;-2.903246491;[0];-99.8125
-78.97920639;-2.903246055;[0];-100.0000
-78.97896359;-2.903245618;[0];-100.1250
-78.97872079;-2.903245182;[0];-100.2500
-78.97847799;-2.903244746;[0];-100.4375
-78.97823519;-2.903244309;[0];-100.5625
-78.97799239;-2.903243873;[0];-100.6875
-78.97774959;-2.903243436;[0];-100.8125
-78.97750679;-2.903243;[0];-101.0000
-78.97726399;-2.903242563;[0];-101.1250
-78.97702119;-2.903242126;[0];-101.2500
-78.97677839;-2.903241689;[0];-101.3750
-78.97653560;-2.903241253;[0];-101.5000
-78.97629280;-2.903240816;[0];-101.6875
-78.97605000;-2.903240379;[0];-101.8125
-78.97580720;-2.903239942;[0];-101.9375
-79.00494375;-2.903047883;[0];-97.0000
-79.00470095;-2.903047452;[0];-91.0000
-79.00445815;-2.903047022;[0];-86.9375
-79.00421534;-2.903046591;[0];-83.3750
-79.00397254;-2.90304616;[0];-80.0625
-79.00372974;-2.903045729;[0];-79.1250
-79.00348693;-2.903045298;[0];-82.3125
-79.00324413;-2.903044867;[0];-86.8750
-79.00300133;-2.903044436;[0];-82.6250
-79.00275852;-2.903044005;[0];-76.9375
-79.00251572;-2.903043574;[0];-73.7500
-79.00227292;-2.903043142;[0];-72.2500
-79.00203012;-2.903042711;[0];-71.6250
-79.00178731;-2.90304228;[0];-71.5625
-79.00154451;-2.903041848;[0];-71.8125
-79.00130171;-2.903041417;[0];-72.1875
-79.00105891;-2.903040986;[0];-72.6250
-79.00081610;-2.903040554;[0];-73.1250
-79.0005733;-2.903040122;[0];-73.6250
-79.00033050;-2.903039691;[0];-74.2500
-79.00008770;-2.903039259;[0];-74.8125
-78.99984489;-2.903038827;[0];-75.3750
-78.99960209;-2.903038395;[0];-76.0000
-78.99935929;-2.903037964;[0];-76.5625
-78.99911649;-2.903037532;[0];-77.1250
-78.99887368;-2.9030371;[0];-77.6875
-78.99863088;-2.903036668;[0];-78.2500
-78.99838808;-2.903036236;[0];-78.8125
-78.99814528;-2.903035804;[0];-79.3125
-78.99790247;-2.903035371;[0];-79.8125
-78.99765967;-2.903034939;[0];-80.3125
-78.99741687;-2.903034507;[0];-80.8125
-78.99717407;-2.903034075;[0];-81.3125
-78.99693127;-2.903033642;[0];-81.7500
-78.99668846;-2.90303321;[0];-82.2500
-78.99644566;-2.903032777;[0];-82.6875
-78.99620286;-2.903032345;[0];-83.1250
-78.99596006;-2.903031912;[0];-83.5625
-78.99571726;-2.903031479;[0];-84.0000
-78.99547446;-2.903031047;[0];-84.3750
-78.99523165;-2.903030614;[0];-84.7500
-78.99498885;-2.903030181;[0];-85.1250
-78.99474605;-2.903029748;[0];-85.5000
-78.99450325;-2.903029315;[0];-85.8750
-78.99426045;-2.903028882;[0];-86.2500
-78.99401765;-2.903028449;[0];-86.5625
-78.99377484;-2.903028016;[0];-86.9375
-78.99353204;-2.903027583;[0];-87.2500
-78.99328924;-2.90302715;[0];-87.6250
-78.99304644;-2.903026717;[0];-87.9375
-78.99280364;-2.903026284;[0];-88.2500
-78.99256084;-2.90302585;[0];-88.5625
-78.99231804;-2.903025417;[0];-88.8750
-78.99207523;-2.903024984;[0];-89.1875
-78.99183243;-2.90302455;[0];-89.5000
-78.99158963;-2.903024116;[0];-89.7500
-78.99134683;-2.903023683;[0];-90.0625
-78.99110403;-2.903023249;[0];-90.3125
-78.99086123;-2.903022816;[0];-90.6250
-78.99061843;-2.903022382;[0];-90.8750
-78.99037563;-2.903021948;[0];-91.1250
-78.99013283;-2.903021514;[0];-91.3750
-78.98989002;-2.90302108;[0];-91.6250
-78.98964722;-2.903020646;[0];-91.8750
-78.98940442;-2.903020212;[0];-92.1250
-78.98916162;-2.903019778;[0];-92.3750
-78.98891882;-2.903019344;[0];-92.6250
-78.98867602;-2.90301891;[0];-92.8750
-78.98843322;-2.903018476;[0];-93.1250
-78.98819042;-2.903018042;[0];-93.3125
-78.98794762;-2.903017607;[0];-93.5625
-78.98770482;-2.903017173;[0];-93.8125
-78.98746202;-2.903016738;[0];-94.0000
-78.98721922;-2.903016304;[0];-94.2500
-78.98697642;-2.903015869;[0];-94.4375
-78.98673362;-2.903015435;[0];-94.6250
-78.98649082;-2.903015;[0];-94.8750
-78.98624802;-2.903014566;[0];-95.0625
-78.98600521;-2.903014131;[0];-95.2500
-78.98576241;-2.903013696;[0];-95.5000
-78.98551961;-2.903013261;[0];-95.6875
-78.98527681;-2.903012826;[0];-95.8750
-78.98503401;-2.903012391;[0];-96.0625
-78.98479121;-2.903011956;[0];-96.2500
-78.98454841;-2.903011521;[0];-96.4375
-78.98430561;-2.903011086;[0];-96.6250
-78.98406281;-2.903010651;[0];-96.8125
-78.98382001;-2.903010216;[0];-96.9375
-78.98357721;-2.903009781;[0];-97.1250
-78.98333441;-2.903009345;[0];-97.3125
-78.98309161;-2.90300891;[0];-97.5000
-78.98284881;-2.903008474;[0];-97.6875
-78.98260601;-2.903008039;[0];-97.8125
-78.98236321;-2.903007603;[0];-98.0000
-78.98212041;-2.903007168;[0];-98.1875
-78.98187761;-2.903006732;[0];-98.3125
-78.98163481;-2.903006297;[0];-98.5000
-78.98139202;-2.903005861;[0];-98.6250
-78.98114922;-2.903005425;[0];-98.8125
-78.98090642;-2.903004989;[0];-98.9375
-78.98066362;-2.903004553;[0];-99.1250
-78.98042082;-2.903004117;[0];-99.2500
-78.98017802;-2.903003681;[0];-99.4375
-78.97993522;-2.903003245;[0];-99.5625
-78.97969242;-2.903002809;[0];-99.6875
-78.97944962;-2.903002373;[0];-99.8750
-78.97920682;-2.903001937;[0];-100.0000
-78.97896402;-2.903001501;[0];-100.1250
-78.97872122;-2.903001064;[0];-100.3125
-78.97847842;-2.903000628;[0];-100.4375
-78.97823562;-2.903000192;[0];-100.5625
-78.97799282;-2.902999755;[0];-100.6875
-78.97775002;-2.902999319;[0];-100.8750
-78.97750723;-2.902998882;[0];-101.0000
-78.97726443;-2.902998445;[0];-101.1250
-78.97702163;-2.902998009;[0];-101.2500
-78.97677883;-2.902997572;[0];-101.3750
-78.97653603;-2.902997135;[0];-101.5000
-78.97629323;-2.902996698;[0];-101.6875
-78.97605043;-2.902996262;[0];-101.8125
-78.97580763;-2.902995825;[0];-101.9375
-79.00664380;-2.902806775;[0];-101.6875
-79.00640100;-2.902806344;[0];-101.0000
-79.00615820;-2.902805914;[0];-100.5625
-79.00591539;-2.902805484;[0];-100.3750
-79.00567259;-2.902805053;[0];-101.8125
-79.00470138;-2.902803331;[0];-100.0625
-79.00445857;-2.9028029;[0];-95.8125
-79.00421577;-2.902802469;[0];-92.3750
-79.00397297;-2.902802039;[0];-91.3125
-79.00373016;-2.902801608;[0];-92.3125
-79.00348736;-2.902801177;[0];-90.1250
-79.00324456;-2.902800746;[0];-86.1250
-79.00300176;-2.902800315;[0];-80.6250
-79.00275895;-2.902799884;[0];-76.5000
-79.00251615;-2.902799452;[0];-74.1875
-79.00227335;-2.902799021;[0];-73.0625
-79.00203055;-2.90279859;[0];-72.5625
-79.00178774;-2.902798159;[0];-72.4375
-79.00154494;-2.902797727;[0];-72.5625
-79.00130214;-2.902797296;[0];-72.9375
-79.00105933;-2.902796864;[0];-73.2500
-79.00081653;-2.902796433;[0];-73.6875
-79.00057373;-2.902796001;[0];-74.1875
-79.00033093;-2.90279557;[0];-74.7500
-79.00008812;-2.902795138;[0];-75.2500
-78.99984532;-2.902794706;[0];-75.8125
-78.99960252;-2.902794275;[0];-76.3125
-78.99935972;-2.902793843;[0];-76.8750
-78.99911692;-2.902793411;[0];-77.4375
-78.99887411;-2.902792979;[0];-77.9375
-78.99863131;-2.902792547;[0];-78.5625
-78.99838851;-2.902792115;[0];-79.1250
-78.99814571;-2.902791683;[0];-79.6250
-78.99790290;-2.902791251;[0];-80.0625
-78.99766010;-2.902790819;[0];-80.5625
-78.9974173;-2.902790386;[0];-81.0000
-78.99717450;-2.902789954;[0];-81.4375
-78.99693170;-2.902789522;[0];-81.8750
-78.99668889;-2.902789089;[0];-82.3125
-78.99644609;-2.902788657;[0];-82.7500
-78.99620329;-2.902788224;[0];-83.1875
-78.99596049;-2.902787792;[0];-83.6250
-78.99571769;-2.902787359;[0];-84.0625
-78.99547489;-2.902786927;[0];-84.4375
-78.99523208;-2.902786494;[0];-84.8750
-78.99498928;-2.902786061;[0];-85.2500
-78.99474648;-2.902785628;[0];-85.6250
-78.99450368;-2.902785195;[0];-86.0000
-78.99426088;-2.902784762;[0];-86.3750
-78.99401808;-2.902784329;[0];-86.6875
-78.99377527;-2.902783896;[0];-87.0000
-78.99353247;-2.902783463;[0];-87.3750
-78.99328967;-2.90278303;[0];-87.6875
-78.99304687;-2.902782597;[0];-88.0000
-78.99280407;-2.902782164;[0];-88.3125
-78.99256127;-2.902781731;[0];-88.5625
-78.99231847;-2.902781297;[0];-88.8750
-78.99207567;-2.902780864;[0];-89.1875
-78.99183286;-2.90278043;[0];-89.5000
-78.99159006;-2.902779997;[0];-89.7500
-78.99134726;-2.902779563;[0];-90.0625
-78.99110446;-2.90277913;[0];-90.3125
-78.99086166;-2.902778696;[0];-90.6250
-78.99061886;-2.902778262;[0];-90.8750
-78.99037606;-2.902777829;[0];-91.1250
-78.99013326;-2.902777395;[0];-91.3750
-78.98989046;-2.902776961;[0];-91.6250
-78.98964766;-2.902776527;[0];-91.8750
-78.98940485;-2.902776093;[0];-92.1250
-78.98916205;-2.902775659;[0];-92.3750
-78.98891925;-2.902775225;[0];-92.6250
-78.98867645;-2.902774791;[0];-92.8750
-78.98843365;-2.902774357;[0];-93.1250
-78.98819085;-2.902773922;[0];-93.3125
-78.98794805;-2.902773488;[0];-93.5625
-78.98770525;-2.902773054;[0];-93.8125
-78.98746245;-2.902772619;[0];-94.0000
-78.98721965;-2.902772185;[0];-94.2500
-78.98697685;-2.90277175;[0];-94.4375
-78.98673405;-2.902771316;[0];-94.6250
-78.98649125;-2.902770881;[0];-94.8750
-78.98624845;-2.902770447;[0];-95.0625
-78.98600565;-2.902770012;[0];-95.2500
-78.98576285;-2.902769577;[0];-95.5000
-78.98552005;-2.902769142;[0];-95.6875
-78.98527725;-2.902768708;[0];-95.8750
-78.98503445;-2.902768273;[0];-96.0625
-78.98479165;-2.902767838;[0];-96.2500
-78.98454885;-2.902767403;[0];-96.4375
-78.98430605;-2.902766968;[0];-96.6250
-78.98406325;-2.902766533;[0];-96.8125
-78.98382045;-2.902766097;[0];-97.0000
-78.98357765;-2.902765662;[0];-97.1875
-78.98333485;-2.902765227;[0];-97.3125
-78.98309205;-2.902764792;[0];-97.5000
-78.98284925;-2.902764356;[0];-97.6875
-78.98260645;-2.902763921;[0];-97.8750
-78.98236365;-2.902763485;[0];-98.0000
-78.98212085;-2.90276305;[0];-98.1875
-78.98187805;-2.902762614;[0];-98.3750
-78.98163525;-2.902762178;[0];-98.5000
-78.98139245;-2.902761743;[0];-98.6875
-78.98114965;-2.902761307;[0];-98.8750
-78.98090685;-2.902760871;[0];-99.0000
-78.98066405;-2.902760435;[0];-99.1875
-78.98042125;-2.902759999;[0];-99.3125
-78.98017845;-2.902759563;[0];-99.5000
-78.97993565;-2.902759127;[0];-99.6250
-78.97969285;-2.902758691;[0];-99.7500
-78.97945005;-2.902758255;[0];-99.9375
-78.97920725;-2.902757819;[0];-100.0625
-78.97896445;-2.902757383;[0];-100.1875
-78.97872166;-2.902756947;[0];-100.3750
-78.97847886;-2.90275651;[0];-100.5000
-78.97823606;-2.902756074;[0];-100.6250
-78.97799326;-2.902755638;[0];-100.7500
-78.97775046;-2.902755201;[0];-100.8750
-78.97750766;-2.902754765;[0];-101.0625
-78.97726486;-2.902754328;[0];-101.1875
-78.97702206;-2.902753891;[0];-101.3125
-78.97677926;-2.902753455;[0];-101.4375
-78.97653646;-2.902753018;[0];-101.5625
-78.97629367;-2.902752581;[0];-101.6875
-78.97605087;-2.902752144;[0];-101.8125
-78.97580807;-2.902751707;[0];-101.9375
-79.00688703;-2.902563083;[0];-101.2500
-79.00664423;-2.902562653;[0];-100.1875
-79.00640143;-2.902562223;[0];-99.1875
-79.00615862;-2.902561792;[0];-98.2500
-79.00591582;-2.902561362;[0];-97.8750
-79.00567302;-2.902560931;[0];-97.8750
-79.00543021;-2.902560501;[0];-99.1875
-79.00518741;-2.90256007;[0];-101.2500
-79.00445900;-2.902558779;[0];-100.6875
-79.00421620;-2.902558348;[0];-98.4375
-79.00397340;-2.902557917;[0];-96.1250
-79.00373059;-2.902557486;[0];-92.8750
-79.00348779;-2.902557055;[0];-88.8750
-79.00324499;-2.902556624;[0];-83.3125
-79.00300218;-2.902556193;[0];-79.3750
-79.00275938;-2.902555762;[0];-76.5625
-79.00251658;-2.902555331;[0];-75.0625
-79.00227378;-2.9025549;[0];-74.0000
-79.00203097;-2.902554469;[0];-73.6250
-79.00178817;-2.902554038;[0];-73.4375
-79.00154537;-2.902553606;[0];-73.4375
-79.00130257;-2.902553175;[0];-73.6875
-79.00105976;-2.902552743;[0];-73.9375
-79.00081696;-2.902552312;[0];-74.3750
-79.00057416;-2.90255188;[0];-74.7500
-79.00033136;-2.902551449;[0];-75.2500
-79.00008855;-2.902551017;[0];-75.7500
-78.99984575;-2.902550586;[0];-76.2500
-78.99960295;-2.902550154;[0];-76.7500
-78.99936015;-2.902549722;[0];-77.3125
-78.99911735;-2.90254929;[0];-77.8125
-78.99887454;-2.902548858;[0];-78.3125
-78.99863174;-2.902548426;[0];-78.8125
-78.99838894;-2.902547994;[0];-79.3125
-78.99814614;-2.902547562;[0];-79.8125
-78.99790333;-2.90254713;[0];-80.2500
-78.99766053;-2.902546698;[0];-80.7500
-78.99741773;-2.902546266;[0];-81.2500
-78.99717493;-2.902545834;[0];-81.6875
-78.99693213;-2.902545401;[0];-82.1250
-78.99668933;-2.902544969;[0];-82.5625
-78.99644652;-2.902544537;[0];-83.0000
-78.99620372;-2.902544104;[0];-83.3750
-78.99596092;-2.902543672;[0];-83.8125
-78.99571812;-2.902543239;[0];-84.1875
-78.99547532;-2.902542806;[0];-84.5625
-78.99523251;-2.902542374;[0];-84.9375
-78.99498971;-2.902541941;[0];-85.3125
-78.99474691;-2.902541508;[0];-85.6250
-78.99450411;-2.902541075;[0];-86.0000
-78.99426131;-2.902540642;[0];-86.3750
-78.99401851;-2.902540209;[0];-86.7500
-78.99377571;-2.902539776;[0];-87.0625
-78.99353290;-2.902539343;[0];-87.4375
-78.99329010;-2.90253891;[0];-87.7500
-78.99304730;-2.902538477;[0];-88.0625
-78.9928045;-2.902538044;[0];-88.3750
-78.99256170;-2.902537611;[0];-88.6875
-78.99231890;-2.902537177;[0];-89.0000
-78.99207610;-2.902536744;[0];-89.3125
-78.99183330;-2.902536311;[0];-89.5625
-78.99159049;-2.902535877;[0];-89.8750
-78.99134769;-2.902535444;[0];-90.1250
-78.99110489;-2.90253501;[0];-90.3750
-78.99086209;-2.902534577;[0];-90.6250
-78.99061929;-2.902534143;[0];-90.9375
-78.99037649;-2.902533709;[0];-91.1875
-78.99013369;-2.902533275;[0];-91.4375
-78.98989089;-2.902532842;[0];-91.6875
-78.98964809;-2.902532408;[0];-91.9375
-78.98940529;-2.902531974;[0];-92.1875
-78.98916249;-2.90253154;[0];-92.3750
-78.98891968;-2.902531106;[0];-92.6250
-78.98867688;-2.902530672;[0];-92.8750
-78.98843408;-2.902530237;[0];-93.1250
-78.98819128;-2.902529803;[0];-93.3750
-78.98794848;-2.902529369;[0];-93.5625
-78.98770568;-2.902528935;[0];-93.8125
-78.98746288;-2.9025285;[0];-94.0000
-78.98722008;-2.902528066;[0];-94.2500
-78.98697728;-2.902527632;[0];-94.4375
-78.98673448;-2.902527197;[0];-94.6875
-78.98649168;-2.902526762;[0];-94.8750
-78.98624888;-2.902526328;[0];-95.0625
-78.98600608;-2.902525893;[0];-95.2500
-78.98576328;-2.902525458;[0];-95.5000
-78.98552048;-2.902525024;[0];-95.6875
-78.98527768;-2.902524589;[0];-95.8750
-78.98503488;-2.902524154;[0];-96.0625
-78.98479208;-2.902523719;[0];-96.2500
-78.98454928;-2.902523284;[0];-96.4375
-78.98430648;-2.902522849;[0];-96.6250
-78.98406368;-2.902522414;[0];-96.8125
-78.98382088;-2.902521979;[0];-97.0000
-78.98357808;-2.902521544;[0];-97.1875
-78.98333528;-2.902521108;[0];-97.3750
-78.98309248;-2.902520673;[0];-97.5000
-78.98284968;-2.902520238;[0];-97.6875
-78.98260688;-2.902519802;[0];-97.8750
-78.98236408;-2.902519367;[0];-98.0625
-78.98212128;-2.902518931;[0];-98.1875
-78.98187848;-2.902518496;[0];-98.3750
-78.98163568;-2.90251806;[0];-98.5000
-78.98139288;-2.902517625;[0];-98.6875
-78.98115008;-2.902517189;[0];-98.8750
-78.98090728;-2.902516753;[0];-99.0000
-78.98066448;-2.902516317;[0];-99.1875
-78.98042168;-2.902515881;[0];-99.3125
-78.98017888;-2.902515446;[0];-99.5000
-78.97993609;-2.90251501;[0];-99.6250
-78.97969329;-2.902514574;[0];-99.7500
-78.97945049;-2.902514137;[0];-99.9375
-78.97920769;-2.902513701;[0];-100.0625
-78.97896489;-2.902513265;[0];-100.2500
-78.97872209;-2.902512829;[0];-100.3750
-78.97847929;-2.902512393;[0];-100.5000
-78.97823649;-2.902511956;[0];-100.6875
-78.97799369;-2.90251152;[0];-100.8125
-78.97775089;-2.902511083;[0];-100.9375
-78.97750809;-2.902510647;[0];-101.0625
-78.97726529;-2.90251021;[0];-101.1875
-78.97702250;-2.902509774;[0];-101.3750
-78.97677970;-2.902509337;[0];-101.5000
-78.97653690;-2.902508901;[0];-101.6250
-78.97629410;-2.902508464;[0];-101.7500
-78.9760513;-2.902508027;[0];-101.8750
-78.97580850;-2.90250759;[0];-102.0000
-79.00713027;-2.902319391;[0];-101.0000
-79.00688746;-2.902318961;[0];-99.8750
-79.00664466;-2.902318531;[0];-98.7500
-79.00640186;-2.902318101;[0];-97.7500
-79.00615905;-2.90231767;[0];-96.8125
-79.00591625;-2.90231724;[0];-96.1250
-79.00567345;-2.90231681;[0];-95.8125
-79.00543064;-2.902316379;[0];-95.7500
-79.00518784;-2.902315949;[0];-96.5000
-79.00494504;-2.902315518;[0];-97.1250
-79.00470223;-2.902315088;[0];-97.6250
-79.00445943;-2.902314657;[0];-97.4375
-79.00421663;-2.902314226;[0];-95.7500
-79.00397382;-2.902313796;[0];-92.8750
-79.00373102;-2.902313365;[0];-88.7500
-79.00348822;-2.902312934;[0];-85.0000
-79.00324542;-2.902312503;[0];-81.7500
-79.00300261;-2.902312072;[0];-79.0625
-79.00275981;-2.902311641;[0];-77.2500
-79.00251701;-2.90231121;[0];-75.8750
-79.00227421;-2.902310779;[0];-75.1250
-79.00203140;-2.902310348;[0];-74.6875
-79.0017886;-2.902309916;[0];-74.5000
-79.00154580;-2.902309485;[0];-74.4375
-79.00130300;-2.902309054;[0];-74.6250
-79.00106019;-2.902308622;[0];-74.7500
-79.00081739;-2.902308191;[0];-75.0625
-79.00057459;-2.902307759;[0];-75.5000
-79.00033179;-2.902307328;[0];-75.9375
-79.00008898;-2.902306896;[0];-76.3750
-78.99984618;-2.902306465;[0];-76.7500
-78.99960338;-2.902306033;[0];-77.2500
-78.99936058;-2.902305601;[0];-77.7500
-78.99911777;-2.902305169;[0];-78.2500
-78.99887497;-2.902304738;[0];-78.7500
-78.99863217;-2.902304306;[0];-79.1875
-78.99838937;-2.902303874;[0];-79.6875
-78.99814657;-2.902303442;[0];-80.1250
-78.99790376;-2.90230301;[0];-80.5625
-78.99766096;-2.902302578;[0];-81.0000
-78.99741816;-2.902302145;[0];-81.4375
-78.99717536;-2.902301713;[0];-81.8750
-78.99693256;-2.902301281;[0];-82.3125
-78.99668976;-2.902300849;[0];-82.7500
-78.99644695;-2.902300416;[0];-83.1875
-78.99620415;-2.902299984;[0];-83.6250
-78.99596135;-2.902299551;[0];-84.0000
-78.99571855;-2.902299119;[0];-84.3750
-78.99547575;-2.902298686;[0];-84.7500
-78.99523295;-2.902298253;[0];-85.1250
-78.99499014;-2.902297821;[0];-85.5000
-78.99474734;-2.902297388;[0];-85.8125
-78.99450454;-2.902296955;[0];-86.1875
-78.99426174;-2.902296522;[0];-86.5000
-78.99401894;-2.902296089;[0];-86.8125
-78.99377614;-2.902295657;[0];-87.1250
-78.99353333;-2.902295224;[0];-87.5000
-78.99329053;-2.90229479;[0];-87.8125
-78.99304773;-2.902294357;[0];-88.1250
-78.99280493;-2.902293924;[0];-88.4375
-78.99256213;-2.902293491;[0];-88.7500
-78.99231933;-2.902293058;[0];-89.0000
-78.99207653;-2.902292624;[0];-89.3125
-78.99183373;-2.902292191;[0];-89.6250
-78.99159093;-2.902291758;[0];-89.9375
-78.99134812;-2.902291324;[0];-90.1875
-78.99110532;-2.902290891;[0];-90.4375
-78.99086252;-2.902290457;[0];-90.7500
-78.99061972;-2.902290023;[0];-91.0000
-78.99037692;-2.90228959;[0];-91.2500
-78.99013412;-2.902289156;[0];-91.5000
-78.98989132;-2.902288722;[0];-91.7500
-78.98964852;-2.902288288;[0];-92.0000
-78.98940572;-2.902287854;[0];-92.2500
-78.98916292;-2.90228742;[0];-92.5000
-78.98892012;-2.902286986;[0];-92.6875
-78.98867732;-2.902286552;[0];-92.9375
-78.98843452;-2.902286118;[0];-93.1250
-78.98819171;-2.902285684;[0];-93.3750
-78.98794891;-2.90228525;[0];-93.5625
-78.98770611;-2.902284816;[0];-93.8125
-78.98746331;-2.902284381;[0];-94.0000
-78.98722051;-2.902283947;[0];-94.2500
-78.98697771;-2.902283513;[0];-94.4375
-78.98673491;-2.902283078;[0];-94.6875
-78.98649211;-2.902282644;[0];-94.8750
-78.98624931;-2.902282209;[0];-95.0625
-78.98600651;-2.902281774;[0];-95.2500
-78.98576371;-2.90228134;[0];-95.5000
-78.98552091;-2.902280905;[0];-95.6875
-78.98527811;-2.90228047;[0];-95.8750
-78.98503531;-2.902280035;[0];-96.0625
-78.98479251;-2.9022796;[0];-96.2500
-78.98454971;-2.902279166;[0];-96.4375
-78.98430691;-2.902278731;[0];-96.6250
-78.98406411;-2.902278296;[0];-96.8125
-78.98382131;-2.90227786;[0];-97.0000
-78.98357851;-2.902277425;[0];-97.1875
-78.98333571;-2.90227699;[0];-97.3750
-78.98309291;-2.902276555;[0];-97.5000
-78.98285011;-2.902276119;[0];-97.6875
-78.98260731;-2.902275684;[0];-97.8750
-78.98236451;-2.902275249;[0];-98.0625
-78.98212171;-2.902274813;[0];-98.1875
-78.98187891;-2.902274378;[0];-98.3750
-78.98163611;-2.902273942;[0];-98.5625
-78.98139332;-2.902273507;[0];-98.6875
-78.98115052;-2.902273071;[0];-98.8750
-78.98090772;-2.902272635;[0];-99.0000
-78.98066492;-2.902272199;[0];-99.1875
-78.98042212;-2.902271764;[0];-99.3125
-78.98017932;-2.902271328;[0];-99.5000
-78.97993652;-2.902270892;[0];-99.6250
-78.97969372;-2.902270456;[0];-99.8125
-78.97945092;-2.90227002;[0];-99.9375
-78.97920812;-2.902269584;[0];-100.0625
-78.97896532;-2.902269147;[0];-100.2500
-78.97872252;-2.902268711;[0];-100.3750
-78.97847972;-2.902268275;[0];-100.5000
-78.97823692;-2.902267839;[0];-100.6875
-78.97799413;-2.902267402;[0];-100.8125
-78.97775133;-2.902266966;[0];-100.9375
-78.97750853;-2.902266529;[0];-101.0625
-78.97726573;-2.902266093;[0];-101.1875
-78.97702293;-2.902265656;[0];-101.3750
-78.97678013;-2.90226522;[0];-101.5000
-78.97653733;-2.902264783;[0];-101.6250
-78.97629453;-2.902264346;[0];-101.7500
-78.97605174;-2.90226391;[0];-101.8750
-78.97580894;-2.902263473;[0];-102.0000
-79.00737350;-2.902075699;[0];-101.1250
-79.00713069;-2.902075269;[0];-99.9375
-79.00688789;-2.902074839;[0];-98.8750
-79.00664509;-2.902074409;[0];-97.6875
-79.00640228;-2.902073979;[0];-96.6875
-79.00615948;-2.902073549;[0];-95.9375
-79.00591668;-2.902073118;[0];-95.0625
-79.00567387;-2.902072688;[0];-94.3750
-79.00543107;-2.902072258;[0];-94.1875
-79.00518827;-2.902071827;[0];-94.0625
-79.00494546;-2.902071397;[0];-93.7500
-79.00470266;-2.902070966;[0];-93.5625
-79.00445986;-2.902070535;[0];-92.6875
-79.00421706;-2.902070105;[0];-91.1250
-79.00397425;-2.902069674;[0];-89.0625
-79.00373145;-2.902069243;[0];-86.1875
-79.00348865;-2.902068812;[0];-83.5625
-79.00324584;-2.902068382;[0];-81.5000
-79.00300304;-2.902067951;[0];-79.5625
-79.00276024;-2.90206752;[0];-78.0000
-79.00251744;-2.902067089;[0];-77.0625
-79.00227463;-2.902066658;[0];-76.2500
-79.00203183;-2.902066226;[0];-75.7500
-79.00178903;-2.902065795;[0];-75.5625
-79.00154623;-2.902065364;[0];-75.5000
-79.00130342;-2.902064933;[0];-75.5000
-79.00106062;-2.902064501;[0];-75.6250
-79.00081782;-2.90206407;[0];-75.9375
-79.00057502;-2.902063638;[0];-76.2500
-79.00033222;-2.902063207;[0];-76.5625
-79.00008941;-2.902062775;[0];-76.9375
-78.99984661;-2.902062344;[0];-77.3125
-78.99960381;-2.902061912;[0];-77.8125
-78.99936101;-2.90206148;[0];-78.1875
-78.99911820;-2.902061049;[0];-78.6875
-78.99887540;-2.902060617;[0];-79.1250
-78.9986326;-2.902060185;[0];-79.5625
-78.99838980;-2.902059753;[0];-80.0625
-78.99814700;-2.902059321;[0];-80.5000
-78.99790419;-2.902058889;[0];-80.9375
-78.99766139;-2.902058457;[0];-81.3125
-78.99741859;-2.902058025;[0];-81.7500
-78.99717579;-2.902057593;[0];-82.1250
-78.99693299;-2.90205716;[0];-82.5625
-78.99669019;-2.902056728;[0];-83.0000
-78.99644738;-2.902056296;[0];-83.3750
-78.99620458;-2.902055863;[0];-83.7500
-78.99596178;-2.902055431;[0];-84.1250
-78.99571898;-2.902054998;[0];-84.5000
-78.99547618;-2.902054566;[0];-84.9375
-78.99523338;-2.902054133;[0];-85.3125
-78.99499057;-2.902053701;[0];-85.6875
-78.99474777;-2.902053268;[0];-86.0000
-78.99450497;-2.902052835;[0];-86.3750
-78.99426217;-2.902052402;[0];-86.6875
-78.99401937;-2.902051969;[0];-87.0000
-78.99377657;-2.902051537;[0];-87.3125
-78.99353377;-2.902051104;[0];-87.6250
-78.99329096;-2.902050671;[0];-87.9375
-78.99304816;-2.902050238;[0];-88.2500
-78.99280536;-2.902049804;[0];-88.5000
-78.99256256;-2.902049371;[0];-88.8125
-78.99231976;-2.902048938;[0];-89.1250
-78.99207696;-2.902048505;[0];-89.3750
-78.99183416;-2.902048071;[0];-89.6250
-78.99159136;-2.902047638;[0];-89.9375
-78.99134856;-2.902047205;[0];-90.1875
-78.99110575;-2.902046771;[0];-90.5000
-78.99086295;-2.902046337;[0];-90.7500
-78.99062015;-2.902045904;[0];-91.0000
-78.99037735;-2.90204547;[0];-91.3125
-78.99013455;-2.902045037;[0];-91.5625
-78.98989175;-2.902044603;[0];-91.8125
-78.98964895;-2.902044169;[0];-92.0625
-78.98940615;-2.902043735;[0];-92.3125
-78.98916335;-2.902043301;[0];-92.5625
-78.98892055;-2.902042867;[0];-92.7500
-78.98867775;-2.902042433;[0];-93.0000
-78.98843495;-2.902041999;[0];-93.2500
-78.98819215;-2.902041565;[0];-93.5000
-78.98794935;-2.902041131;[0];-93.6875
-78.98770655;-2.902040697;[0];-93.8750
-78.98746375;-2.902040262;[0];-94.1250
-78.98722095;-2.902039828;[0];-94.3125
-78.98697814;-2.902039394;[0];-94.5000
-78.98673534;-2.902038959;[0];-94.6875
-78.98649254;-2.902038525;[0];-94.9375
-78.98624974;-2.90203809;[0];-95.1250
-78.98600694;-2.902037656;[0];-95.3125
-78.98576414;-2.902037221;[0];-95.5000
-78.98552134;-2.902036786;[0];-95.6875
-78.98527854;-2.902036352;[0];-95.8750
-78.98503574;-2.902035917;[0];-96.0625
-78.98479294;-2.902035482;[0];-96.2500
-78.98455014;-2.902035047;[0];-96.4375
-78.98430734;-2.902034612;[0];-96.6250
-78.98406454;-2.902034177;[0];-96.8125
-78.98382174;-2.902033742;[0];-97.0000
-78.98357894;-2.902033307;[0];-97.1875
-78.98333614;-2.902032872;[0];-97.3750
-78.98309335;-2.902032436;[0];-97.5000
-78.98285055;-2.902032001;[0];-97.6875
-78.98260775;-2.902031566;[0];-97.8750
-78.98236495;-2.90203113;[0];-98.0625
-78.98212215;-2.902030695;[0];-98.1875
-78.98187935;-2.90203026;[0];-98.3750
-78.98163655;-2.902029824;[0];-98.5625
-78.98139375;-2.902029388;[0];-98.6875
-78.98115095;-2.902028953;[0];-98.8750
-78.98090815;-2.902028517;[0];-99.0000
-78.98066535;-2.902028081;[0];-99.1875
-78.98042255;-2.902027646;[0];-99.3125
-78.98017975;-2.90202721;[0];-99.5000
-78.97993695;-2.902026774;[0];-99.6250
-78.97969415;-2.902026338;[0];-99.8125
-78.97945135;-2.902025902;[0];-99.9375
-78.97920855;-2.902025466;[0];-100.0625
-78.97896576;-2.90202503;[0];-100.2500
-78.97872296;-2.902024594;[0];-100.3750
-78.97848016;-2.902024157;[0];-100.5000
-78.97823736;-2.902023721;[0];-100.6875
-78.97799456;-2.902023285;[0];-100.8125
-78.97775176;-2.902022848;[0];-100.9375
-78.97750896;-2.902022412;[0];-101.0625
-78.97726616;-2.902021976;[0];-101.1875
-78.97702336;-2.902021539;[0];-101.3750
-78.97678057;-2.902021102;[0];-101.5000
-78.97653777;-2.902020666;[0];-101.6250
-78.97629497;-2.902020229;[0];-101.7500
-78.97605217;-2.902019792;[0];-101.8750
-78.97580937;-2.902019356;[0];-102.0000
-79.00761673;-2.901832007;[0];-101.3750
-79.00737392;-2.901831577;[0];-100.1875
-79.00713112;-2.901831147;[0];-99.1250
-79.00688832;-2.901830717;[0];-98.0000
-79.00664551;-2.901830287;[0];-97.0625
-79.00640271;-2.901829857;[0];-96.1875
-79.00615991;-2.901829427;[0];-95.2500
-79.00591710;-2.901828997;[0];-94.5625
-79.00567430;-2.901828566;[0];-93.9375
-79.00543150;-2.901828136;[0];-93.4375
-79.00518870;-2.901827705;[0];-92.8125
-79.00494589;-2.901827275;[0];-92.3750
-79.00470309;-2.901826844;[0];-91.8125
-79.00446029;-2.901826414;[0];-90.6875
-79.00421748;-2.901825983;[0];-89.2500
-79.00397468;-2.901825553;[0];-87.6250
-79.00373188;-2.901825122;[0];-85.6875
-79.00348908;-2.901824691;[0];-83.5625
-79.00324627;-2.90182426;[0];-81.7500
-79.00300347;-2.901823829;[0];-80.2500
-79.00276067;-2.901823398;[0];-79.0625
-79.00251787;-2.901822967;[0];-78.1250
-79.00227506;-2.901822536;[0];-77.4375
-79.00203226;-2.901822105;[0];-76.9375
-79.00178946;-2.901821674;[0];-76.6875
-79.00154666;-2.901821243;[0];-76.5000
-79.00130385;-2.901820812;[0];-76.5000
-79.00106105;-2.90182038;[0];-76.6250
-79.00081825;-2.901819949;[0];-76.7500
-79.00057545;-2.901819517;[0];-77.0625
-79.00033264;-2.901819086;[0];-77.3125
-79.00008984;-2.901818654;[0];-77.6250
-78.99984704;-2.901818223;[0];-77.9375
-78.99960424;-2.901817791;[0];-78.3750
-78.99936144;-2.90181736;[0];-78.7500
-78.99911863;-2.901816928;[0];-79.1875
-78.99887583;-2.901816496;[0];-79.6250
-78.99863303;-2.901816064;[0];-80.0000
-78.99839023;-2.901815632;[0];-80.4375
-78.99814743;-2.9018152;[0];-80.8125
-78.99790462;-2.901814768;[0];-81.2500
-78.99766182;-2.901814336;[0];-81.6875
-78.99741902;-2.901813904;[0];-82.0625
-78.99717622;-2.901813472;[0];-82.4375
-78.99693342;-2.90181304;[0];-82.8750
-78.99669062;-2.901812608;[0];-83.2500
-78.99644781;-2.901812175;[0];-83.6250
-78.99620501;-2.901811743;[0];-84.0000
-78.99596221;-2.901811311;[0];-84.3750
-78.99571941;-2.901810878;[0];-84.7500
-78.99547661;-2.901810446;[0];-85.1250
-78.99523381;-2.901810013;[0];-85.4375
-78.99499100;-2.90180958;[0];-85.8125
-78.99474820;-2.901809148;[0];-86.1250
-78.99450540;-2.901808715;[0];-86.5000
-78.9942626;-2.901808282;[0];-86.8125
-78.99401980;-2.901807849;[0];-87.1875
-78.99377700;-2.901807417;[0];-87.5000
-78.99353420;-2.901806984;[0];-87.8125
-78.99329140;-2.901806551;[0];-88.1250
-78.99304859;-2.901806118;[0];-88.3750
-78.99280579;-2.901805685;[0];-88.6875
-78.99256299;-2.901805251;[0];-89.0000
-78.99232019;-2.901804818;[0];-89.2500
-78.99207739;-2.901804385;[0];-89.5000
-78.99183459;-2.901803952;[0];-89.8125
-78.99159179;-2.901803518;[0];-90.0625
-78.99134899;-2.901803085;[0];-90.3125
-78.99110619;-2.901802651;[0];-90.5625
-78.99086339;-2.901802218;[0];-90.8125
-78.99062058;-2.901801784;[0];-91.0625
-78.99037778;-2.901801351;[0];-91.3125
-78.99013498;-2.901800917;[0];-91.5625
-78.98989218;-2.901800483;[0];-91.8125
-78.98964938;-2.90180005;[0];-92.0625
-78.98940658;-2.901799616;[0];-92.3125
-78.98916378;-2.901799182;[0];-92.5625
-78.98892098;-2.901798748;[0];-92.8125
-78.98867818;-2.901798314;[0];-93.0000
-78.98843538;-2.90179788;[0];-93.2500
-78.98819258;-2.901797446;[0];-93.5000
-78.98794978;-2.901797012;[0];-93.6875
-78.98770698;-2.901796578;[0];-93.9375
-78.98746418;-2.901796143;[0];-94.1250
-78.98722138;-2.901795709;[0];-94.3750
-78.98697858;-2.901795275;[0];-94.5625
-78.98673578;-2.90179484;[0];-94.8125
-78.98649298;-2.901794406;[0];-95.0000
-78.98625018;-2.901793971;[0];-95.1875
-78.98600738;-2.901793537;[0];-95.3750
-78.98576458;-2.901793102;[0];-95.5625
-78.98552178;-2.901792668;[0];-95.7500
-78.98527898;-2.901792233;[0];-95.9375
-78.98503618;-2.901791798;[0];-96.1250
-78.98479338;-2.901791363;[0];-96.3125
-78.98455058;-2.901790928;[0];-96.5000
-78.98430778;-2.901790493;[0];-96.6875
-78.98406498;-2.901790059;[0];-96.8750
-78.98382218;-2.901789623;[0];-97.0000
-78.98357938;-2.901789188;[0];-97.1875
-78.98333658;-2.901788753;[0];-97.3750
-78.98309378;-2.901788318;[0];-97.5625
-78.98285098;-2.901787883;[0];-97.6875
-78.98260818;-2.901787448;[0];-97.8750
-78.98236538;-2.901787012;[0];-98.0625
-78.98212258;-2.901786577;[0];-98.1875
-78.98187978;-2.901786141;[0];-98.3750
-78.98163698;-2.901785706;[0];-98.5625
-78.98139418;-2.90178527;[0];-98.6875
-78.98115138;-2.901784835;[0];-98.8750
-78.98090858;-2.901784399;[0];-99.0000
-78.98066578;-2.901783963;[0];-99.1875
-78.98042298;-2.901783528;[0];-99.3125
-78.98018019;-2.901783092;[0];-99.5000
-78.97993739;-2.901782656;[0];-99.6250
-78.97969459;-2.90178222;[0];-99.8125
-78.97945179;-2.901781784;[0];-99.9375
-78.97920899;-2.901781348;[0];-100.0625
-78.97896619;-2.901780912;[0];-100.2500
-78.97872339;-2.901780476;[0];-100.3750
-78.97848059;-2.90178004;[0];-100.5000
-78.97823779;-2.901779603;[0];-100.6875
-78.97799499;-2.901779167;[0];-100.8125
-78.97775220;-2.901778731;[0];-100.9375
-78.97750940;-2.901778294;[0];-101.0625
-78.97726660;-2.901777858;[0];-101.2500
-78.97702380;-2.901777422;[0];-101.3750
-78.97678100;-2.901776985;[0];-101.5000
-78.97653820;-2.901776548;[0];-101.6250
-78.97629540;-2.901776112;[0];-101.7500
-78.97605260;-2.901775675;[0];-101.8750
-78.97580981;-2.901775238;[0];-102.0000
-79.00785996;-2.901588315;[0];-101.8125
-79.00761715;-2.901587885;[0];-100.7500
-79.00737435;-2.901587455;[0];-99.6875
-79.00713155;-2.901587025;[0];-98.5000
-79.00688875;-2.901586595;[0];-97.5000
-79.00664594;-2.901586165;[0];-96.6875
-79.00640314;-2.901585735;[0];-95.8125
-79.00616034;-2.901585305;[0];-95.0000
-79.00591753;-2.901584875;[0];-94.3125
-79.00567473;-2.901584444;[0];-93.5625
-79.00543193;-2.901584014;[0];-93.1250
-79.00518912;-2.901583584;[0];-92.4375
-79.00494632;-2.901583153;[0];-91.8125
-79.00470352;-2.901582723;[0];-90.9375
-79.00446072;-2.901582292;[0];-89.8750
-79.00421791;-2.901581862;[0];-88.5625
-79.00397511;-2.901581431;[0];-87.1250
-79.00373231;-2.901581;[0];-85.6875
-79.00348950;-2.90158057;[0];-83.8125
-79.00324670;-2.901580139;[0];-82.4375
-79.00300390;-2.901579708;[0];-81.2500
-79.00276110;-2.901579277;[0];-80.1250
-79.00251829;-2.901578846;[0];-79.1875
-79.00227549;-2.901578415;[0];-78.5625
-79.00203269;-2.901577984;[0];-78.0625
-79.00178989;-2.901577553;[0];-77.6875
-79.00154708;-2.901577122;[0];-77.5625
-79.00130428;-2.90157669;[0];-77.5000
-79.00106148;-2.901576259;[0];-77.5625
-79.00081868;-2.901575828;[0];-77.6875
-79.00057588;-2.901575396;[0];-77.8750
-79.00033307;-2.901574965;[0];-78.0625
-79.00009027;-2.901574534;[0];-78.3750
-78.99984747;-2.901574102;[0];-78.6250
-78.99960467;-2.90157367;[0];-79.0000
-78.99936187;-2.901573239;[0];-79.3125
-78.99911906;-2.901572807;[0];-79.7500
-78.99887626;-2.901572375;[0];-80.0625
-78.99863346;-2.901571944;[0];-80.5000
-78.99839066;-2.901571512;[0];-80.8750
-78.99814786;-2.90157108;[0];-81.1875
-78.99790505;-2.901570648;[0];-81.6250
-78.99766225;-2.901570216;[0];-82.0000
-78.99741945;-2.901569784;[0];-82.3750
-78.99717665;-2.901569352;[0];-82.7500
-78.99693385;-2.90156892;[0];-83.1250
-78.99669104;-2.901568487;[0];-83.5625
-78.99644824;-2.901568055;[0];-83.9375
-78.99620544;-2.901567623;[0];-84.2500
-78.99596264;-2.90156719;[0];-84.6250
-78.99571984;-2.901566758;[0];-85.0000
-78.99547704;-2.901566325;[0];-85.3125
-78.99523424;-2.901565893;[0];-85.6875
-78.99499143;-2.90156546;[0];-86.0000
-78.99474863;-2.901565028;[0];-86.3125
-78.99450583;-2.901564595;[0];-86.6875
-78.99426303;-2.901564162;[0];-87.0000
-78.99402023;-2.901563729;[0];-87.3125
-78.99377743;-2.901563297;[0];-87.5625
-78.99353463;-2.901562864;[0];-87.8750
-78.99329183;-2.901562431;[0];-88.1875
-78.99304902;-2.901561998;[0];-88.5625
-78.99280622;-2.901561565;[0];-88.8125
-78.99256342;-2.901561132;[0];-89.1250
-78.99232062;-2.901560698;[0];-89.3750
-78.99207782;-2.901560265;[0];-89.6875
-78.99183502;-2.901559832;[0];-89.9375
-78.99159222;-2.901559399;[0];-90.1875
-78.99134942;-2.901558965;[0];-90.4375
-78.99110662;-2.901558532;[0];-90.6875
-78.99086382;-2.901558098;[0];-90.9375
-78.99062102;-2.901557665;[0];-91.1875
-78.99037821;-2.901557231;[0];-91.4375
-78.99013541;-2.901556798;[0];-91.6875
-78.98989261;-2.901556364;[0];-91.9375
-78.98964981;-2.90155593;[0];-92.1250
-78.98940701;-2.901555497;[0];-92.3750
-78.98916421;-2.901555063;[0];-92.6250
-78.98892141;-2.901554629;[0];-92.8125
-78.98867861;-2.901554195;[0];-93.0625
-78.98843581;-2.901553761;[0];-93.3125
-78.98819301;-2.901553327;[0];-93.5000
-78.98795021;-2.901552893;[0];-93.7500
-78.98770741;-2.901552459;[0];-93.9375
-78.98746461;-2.901552024;[0];-94.1875
-78.98722181;-2.90155159;[0];-94.3750
-78.98697901;-2.901551156;[0];-94.6250
-78.98673621;-2.901550721;[0];-94.8125
-78.98649341;-2.901550287;[0];-95.0000
-78.98625061;-2.901549853;[0];-95.1875
-78.98600781;-2.901549418;[0];-95.4375
-78.98576501;-2.901548983;[0];-95.6250
-78.98552221;-2.901548549;[0];-95.8125
-78.98527941;-2.901548114;[0];-96.0000
-78.98503661;-2.901547679;[0];-96.1875
-78.98479381;-2.901547245;[0];-96.3750
-78.98455101;-2.90154681;[0];-96.5625
-78.98430821;-2.901546375;[0];-96.7500
-78.98406541;-2.90154594;[0];-96.9375
-78.98382261;-2.901545505;[0];-97.1250
-78.98357981;-2.90154507;[0];-97.2500
-78.98333701;-2.901544635;[0];-97.4375
-78.98309421;-2.9015442;[0];-97.6250
-78.98285141;-2.901543765;[0];-97.7500
-78.98260861;-2.901543329;[0];-97.9375
-78.98236581;-2.901542894;[0];-98.1250
-78.98212301;-2.901542459;[0];-98.2500
-78.98188021;-2.901542023;[0];-98.4375
-78.98163741;-2.901541588;[0];-98.5625
-78.98139461;-2.901541152;[0];-98.7500
-78.98115182;-2.901540717;[0];-98.8750
-78.98090902;-2.901540281;[0];-99.0000
-78.98066622;-2.901539845;[0];-99.1875
-78.98042342;-2.90153941;[0];-99.3125
-78.98018062;-2.901538974;[0];-99.5000
-78.97993782;-2.901538538;[0];-99.6250
-78.97969502;-2.901538102;[0];-99.8125
-78.97945222;-2.901537666;[0];-99.9375
-78.97920942;-2.90153723;[0];-100.0625
-78.97896662;-2.901536794;[0];-100.2500
-78.97872382;-2.901536358;[0];-100.3750
-78.97848103;-2.901535922;[0];-100.5000
-78.97823823;-2.901535486;[0];-100.6875
-78.97799543;-2.90153505;[0];-100.8125
-78.97775263;-2.901534613;[0];-100.9375
-78.97750983;-2.901534177;[0];-101.0625
-78.97726703;-2.901533741;[0];-101.2500
-78.97702423;-2.901533304;[0];-101.3750
-78.97678143;-2.901532868;[0];-101.5000
-78.97653864;-2.901532431;[0];-101.6250
-78.97629584;-2.901531994;[0];-101.7500
-78.97605304;-2.901531558;[0];-101.8750
-78.97581024;-2.901531121;[0];-102.0000
-79.00786039;-2.901344193;[0];-101.2500
-79.00761758;-2.901343763;[0];-100.2500
-79.00737478;-2.901343333;[0];-99.1875
-79.00713198;-2.901342903;[0];-98.2500
-79.00688917;-2.901342473;[0];-97.3125
-79.00664637;-2.901342043;[0];-96.4375
-79.00640357;-2.901341613;[0];-95.5625
-79.00616076;-2.901341183;[0];-94.8125
-79.00591796;-2.901340753;[0];-94.1875
-79.00567516;-2.901340323;[0];-93.6250
-79.00543235;-2.901339892;[0];-92.9375
-79.00518955;-2.901339462;[0];-92.3750
-79.00494675;-2.901339032;[0];-91.6875
-79.00470395;-2.901338601;[0];-90.8750
-79.00446114;-2.901338171;[0];-89.8750
-79.00421834;-2.90133774;[0];-88.6875
-79.00397554;-2.90133731;[0];-87.3750
-79.00373274;-2.901336879;[0];-86.1250
-79.00348993;-2.901336448;[0];-84.4375
-79.00324713;-2.901336017;[0];-83.1875
-79.00300433;-2.901335587;[0];-82.0625
-79.00276153;-2.901335156;[0];-81.1250
-79.00251872;-2.901334725;[0];-80.3125
-79.00227592;-2.901334294;[0];-79.6250
-79.00203312;-2.901333863;[0];-79.1875
-79.00179032;-2.901333432;[0];-78.7500
-79.00154751;-2.901333001;[0];-78.5625
-79.00130471;-2.901332569;[0];-78.5625
-79.00106191;-2.901332138;[0];-78.5000
-79.00081911;-2.901331707;[0];-78.5625
-79.00057630;-2.901331276;[0];-78.6875
-79.00033350;-2.901330844;[0];-78.8750
-79.0000907;-2.901330413;[0];-79.0625
-78.99984790;-2.901329981;[0];-79.3125
-78.99960510;-2.90132955;[0];-79.6250
-78.99936229;-2.901329118;[0];-79.9375
-78.99911949;-2.901328686;[0];-80.3125
-78.99887669;-2.901328255;[0];-80.6250
-78.99863389;-2.901327823;[0];-81.0000
-78.99839109;-2.901327391;[0];-81.3125
-78.99814828;-2.901326959;[0];-81.6875
-78.99790548;-2.901326527;[0];-82.0625
-78.99766268;-2.901326095;[0];-82.3750
-78.99741988;-2.901325663;[0];-82.6875
-78.99717708;-2.901325231;[0];-83.0625
-78.99693428;-2.901324799;[0];-83.4375
-78.99669147;-2.901324367;[0];-83.8125
-78.99644867;-2.901323935;[0];-84.1875
-78.99620587;-2.901323502;[0];-84.5625
-78.99596307;-2.90132307;[0];-84.8750
-78.99572027;-2.901322638;[0];-85.2500
-78.99547747;-2.901322205;[0];-85.5625
-78.99523467;-2.901321773;[0];-85.9375
-78.99499186;-2.90132134;[0];-86.2500
-78.99474906;-2.901320908;[0];-86.5625
-78.99450626;-2.901320475;[0];-86.8750
-78.99426346;-2.901320042;[0];-87.1875
-78.99402066;-2.901319609;[0];-87.5000
-78.99377786;-2.901319177;[0];-87.7500
-78.99353506;-2.901318744;[0];-88.0625
-78.99329226;-2.901318311;[0];-88.3750
-78.99304946;-2.901317878;[0];-88.6250
-78.99280665;-2.901317445;[0];-88.9375
-78.99256385;-2.901317012;[0];-89.1875
-78.99232105;-2.901316579;[0];-89.5000
-78.99207825;-2.901316146;[0];-89.7500
-78.99183545;-2.901315712;[0];-90.0625
-78.99159265;-2.901315279;[0];-90.3750
-78.99134985;-2.901314846;[0];-90.6250
-78.99110705;-2.901314412;[0];-90.8750
-78.99086425;-2.901313979;[0];-91.1250
-78.99062145;-2.901313545;[0];-91.3125
-78.99037865;-2.901313112;[0];-91.5625
-78.99013585;-2.901312678;[0];-91.8125
-78.98989305;-2.901312245;[0];-92.0625
-78.98965024;-2.901311811;[0];-92.2500
-78.98940744;-2.901311377;[0];-92.5000
-78.98916464;-2.901310943;[0];-92.7500
-78.98892184;-2.90131051;[0];-92.9375
-78.98867904;-2.901310076;[0];-93.1875
-78.98843624;-2.901309642;[0];-93.3750
-78.98819344;-2.901309208;[0];-93.5625
-78.98795064;-2.901308774;[0];-93.8125
-78.98770784;-2.901308339;[0];-94.0000
-78.98746504;-2.901307905;[0];-94.1875
-78.98722224;-2.901307471;[0];-94.4375
-78.98697944;-2.901307037;[0];-94.6250
-78.98673664;-2.901306603;[0];-94.8125
-78.98649384;-2.901306168;[0];-95.0625
-78.98625104;-2.901305734;[0];-95.2500
-78.98600824;-2.901305299;[0];-95.4375
-78.98576544;-2.901304865;[0];-95.6250
-78.98552264;-2.90130443;[0];-95.8125
-78.98527984;-2.901303995;[0];-96.0000
-78.98503704;-2.901303561;[0];-96.1875
-78.98479424;-2.901303126;[0];-96.3750
-78.98455144;-2.901302691;[0];-96.5625
-78.98430864;-2.901302256;[0];-96.7500
-78.98406584;-2.901301822;[0];-96.9375
-78.98382304;-2.901301387;[0];-97.1250
-78.98358024;-2.901300952;[0];-97.3125
-78.98333744;-2.901300516;[0];-97.5000
-78.98309464;-2.901300081;[0];-97.6875
-78.98285184;-2.901299646;[0];-97.8125
-78.98260904;-2.901299211;[0];-98.0000
-78.98236625;-2.901298776;[0];-98.1875
-78.98212345;-2.90129834;[0];-98.3125
-78.98188065;-2.901297905;[0];-98.5000
-78.98163785;-2.90129747;[0];-98.6250
-78.98139505;-2.901297034;[0];-98.8125
-78.98115225;-2.901296599;[0];-98.9375
-78.98090945;-2.901296163;[0];-99.1250
-78.98066665;-2.901295727;[0];-99.2500
-78.98042385;-2.901295292;[0];-99.3750
-78.98018105;-2.901294856;[0];-99.5625
-78.97993825;-2.90129442;[0];-99.6875
-78.97969545;-2.901293984;[0];-99.8125
-78.97945265;-2.901293548;[0];-100.0000
-78.97920986;-2.901293113;[0];-100.1250
-78.97896706;-2.901292677;[0];-100.2500
-78.97872426;-2.90129224;[0];-100.3750
-78.97848146;-2.901291804;[0];-100.5625
-78.97823866;-2.901291368;[0];-100.6875
-78.97799586;-2.901290932;[0];-100.8125
-78.97775306;-2.901290496;[0];-100.9375
-78.97751026;-2.901290059;[0];-101.0625
-78.97726747;-2.901289623;[0];-101.2500
-78.97702467;-2.901289187;[0];-101.3750
-78.97678187;-2.90128875;[0];-101.5000
-78.97653907;-2.901288314;[0];-101.6250
-78.97629627;-2.901287877;[0];-101.7500
-78.97605347;-2.90128744;[0];-101.8750
-78.97581067;-2.901287004;[0];-102.0000
-79.00810362;-2.901100501;[0];-101.8125
-79.00786081;-2.901100071;[0];-100.8125
-79.00761801;-2.901099641;[0];-99.8750
-79.00737521;-2.901099211;[0];-98.9375
-79.00713240;-2.901098781;[0];-98.1250
-79.0068896;-2.901098352;[0];-97.2500
-79.00664680;-2.901097922;[0];-96.3125
-79.00640399;-2.901097491;[0];-95.5000
-79.00616119;-2.901097061;[0];-94.8750
-79.00591839;-2.901096631;[0];-94.2500
-79.00567559;-2.901096201;[0];-93.7500
-79.00543278;-2.901095771;[0];-93.0000
-79.00518998;-2.90109534;[0];-92.4375
-79.00494718;-2.90109491;[0];-91.7500
-79.00470437;-2.90109448;[0];-90.9375
-79.00446157;-2.901094049;[0];-89.9375
-79.00421877;-2.901093619;[0];-88.8750
-79.00397597;-2.901093188;[0];-87.7500
-79.00373316;-2.901092757;[0];-86.6875
-79.00349036;-2.901092327;[0];-85.1875
-79.00324756;-2.901091896;[0];-84.0625
-79.00300476;-2.901091465;[0];-83.0625
-79.00276195;-2.901091034;[0];-82.1875
-79.00251915;-2.901090604;[0];-81.3125
-79.00227635;-2.901090173;[0];-80.6875
-79.00203355;-2.901089742;[0];-80.1875
-79.00179074;-2.901089311;[0];-79.8750
-79.00154794;-2.901088879;[0];-79.6250
-79.00130514;-2.901088448;[0];-79.5000
-79.00106234;-2.901088017;[0];-79.5000
-79.00081954;-2.901087586;[0];-79.4375
-79.00057673;-2.901087155;[0];-79.5625
-79.00033393;-2.901086723;[0];-79.6875
-79.00009113;-2.901086292;[0];-79.8125
-78.99984833;-2.90108586;[0];-80.0625
-78.99960553;-2.901085429;[0];-80.2500
-78.99936272;-2.901084997;[0];-80.6250
-78.99911992;-2.901084566;[0];-80.8750
-78.99887712;-2.901084134;[0];-81.1250
-78.99863432;-2.901083702;[0];-81.5000
-78.99839152;-2.90108327;[0];-81.8125
-78.99814871;-2.901082839;[0];-82.1250
-78.99790591;-2.901082407;[0];-82.4375
-78.99766311;-2.901081975;[0];-82.7500
-78.99742031;-2.901081543;[0];-83.1250
-78.99717751;-2.901081111;[0];-83.4375
-78.99693471;-2.901080679;[0];-83.7500
-78.99669190;-2.901080247;[0];-84.1250
-78.99644910;-2.901079814;[0];-84.5000
-78.99620630;-2.901079382;[0];-84.8125
-78.9959635;-2.90107895;[0];-85.1875
-78.99572070;-2.901078517;[0];-85.5000
-78.99547790;-2.901078085;[0];-85.8125
-78.99523510;-2.901077653;[0];-86.1250
-78.99499229;-2.90107722;[0];-86.4375
-78.99474949;-2.901076787;[0];-86.7500
-78.99450669;-2.901076355;[0];-87.0625
-78.99426389;-2.901075922;[0];-87.3750
-78.99402109;-2.901075489;[0];-87.6875
-78.99377829;-2.901075057;[0];-88.0000
-78.99353549;-2.901074624;[0];-88.2500
-78.99329269;-2.901074191;[0];-88.5625
-78.99304989;-2.901073758;[0];-88.8125
-78.99280708;-2.901073325;[0];-89.1250
-78.99256428;-2.901072892;[0];-89.3750
-78.99232148;-2.901072459;[0];-89.6250
-78.99207868;-2.901072026;[0];-89.8750
-78.99183588;-2.901071593;[0];-90.1250
-78.99159308;-2.901071159;[0];-90.3750
-78.99135028;-2.901070726;[0];-90.6875
-78.99110748;-2.901070293;[0];-90.9375
-78.99086468;-2.901069859;[0];-91.1875
-78.99062188;-2.901069426;[0];-91.4375
-78.99037908;-2.901068992;[0];-91.6875
-78.99013628;-2.901068559;[0];-91.9375
-78.98989348;-2.901068125;[0];-92.1875
-78.98965068;-2.901067692;[0];-92.3750
-78.98940788;-2.901067258;[0];-92.6250
-78.98916507;-2.901066824;[0];-92.8125
-78.98892227;-2.90106639;[0];-93.0625
-78.98867947;-2.901065956;[0];-93.2500
-78.98843667;-2.901065523;[0];-93.5000
-78.98819387;-2.901065089;[0];-93.6875
-78.98795107;-2.901064655;[0];-93.8750
-78.98770827;-2.90106422;[0];-94.1250
-78.98746547;-2.901063786;[0];-94.3125
-78.98722267;-2.901063352;[0];-94.5000
-78.98697987;-2.901062918;[0];-94.6875
-78.98673707;-2.901062484;[0];-94.8750
-78.98649427;-2.901062049;[0];-95.0625
-78.98625147;-2.901061615;[0];-95.3125
-78.98600867;-2.90106118;[0];-95.5000
-78.98576587;-2.901060746;[0];-95.6250
-78.98552307;-2.901060311;[0];-95.8750
-78.98528027;-2.901059877;[0];-96.0625
-78.98503747;-2.901059442;[0];-96.2500
-78.98479467;-2.901059007;[0];-96.4375
-78.98455187;-2.901058573;[0];-96.6250
-78.98430907;-2.901058138;[0];-96.8125
-78.98406627;-2.901057703;[0];-96.9375
-78.98382348;-2.901057268;[0];-97.1250
-78.98358068;-2.901056833;[0];-97.3125
-78.98333788;-2.901056398;[0];-97.5000
-78.98309508;-2.901055963;[0];-97.6875
-78.98285228;-2.901055528;[0];-97.8125
-78.98260948;-2.901055093;[0];-98.0000
-78.98236668;-2.901054657;[0];-98.1875
-78.98212388;-2.901054222;[0];-98.3750
-78.98188108;-2.901053787;[0];-98.5000
-78.98163828;-2.901053351;[0];-98.6875
-78.98139548;-2.901052916;[0];-98.8125
-78.98115268;-2.901052481;[0];-99.0000
-78.98090988;-2.901052045;[0];-99.1250
-78.98066708;-2.901051609;[0];-99.3125
-78.98042428;-2.901051174;[0];-99.4375
-78.98018149;-2.901050738;[0];-99.6250
-78.97993869;-2.901050302;[0];-99.7500
-78.97969589;-2.901049867;[0];-99.8750
-78.97945309;-2.901049431;[0];-100.0625
-78.97921029;-2.901048995;[0];-100.1875
-78.97896749;-2.901048559;[0];-100.3125
-78.97872469;-2.901048123;[0];-100.4375
-78.97848189;-2.901047687;[0];-100.5625
-78.97823909;-2.901047251;[0];-100.7500
-78.97799630;-2.901046814;[0];-100.8750
-78.97775350;-2.901046378;[0];-101.0000
-78.97751070;-2.901045942;[0];-101.1250
-78.97726790;-2.901045506;[0];-101.2500
-78.97702510;-2.901045069;[0];-101.3750
-78.97678230;-2.901044633;[0];-101.5000
-78.97653950;-2.901044196;[0];-101.6250
-78.97629671;-2.90104376;[0];-101.7500
-78.97605391;-2.901043323;[0];-101.8750
-79.00810404;-2.900856379;[0];-101.3750
-79.00786124;-2.900855949;[0];-100.5625
-79.00761844;-2.900855519;[0];-99.6875
-79.00737563;-2.900855089;[0];-98.8750
-79.00713283;-2.900854659;[0];-98.0625
-79.00689003;-2.90085423;[0];-97.1875
-79.00664723;-2.9008538;[0];-96.4375
-79.00640442;-2.90085337;[0];-95.7500
-79.00616162;-2.90085294;[0];-95.0000
-79.00591882;-2.900852509;[0];-94.4375
-79.00567601;-2.900852079;[0];-93.8750
-79.00543321;-2.900851649;[0];-93.3125
-79.00519041;-2.900851219;[0];-92.6875
-79.00494761;-2.900850788;[0];-92.0625
-79.00470480;-2.900850358;[0];-91.2500
-79.004462;-2.900849928;[0];-90.3125
-79.00421920;-2.900849497;[0];-89.3125
-79.00397639;-2.900849067;[0];-88.3125
-79.00373359;-2.900848636;[0];-87.3125
-79.00349079;-2.900848205;[0];-85.9375
-79.00324799;-2.900847775;[0];-84.8750
-79.00300518;-2.900847344;[0];-83.9375
-79.00276238;-2.900846913;[0];-83.1250
-79.00251958;-2.900846482;[0];-82.3750
-79.00227678;-2.900846051;[0];-81.8125
-79.00203398;-2.90084562;[0];-81.2500
-79.00179117;-2.900845189;[0];-80.9375
-79.00154837;-2.900844758;[0];-80.6875
-79.00130557;-2.900844327;[0];-80.5000
-79.00106277;-2.900843896;[0];-80.3750
-79.00081996;-2.900843465;[0];-80.3750
-79.00057716;-2.900843034;[0];-80.3750
-79.00033436;-2.900842602;[0];-80.5000
-79.00009156;-2.900842171;[0];-80.6250
-78.99984876;-2.900841739;[0];-80.8125
-78.99960595;-2.900841308;[0];-81.0000
-78.99936315;-2.900840876;[0];-81.1875
-78.99912035;-2.900840445;[0];-81.4375
-78.99887755;-2.900840013;[0];-81.7500
-78.99863475;-2.900839581;[0];-82.0000
-78.99839195;-2.90083915;[0];-82.3125
-78.99814914;-2.900838718;[0];-82.6250
-78.99790634;-2.900838286;[0];-82.8750
-78.99766354;-2.900837854;[0];-83.1875
-78.99742074;-2.900837422;[0];-83.5000
-78.99717794;-2.90083699;[0];-83.8125
-78.99693514;-2.900836558;[0];-84.1875
-78.99669233;-2.900836126;[0];-84.5000
-78.99644953;-2.900835694;[0];-84.8125
-78.99620673;-2.900835262;[0];-85.1250
-78.99596393;-2.900834829;[0];-85.4375
-78.99572113;-2.900834397;[0];-85.7500
-78.99547833;-2.900833965;[0];-86.0625
-78.99523553;-2.900833532;[0];-86.3750
-78.99499273;-2.9008331;[0];-86.6875
-78.99474992;-2.900832667;[0];-87.0000
-78.99450712;-2.900832235;[0];-87.3125
-78.99426432;-2.900831802;[0];-87.6250
-78.99402152;-2.900831369;[0];-87.8750
-78.99377872;-2.900830937;[0];-88.1875
-78.99353592;-2.900830504;[0];-88.4375
-78.99329312;-2.900830071;[0];-88.7500
-78.99305032;-2.900829638;[0];-89.0000
-78.99280752;-2.900829205;[0];-89.2500
-78.99256471;-2.900828772;[0];-89.5625
-78.99232191;-2.900828339;[0];-89.8125
-78.99207911;-2.900827906;[0];-90.0625
-78.99183631;-2.900827473;[0];-90.3125
-78.99159351;-2.90082704;[0];-90.5625
-78.99135071;-2.900826607;[0];-90.8125
-78.99110791;-2.900826173;[0];-91.0625
-78.99086511;-2.90082574;[0];-91.3125
-78.99062231;-2.900825306;[0];-91.5000
-78.99037951;-2.900824873;[0];-91.7500
-78.99013671;-2.900824439;[0];-92.0000
-78.98989391;-2.900824006;[0];-92.2500
-78.98965111;-2.900823572;[0];-92.5000
-78.98940831;-2.900823139;[0];-92.7500
-78.98916551;-2.900822705;[0];-92.9375
-78.98892271;-2.900822271;[0];-93.1875
-78.98867991;-2.900821837;[0];-93.3750
-78.98843711;-2.900821403;[0];-93.6250
-78.98819431;-2.900820969;[0];-93.8125
-78.98795151;-2.900820535;[0];-94.0000
-78.98770871;-2.900820101;[0];-94.2500
-78.98746590;-2.900819667;[0];-94.4375
-78.98722310;-2.900819233;[0];-94.6250
-78.98698030;-2.900818799;[0];-94.8125
-78.98673750;-2.900818365;[0];-95.0000
-78.98649470;-2.90081793;[0];-95.1875
-78.98625190;-2.900817496;[0];-95.3750
-78.98600911;-2.900817062;[0];-95.5625
-78.98576631;-2.900816627;[0];-95.7500
-78.98552351;-2.900816193;[0];-95.9375
-78.98528071;-2.900815758;[0];-96.1250
-78.98503791;-2.900815323;[0];-96.3125
-78.98479511;-2.900814889;[0];-96.4375
-78.98455231;-2.900814454;[0];-96.6250
-78.98430951;-2.900814019;[0];-96.8125
-78.98406671;-2.900813584;[0];-97.0000
-78.98382391;-2.90081315;[0];-97.1875
-78.98358111;-2.900812715;[0];-97.3125
-78.98333831;-2.90081228;[0];-97.5000
-78.98309551;-2.900811845;[0];-97.6875
-78.98285271;-2.90081141;[0];-97.8750
-78.98260991;-2.900810974;[0];-98.0000
-78.98236711;-2.900810539;[0];-98.1875
-78.98212431;-2.900810104;[0];-98.3750
-78.98188151;-2.900809669;[0];-98.5000
-78.98163871;-2.900809233;[0];-98.6875
-78.98139591;-2.900808798;[0];-98.8750
-78.98115312;-2.900808363;[0];-99.0000
-78.98091032;-2.900807927;[0];-99.1875
-78.98066752;-2.900807491;[0];-99.3125
-78.98042472;-2.900807056;[0];-99.5000
-78.98018192;-2.90080662;[0];-99.6250
-78.97993912;-2.900806184;[0];-99.7500
-78.97969632;-2.900805749;[0];-99.9375
-78.97945352;-2.900805313;[0];-100.0625
-78.97921072;-2.900804877;[0];-100.1875
-78.97896792;-2.900804441;[0];-100.3750
-78.97872513;-2.900804005;[0];-100.5000
-78.97848233;-2.900803569;[0];-100.6250
-78.97823953;-2.900803133;[0];-100.8125
-78.97799673;-2.900802697;[0];-100.9375
-78.97775393;-2.900802261;[0];-101.0625
-78.97751113;-2.900801824;[0];-101.1875
-78.97726833;-2.900801388;[0];-101.3125
-78.97702554;-2.900800952;[0];-101.4375
-78.97678274;-2.900800515;[0];-101.5625
-78.97653994;-2.900800079;[0];-101.6875
-78.97629714;-2.900799642;[0];-101.8125
-78.97605434;-2.900799206;[0];-101.9375
-79.00810447;-2.900612256;[0];-101.2500
-79.00786167;-2.900611827;[0];-100.3750
-79.00761886;-2.900611397;[0];-99.6250
-79.00737606;-2.900610967;[0];-98.8750
-79.00713326;-2.900610538;[0];-98.0000
-79.00689046;-2.900610108;[0];-97.3750
-79.00664765;-2.900609678;[0];-96.6250
-79.00640485;-2.900609248;[0];-95.9375
-79.00616205;-2.900608818;[0];-95.3125
-79.00591924;-2.900608388;[0];-94.7500
-79.00567644;-2.900607957;[0];-94.0625
-79.00543364;-2.900607527;[0];-93.5625
-79.00519084;-2.900607097;[0];-92.8750
-79.00494803;-2.900606667;[0];-92.3125
-79.00470523;-2.900606236;[0];-91.5625
-79.00446243;-2.900605806;[0];-90.6875
-79.00421963;-2.900605376;[0];-89.7500
-79.00397682;-2.900604945;[0];-88.8750
-79.00373402;-2.900604515;[0];-87.8750
-79.00349122;-2.900604084;[0];-87.0000
-79.00324842;-2.900603653;[0];-85.6875
-79.00300561;-2.900603223;[0];-84.8125
-79.00276281;-2.900602792;[0];-84.0625
-79.00252001;-2.900602361;[0];-83.4375
-79.00227721;-2.90060193;[0];-82.8125
-79.00203440;-2.900601499;[0];-82.3750
-79.00179160;-2.900601068;[0];-82.0000
-79.00154880;-2.900600637;[0];-81.6875
-79.00130600;-2.900600206;[0];-81.5000
-79.00106320;-2.900599775;[0];-81.3125
-79.00082039;-2.900599344;[0];-81.2500
-79.00057759;-2.900598913;[0];-81.2500
-79.00033479;-2.900598481;[0];-81.2500
-79.00009199;-2.90059805;[0];-81.3750
-78.99984919;-2.900597619;[0];-81.5625
-78.99960638;-2.900597187;[0];-81.7500
-78.99936358;-2.900596756;[0];-81.8750
-78.99912078;-2.900596324;[0];-82.1250
-78.99887798;-2.900595892;[0];-82.3125
-78.99863518;-2.900595461;[0];-82.5625
-78.99839238;-2.900595029;[0];-82.8125
-78.99814957;-2.900594597;[0];-83.0625
-78.99790677;-2.900594166;[0];-83.3750
-78.99766397;-2.900593734;[0];-83.6250
-78.99742117;-2.900593302;[0];-83.9375
-78.99717837;-2.90059287;[0];-84.2500
-78.99693557;-2.900592438;[0];-84.5000
-78.99669276;-2.900592006;[0];-84.8125
-78.99644996;-2.900591574;[0];-85.1875
-78.99620716;-2.900591141;[0];-85.5000
-78.99596436;-2.900590709;[0];-85.7500
-78.99572156;-2.900590277;[0];-86.0000
-78.99547876;-2.900589845;[0];-86.3125
-78.99523596;-2.900589412;[0];-86.6250
-78.99499316;-2.90058898;[0];-86.9375
-78.99475035;-2.900588547;[0];-87.2500
-78.99450755;-2.900588115;[0];-87.5000
-78.99426475;-2.900587682;[0];-87.8125
-78.99402195;-2.900587249;[0];-88.1250
-78.99377915;-2.900586817;[0];-88.3750
-78.99353635;-2.900586384;[0];-88.6250
-78.99329355;-2.900585951;[0];-88.9375
-78.99305075;-2.900585518;[0];-89.1875
-78.99280795;-2.900585085;[0];-89.4375
-78.99256515;-2.900584652;[0];-89.6875
-78.99232234;-2.900584219;[0];-90.0000
-78.99207954;-2.900583786;[0];-90.2500
-78.99183674;-2.900583353;[0];-90.5000
-78.99159394;-2.90058292;[0];-90.6875
-78.99135114;-2.900582487;[0];-90.9375
-78.99110834;-2.900582054;[0];-91.1875
-78.99086554;-2.90058162;[0];-91.4375
-78.99062274;-2.900581187;[0];-91.6875
-78.99037994;-2.900580754;[0];-91.8750
-78.99013714;-2.90058032;[0];-92.1250
-78.98989434;-2.900579886;[0];-92.3125
-78.98965154;-2.900579453;[0];-92.5625
-78.98940874;-2.900579019;[0];-92.7500
-78.98916594;-2.900578586;[0];-93.0000
-78.98892314;-2.900578152;[0];-93.2500
-78.98868034;-2.900577718;[0];-93.5000
-78.98843754;-2.900577284;[0];-93.6875
-78.98819474;-2.90057685;[0];-93.9375
-78.98795194;-2.900576416;[0];-94.1250
-78.98770914;-2.900575982;[0];-94.3125
-78.98746634;-2.900575548;[0];-94.5000
-78.98722354;-2.900575114;[0];-94.7500
-78.98698074;-2.90057468;[0];-94.9375
-78.98673794;-2.900574246;[0];-95.1250
-78.98649514;-2.900573812;[0];-95.3125
-78.98625234;-2.900573377;[0];-95.5000
-78.98600954;-2.900572943;[0];-95.6875
-78.98576674;-2.900572508;[0];-95.8750
-78.98552394;-2.900572074;[0];-96.0000
-78.98528114;-2.900571639;[0];-96.1875
-78.98503834;-2.900571205;[0];-96.3750
-78.98479554;-2.90057077;[0];-96.5625
-78.98455274;-2.900570336;[0];-96.7500
-78.98430994;-2.900569901;[0];-96.8750
-78.98406714;-2.900569466;[0];-97.0625
-78.98382434;-2.900569031;[0];-97.2500
-78.98358154;-2.900568596;[0];-97.3750
-78.98333874;-2.900568161;[0];-97.5625
-78.98309594;-2.900567726;[0];-97.7500
-78.98285314;-2.900567291;[0];-97.8750
-78.98261034;-2.900566856;[0];-98.0625
-78.98236754;-2.900566421;[0];-98.1875
-78.98212474;-2.900565986;[0];-98.3750
-78.98188195;-2.900565551;[0];-98.5625
-78.98163915;-2.900565115;[0];-98.6875
-78.98139635;-2.90056468;[0];-98.8750
-78.98115355;-2.900564244;[0];-99.0000
-78.98091075;-2.900563809;[0];-99.1875
-78.98066795;-2.900563373;[0];-99.3125
-78.98042515;-2.900562938;[0];-99.5000
-78.98018235;-2.900562502;[0];-99.6250
-78.97993955;-2.900562067;[0];-99.8125
-78.97969675;-2.900561631;[0];-99.9375
-78.97945396;-2.900561195;[0];-100.0625
-78.97921116;-2.900560759;[0];-100.2500
-78.97896836;-2.900560323;[0];-100.3750
-78.97872556;-2.900559887;[0];-100.5000
-78.97848276;-2.900559451;[0];-100.6875
-78.97823996;-2.900559015;[0];-100.8125
-78.97799716;-2.900558579;[0];-100.9375
-78.97775436;-2.900558143;[0];-101.0625
-78.97751157;-2.900557707;[0];-101.1875
-78.97726877;-2.900557271;[0];-101.3750
-78.97702597;-2.900556834;[0];-101.5000
-78.97678317;-2.900556398;[0];-101.6250
-78.97654037;-2.900555962;[0];-101.7500
-78.97629757;-2.900555525;[0];-101.8750
-78.97605478;-2.900555089;[0];-102.0000
-79.00834770;-2.900368564;[0];-101.9375
-79.00810490;-2.900368134;[0];-101.1875
-79.00786210;-2.900367705;[0];-100.4375
-79.00761929;-2.900367275;[0];-99.6250
-79.00737649;-2.900366845;[0];-98.8125
-79.00713369;-2.900366416;[0];-98.1250
-79.00689088;-2.900365986;[0];-97.4375
-79.00664808;-2.900365556;[0];-96.8750
-79.00640528;-2.900365126;[0];-96.1875
-79.00616247;-2.900364696;[0];-95.6250
-79.00591967;-2.900364266;[0];-95.0625
-79.00567687;-2.900363836;[0];-94.5000
-79.00543407;-2.900363406;[0];-93.9375
-79.00519126;-2.900362975;[0];-93.3125
-79.00494846;-2.900362545;[0];-92.6250
-79.00470566;-2.900362115;[0];-91.8750
-79.00446286;-2.900361684;[0];-91.1250
-79.00422005;-2.900361254;[0];-90.2500
-79.00397725;-2.900360824;[0];-89.3750
-79.00373445;-2.900360393;[0];-88.5625
-79.00349165;-2.900359962;[0];-87.6875
-79.00324884;-2.900359532;[0];-86.5000
-79.00300604;-2.900359101;[0];-85.7500
-79.00276324;-2.90035867;[0];-85.0625
-79.00252044;-2.90035824;[0];-84.3750
-79.00227764;-2.900357809;[0];-83.8750
-79.00203483;-2.900357378;[0];-83.3750
-79.00179203;-2.900356947;[0];-82.9375
-79.00154923;-2.900356516;[0];-82.6250
-79.00130643;-2.900356085;[0];-82.4375
-79.00106362;-2.900355654;[0];-82.2500
-79.00082082;-2.900355223;[0];-82.1250
-79.00057802;-2.900354792;[0];-82.0625
-79.00033522;-2.90035436;[0];-82.1875
-79.00009242;-2.900353929;[0];-82.1875
-78.99984961;-2.900353498;[0];-82.2500
-78.99960681;-2.900353066;[0];-82.4375
-78.99936401;-2.900352635;[0];-82.5625
-78.99912121;-2.900352203;[0];-82.7500
-78.99887841;-2.900351772;[0];-82.9375
-78.99863561;-2.90035134;[0];-83.1250
-78.99839280;-2.900350908;[0];-83.3125
-78.99815000;-2.900350477;[0];-83.6250
-78.99790720;-2.900350045;[0];-83.8750
-78.99766440;-2.900349613;[0];-84.0625
-78.99742160;-2.900349181;[0];-84.3750
-78.99717880;-2.900348749;[0];-84.6875
-78.99693600;-2.900348317;[0];-84.9375
-78.99669319;-2.900347885;[0];-85.2500
-78.99645039;-2.900347453;[0];-85.5000
-78.99620759;-2.900347021;[0];-85.8125
-78.99596479;-2.900346589;[0];-86.0625
-78.99572199;-2.900346157;[0];-86.3750
-78.99547919;-2.900345724;[0];-86.6875
-78.99523639;-2.900345292;[0];-86.9375
-78.99499359;-2.90034486;[0];-87.1875
-78.99475078;-2.900344427;[0];-87.5000
-78.99450798;-2.900343995;[0];-87.7500
-78.99426518;-2.900343562;[0];-88.0625
-78.99402238;-2.900343129;[0];-88.3125
-78.99377958;-2.900342697;[0];-88.5625
-78.99353678;-2.900342264;[0];-88.8750
-78.99329398;-2.900341831;[0];-89.1250
-78.99305118;-2.900341399;[0];-89.3750
-78.99280838;-2.900340966;[0];-89.6250
-78.99256558;-2.900340533;[0];-89.8750
-78.99232278;-2.9003401;[0];-90.1250
-78.99207997;-2.900339667;[0];-90.3750
-78.99183717;-2.900339234;[0];-90.6250
-78.99159437;-2.9003388;[0];-90.8750
-78.99135157;-2.900338367;[0];-91.1250
-78.99110877;-2.900337934;[0];-91.3750
-78.99086597;-2.900337501;[0];-91.5625
-78.99062317;-2.900337067;[0];-91.8125
-78.99038037;-2.900336634;[0];-92.0625
-78.99013757;-2.900336201;[0];-92.2500
-78.98989477;-2.900335767;[0];-92.5000
-78.98965197;-2.900335334;[0];-92.6875
-78.98940917;-2.9003349;[0];-92.9375
-78.98916637;-2.900334466;[0];-93.1250
-78.98892357;-2.900334033;[0];-93.3125
-78.98868077;-2.900333599;[0];-93.5625
-78.98843797;-2.900333165;[0];-93.7500
-78.98819517;-2.900332731;[0];-93.9375
-78.98795237;-2.900332297;[0];-94.1875
-78.98770957;-2.900331863;[0];-94.3750
-78.98746677;-2.900331429;[0];-94.6250
-78.98722397;-2.900330995;[0];-94.8125
-78.98698117;-2.900330561;[0];-95.0000
-78.98673837;-2.900330127;[0];-95.1875
-78.98649557;-2.900329693;[0];-95.3750
-78.98625277;-2.900329258;[0];-95.5625
-78.98600997;-2.900328824;[0];-95.7500
-78.98576717;-2.90032839;[0];-95.9375
-78.98552437;-2.900327955;[0];-96.1250
-78.98528157;-2.900327521;[0];-96.3125
-78.98503877;-2.900327086;[0];-96.5000
-78.98479597;-2.900326652;[0];-96.6250
-78.98455317;-2.900326217;[0];-96.8125
-78.98431037;-2.900325782;[0];-97.0000
-78.98406757;-2.900325347;[0];-97.1250
-78.98382477;-2.900324913;[0];-97.3125
-78.98358197;-2.900324478;[0];-97.5000
-78.98333917;-2.900324043;[0];-97.6250
-78.98309637;-2.900323608;[0];-97.8125
-78.98285358;-2.900323173;[0];-97.9375
-78.98261078;-2.900322738;[0];-98.1250
-78.98236798;-2.900322303;[0];-98.2500
-78.98212518;-2.900321868;[0];-98.4375
-78.98188238;-2.900321432;[0];-98.5625
-78.98163958;-2.900320997;[0];-98.7500
-78.98139678;-2.900320562;[0];-98.8750
-78.98115398;-2.900320126;[0];-99.0625
-78.98091118;-2.900319691;[0];-99.1875
-78.98066838;-2.900319255;[0];-99.3125
-78.98042558;-2.90031882;[0];-99.5000
-78.98018279;-2.900318384;[0];-99.6250
-78.97993999;-2.900317949;[0];-99.8125
-78.97969719;-2.900317513;[0];-99.9375
-78.97945439;-2.900317077;[0];-100.1250
-78.97921159;-2.900316641;[0];-100.2500
-78.97896879;-2.900316206;[0];-100.3750
-78.97872599;-2.90031577;[0];-100.5000
-78.97848319;-2.900315334;[0];-100.6875
-78.97824040;-2.900314898;[0];-100.8125
-78.97799760;-2.900314462;[0];-100.9375
-78.97775480;-2.900314026;[0];-101.0625
-78.97751200;-2.900313589;[0];-101.2500
-78.97726920;-2.900313153;[0];-101.3750
-78.97702640;-2.900312717;[0];-101.5000
-78.97678360;-2.900312281;[0];-101.6250
-78.97654081;-2.900311844;[0];-101.7500
-78.97629801;-2.900311408;[0];-101.8750
-78.97605521;-2.900310971;[0];-102.0000
-79.00834813;-2.900124442;[0];-101.8750
-79.00810533;-2.900124012;[0];-101.1875
-79.00786252;-2.900123583;[0];-100.4375
-79.00761972;-2.900123153;[0];-99.6250
-79.00737692;-2.900122723;[0];-98.9375
-79.00713411;-2.900122294;[0];-98.2500
-79.00689131;-2.900121864;[0];-97.6875
-79.00664851;-2.900121434;[0];-97.0625
-79.00640571;-2.900121004;[0];-96.5625
-79.00616290;-2.900120574;[0];-96.0625
-79.00592010;-2.900120144;[0];-95.4375
-79.00567730;-2.900119714;[0];-94.9375
-79.00543449;-2.900119284;[0];-94.3750
-79.00519169;-2.900118854;[0];-93.8125
-79.00494889;-2.900118423;[0];-93.1250
-79.00470609;-2.900117993;[0];-92.4375
-79.00446328;-2.900117563;[0];-91.6875
-79.00422048;-2.900117132;[0];-90.8750
-79.00397768;-2.900116702;[0];-90.0625
-79.00373488;-2.900116272;[0];-89.3125
-79.00349207;-2.900115841;[0];-88.5000
-79.00324927;-2.90011541;[0];-87.3750
-79.00300647;-2.90011498;[0];-86.6250
-79.00276367;-2.900114549;[0];-85.9375
-79.00252087;-2.900114118;[0];-85.3750
-79.00227806;-2.900113688;[0];-84.8750
-79.00203526;-2.900113257;[0];-84.3125
-79.00179246;-2.900112826;[0];-83.9375
-79.00154966;-2.900112395;[0];-83.5625
-79.00130686;-2.900111964;[0];-83.3125
-79.00106405;-2.900111533;[0];-83.1875
-79.00082125;-2.900111102;[0];-83.0625
-79.00057845;-2.900110671;[0];-83.0000
-79.00033565;-2.900110239;[0];-82.9375
-79.00009285;-2.900109808;[0];-83.0000
-78.99985004;-2.900109377;[0];-83.0000
-78.99960724;-2.900108945;[0];-83.1250
-78.99936444;-2.900108514;[0];-83.2500
-78.99912164;-2.900108083;[0];-83.3750
-78.99887884;-2.900107651;[0];-83.5625
-78.99863604;-2.900107219;[0];-83.7500
-78.99839323;-2.900106788;[0];-83.8750
-78.99815043;-2.900106356;[0];-84.0625
-78.99790763;-2.900105924;[0];-84.3125
-78.99766483;-2.900105493;[0];-84.6250
-78.99742203;-2.900105061;[0];-84.8125
-78.99717923;-2.900104629;[0];-85.0625
-78.99693643;-2.900104197;[0];-85.3750
-78.99669362;-2.900103765;[0];-85.6250
-78.99645082;-2.900103333;[0];-85.8750
-78.99620802;-2.900102901;[0];-86.1875
-78.99596522;-2.900102469;[0];-86.4375
-78.99572242;-2.900102036;[0];-86.6875
-78.99547962;-2.900101604;[0];-86.9375
-78.99523682;-2.900101172;[0];-87.2500
-78.99499402;-2.900100739;[0];-87.5000
-78.99475121;-2.900100307;[0];-87.7500
-78.99450841;-2.900099875;[0];-88.0000
-78.99426561;-2.900099442;[0];-88.2500
-78.99402281;-2.900099009;[0];-88.5625
-78.99378001;-2.900098577;[0];-88.8125
-78.99353721;-2.900098144;[0];-89.0625
-78.99329441;-2.900097711;[0];-89.3125
-78.99305161;-2.900097279;[0];-89.5625
-78.99280881;-2.900096846;[0];-89.8125
-78.99256601;-2.900096413;[0];-90.0625
-78.99232321;-2.90009598;[0];-90.3125
-78.99208041;-2.900095547;[0];-90.5625
-78.99183760;-2.900095114;[0];-90.8125
-78.99159480;-2.900094681;[0];-91.0625
-78.99135200;-2.900094248;[0];-91.2500
-78.99110920;-2.900093815;[0];-91.5000
-78.99086640;-2.900093381;[0];-91.7500
-78.99062360;-2.900092948;[0];-91.9375
-78.99038080;-2.900092515;[0];-92.1875
-78.99013800;-2.900092081;[0];-92.3750
-78.98989520;-2.900091648;[0];-92.6250
-78.9896524;-2.900091214;[0];-92.8125
-78.9894096;-2.900090781;[0];-93.0625
-78.9891668;-2.900090347;[0];-93.2500
-78.988924;-2.900089913;[0];-93.4375
-78.9886812;-2.90008948;[0];-93.6875
-78.9884384;-2.900089046;[0];-93.8750
-78.9881956;-2.900088612;[0];-94.0625
-78.9879528;-2.900088178;[0];-94.2500
-78.98771;-2.900087744;[0];-94.4375
-78.9874672;-2.90008731;[0];-94.6875
-78.9872244;-2.900086876;[0];-94.8750
-78.9869816;-2.900086442;[0];-95.0625
-78.9867388;-2.900086008;[0];-95.2500
-78.986496;-2.900085574;[0];-95.4375
-78.9862532;-2.90008514;[0];-95.6875
-78.98601040;-2.900084705;[0];-95.8750
-78.98576760;-2.900084271;[0];-96.0625
-78.98552480;-2.900083836;[0];-96.2500
-78.98528200;-2.900083402;[0];-96.3750
-78.98503920;-2.900082968;[0];-96.5625
-78.98479640;-2.900082533;[0];-96.7500
-78.98455360;-2.900082098;[0];-96.9375
-78.98431080;-2.900081664;[0];-97.0625
-78.98406800;-2.900081229;[0];-97.2500
-78.98382521;-2.900080794;[0];-97.4375
-78.98358241;-2.900080359;[0];-97.5625
-78.98333961;-2.900079925;[0];-97.7500
-78.98309681;-2.90007949;[0];-97.8750
-78.98285401;-2.900079055;[0];-98.0625
-78.98261121;-2.90007862;[0];-98.1875
-78.98236841;-2.900078184;[0];-98.3750
-78.98212561;-2.900077749;[0];-98.5000
-78.98188281;-2.900077314;[0];-98.6875
-78.98164001;-2.900076879;[0];-98.8125
-78.98139721;-2.900076444;[0];-98.9375
-78.98115441;-2.900076008;[0];-99.1250
-78.98091162;-2.900075573;[0];-99.2500
-78.98066882;-2.900075137;[0];-99.3750
-78.98042602;-2.900074702;[0];-99.5625
-78.98018322;-2.900074266;[0];-99.6875
-78.97994042;-2.900073831;[0];-99.8125
-78.97969762;-2.900073395;[0];-99.9375
-78.97945482;-2.900072959;[0];-100.1250
-78.97921202;-2.900072524;[0];-100.2500
-78.97896922;-2.900072088;[0];-100.3750
-78.97872643;-2.900071652;[0];-100.5625
-78.97848363;-2.900071216;[0];-100.6875
-78.97824083;-2.90007078;[0];-100.8125
-78.97799803;-2.900070344;[0];-100.9375
-78.97775523;-2.900069908;[0];-101.1250
-78.97751243;-2.900069472;[0];-101.2500
-78.97726964;-2.900069036;[0];-101.3750
-78.97702684;-2.900068599;[0];-101.5000
-78.97678404;-2.900068163;[0];-101.6250
-78.97654124;-2.900067727;[0];-101.7500
-78.97629844;-2.90006729;[0];-101.8750
-79.00834856;-2.89988032;[0];-101.8750
-79.00810575;-2.89987989;[0];-101.1875
-79.00786295;-2.899879461;[0];-100.4375
-79.00762015;-2.899879031;[0];-99.8125
-79.00737734;-2.899878601;[0];-99.1875
-79.00713454;-2.899878172;[0];-98.5625
-79.00689174;-2.899877742;[0];-97.9375
-79.00664894;-2.899877312;[0];-97.3750
-79.00640613;-2.899876882;[0];-96.8750
-79.00616333;-2.899876452;[0];-96.3750
-79.00592053;-2.899876022;[0];-95.7500
-79.00567772;-2.899875592;[0];-95.3125
-79.00543492;-2.899875162;[0];-94.7500
-79.00519212;-2.899874732;[0];-94.3125
-79.00494932;-2.899874302;[0];-93.6250
-79.00470651;-2.899873872;[0];-92.9375
-79.00446371;-2.899873441;[0];-92.2500
-79.00422091;-2.899873011;[0];-91.4375
-79.00397811;-2.899872581;[0];-90.6875
-79.00373531;-2.89987215;[0];-90.0000
-79.00349250;-2.89987172;[0];-89.2500
-79.0032497;-2.899871289;[0];-88.1250
-79.00300690;-2.899870858;[0];-87.4375
-79.00276410;-2.899870428;[0];-86.8125
-79.00252129;-2.899869997;[0];-86.2500
-79.00227849;-2.899869566;[0];-85.6875
-79.00203569;-2.899869136;[0];-85.2500
-79.00179289;-2.899868705;[0];-84.8125
-79.00155009;-2.899868274;[0];-84.4375
-79.00130728;-2.899867843;[0];-84.2500
-79.00106448;-2.899867412;[0];-84.0625
-79.00082168;-2.899866981;[0];-83.9375
-79.00057888;-2.89986655;[0];-83.8125
-79.00033608;-2.899866118;[0];-83.7500
-79.00009327;-2.899865687;[0];-83.6875
-78.99985047;-2.899865256;[0];-83.8125
-78.99960767;-2.899864825;[0];-83.8125
-78.99936487;-2.899864393;[0];-83.8750
-78.99912207;-2.899863962;[0];-84.0000
-78.99887927;-2.89986353;[0];-84.1875
-78.99863646;-2.899863099;[0];-84.3125
-78.99839366;-2.899862667;[0];-84.5000
-78.99815086;-2.899862235;[0];-84.6250
-78.99790806;-2.899861804;[0];-84.8125
-78.99766526;-2.899861372;[0];-85.0625
-78.99742246;-2.89986094;[0];-85.3125
-78.99717966;-2.899860508;[0];-85.5625
-78.99693685;-2.899860076;[0];-85.7500
-78.99669405;-2.899859644;[0];-86.0000
-78.99645125;-2.899859212;[0];-86.3125
-78.99620845;-2.89985878;[0];-86.5000
-78.99596565;-2.899858348;[0];-86.7500
-78.99572285;-2.899857916;[0];-87.0625
-78.99548005;-2.899857484;[0];-87.2500
-78.99523725;-2.899857052;[0];-87.5000
-78.99499445;-2.899856619;[0];-87.8125
-78.99475164;-2.899856187;[0];-88.0625
-78.99450884;-2.899855754;[0];-88.3125
-78.99426604;-2.899855322;[0];-88.5625
-78.99402324;-2.899854889;[0];-88.7500
-78.99378044;-2.899854457;[0];-89.0000
-78.99353764;-2.899854024;[0];-89.2500
-78.99329484;-2.899853592;[0];-89.5000
-78.99305204;-2.899853159;[0];-89.7500
-78.99280924;-2.899852726;[0];-90.0000
-78.99256644;-2.899852293;[0];-90.2500
-78.99232364;-2.89985186;[0];-90.5000
-78.99208084;-2.899851427;[0];-90.7500
-78.99183804;-2.899850994;[0];-91.0000
-78.99159523;-2.899850561;[0];-91.1875
-78.99135243;-2.899850128;[0];-91.4375
-78.99110963;-2.899849695;[0];-91.6875
-78.99086683;-2.899849262;[0];-91.8750
-78.99062403;-2.899848828;[0];-92.1250
-78.99038123;-2.899848395;[0];-92.3125
-78.99013843;-2.899847962;[0];-92.5625
-78.98989563;-2.899847528;[0];-92.7500
-78.98965283;-2.899847095;[0];-93.0000
-78.98941003;-2.899846661;[0];-93.1875
-78.98916723;-2.899846228;[0];-93.3750
-78.98892443;-2.899845794;[0];-93.6250
-78.98868163;-2.89984536;[0];-93.8125
-78.98843883;-2.899844927;[0];-94.0000
-78.98819603;-2.899844493;[0];-94.1875
-78.98795323;-2.899844059;[0];-94.3750
-78.98771043;-2.899843625;[0];-94.5625
-78.98746763;-2.899843191;[0];-94.7500
-78.98722483;-2.899842757;[0];-94.9375
-78.98698203;-2.899842323;[0];-95.1250
-78.98673923;-2.899841889;[0];-95.3125
-78.98649643;-2.899841455;[0];-95.5000
-78.98625363;-2.899841021;[0];-95.6875
-78.98601083;-2.899840586;[0];-95.8750
-78.98576803;-2.899840152;[0];-96.0625
-78.98552523;-2.899839718;[0];-96.2500
-78.98528243;-2.899839283;[0];-96.4375
-78.98503963;-2.899838849;[0];-96.6250
-78.98479684;-2.899838414;[0];-96.8125
-78.98455404;-2.89983798;[0];-97.0000
-78.98431124;-2.899837545;[0];-97.1875
-78.98406844;-2.89983711;[0];-97.3125
-78.98382564;-2.899836676;[0];-97.5000
-78.98358284;-2.899836241;[0];-97.6875
-78.98334004;-2.899835806;[0];-97.8125
-78.98309724;-2.899835371;[0];-98.0000
-78.98285444;-2.899834936;[0];-98.1250
-78.98261164;-2.899834501;[0];-98.3125
-78.98236884;-2.899834066;[0];-98.4375
-78.98212604;-2.899833631;[0];-98.6250
-78.98188324;-2.899833196;[0];-98.7500
-78.98164045;-2.899832761;[0];-98.8750
-78.98139765;-2.899832326;[0];-99.0625
-78.98115485;-2.89983189;[0];-99.1875
-78.98091205;-2.899831455;[0];-99.3125
-78.98066925;-2.899831019;[0];-99.5000
-78.98042645;-2.899830584;[0];-99.6250
-78.98018365;-2.899830148;[0];-99.7500
-78.97994085;-2.899829713;[0];-99.8750
-78.97969805;-2.899829277;[0];-100.0625
-78.97945526;-2.899828842;[0];-100.1875
-78.97921246;-2.899828406;[0];-100.3125
-78.97896966;-2.89982797;[0];-100.4375
-78.97872686;-2.899827534;[0];-100.5625
-78.97848406;-2.899827098;[0];-100.6875
-78.97824126;-2.899826662;[0];-100.8750
-78.97799846;-2.899826226;[0];-101.0000
-78.97775567;-2.89982579;[0];-101.1250
-78.97751287;-2.899825354;[0];-101.2500
-78.97727007;-2.899824918;[0];-101.3750
-78.97702727;-2.899824482;[0];-101.5000
-78.97678447;-2.899824046;[0];-101.6250
-78.97654167;-2.899823609;[0];-101.8125
-78.97629888;-2.899823173;[0];-101.9375
-79.00834898;-2.899636197;[0];-101.9375
-79.00810618;-2.899635768;[0];-101.2500
-79.00786338;-2.899635338;[0];-100.6250
-79.00762057;-2.899634909;[0];-100.0000
-79.00737777;-2.899634479;[0];-99.3750
-79.00713497;-2.89963405;[0];-98.8125
-79.00689217;-2.89963362;[0];-98.1875
-79.00664936;-2.89963319;[0];-97.8125
-79.00640656;-2.89963276;[0];-97.2500
-79.00616376;-2.89963233;[0];-96.7500
-79.00592096;-2.8996319;[0];-96.2500
-79.00567815;-2.89963147;[0];-95.7500
-79.00543535;-2.89963104;[0];-95.1875
-79.00519255;-2.89963061;[0];-94.7500
-79.00494975;-2.89963018;[0];-94.1250
-79.00470694;-2.89962975;[0];-93.4375
-79.00446414;-2.89962932;[0];-92.7500
-79.00422134;-2.899628889;[0];-92.0625
-79.00397854;-2.899628459;[0];-91.3125
-79.00373573;-2.899628029;[0];-90.6875
-79.00349293;-2.899627598;[0];-90.0000
-79.00325013;-2.899627168;[0];-89.1250
-79.00300733;-2.899626737;[0];-88.2500
-79.00276452;-2.899626306;[0];-87.6875
-79.00252172;-2.899625876;[0];-87.0625
-79.00227892;-2.899625445;[0];-86.5625
-79.00203612;-2.899625014;[0];-86.1250
-79.00179332;-2.899624583;[0];-85.6875
-79.00155051;-2.899624153;[0];-85.4375
-79.00130771;-2.899623722;[0];-85.0625
-79.00106491;-2.899623291;[0];-84.8750
-79.00082211;-2.89962286;[0];-84.7500
-79.00057931;-2.899622429;[0];-84.6250
-79.00033651;-2.899621997;[0];-84.5625
-79.00009370;-2.899621566;[0];-84.5000
-78.99985090;-2.899621135;[0];-84.5000
-78.9996081;-2.899620704;[0];-84.5625
-78.99936530;-2.899620272;[0];-84.5625
-78.99912250;-2.899619841;[0];-84.6250
-78.99887970;-2.899619409;[0];-84.7500
-78.99863689;-2.899618978;[0];-84.8750
-78.99839409;-2.899618546;[0];-85.0625
-78.99815129;-2.899618115;[0];-85.1875
-78.99790849;-2.899617683;[0];-85.3750
-78.99766569;-2.899617251;[0];-85.5625
-78.99742289;-2.89961682;[0];-85.7500
-78.99718009;-2.899616388;[0];-85.9375
-78.99693728;-2.899615956;[0];-86.2500
-78.99669448;-2.899615524;[0];-86.4375
-78.99645168;-2.899615092;[0];-86.6250
-78.99620888;-2.89961466;[0];-86.8750
-78.99596608;-2.899614228;[0];-87.1875
-78.99572328;-2.899613796;[0];-87.3750
-78.99548048;-2.899613364;[0];-87.6250
-78.99523768;-2.899612931;[0];-87.8750
-78.99499488;-2.899612499;[0];-88.0625
-78.99475207;-2.899612067;[0];-88.3125
-78.99450927;-2.899611634;[0];-88.5625
-78.99426647;-2.899611202;[0];-88.8125
-78.99402367;-2.899610769;[0];-89.0625
-78.99378087;-2.899610337;[0];-89.3125
-78.99353807;-2.899609904;[0];-89.5000
-78.99329527;-2.899609472;[0];-89.7500
-78.99305247;-2.899609039;[0];-90.0000
-78.99280967;-2.899608606;[0];-90.2500
-78.99256687;-2.899608173;[0];-90.4375
-78.99232407;-2.89960774;[0];-90.6875
-78.99208127;-2.899607308;[0];-90.9375
-78.99183847;-2.899606875;[0];-91.1875
-78.99159567;-2.899606442;[0];-91.3750
-78.99135287;-2.899606008;[0];-91.6250
-78.99111006;-2.899605575;[0];-91.8125
-78.99086726;-2.899605142;[0];-92.0625
-78.99062446;-2.899604709;[0];-92.2500
-78.99038166;-2.899604276;[0];-92.5000
-78.99013886;-2.899603842;[0];-92.6875
-78.98989606;-2.899603409;[0];-92.9375
-78.98965326;-2.899602976;[0];-93.1250
-78.98941046;-2.899602542;[0];-93.3125
-78.98916766;-2.899602108;[0];-93.5000
-78.98892486;-2.899601675;[0];-93.7500
-78.98868206;-2.899601241;[0];-93.9375
-78.98843926;-2.899600808;[0];-94.1250
-78.98819646;-2.899600374;[0];-94.3125
-78.98795366;-2.89959994;[0];-94.5000
-78.98771086;-2.899599506;[0];-94.6875
-78.98746806;-2.899599072;[0];-94.8750
-78.98722526;-2.899598638;[0];-95.0625
-78.98698246;-2.899598204;[0];-95.2500
-78.98673966;-2.89959777;[0];-95.4375
-78.98649686;-2.899597336;[0];-95.6250
-78.98625406;-2.899596902;[0];-95.8125
-78.98601127;-2.899596468;[0];-96.0000
-78.98576847;-2.899596033;[0];-96.1875
-78.98552567;-2.899595599;[0];-96.3125
-78.98528287;-2.899595165;[0];-96.5000
-78.98504007;-2.89959473;[0];-96.6875
-78.98479727;-2.899594296;[0];-96.8750
-78.98455447;-2.899593861;[0];-97.0625
-78.98431167;-2.899593427;[0];-97.2500
-78.98406887;-2.899592992;[0];-97.3750
-78.98382607;-2.899592557;[0];-97.5625
-78.98358327;-2.899592123;[0];-97.7500
-78.98334047;-2.899591688;[0];-97.9375
-78.98309767;-2.899591253;[0];-98.0625
-78.98285487;-2.899590818;[0];-98.2500
-78.98261207;-2.899590383;[0];-98.3750
-78.98236928;-2.899589948;[0];-98.5000
-78.98212648;-2.899589513;[0];-98.6875
-78.98188368;-2.899589078;[0];-98.8125
-78.98164088;-2.899588643;[0];-99.0000
-78.98139808;-2.899588207;[0];-99.1250
-78.98115528;-2.899587772;[0];-99.2500
-78.98091248;-2.899587337;[0];-99.4375
-78.98066968;-2.899586901;[0];-99.5625
-78.98042688;-2.899586466;[0];-99.6875
-78.98018409;-2.899586031;[0];-99.8125
-78.97994129;-2.899585595;[0];-100.0000
-78.97969849;-2.899585159;[0];-100.1250
-78.97945569;-2.899584724;[0];-100.2500
-78.97921289;-2.899584288;[0];-100.3750
-78.97897009;-2.899583852;[0];-100.5000
-78.97872729;-2.899583417;[0];-100.6250
-78.97848449;-2.899582981;[0];-100.8125
-78.97824170;-2.899582545;[0];-100.9375
-78.97799890;-2.899582109;[0];-101.0625
-78.97775610;-2.899581673;[0];-101.1875
-78.97751330;-2.899581237;[0];-101.3125
-78.97727050;-2.899580801;[0];-101.4375
-78.97702770;-2.899580365;[0];-101.5625
-78.97678491;-2.899579928;[0];-101.6875
-78.97654211;-2.899579492;[0];-101.8125
-78.97629931;-2.899579056;[0];-101.9375
-79.00834941;-2.899392075;[0];-102.0000
-79.00810661;-2.899391646;[0];-101.3750
-79.00786380;-2.899391216;[0];-100.8125
-79.00762100;-2.899390787;[0];-100.1250
-79.00737820;-2.899390357;[0];-99.6250
-79.00713540;-2.899389928;[0];-99.0625
-79.00689259;-2.899389498;[0];-98.5625
-79.00664979;-2.899389068;[0];-98.0625
-79.00640699;-2.899388638;[0];-97.6250
-79.00616419;-2.899388209;[0];-97.0625
-79.00592138;-2.899387779;[0];-96.6875
-79.00567858;-2.899387349;[0];-96.1250
-79.00543578;-2.899386919;[0];-95.6250
-79.00519298;-2.899386489;[0];-95.1250
-79.00495017;-2.899386059;[0];-94.5625
-79.00470737;-2.899385628;[0];-93.9375
-79.00446457;-2.899385198;[0];-93.3125
-79.00422177;-2.899384768;[0];-92.6250
-79.00397896;-2.899384338;[0];-91.9375
-79.00373616;-2.899383907;[0];-91.3125
-79.00349336;-2.899383477;[0];-90.6875
-79.00325056;-2.899383046;[0];-90.0625
-79.00300775;-2.899382616;[0];-89.0625
-79.00276495;-2.899382185;[0];-88.4375
-79.00252215;-2.899381755;[0];-87.8750
-79.00227935;-2.899381324;[0];-87.4375
-79.00203655;-2.899380893;[0];-87.0000
-79.00179374;-2.899380462;[0];-86.6250
-79.00155094;-2.899380031;[0];-86.2500
-79.00130814;-2.899379601;[0];-86.0000
-79.00106534;-2.89937917;[0];-85.6875
-79.00082254;-2.899378739;[0];-85.5000
-79.00057974;-2.899378308;[0];-85.3750
-79.00033693;-2.899377876;[0];-85.3125
-79.00009413;-2.899377445;[0];-85.2500
-78.99985133;-2.899377014;[0];-85.1875
-78.99960853;-2.899376583;[0];-85.1875
-78.99936573;-2.899376152;[0];-85.2500
-78.99912293;-2.89937572;[0];-85.3125
-78.99888012;-2.899375289;[0];-85.3750
-78.99863732;-2.899374857;[0];-85.5000
-78.99839452;-2.899374426;[0];-85.6250
-78.99815172;-2.899373994;[0];-85.7500
-78.99790892;-2.899373563;[0];-85.9375
-78.99766612;-2.899373131;[0];-86.1250
-78.99742332;-2.899372699;[0];-86.2500
-78.99718052;-2.899372267;[0];-86.4375
-78.99693771;-2.899371836;[0];-86.6250
-78.99669491;-2.899371404;[0];-86.8750
-78.99645211;-2.899370972;[0];-87.1250
-78.99620931;-2.89937054;[0];-87.3125
-78.99596651;-2.899370108;[0];-87.5000
-78.99572371;-2.899369676;[0];-87.7500
-78.99548091;-2.899369243;[0];-88.0000
-78.99523811;-2.899368811;[0];-88.1875
-78.99499531;-2.899368379;[0];-88.3750
-78.99475250;-2.899367947;[0];-88.6875
-78.99450970;-2.899367514;[0];-88.8750
-78.99426690;-2.899367082;[0];-89.0625
-78.99402410;-2.899366649;[0];-89.3125
-78.99378130;-2.899366217;[0];-89.5625
-78.9935385;-2.899365784;[0];-89.8125
-78.99329570;-2.899365352;[0];-90.0625
-78.99305290;-2.899364919;[0];-90.2500
-78.99281010;-2.899364486;[0];-90.4375
-78.99256730;-2.899364054;[0];-90.6250
-78.99232450;-2.899363621;[0];-90.8750
-78.99208170;-2.899363188;[0];-91.1250
-78.99183890;-2.899362755;[0];-91.3125
-78.99159610;-2.899362322;[0];-91.5625
-78.99135330;-2.899361889;[0];-91.8125
-78.99111050;-2.899361456;[0];-92.0000
-78.99086770;-2.899361023;[0];-92.1875
-78.99062490;-2.899360589;[0];-92.4375
-78.99038209;-2.899360156;[0];-92.6250
-78.99013929;-2.899359723;[0];-92.8750
-78.98989649;-2.89935929;[0];-93.0625
-78.98965369;-2.899358856;[0];-93.2500
-78.98941089;-2.899358423;[0];-93.4375
-78.98916809;-2.899357989;[0];-93.6875
-78.98892529;-2.899357556;[0];-93.8750
-78.98868249;-2.899357122;[0];-94.0625
-78.98843969;-2.899356688;[0];-94.2500
-78.98819689;-2.899356255;[0];-94.4375
-78.98795409;-2.899355821;[0];-94.6250
-78.98771129;-2.899355387;[0];-94.8125
-78.98746849;-2.899354953;[0];-95.0000
-78.98722570;-2.899354519;[0];-95.1875
-78.98698290;-2.899354085;[0];-95.3750
-78.98674010;-2.899353651;[0];-95.5625
-78.98649730;-2.899353217;[0];-95.7500
-78.98625450;-2.899352783;[0];-95.9375
-78.98601170;-2.899352349;[0];-96.0625
-78.98576890;-2.899351915;[0];-96.2500
-78.98552610;-2.89935148;[0];-96.4375
-78.98528330;-2.899351046;[0];-96.6250
-78.98504050;-2.899350612;[0];-96.7500
-78.98479770;-2.899350177;[0];-96.9375
-78.9845549;-2.899349743;[0];-97.1250
-78.9843121;-2.899349308;[0];-97.2500
-78.98406930;-2.899348873;[0];-97.4375
-78.98382650;-2.899348439;[0];-97.6250
-78.98358370;-2.899348004;[0];-97.7500
-78.98334090;-2.899347569;[0];-97.9375
-78.98309810;-2.899347134;[0];-98.1250
-78.98285531;-2.8993467;[0];-98.3125
-78.98261251;-2.899346265;[0];-98.4375
-78.98236971;-2.89934583;[0];-98.6250
-78.98212691;-2.899345395;[0];-98.7500
-78.98188411;-2.89934496;[0];-98.9375
-78.98164131;-2.899344524;[0];-99.0625
-78.98139851;-2.899344089;[0];-99.1875
-78.98115571;-2.899343654;[0];-99.3750
-78.98091291;-2.899343219;[0];-99.5000
-78.98067012;-2.899342783;[0];-99.6250
-78.98042732;-2.899342348;[0];-99.7500
-78.98018452;-2.899341913;[0];-99.9375
-78.97994172;-2.899341477;[0];-100.0625
-78.97969892;-2.899341042;[0];-100.1875
-78.97945612;-2.899340606;[0];-100.3125
-78.97921332;-2.89934017;[0];-100.4375
-78.97897053;-2.899339735;[0];-100.5625
-78.97872773;-2.899339299;[0];-100.7500
-78.97848493;-2.899338863;[0];-100.8750
-78.97824213;-2.899338427;[0];-101.0000
-78.97799933;-2.899337991;[0];-101.1250
-78.97775653;-2.899337555;[0];-101.2500
-78.97751373;-2.899337119;[0];-101.3750
-78.97727094;-2.899336683;[0];-101.5000
-78.97702814;-2.899336247;[0];-101.6250
-78.97678534;-2.899335811;[0];-101.7500
-78.97654254;-2.899335375;[0];-101.8750
-78.97629974;-2.899334938;[0];-102.0000
-79.00810703;-2.899147524;[0];-101.5000
-79.00786423;-2.899147094;[0];-100.9375
-79.00762143;-2.899146665;[0];-100.5000
-79.00737863;-2.899146235;[0];-99.9375
-79.00713582;-2.899145806;[0];-99.3750
-79.00689302;-2.899145376;[0];-99.0000
-79.00665022;-2.899144946;[0];-98.5000
-79.00640742;-2.899144517;[0];-98.0000
-79.00616461;-2.899144087;[0];-97.5000
-79.00592181;-2.899143657;[0];-97.0625
-79.00567901;-2.899143227;[0];-96.5625
-79.00543621;-2.899142797;[0];-96.1250
-79.00519340;-2.899142367;[0];-95.5625
-79.0049506;-2.899141937;[0];-95.0625
-79.00470780;-2.899141507;[0];-94.4375
-79.00446500;-2.899141077;[0];-93.8125
-79.00422219;-2.899140646;[0];-93.1875
-79.00397939;-2.899140216;[0];-92.5625
-79.00373659;-2.899139786;[0];-91.9375
-79.00349379;-2.899139355;[0];-91.3125
-79.00325099;-2.899138925;[0];-90.6875
-79.00300818;-2.899138494;[0];-89.8125
-79.00276538;-2.899138064;[0];-89.1875
-79.00252258;-2.899137633;[0];-88.7500
-79.00227978;-2.899137203;[0];-88.2500
-79.00203698;-2.899136772;[0];-87.8125
-79.00179417;-2.899136341;[0];-87.5000
-79.00155137;-2.89913591;[0];-87.0625
-79.00130857;-2.899135479;[0];-86.8125
-79.00106577;-2.899135049;[0];-86.5000
-79.00082297;-2.899134618;[0];-86.3125
-79.00058016;-2.899134187;[0];-86.1875
-79.00033736;-2.899133756;[0];-86.0625
-79.00009456;-2.899133324;[0];-85.9375
-78.99985176;-2.899132893;[0];-85.8750
-78.99960896;-2.899132462;[0];-85.8750
-78.99936616;-2.899132031;[0];-85.8750
-78.99912336;-2.899131599;[0];-85.9375
-78.99888055;-2.899131168;[0];-86.0000
-78.99863775;-2.899130737;[0];-86.0625
-78.99839495;-2.899130305;[0];-86.1875
-78.99815215;-2.899129874;[0];-86.3125
-78.99790935;-2.899129442;[0];-86.4375
-78.99766655;-2.89912901;[0];-86.6250
-78.99742375;-2.899128579;[0];-86.7500
-78.99718094;-2.899128147;[0];-86.9375
-78.99693814;-2.899127715;[0];-87.1250
-78.99669534;-2.899127283;[0];-87.2500
-78.99645254;-2.899126851;[0];-87.4375
-78.99620974;-2.899126419;[0];-87.6875
-78.99596694;-2.899125987;[0];-87.9375
-78.99572414;-2.899125555;[0];-88.1250
-78.99548134;-2.899125123;[0];-88.3125
-78.99523854;-2.899124691;[0];-88.5000
-78.99499574;-2.899124259;[0];-88.7500
-78.99475293;-2.899123827;[0];-88.9375
-78.99451013;-2.899123394;[0];-89.1875
-78.99426733;-2.899122962;[0];-89.3750
-78.99402453;-2.899122529;[0];-89.6250
-78.99378173;-2.899122097;[0];-89.8125
-78.99353893;-2.899121664;[0];-90.0000
-78.99329613;-2.899121232;[0];-90.2500
-78.99305333;-2.899120799;[0];-90.5000
-78.99281053;-2.899120366;[0];-90.7500
-78.99256773;-2.899119934;[0];-90.9375
-78.99232493;-2.899119501;[0];-91.1250
-78.99208213;-2.899119068;[0];-91.3125
-78.99183933;-2.899118635;[0];-91.5000
-78.99159653;-2.899118202;[0];-91.7500
-78.99135373;-2.899117769;[0];-91.9375
-78.99111093;-2.899117336;[0];-92.1875
-78.99086813;-2.899116903;[0];-92.3750
-78.99062533;-2.89911647;[0];-92.5625
-78.99038253;-2.899116037;[0];-92.8125
-78.99013973;-2.899115603;[0];-93.0000
-78.98989693;-2.89911517;[0];-93.1875
-78.98965413;-2.899114737;[0];-93.4375
-78.98941133;-2.899114303;[0];-93.6250
-78.98916853;-2.89911387;[0];-93.8125
-78.98892573;-2.899113436;[0];-94.0000
-78.98868293;-2.899113003;[0];-94.1875
-78.98844013;-2.899112569;[0];-94.3750
-78.98819733;-2.899112135;[0];-94.5625
-78.98795453;-2.899111702;[0];-94.7500
-78.98771173;-2.899111268;[0];-94.9375
-78.98746893;-2.899110834;[0];-95.1250
-78.98722613;-2.8991104;[0];-95.3125
-78.98698333;-2.899109966;[0];-95.5000
-78.98674053;-2.899109532;[0];-95.6875
-78.98649773;-2.899109098;[0];-95.8750
-78.98625493;-2.899108664;[0];-96.0000
-78.98601213;-2.89910823;[0];-96.1875
-78.98576933;-2.899107796;[0];-96.3750
-78.98552653;-2.899107362;[0];-96.5625
-78.98528373;-2.899106927;[0];-96.6875
-78.98504093;-2.899106493;[0];-96.8750
-78.98479813;-2.899106058;[0];-97.0625
-78.98455533;-2.899105624;[0];-97.1875
-78.98431253;-2.899105189;[0];-97.3750
-78.98406973;-2.899104755;[0];-97.5000
-78.98382693;-2.89910432;[0];-97.6875
-78.98358414;-2.899103886;[0];-97.8125
-78.98334134;-2.899103451;[0];-98.0000
-78.98309854;-2.899103016;[0];-98.1250
-78.98285574;-2.899102581;[0];-98.3125
-78.98261294;-2.899102146;[0];-98.5000
-78.98237014;-2.899101711;[0];-98.6250
-78.98212734;-2.899101276;[0];-98.8125
-78.98188454;-2.899100841;[0];-98.9375
-78.98164174;-2.899100406;[0];-99.1250
-78.98139894;-2.899099971;[0];-99.2500
-78.98115615;-2.899099536;[0];-99.4375
-78.98091335;-2.899099101;[0];-99.5625
-78.98067055;-2.899098665;[0];-99.6875
-78.98042775;-2.89909823;[0];-99.8750
-78.98018495;-2.899097795;[0];-100.0000
-78.97994215;-2.899097359;[0];-100.1250
-78.97969935;-2.899096924;[0];-100.2500
-78.97945656;-2.899096488;[0];-100.3750
-78.97921376;-2.899096053;[0];-100.5000
-78.97897096;-2.899095617;[0];-100.6875
-78.97872816;-2.899095181;[0];-100.8125
-78.97848536;-2.899094745;[0];-100.9375
-78.97824256;-2.89909431;[0];-101.0625
-78.97799977;-2.899093874;[0];-101.1875
-78.97775697;-2.899093438;[0];-101.3125
-78.97751417;-2.899093002;[0];-101.4375
-78.97727137;-2.899092566;[0];-101.5625
-78.97702857;-2.89909213;[0];-101.6875
-78.97678577;-2.899091694;[0];-101.8125
-78.97654298;-2.899091257;[0];-101.9375
-79.00810746;-2.898903402;[0];-101.6875
-79.00786466;-2.898902972;[0];-101.1875
-79.00762186;-2.898902543;[0];-100.6875
-79.00737905;-2.898902113;[0];-100.1250
-79.00713625;-2.898901684;[0];-99.7500
-79.00689345;-2.898901254;[0];-99.2500
-79.00665065;-2.898900824;[0];-98.8750
-79.00640784;-2.898900395;[0];-98.3125
-79.00616504;-2.898899965;[0];-98.0000
-79.00592224;-2.898899535;[0];-97.5000
-79.00567944;-2.898899105;[0];-97.0000
-79.00543663;-2.898898675;[0];-96.6250
-79.00519383;-2.898898245;[0];-96.0625
-79.00495103;-2.898897815;[0];-95.5625
-79.00470823;-2.898897385;[0];-94.9375
-79.00446542;-2.898896955;[0];-94.3750
-79.00422262;-2.898896525;[0];-93.7500
-79.00397982;-2.898896095;[0];-93.1875
-79.00373702;-2.898895664;[0];-92.5625
-79.00349422;-2.898895234;[0];-92.0000
-79.00325141;-2.898894803;[0];-91.4375
-79.00300861;-2.898894373;[0];-90.5000
-79.00276581;-2.898893943;[0];-90.0000
-79.00252301;-2.898893512;[0];-89.5000
-79.00228021;-2.898893081;[0];-89.0000
-79.00203740;-2.898892651;[0];-88.6250
-79.00179460;-2.89889222;[0];-88.2500
-79.0015518;-2.898891789;[0];-87.9375
-79.00130900;-2.898891358;[0];-87.5625
-79.00106620;-2.898890927;[0];-87.3750
-79.00082339;-2.898890497;[0];-87.0625
-79.00058059;-2.898890066;[0];-86.9375
-79.00033779;-2.898889635;[0];-86.8125
-79.00009499;-2.898889203;[0];-86.6875
-78.99985219;-2.898888772;[0];-86.6250
-78.99960939;-2.898888341;[0];-86.5625
-78.99936659;-2.89888791;[0];-86.5625
-78.99912378;-2.898887479;[0];-86.5625
-78.99888098;-2.898887047;[0];-86.6250
-78.99863818;-2.898886616;[0];-86.6875
-78.99839538;-2.898886184;[0];-86.7500
-78.99815258;-2.898885753;[0];-86.8750
-78.99790978;-2.898885321;[0];-87.0000
-78.99766698;-2.89888489;[0];-87.1250
-78.99742418;-2.898884458;[0];-87.2500
-78.99718137;-2.898884026;[0];-87.4375
-78.99693857;-2.898883595;[0];-87.5625
-78.99669577;-2.898883163;[0];-87.7500
-78.99645297;-2.898882731;[0];-87.8750
-78.99621017;-2.898882299;[0];-88.0625
-78.99596737;-2.898881867;[0];-88.2500
-78.99572457;-2.898881435;[0];-88.5000
-78.99548177;-2.898881003;[0];-88.6875
-78.99523897;-2.898880571;[0];-88.8750
-78.99499617;-2.898880139;[0];-89.0625
-78.99475336;-2.898879706;[0];-89.2500
-78.99451056;-2.898879274;[0];-89.5000
-78.99426776;-2.898878842;[0];-89.6875
-78.99402496;-2.898878409;[0];-89.8750
-78.99378216;-2.898877977;[0];-90.1250
-78.99353936;-2.898877544;[0];-90.3125
-78.99329656;-2.898877112;[0];-90.5000
-78.99305376;-2.898876679;[0];-90.6875
-78.99281096;-2.898876247;[0];-90.9375
-78.99256816;-2.898875814;[0];-91.1250
-78.99232536;-2.898875381;[0];-91.3750
-78.99208256;-2.898874948;[0];-91.5625
-78.99183976;-2.898874516;[0];-91.7500
-78.99159696;-2.898874083;[0];-91.9375
-78.99135416;-2.89887365;[0];-92.1250
-78.99111136;-2.898873217;[0];-92.3125
-78.99086856;-2.898872784;[0];-92.5625
-78.99062576;-2.89887235;[0];-92.7500
-78.99038296;-2.898871917;[0];-92.9375
-78.99014016;-2.898871484;[0];-93.1875
-78.98989736;-2.898871051;[0];-93.3750
-78.98965456;-2.898870617;[0];-93.5625
-78.98941176;-2.898870184;[0];-93.7500
-78.98916896;-2.898869751;[0];-93.9375
-78.98892616;-2.898869317;[0];-94.1250
-78.98868336;-2.898868884;[0];-94.3125
-78.98844056;-2.89886845;[0];-94.5000
-78.98819776;-2.898868016;[0];-94.6875
-78.98795496;-2.898867583;[0];-94.8750
-78.98771216;-2.898867149;[0];-95.0625
-78.98746936;-2.898866715;[0];-95.2500
-78.98722656;-2.898866281;[0];-95.4375
-78.98698376;-2.898865847;[0];-95.6250
-78.98674096;-2.898865413;[0];-95.8125
-78.98649816;-2.898864979;[0];-96.0000
-78.98625536;-2.898864545;[0];-96.1250
-78.98601256;-2.898864111;[0];-96.3125
-78.98576976;-2.898863677;[0];-96.5000
-78.98552696;-2.898863243;[0];-96.6250
-78.98528416;-2.898862809;[0];-96.8125
-78.98504136;-2.898862374;[0];-97.0000
-78.98479856;-2.89886194;[0];-97.1250
-78.98455576;-2.898861505;[0];-97.3125
-78.98431297;-2.898861071;[0];-97.4375
-78.98407017;-2.898860636;[0];-97.6250
-78.98382737;-2.898860202;[0];-97.7500
-78.98358457;-2.898859767;[0];-97.9375
-78.98334177;-2.898859332;[0];-98.0625
-78.98309897;-2.898858898;[0];-98.2500
-78.98285617;-2.898858463;[0];-98.3750
-78.98261337;-2.898858028;[0];-98.5625
-78.98237057;-2.898857593;[0];-98.6875
-78.98212777;-2.898857158;[0];-98.8125
-78.98188498;-2.898856723;[0];-99.0000
-78.98164218;-2.898856288;[0];-99.1250
-78.98139938;-2.898855853;[0];-99.3125
-78.98115658;-2.898855418;[0];-99.4375
-78.98091378;-2.898854983;[0];-99.6250
-78.98067098;-2.898854547;[0];-99.7500
-78.98042818;-2.898854112;[0];-99.9375
-78.98018538;-2.898853677;[0];-100.0625
-78.97994259;-2.898853241;[0];-100.1875
-78.97969979;-2.898852806;[0];-100.3125
-78.97945699;-2.89885237;[0];-100.5000
-78.97921419;-2.898851935;[0];-100.6250
-78.97897139;-2.898851499;[0];-100.7500
-78.97872859;-2.898851063;[0];-100.8750
-78.97848580;-2.898850628;[0];-101.0000
-78.97824300;-2.898850192;[0];-101.1250
-78.97800020;-2.898849756;[0];-101.2500
-78.9777574;-2.89884932;[0];-101.3750
-78.97751460;-2.898848884;[0];-101.5000
-78.97727180;-2.898848448;[0];-101.6250
-78.97702901;-2.898848012;[0];-101.7500
-78.97678621;-2.898847576;[0];-101.8750
-78.97654341;-2.89884714;[0];-102.0000
-79.00810789;-2.89865928;[0];-101.8125
-79.00786509;-2.89865885;[0];-101.4375
-79.00762228;-2.898658421;[0];-100.9375
-79.00737948;-2.898657991;[0];-100.4375
-79.00713668;-2.898657562;[0];-100.0625
-79.00689388;-2.898657132;[0];-99.6875
-79.00665107;-2.898656702;[0];-99.1875
-79.00640827;-2.898656273;[0];-98.6875
-79.00616547;-2.898655843;[0];-98.4375
-79.00592267;-2.898655413;[0];-97.9375
-79.00567986;-2.898654983;[0];-97.4375
-79.00543706;-2.898654554;[0];-97.0625
-79.00519426;-2.898654124;[0];-96.5625
-79.00495146;-2.898653694;[0];-96.0000
-79.00470865;-2.898653264;[0];-95.4375
-79.00446585;-2.898652833;[0];-94.9375
-79.00422305;-2.898652403;[0];-94.3125
-79.00398025;-2.898651973;[0];-93.7500
-79.00373745;-2.898651543;[0];-93.1875
-79.00349464;-2.898651112;[0];-92.6875
-79.00325184;-2.898650682;[0];-92.1250
-79.00300904;-2.898650252;[0];-91.3125
-79.00276624;-2.898649821;[0];-90.7500
-79.00252344;-2.898649391;[0];-90.2500
-79.00228063;-2.89864896;[0];-89.7500
-79.00203783;-2.898648529;[0];-89.4375
-79.00179503;-2.898648099;[0];-89.0000
-79.00155223;-2.898647668;[0];-88.6875
-79.00130943;-2.898647237;[0];-88.3750
-79.00106663;-2.898646806;[0];-88.0625
-79.00082382;-2.898646376;[0];-87.8750
-79.00058102;-2.898645945;[0];-87.6250
-79.00033822;-2.898645514;[0];-87.5000
-79.00009542;-2.898645083;[0];-87.3750
-78.99985262;-2.898644651;[0];-87.3125
-78.99960982;-2.89864422;[0];-87.2500
-78.99936701;-2.898643789;[0];-87.1875
-78.99912421;-2.898643358;[0];-87.1875
-78.99888141;-2.898642927;[0];-87.1875
-78.99863861;-2.898642495;[0];-87.3125
-78.99839581;-2.898642064;[0];-87.3750
-78.99815301;-2.898641632;[0];-87.3750
-78.99791021;-2.898641201;[0];-87.5000
-78.99766741;-2.898640769;[0];-87.6250
-78.99742460;-2.898640338;[0];-87.7500
-78.99718180;-2.898639906;[0];-87.8750
-78.99693900;-2.898639474;[0];-88.0625
-78.99669620;-2.898639042;[0];-88.1875
-78.9964534;-2.898638611;[0];-88.3750
-78.99621060;-2.898638179;[0];-88.5000
-78.99596780;-2.898637747;[0];-88.6875
-78.99572500;-2.898637315;[0];-88.8125
-78.99548220;-2.898636883;[0];-89.0000
-78.99523940;-2.898636451;[0];-89.2500
-78.99499660;-2.898636018;[0];-89.4375
-78.99475379;-2.898635586;[0];-89.5625
-78.99451099;-2.898635154;[0];-89.7500
-78.99426819;-2.898634722;[0];-90.0000
-78.99402539;-2.898634289;[0];-90.1875
-78.99378259;-2.898633857;[0];-90.3750
-78.99353979;-2.898633425;[0];-90.5625
-78.99329699;-2.898632992;[0];-90.8125
-78.99305419;-2.898632559;[0];-91.0000
-78.99281139;-2.898632127;[0];-91.1250
-78.99256859;-2.898631694;[0];-91.3750
-78.99232579;-2.898631261;[0];-91.5625
-78.99208299;-2.898630829;[0];-91.8125
-78.99184019;-2.898630396;[0];-92.0000
-78.99159739;-2.898629963;[0];-92.1875
-78.99135459;-2.89862953;[0];-92.3750
-78.99111179;-2.898629097;[0];-92.5625
-78.99086899;-2.898628664;[0];-92.7500
-78.99062619;-2.898628231;[0];-92.9375
-78.99038339;-2.898627798;[0];-93.1250
-78.99014059;-2.898627365;[0];-93.3125
-78.98989779;-2.898626931;[0];-93.5000
-78.98965499;-2.898626498;[0];-93.6875
-78.98941219;-2.898626065;[0];-93.9375
-78.98916939;-2.898625631;[0];-94.1250
-78.98892659;-2.898625198;[0];-94.3125
-78.98868379;-2.898624764;[0];-94.5000
-78.98844099;-2.898624331;[0];-94.6875
-78.98819819;-2.898623897;[0];-94.8750
-78.98795539;-2.898623464;[0];-95.0625
-78.98771259;-2.89862303;[0];-95.1875
-78.98746979;-2.898622596;[0];-95.3750
-78.98722699;-2.898622162;[0];-95.5625
-78.98698419;-2.898621728;[0];-95.7500
-78.98674139;-2.898621294;[0];-95.9375
-78.98649859;-2.89862086;[0];-96.0625
-78.98625579;-2.898620426;[0];-96.2500
-78.98601299;-2.898619992;[0];-96.4375
-78.98577019;-2.898619558;[0];-96.6250
-78.98552739;-2.898619124;[0];-96.7500
-78.98528459;-2.89861869;[0];-96.9375
-78.98504180;-2.898618256;[0];-97.0625
-78.98479900;-2.898617821;[0];-97.2500
-78.98455620;-2.898617387;[0];-97.4375
-78.98431340;-2.898616952;[0];-97.5625
-78.98407060;-2.898616518;[0];-97.7500
-78.98382780;-2.898616083;[0];-97.8750
-78.983585;-2.898615649;[0];-98.0000
-78.98334220;-2.898615214;[0];-98.1875
-78.98309940;-2.898614779;[0];-98.3125
-78.98285660;-2.898614345;[0];-98.5000
-78.98261380;-2.89861391;[0];-98.6250
-78.98237101;-2.898613475;[0];-98.7500
-78.98212821;-2.89861304;[0];-98.9375
-78.98188541;-2.898612605;[0];-99.0625
-78.98164261;-2.89861217;[0];-99.1875
-78.98139981;-2.898611735;[0];-99.3750
-78.98115701;-2.8986113;[0];-99.5000
-78.98091421;-2.898610865;[0];-99.6250
-78.98067141;-2.898610429;[0];-99.8125
-78.98042862;-2.898609994;[0];-99.9375
-78.98018582;-2.898609559;[0];-100.0625
-78.97994302;-2.898609123;[0];-100.2500
-78.97970022;-2.898608688;[0];-100.3750
-78.97945742;-2.898608253;[0];-100.5000
-78.97921462;-2.898607817;[0];-100.6875
-78.97897183;-2.898607381;[0];-100.8125
-78.97872903;-2.898606946;[0];-100.9375
-78.97848623;-2.89860651;[0];-101.0625
-78.97824343;-2.898606074;[0];-101.1875
-78.97800063;-2.898605639;[0];-101.3125
-78.97775783;-2.898605203;[0];-101.4375
-78.97751504;-2.898604767;[0];-101.5625
-78.97727224;-2.898604331;[0];-101.6875
-78.97702944;-2.898603895;[0];-101.8125
-78.97678664;-2.898603459;[0];-101.9375
-79.00786551;-2.898414728;[0];-101.6875
-79.00762271;-2.898414299;[0];-101.1875
-79.00737991;-2.898413869;[0];-100.8125
-79.00713711;-2.89841344;[0];-100.3750
-79.00689430;-2.89841301;[0];-100.0000
-79.0066515;-2.898412581;[0];-99.5000
-79.00640870;-2.898412151;[0];-99.1875
-79.00616590;-2.898411721;[0];-98.7500
-79.00592309;-2.898411291;[0];-98.3750
-79.00568029;-2.898410862;[0];-97.9375
-79.00543749;-2.898410432;[0];-97.5000
-79.00519469;-2.898410002;[0];-97.0625
-79.00495188;-2.898409572;[0];-96.5000
-79.00470908;-2.898409142;[0];-95.9375
-79.00446628;-2.898408712;[0];-95.4375
-79.00422348;-2.898408282;[0];-94.8750
-79.00398068;-2.898407852;[0];-94.3750
-79.00373787;-2.898407421;[0];-93.7500
-79.00349507;-2.898406991;[0];-93.3125
-79.00325227;-2.898406561;[0];-92.8125
-79.00300947;-2.89840613;[0];-92.2500
-79.00276667;-2.8984057;[0];-91.4375
-79.00252386;-2.898405269;[0];-90.9375
-79.00228106;-2.898404839;[0];-90.5000
-79.00203826;-2.898404408;[0];-90.0625
-79.00179546;-2.898403978;[0];-89.7500
-79.00155266;-2.898403547;[0];-89.3750
-79.00130986;-2.898403116;[0];-89.1250
-79.00106705;-2.898402685;[0];-88.8125
-79.00082425;-2.898402255;[0];-88.6250
-79.00058145;-2.898401824;[0];-88.3750
-79.00033865;-2.898401393;[0];-88.1875
-79.00009585;-2.898400962;[0];-88.0625
-78.99985305;-2.898400531;[0];-87.9375
-78.99961024;-2.898400099;[0];-87.8750
-78.99936744;-2.898399668;[0];-87.8750
-78.99912464;-2.898399237;[0];-87.8125
-78.99888184;-2.898398806;[0];-87.8125
-78.99863904;-2.898398374;[0];-87.8125
-78.99839624;-2.898397943;[0];-87.9375
-78.99815344;-2.898397512;[0];-88.0000
-78.99791064;-2.89839708;[0];-88.0000
-78.99766783;-2.898396649;[0];-88.1250
-78.99742503;-2.898396217;[0];-88.2500
-78.99718223;-2.898395785;[0];-88.3750
-78.99693943;-2.898395354;[0];-88.5000
-78.99669663;-2.898394922;[0];-88.6250
-78.99645383;-2.89839449;[0];-88.8125
-78.99621103;-2.898394058;[0];-88.9375
-78.99596823;-2.898393626;[0];-89.0625
-78.99572543;-2.898393194;[0];-89.2500
-78.99548263;-2.898392762;[0];-89.3750
-78.99523983;-2.89839233;[0];-89.5625
-78.99499702;-2.898391898;[0];-89.7500
-78.99475422;-2.898391466;[0];-89.9375
-78.99451142;-2.898391034;[0];-90.1250
-78.99426862;-2.898390602;[0];-90.2500
-78.99402582;-2.898390169;[0];-90.4375
-78.99378302;-2.898389737;[0];-90.6875
-78.99354022;-2.898389305;[0];-90.8750
-78.99329742;-2.898388872;[0];-91.0625
-78.99305462;-2.89838844;[0];-91.2500
-78.99281182;-2.898388007;[0];-91.4375
-78.99256902;-2.898387574;[0];-91.6250
-78.99232622;-2.898387142;[0];-91.8125
-78.99208342;-2.898386709;[0];-92.0000
-78.99184062;-2.898386276;[0];-92.1875
-78.99159782;-2.898385843;[0];-92.3750
-78.99135502;-2.89838541;[0];-92.5625
-78.99111222;-2.898384977;[0];-92.8125
-78.99086942;-2.898384544;[0];-93.0000
-78.99062662;-2.898384111;[0];-93.1250
-78.99038382;-2.898383678;[0];-93.3125
-78.99014102;-2.898383245;[0];-93.5000
-78.98989822;-2.898382812;[0];-93.6875
-78.98965542;-2.898382379;[0];-93.8750
-78.98941262;-2.898381945;[0];-94.0625
-78.98916982;-2.898381512;[0];-94.2500
-78.98892702;-2.898381079;[0];-94.4375
-78.98868422;-2.898380645;[0];-94.6250
-78.98844142;-2.898380212;[0];-94.8125
-78.98819862;-2.898379778;[0];-95.0000
-78.98795582;-2.898379344;[0];-95.1875
-78.98771302;-2.898378911;[0];-95.3750
-78.98747022;-2.898378477;[0];-95.5000
-78.98722742;-2.898378043;[0];-95.6875
-78.98698462;-2.898377609;[0];-95.8750
-78.98674182;-2.898377176;[0];-96.0625
-78.98649902;-2.898376742;[0];-96.1875
-78.98625622;-2.898376308;[0];-96.3750
-78.98601342;-2.898375874;[0];-96.5625
-78.98577062;-2.898375439;[0];-96.6875
-78.98552783;-2.898375005;[0];-96.8750
-78.98528503;-2.898374571;[0];-97.0625
-78.98504223;-2.898374137;[0];-97.1875
-78.98479943;-2.898373703;[0];-97.3750
-78.98455663;-2.898373268;[0];-97.5000
-78.98431383;-2.898372834;[0];-97.6875
-78.98407103;-2.898372399;[0];-97.8125
-78.98382823;-2.898371965;[0];-98.0000
-78.98358543;-2.89837153;[0];-98.1250
-78.98334263;-2.898371096;[0];-98.2500
-78.98309983;-2.898370661;[0];-98.4375
-78.98285704;-2.898370226;[0];-98.5625
-78.98261424;-2.898369792;[0];-98.7500
-78.98237144;-2.898369357;[0];-98.8750
-78.98212864;-2.898368922;[0];-99.0000
-78.98188584;-2.898368487;[0];-99.1250
-78.98164304;-2.898368052;[0];-99.3125
-78.98140024;-2.898367617;[0];-99.4375
-78.98115744;-2.898367182;[0];-99.5625
-78.98091465;-2.898366747;[0];-99.6875
-78.98067185;-2.898366311;[0];-99.8750
-78.98042905;-2.898365876;[0];-100.0000
-78.98018625;-2.898365441;[0];-100.1250
-78.97994345;-2.898365006;[0];-100.2500
-78.97970065;-2.89836457;[0];-100.3750
-78.97945786;-2.898364135;[0];-100.5625
-78.97921506;-2.898363699;[0];-100.6875
-78.97897226;-2.898363264;[0];-100.8125
-78.97872946;-2.898362828;[0];-101.0000
-78.97848666;-2.898362392;[0];-101.1250
-78.97824386;-2.898361957;[0];-101.2500
-78.97800107;-2.898361521;[0];-101.3750
-78.97775827;-2.898361085;[0];-101.5000
-78.97751547;-2.898360649;[0];-101.6250
-78.97727267;-2.898360213;[0];-101.7500
-78.97702987;-2.898359777;[0];-101.8750
-78.97678708;-2.898359341;[0];-102.0000
-79.00786594;-2.898170606;[0];-101.8750
-79.00762314;-2.898170177;[0];-101.5000
-79.00738033;-2.898169747;[0];-101.1250
-79.00713753;-2.898169318;[0];-100.7500
-79.00689473;-2.898168888;[0];-100.3125
-79.00665193;-2.898168459;[0];-99.8750
-79.00640912;-2.898168029;[0];-99.5625
-79.00616632;-2.898167599;[0];-99.1250
-79.00592352;-2.89816717;[0];-98.6875
-79.00568072;-2.89816674;[0];-98.3750
-79.00543792;-2.89816631;[0];-97.9375
-79.00519511;-2.89816588;[0];-97.5000
-79.00495231;-2.89816545;[0];-96.9375
-79.00470951;-2.89816502;[0];-96.4375
-79.00446671;-2.89816459;[0];-96.0000
-79.00422391;-2.89816416;[0];-95.4375
-79.00398110;-2.89816373;[0];-94.9375
-79.00373830;-2.8981633;[0];-94.3750
-79.00349550;-2.89816287;[0];-93.9375
-79.00325270;-2.898162439;[0];-93.4375
-79.00300990;-2.898162009;[0];-92.9375
-79.00276709;-2.898161579;[0];-92.1250
-79.00252429;-2.898161148;[0];-91.6250
-79.00228149;-2.898160718;[0];-91.2500
-79.00203869;-2.898160287;[0];-90.8125
-79.00179589;-2.898159856;[0];-90.5000
-79.00155309;-2.898159426;[0];-90.0625
-79.00131028;-2.898158995;[0];-89.8125
-79.00106748;-2.898158564;[0];-89.5000
-79.00082468;-2.898158133;[0];-89.2500
-79.00058188;-2.898157703;[0];-89.0625
-79.00033908;-2.898157272;[0];-88.8125
-79.00009628;-2.898156841;[0];-88.7500
-78.99985347;-2.89815641;[0];-88.6250
-78.99961067;-2.898155979;[0];-88.5000
-78.99936787;-2.898155547;[0];-88.5000
-78.99912507;-2.898155116;[0];-88.5000
-78.99888227;-2.898154685;[0];-88.4375
-78.99863947;-2.898154254;[0];-88.4375
-78.99839667;-2.898153822;[0];-88.4375
-78.99815387;-2.898153391;[0];-88.5625
-78.99791107;-2.89815296;[0];-88.6250
-78.99766826;-2.898152528;[0];-88.6250
-78.99742546;-2.898152097;[0];-88.7500
-78.99718266;-2.898151665;[0];-88.8750
-78.99693986;-2.898151233;[0];-88.9375
-78.99669706;-2.898150802;[0];-89.0625
-78.99645426;-2.89815037;[0];-89.2500
-78.99621146;-2.898149938;[0];-89.3750
-78.99596866;-2.898149506;[0];-89.5000
-78.99572586;-2.898149074;[0];-89.6250
-78.99548306;-2.898148642;[0];-89.7500
-78.99524026;-2.89814821;[0];-89.9375
-78.99499745;-2.898147778;[0];-90.0625
-78.99475465;-2.898147346;[0];-90.2500
-78.99451185;-2.898146914;[0];-90.5000
-78.99426905;-2.898146482;[0];-90.6250
-78.99402625;-2.898146049;[0];-90.8125
-78.99378345;-2.898145617;[0];-90.9375
-78.99354065;-2.898145185;[0];-91.1250
-78.99329785;-2.898144752;[0];-91.3125
-78.99305505;-2.89814432;[0];-91.5000
-78.99281225;-2.898143887;[0];-91.6875
-78.99256945;-2.898143455;[0];-91.8750
-78.99232665;-2.898143022;[0];-92.0625
-78.99208385;-2.898142589;[0];-92.2500
-78.99184105;-2.898142156;[0];-92.3750
-78.99159825;-2.898141724;[0];-92.5625
-78.99135545;-2.898141291;[0];-92.7500
-78.99111265;-2.898140858;[0];-93.0000
-78.99086985;-2.898140425;[0];-93.1875
-78.99062705;-2.898139992;[0];-93.3750
-78.99038425;-2.898139559;[0];-93.5625
-78.99014145;-2.898139126;[0];-93.6875
-78.98989865;-2.898138693;[0];-93.8750
-78.98965585;-2.898138259;[0];-94.0000
-78.98941305;-2.898137826;[0];-94.1875
-78.98917025;-2.898137393;[0];-94.3750
-78.98892745;-2.898136959;[0];-94.5625
-78.98868465;-2.898136526;[0];-94.7500
-78.98844185;-2.898136092;[0];-94.9375
-78.98819905;-2.898135659;[0];-95.1250
-78.98795625;-2.898135225;[0];-95.3125
-78.98771345;-2.898134792;[0];-95.5000
-78.98747065;-2.898134358;[0];-95.6250
-78.98722785;-2.898133924;[0];-95.8125
-78.98698505;-2.89813349;[0];-96.0000
-78.98674225;-2.898133057;[0];-96.1875
-78.98649945;-2.898132623;[0];-96.3125
-78.98625666;-2.898132189;[0];-96.5000
-78.98601386;-2.898131755;[0];-96.6875
-78.98577106;-2.898131321;[0];-96.8125
-78.98552826;-2.898130887;[0];-97.0000
-78.98528546;-2.898130452;[0];-97.1250
-78.98504266;-2.898130018;[0];-97.3125
-78.98479986;-2.898129584;[0];-97.4375
-78.98455706;-2.89812915;[0];-97.6250
-78.98431426;-2.898128715;[0];-97.7500
-78.98407146;-2.898128281;[0];-97.9375
-78.98382866;-2.898127846;[0];-98.0625
-78.98358586;-2.898127412;[0];-98.2500
-78.98334307;-2.898126977;[0];-98.3750
-78.98310027;-2.898126543;[0];-98.5000
-78.98285747;-2.898126108;[0];-98.6875
-78.98261467;-2.898125673;[0];-98.8125
-78.98237187;-2.898125238;[0];-98.9375
-78.98212907;-2.898124804;[0];-99.1250
-78.98188627;-2.898124369;[0];-99.2500
-78.98164347;-2.898123934;[0];-99.3750
-78.98140068;-2.898123499;[0];-99.5000
-78.98115788;-2.898123064;[0];-99.6875
-78.98091508;-2.898122629;[0];-99.8125
-78.98067228;-2.898122193;[0];-99.9375
-78.98042948;-2.898121758;[0];-100.0625
-78.98018668;-2.898121323;[0];-100.1875
-78.97994388;-2.898120888;[0];-100.3125
-78.97970109;-2.898120452;[0];-100.5000
-78.97945829;-2.898120017;[0];-100.6250
-78.97921549;-2.898119581;[0];-100.7500
-78.97897269;-2.898119146;[0];-100.8750
-78.97872989;-2.89811871;[0];-101.0000
-78.97848710;-2.898118275;[0];-101.1250
-78.97824430;-2.898117839;[0];-101.2500
-78.97800150;-2.898117403;[0];-101.3750
-78.9777587;-2.898116968;[0];-101.5625
-78.97751590;-2.898116532;[0];-101.6875
-78.97727310;-2.898116096;[0];-101.8125
-78.97703031;-2.89811566;[0];-101.9375
-79.00762356;-2.897926055;[0];-101.8750
-79.00738076;-2.897925625;[0];-101.4375
-79.00713796;-2.897925196;[0];-101.1250
-79.00689516;-2.897924766;[0];-100.6250
-79.00665235;-2.897924337;[0];-100.2500
-79.00640955;-2.897923907;[0];-99.9375
-79.00616675;-2.897923478;[0];-99.5625
-79.00592395;-2.897923048;[0];-99.1250
-79.00568115;-2.897922618;[0];-98.8125
-79.00543834;-2.897922188;[0];-98.3125
-79.00519554;-2.897921759;[0];-97.9375
-79.00495274;-2.897921329;[0];-97.4375
-79.00470994;-2.897920899;[0];-96.9375
-79.00446714;-2.897920469;[0];-96.4375
-79.00422433;-2.897920039;[0];-95.9375
-79.00398153;-2.897919609;[0];-95.5000
-79.00373873;-2.897919178;[0];-94.9375
-79.00349593;-2.897918748;[0];-94.5000
-79.00325313;-2.897918318;[0];-94.0625
-79.00301032;-2.897917888;[0];-93.5000
-79.00276752;-2.897917457;[0];-92.6875
-79.00252472;-2.897917027;[0];-92.2500
-79.00228192;-2.897916596;[0];-91.8750
-79.00203912;-2.897916166;[0];-91.5000
-79.00179632;-2.897915735;[0];-91.1250
-79.00155351;-2.897915305;[0];-90.8125
-79.00131071;-2.897914874;[0];-90.5000
-79.00106791;-2.897914443;[0];-90.2500
-79.00082511;-2.897914012;[0];-89.9375
-79.00058231;-2.897913582;[0];-89.7500
-79.00033951;-2.897913151;[0];-89.5000
-79.00009670;-2.89791272;[0];-89.3125
-78.99985390;-2.897912289;[0];-89.2500
-78.99961110;-2.897911858;[0];-89.1875
-78.9993683;-2.897911427;[0];-89.1250
-78.99912550;-2.897910995;[0];-89.0625
-78.99888270;-2.897910564;[0];-89.0625
-78.99863990;-2.897910133;[0];-89.0000
-78.99839710;-2.897909702;[0];-89.0000
-78.99815430;-2.89790927;[0];-89.0625
-78.99791149;-2.897908839;[0];-89.1250
-78.99766869;-2.897908408;[0];-89.1875
-78.99742589;-2.897907976;[0];-89.1875
-78.99718309;-2.897907544;[0];-89.3125
-78.99694029;-2.897907113;[0];-89.4375
-78.99669749;-2.897906681;[0];-89.5625
-78.99645469;-2.897906249;[0];-89.6250
-78.99621189;-2.897905818;[0];-89.7500
-78.99596909;-2.897905386;[0];-89.9375
-78.99572629;-2.897904954;[0];-90.0625
-78.99548349;-2.897904522;[0];-90.1875
-78.99524069;-2.89790409;[0];-90.3125
-78.99499788;-2.897903658;[0];-90.4375
-78.99475508;-2.897903226;[0];-90.5625
-78.99451228;-2.897902794;[0];-90.7500
-78.99426948;-2.897902362;[0];-90.9375
-78.99402668;-2.897901929;[0];-91.1250
-78.99378388;-2.897901497;[0];-91.2500
-78.99354108;-2.897901065;[0];-91.4375
-78.99329828;-2.897900632;[0];-91.5625
-78.99305548;-2.8979002;[0];-91.7500
-78.99281268;-2.897899767;[0];-92.0000
-78.99256988;-2.897899335;[0];-92.1250
-78.99232708;-2.897898902;[0];-92.3125
-78.99208428;-2.897898469;[0];-92.5000
-78.99184148;-2.897898037;[0];-92.6875
-78.99159868;-2.897897604;[0];-92.8125
-78.99135588;-2.897897171;[0];-93.0000
-78.99111308;-2.897896738;[0];-93.1250
-78.99087028;-2.897896305;[0];-93.3125
-78.99062748;-2.897895872;[0];-93.5625
-78.99038468;-2.897895439;[0];-93.7500
-78.99014188;-2.897895006;[0];-93.9375
-78.98989908;-2.897894573;[0];-94.1250
-78.98965628;-2.89789414;[0];-94.2500
-78.98941348;-2.897893707;[0];-94.4375
-78.98917068;-2.897893273;[0];-94.5625
-78.98892788;-2.89789284;[0];-94.7500
-78.98868508;-2.897892407;[0];-94.9375
-78.98844228;-2.897891973;[0];-95.0625
-78.98819948;-2.89789154;[0];-95.2500
-78.98795668;-2.897891106;[0];-95.4375
-78.98771388;-2.897890673;[0];-95.6250
-78.98747108;-2.897890239;[0];-95.8125
-78.98722828;-2.897889805;[0];-95.9375
-78.98698548;-2.897889372;[0];-96.1250
-78.98674269;-2.897888938;[0];-96.3125
-78.98649989;-2.897888504;[0];-96.4375
-78.98625709;-2.89788807;[0];-96.6250
-78.98601429;-2.897887636;[0];-96.7500
-78.98577149;-2.897887202;[0];-96.9375
-78.98552869;-2.897886768;[0];-97.1250
-78.98528589;-2.897886334;[0];-97.2500
-78.98504309;-2.8978859;[0];-97.4375
-78.98480029;-2.897885465;[0];-97.5625
-78.98455749;-2.897885031;[0];-97.7500
-78.98431469;-2.897884597;[0];-97.8750
-78.98407189;-2.897884162;[0];-98.0000
-78.98382910;-2.897883728;[0];-98.1875
-78.98358630;-2.897883293;[0];-98.3125
-78.98334350;-2.897882859;[0];-98.5000
-78.98310070;-2.897882424;[0];-98.6250
-78.9828579;-2.89788199;[0];-98.7500
-78.98261510;-2.897881555;[0];-98.9375
-78.98237230;-2.89788112;[0];-99.0625
-78.98212950;-2.897880685;[0];-99.1875
-78.98188671;-2.897880251;[0];-99.3125
-78.98164391;-2.897879816;[0];-99.5000
-78.98140111;-2.897879381;[0];-99.6250
-78.98115831;-2.897878946;[0];-99.7500
-78.98091551;-2.897878511;[0];-99.8750
-78.98067271;-2.897878075;[0];-100.0000
-78.98042991;-2.89787764;[0];-100.1250
-78.98018712;-2.897877205;[0];-100.3125
-78.97994432;-2.89787677;[0];-100.4375
-78.97970152;-2.897876334;[0];-100.5625
-78.97945872;-2.897875899;[0];-100.6875
-78.97921592;-2.897875464;[0];-100.8125
-78.97897312;-2.897875028;[0];-100.9375
-78.97873033;-2.897874593;[0];-101.0625
-78.97848753;-2.897874157;[0];-101.1875
-78.97824473;-2.897873721;[0];-101.3125
-78.97800193;-2.897873286;[0];-101.4375
-78.97775913;-2.89787285;[0];-101.5625
-78.97751634;-2.897872414;[0];-101.6875
-78.97727354;-2.897871978;[0];-101.8125
-78.97703074;-2.897871542;[0];-101.9375
-79.00738119;-2.897681503;[0];-101.7500
-79.00713839;-2.897681074;[0];-101.3750
-79.00689558;-2.897680644;[0];-100.9375
-79.00665278;-2.897680215;[0];-100.6875
-79.00640998;-2.897679785;[0];-100.2500
-79.00616718;-2.897679356;[0];-99.9375
-79.00592438;-2.897678926;[0];-99.5000
-79.00568157;-2.897678496;[0];-99.2500
-79.00543877;-2.897678067;[0];-98.7500
-79.00519597;-2.897677637;[0];-98.3125
-79.00495317;-2.897677207;[0];-97.8750
-79.00471036;-2.897676777;[0];-97.3750
-79.00446756;-2.897676347;[0];-96.9375
-79.00422476;-2.897675917;[0];-96.4375
-79.00398196;-2.897675487;[0];-96.0000
-79.00373916;-2.897675057;[0];-95.5000
-79.00349636;-2.897674627;[0];-95.0625
-79.00325355;-2.897674196;[0];-94.6250
-79.00301075;-2.897673766;[0];-94.1250
-79.00276795;-2.897673336;[0];-93.3125
-79.00252515;-2.897672906;[0];-92.9375
-79.00228235;-2.897672475;[0];-92.4375
-79.00203955;-2.897672045;[0];-92.1250
-79.00179674;-2.897671614;[0];-91.7500
-79.00155394;-2.897671183;[0];-91.4375
-79.00131114;-2.897670753;[0];-91.1250
-79.00106834;-2.897670322;[0];-90.8750
-79.00082554;-2.897669891;[0];-90.6250
-79.00058274;-2.897669461;[0];-90.3125
-79.00033993;-2.89766903;[0];-90.1875
-79.00009713;-2.897668599;[0];-90.0000
-78.99985433;-2.897668168;[0];-89.8750
-78.99961153;-2.897667737;[0];-89.7500
-78.99936873;-2.897667306;[0];-89.7500
-78.99912593;-2.897666875;[0];-89.6875
-78.99888313;-2.897666444;[0];-89.6250
-78.99864033;-2.897666012;[0];-89.6250
-78.99839753;-2.897665581;[0];-89.5625
-78.99815472;-2.89766515;[0];-89.5625
-78.99791192;-2.897664718;[0];-89.6250
-78.99766912;-2.897664287;[0];-89.6875
-78.99742632;-2.897663855;[0];-89.8125
-78.99718352;-2.897663424;[0];-89.7500
-78.99694072;-2.897662992;[0];-89.8750
-78.99669792;-2.897662561;[0];-90.0000
-78.99645512;-2.897662129;[0];-90.0625
-78.99621232;-2.897661697;[0];-90.1875
-78.99596952;-2.897661266;[0];-90.3125
-78.99572672;-2.897660834;[0];-90.4375
-78.99548392;-2.897660402;[0];-90.5625
-78.99524111;-2.89765997;[0];-90.6875
-78.99499831;-2.897659538;[0];-90.8125
-78.99475551;-2.897659106;[0];-90.9375
-78.99451271;-2.897658674;[0];-91.1250
-78.99426991;-2.897658242;[0];-91.2500
-78.99402711;-2.897657809;[0];-91.3750
-78.99378431;-2.897657377;[0];-91.5625
-78.99354151;-2.897656945;[0];-91.7500
-78.99329871;-2.897656512;[0];-91.8750
-78.99305591;-2.89765608;[0];-92.0625
-78.99281311;-2.897655647;[0];-92.1875
-78.99257031;-2.897655215;[0];-92.3750
-78.99232751;-2.897654782;[0];-92.5625
-78.99208471;-2.89765435;[0];-92.7500
-78.99184191;-2.897653917;[0];-92.8750
-78.99159911;-2.897653484;[0];-93.0625
-78.99135631;-2.897653052;[0];-93.2500
-78.99111351;-2.897652619;[0];-93.4375
-78.99087071;-2.897652186;[0];-93.5625
-78.99062791;-2.897651753;[0];-93.6875
-78.99038511;-2.89765132;[0];-93.8750
-78.99014231;-2.897650887;[0];-94.0625
-78.98989951;-2.897650454;[0];-94.2500
-78.98965671;-2.897650021;[0];-94.4375
-78.98941391;-2.897649587;[0];-94.6250
-78.98917111;-2.897649154;[0];-94.8125
-78.98892831;-2.897648721;[0];-94.9375
-78.98868551;-2.897648288;[0];-95.0625
-78.98844271;-2.897647854;[0];-95.2500
-78.98819991;-2.897647421;[0];-95.4375
-78.98795711;-2.897646987;[0];-95.5625
-78.98771431;-2.897646554;[0];-95.7500
-78.98747151;-2.89764612;[0];-95.9375
-78.98722872;-2.897645686;[0];-96.0625
-78.98698592;-2.897645253;[0];-96.2500
-78.98674312;-2.897644819;[0];-96.4375
-78.98650032;-2.897644385;[0];-96.5625
-78.98625752;-2.897643951;[0];-96.7500
-78.98601472;-2.897643517;[0];-96.8750
-78.98577192;-2.897643083;[0];-97.0625
-78.98552912;-2.897642649;[0];-97.1875
-78.98528632;-2.897642215;[0];-97.3750
-78.98504352;-2.897641781;[0];-97.5000
-78.98480072;-2.897641347;[0];-97.6875
-78.98455792;-2.897640912;[0];-97.8125
-78.98431513;-2.897640478;[0];-98.0000
-78.98407233;-2.897640044;[0];-98.1250
-78.98382953;-2.897639609;[0];-98.3125
-78.98358673;-2.897639175;[0];-98.4375
-78.98334393;-2.89763874;[0];-98.5625
-78.98310113;-2.897638306;[0];-98.7500
-78.98285833;-2.897637871;[0];-98.8750
-78.98261553;-2.897637437;[0];-99.0000
-78.98237274;-2.897637002;[0];-99.1250
-78.98212994;-2.897636567;[0];-99.3125
-78.98188714;-2.897636132;[0];-99.4375
-78.98164434;-2.897635697;[0];-99.5625
-78.98140154;-2.897635263;[0];-99.6875
-78.98115874;-2.897634828;[0];-99.8125
-78.98091594;-2.897634393;[0];-100.0000
-78.98067315;-2.897633957;[0];-100.1250
-78.98043035;-2.897633522;[0];-100.2500
-78.98018755;-2.897633087;[0];-100.3750
-78.97994475;-2.897632652;[0];-100.5000
-78.97970195;-2.897632217;[0];-100.6250
-78.97945915;-2.897631781;[0];-100.7500
-78.97921636;-2.897631346;[0];-100.8750
-78.97897356;-2.89763091;[0];-101.0000
-78.97873076;-2.897630475;[0];-101.1250
-78.97848796;-2.897630039;[0];-101.2500
-78.97824516;-2.897629604;[0];-101.3750
-78.97800237;-2.897629168;[0];-101.5000
-78.97775957;-2.897628732;[0];-101.6250
-78.97751677;-2.897628297;[0];-101.7500
-78.97727397;-2.897627861;[0];-101.8750
-78.97703117;-2.897627425;[0];-102.0000
-79.00713881;-2.897436952;[0];-101.6875
-79.00689601;-2.897436522;[0];-101.2500
-79.00665321;-2.897436093;[0];-101.0625
-79.00641041;-2.897435663;[0];-100.6250
-79.00616760;-2.897435234;[0];-100.2500
-79.00592480;-2.897434804;[0];-99.9375
-79.005682;-2.897434375;[0];-99.5625
-79.00543920;-2.897433945;[0];-99.1875
-79.00519640;-2.897433515;[0];-98.7500
-79.00495359;-2.897433085;[0];-98.3125
-79.00471079;-2.897432655;[0];-97.8750
-79.00446799;-2.897432225;[0];-97.4375
-79.00422519;-2.897431796;[0];-96.9375
-79.00398239;-2.897431365;[0];-96.5000
-79.00373958;-2.897430935;[0];-96.0000
-79.00349678;-2.897430505;[0];-95.5625
-79.00325398;-2.897430075;[0];-95.1250
-79.00301118;-2.897429645;[0];-94.6875
-79.00276838;-2.897429215;[0];-94.1250
-79.00252558;-2.897428784;[0];-93.5625
-79.00228277;-2.897428354;[0];-93.0625
-79.00203997;-2.897427923;[0];-92.7500
-79.00179717;-2.897427493;[0];-92.3750
-79.00155437;-2.897427062;[0];-92.1250
-79.00131157;-2.897426632;[0];-91.7500
-79.00106877;-2.897426201;[0];-91.5000
-79.00082597;-2.89742577;[0];-91.2500
-79.00058316;-2.89742534;[0];-91.0000
-79.00034036;-2.897424909;[0];-90.8125
-79.00009756;-2.897424478;[0];-90.6875
-78.99985476;-2.897424047;[0];-90.5000
-78.99961196;-2.897423616;[0];-90.4375
-78.99936916;-2.897423185;[0];-90.3125
-78.99912636;-2.897422754;[0];-90.2500
-78.99888356;-2.897422323;[0];-90.2500
-78.99864076;-2.897421892;[0];-90.1875
-78.99839795;-2.89742146;[0];-90.1250
-78.99815515;-2.897421029;[0];-90.1250
-78.99791235;-2.897420598;[0];-90.1250
-78.99766955;-2.897420166;[0];-90.1875
-78.99742675;-2.897419735;[0];-90.2500
-78.99718395;-2.897419303;[0];-90.3125
-78.99694115;-2.897418872;[0];-90.3125
-78.99669835;-2.89741844;[0];-90.4375
-78.99645555;-2.897418009;[0];-90.5000
-78.99621275;-2.897417577;[0];-90.6250
-78.99596995;-2.897417145;[0];-90.7500
-78.99572715;-2.897416713;[0];-90.8125
-78.99548434;-2.897416282;[0];-90.9375
-78.99524154;-2.89741585;[0];-91.0625
-78.99499874;-2.897415418;[0];-91.1875
-78.99475594;-2.897414986;[0];-91.3125
-78.99451314;-2.897414554;[0];-91.4375
-78.99427034;-2.897414121;[0];-91.5625
-78.99402754;-2.897413689;[0];-91.6875
-78.99378474;-2.897413257;[0];-91.8750
-78.99354194;-2.897412825;[0];-92.0000
-78.99329914;-2.897412392;[0];-92.1875
-78.99305634;-2.89741196;[0];-92.3750
-78.99281354;-2.897411528;[0];-92.5000
-78.99257074;-2.897411095;[0];-92.6250
-78.99232794;-2.897410663;[0];-92.7500
-78.99208514;-2.89741023;[0];-93.0000
-78.99184234;-2.897409797;[0];-93.1875
-78.99159954;-2.897409365;[0];-93.3125
-78.99135674;-2.897408932;[0];-93.4375
-78.99111394;-2.897408499;[0];-93.6250
-78.99087114;-2.897408066;[0];-93.8125
-78.99062834;-2.897407633;[0];-93.9375
-78.99038554;-2.8974072;[0];-94.1250
-78.99014274;-2.897406767;[0];-94.2500
-78.98989994;-2.897406334;[0];-94.4375
-78.98965714;-2.897405901;[0];-94.6250
-78.98941434;-2.897405468;[0];-94.8125
-78.98917154;-2.897405035;[0];-94.9375
-78.98892874;-2.897404602;[0];-95.1250
-78.98868594;-2.897404168;[0];-95.3125
-78.98844314;-2.897403735;[0];-95.4375
-78.98820034;-2.897403302;[0];-95.5625
-78.98795754;-2.897402868;[0];-95.7500
-78.98771475;-2.897402434;[0];-95.8750
-78.98747195;-2.897402001;[0];-96.0625
-78.98722915;-2.897401567;[0];-96.1875
-78.98698635;-2.897401134;[0];-96.3750
-78.98674355;-2.8974007;[0];-96.5625
-78.98650075;-2.897400266;[0];-96.6875
-78.98625795;-2.897399832;[0];-96.8750
-78.98601515;-2.897399398;[0];-97.0000
-78.98577235;-2.897398964;[0];-97.1875
-78.98552955;-2.89739853;[0];-97.3125
-78.98528675;-2.897398096;[0];-97.5000
-78.98504395;-2.897397662;[0];-97.6250
-78.98480116;-2.897397228;[0];-97.8125
-78.98455836;-2.897396794;[0];-97.9375
-78.98431556;-2.89739636;[0];-98.0625
-78.98407276;-2.897395925;[0];-98.2500
-78.98382996;-2.897395491;[0];-98.3750
-78.98358716;-2.897395057;[0];-98.5625
-78.98334436;-2.897394622;[0];-98.6875
-78.98310156;-2.897394188;[0];-98.8125
-78.98285876;-2.897393753;[0];-98.9375
-78.98261597;-2.897393318;[0];-99.1250
-78.98237317;-2.897392884;[0];-99.2500
-78.98213037;-2.897392449;[0];-99.3750
-78.98188757;-2.897392014;[0];-99.5000
-78.98164477;-2.897391579;[0];-99.6875
-78.98140197;-2.897391144;[0];-99.8125
-78.98115918;-2.897390709;[0];-99.9375
-78.98091638;-2.897390274;[0];-100.0625
-78.98067358;-2.897389839;[0];-100.1875
-78.98043078;-2.897389404;[0];-100.3125
-78.98018798;-2.897388969;[0];-100.4375
-78.97994518;-2.897388534;[0];-100.5625
-78.97970239;-2.897388099;[0];-100.6875
-78.97945959;-2.897387663;[0];-100.8125
-78.97921679;-2.897387228;[0];-100.9375
-78.97897399;-2.897386793;[0];-101.1250
-78.97873119;-2.897386357;[0];-101.1875
-78.97848839;-2.897385922;[0];-101.3125
-78.97824560;-2.897385486;[0];-101.4375
-78.97800280;-2.897385051;[0];-101.5625
-78.97776000;-2.897384615;[0];-101.6875
-78.97751720;-2.897384179;[0];-101.8125
-78.97727441;-2.897383743;[0];-101.9375
-79.00713924;-2.89719283;[0];-101.9375
-79.00689644;-2.8971924;[0];-101.6875
-79.00665364;-2.897191971;[0];-101.3750
-79.00641083;-2.897191542;[0];-101.0000
-79.00616803;-2.897191112;[0];-100.6250
-79.00592523;-2.897190682;[0];-100.3125
-79.00568243;-2.897190253;[0];-99.9375
-79.00543963;-2.897189823;[0];-99.5625
-79.00519682;-2.897189393;[0];-99.1250
-79.00495402;-2.897188964;[0];-98.6875
-79.00471122;-2.897188534;[0];-98.3125
-79.00446842;-2.897188104;[0];-97.8750
-79.00422562;-2.897187674;[0];-97.3750
-79.00398281;-2.897187244;[0];-97.0000
-79.00374001;-2.897186814;[0];-96.5625
-79.00349721;-2.897186384;[0];-96.1250
-79.00325441;-2.897185954;[0];-95.6875
-79.00301161;-2.897185523;[0];-95.2500
-79.00276881;-2.897185093;[0];-94.8750
-79.00252600;-2.897184663;[0];-94.1250
-79.00228320;-2.897184233;[0];-93.6875
-79.00204040;-2.897183802;[0];-93.3750
-79.00179760;-2.897183372;[0];-93.0000
-79.00155480;-2.897182941;[0];-92.6875
-79.00131200;-2.897182511;[0];-92.3750
-79.00106920;-2.89718208;[0];-92.1250
-79.00082639;-2.897181649;[0];-91.9375
-79.00058359;-2.897181219;[0];-91.6875
-79.00034079;-2.897180788;[0];-91.4375
-79.00009799;-2.897180357;[0];-91.3125
-78.99985519;-2.897179926;[0];-91.1250
-78.99961239;-2.897179495;[0];-90.9375
-78.99936959;-2.897179064;[0];-90.8750
-78.99912679;-2.897178633;[0];-90.8125
-78.99888399;-2.897178202;[0];-90.7500
-78.99864118;-2.897177771;[0];-90.7500
-78.99839838;-2.89717734;[0];-90.6875
-78.99815558;-2.897176908;[0];-90.6875
-78.99791278;-2.897176477;[0];-90.6875
-78.99766998;-2.897176046;[0];-90.6250
-78.99742718;-2.897175614;[0];-90.6875
-78.99718438;-2.897175183;[0];-90.7500
-78.99694158;-2.897174751;[0];-90.8750
-78.99669878;-2.89717432;[0];-90.8750
-78.99645598;-2.897173888;[0];-90.9375
-78.99621318;-2.897173457;[0];-91.0000
-78.99597038;-2.897173025;[0];-91.1250
-78.99572757;-2.897172593;[0];-91.2500
-78.99548477;-2.897172161;[0];-91.3125
-78.99524197;-2.897171729;[0];-91.4375
-78.99499917;-2.897171297;[0];-91.5625
-78.99475637;-2.897170866;[0];-91.6875
-78.99451357;-2.897170433;[0];-91.8125
-78.99427077;-2.897170001;[0];-91.9375
-78.99402797;-2.897169569;[0];-92.0625
-78.99378517;-2.897169137;[0];-92.1875
-78.99354237;-2.897168705;[0];-92.3125
-78.99329957;-2.897168273;[0];-92.4375
-78.99305677;-2.89716784;[0];-92.6250
-78.99281397;-2.897167408;[0];-92.8125
-78.99257117;-2.897166975;[0];-92.9375
-78.99232837;-2.897166543;[0];-93.0625
-78.99208557;-2.89716611;[0];-93.1875
-78.99184277;-2.897165678;[0];-93.3750
-78.99159997;-2.897165245;[0];-93.5625
-78.99135717;-2.897164812;[0];-93.6875
-78.99111437;-2.89716438;[0];-93.8750
-78.99087157;-2.897163947;[0];-94.0000
-78.99062877;-2.897163514;[0];-94.1875
-78.99038597;-2.897163081;[0];-94.3125
-78.99014317;-2.897162648;[0];-94.5000
-78.98990037;-2.897162215;[0];-94.6250
-78.98965757;-2.897161782;[0];-94.7500
-78.98941477;-2.897161349;[0];-94.9375
-78.98917197;-2.897160916;[0];-95.1250
-78.98892917;-2.897160482;[0];-95.3125
-78.98868637;-2.897160049;[0];-95.4375
-78.98844357;-2.897159616;[0];-95.6250
-78.98820078;-2.897159182;[0];-95.8125
-78.98795798;-2.897158749;[0];-95.9375
-78.98771518;-2.897158315;[0];-96.0625
-78.98747238;-2.897157882;[0];-96.1875
-78.98722958;-2.897157448;[0];-96.3750
-78.98698678;-2.897157015;[0];-96.5000
-78.98674398;-2.897156581;[0];-96.6875
-78.98650118;-2.897156147;[0];-96.8125
-78.98625838;-2.897155713;[0];-97.0000
-78.98601558;-2.89715528;[0];-97.1250
-78.98577278;-2.897154846;[0];-97.3125
-78.98552998;-2.897154412;[0];-97.4375
-78.98528719;-2.897153978;[0];-97.6250
-78.98504439;-2.897153544;[0];-97.7500
-78.98480159;-2.897153109;[0];-97.9375
-78.98455879;-2.897152675;[0];-98.0625
-78.98431599;-2.897152241;[0];-98.1875
-78.98407319;-2.897151807;[0];-98.3750
-78.98383039;-2.897151372;[0];-98.5000
-78.98358759;-2.897150938;[0];-98.6250
-78.98334479;-2.897150504;[0];-98.8125
-78.98310200;-2.897150069;[0];-98.9375
-78.98285920;-2.897149635;[0];-99.0625
-78.98261640;-2.8971492;[0];-99.1875
-78.9823736;-2.897148765;[0];-99.3125
-78.98213080;-2.897148331;[0];-99.5000
-78.98188800;-2.897147896;[0];-99.6250
-78.98164520;-2.897147461;[0];-99.7500
-78.98140241;-2.897147026;[0];-99.8750
-78.98115961;-2.897146591;[0];-100.0000
-78.98091681;-2.897146156;[0];-100.1250
-78.98067401;-2.897145721;[0];-100.3125
-78.98043121;-2.897145286;[0];-100.4375
-78.98018841;-2.897144851;[0];-100.5625
-78.97994562;-2.897144416;[0];-100.6875
-78.97970282;-2.897143981;[0];-100.8125
-78.97946002;-2.897143546;[0];-100.9375
-78.97921722;-2.89714311;[0];-101.0625
-78.97897442;-2.897142675;[0];-101.1875
-78.97873163;-2.897142239;[0];-101.3125
-78.97848883;-2.897141804;[0];-101.4375
-78.97824603;-2.897141368;[0];-101.5625
-78.97800323;-2.897140933;[0];-101.6875
-78.97776043;-2.897140497;[0];-101.8125
-78.97751764;-2.897140062;[0];-101.8750
-78.97727484;-2.897139626;[0];-102.0000
-79.00665406;-2.896947849;[0];-101.6875
-79.00641126;-2.89694742;[0];-101.3750
-79.00616846;-2.89694699;[0];-101.0000
-79.00592566;-2.896946561;[0];-100.6875
-79.00568286;-2.896946131;[0];-100.3125
-79.00544005;-2.896945701;[0];-100.0000
-79.00519725;-2.896945272;[0];-99.5625
-79.00495445;-2.896944842;[0];-99.1250
-79.00471165;-2.896944412;[0];-98.6875
-79.00446885;-2.896943982;[0];-98.3125
-79.00422604;-2.896943552;[0];-97.8125
-79.00398324;-2.896943122;[0];-97.5000
-79.00374044;-2.896942692;[0];-97.0000
-79.00349764;-2.896942262;[0];-96.5625
-79.00325484;-2.896941832;[0];-96.1875
-79.00301204;-2.896941402;[0];-95.8125
-79.00276923;-2.896940972;[0];-95.3750
-79.00252643;-2.896940542;[0];-94.6250
-79.00228363;-2.896940111;[0];-94.2500
-79.00204083;-2.896939681;[0];-93.8750
-79.00179803;-2.89693925;[0];-93.6250
-79.00155523;-2.89693882;[0];-93.2500
-79.00131243;-2.896938389;[0];-93.0625
-79.00106962;-2.896937959;[0];-92.7500
-79.00082682;-2.896937528;[0];-92.5000
-79.00058402;-2.896937098;[0];-92.3125
-79.00034122;-2.896936667;[0];-92.0625
-79.00009842;-2.896936236;[0];-91.8750
-78.99985562;-2.896935805;[0];-91.7500
-78.99961282;-2.896935374;[0];-91.5625
-78.99937002;-2.896934943;[0];-91.4375
-78.99912721;-2.896934512;[0];-91.3750
-78.99888441;-2.896934081;[0];-91.3125
-78.99864161;-2.89693365;[0];-91.2500
-78.99839881;-2.896933219;[0];-91.2500
-78.99815601;-2.896932788;[0];-91.1875
-78.99791321;-2.896932357;[0];-91.1875
-78.99767041;-2.896931925;[0];-91.1875
-78.99742761;-2.896931494;[0];-91.1875
-78.99718481;-2.896931062;[0];-91.1875
-78.99694201;-2.896930631;[0];-91.3125
-78.99669921;-2.896930199;[0];-91.3750
-78.99645641;-2.896929768;[0];-91.3750
-78.99621361;-2.896929336;[0];-91.4375
-78.99597080;-2.896928905;[0];-91.5000
-78.99572800;-2.896928473;[0];-91.6250
-78.99548520;-2.896928041;[0];-91.7500
-78.99524240;-2.896927609;[0];-91.8125
-78.99499960;-2.896927177;[0];-91.9375
-78.99475680;-2.896926745;[0];-92.0625
-78.99451400;-2.896926313;[0];-92.1875
-78.99427120;-2.896925881;[0];-92.2500
-78.99402840;-2.896925449;[0];-92.3750
-78.99378560;-2.896925017;[0];-92.5000
-78.99354280;-2.896924585;[0];-92.6250
-78.99330000;-2.896924153;[0];-92.7500
-78.99305720;-2.89692372;[0];-92.8750
-78.99281440;-2.896923288;[0];-93.0625
-78.99257160;-2.896922856;[0];-93.1875
-78.99232880;-2.896922423;[0];-93.3750
-78.99208600;-2.896921991;[0];-93.5000
-78.99184320;-2.896921558;[0];-93.6250
-78.99160040;-2.896921125;[0];-93.7500
-78.99135760;-2.896920693;[0];-93.9375
-78.99111480;-2.89692026;[0];-94.0625
-78.99087200;-2.896919827;[0];-94.2500
-78.99062920;-2.896919394;[0];-94.3750
-78.99038640;-2.896918961;[0];-94.5000
-78.99014360;-2.896918529;[0];-94.6875
-78.98990080;-2.896918096;[0];-94.8750
-78.98965800;-2.896917663;[0];-95.0000
-78.98941520;-2.896917229;[0];-95.1875
-78.98917240;-2.896916796;[0];-95.3125
-78.98892960;-2.896916363;[0];-95.4375
-78.98868681;-2.89691593;[0];-95.6250
-78.98844401;-2.896915497;[0];-95.7500
-78.98820121;-2.896915063;[0];-95.9375
-78.98795841;-2.89691463;[0];-96.1250
-78.98771561;-2.896914196;[0];-96.2500
-78.98747281;-2.896913763;[0];-96.4375
-78.98723001;-2.896913329;[0];-96.5625
-78.98698721;-2.896912896;[0];-96.6875
-78.98674441;-2.896912462;[0];-96.8125
-78.98650161;-2.896912028;[0];-96.9375
-78.98625881;-2.896911595;[0];-97.1250
-78.98601601;-2.896911161;[0];-97.2500
-78.98577321;-2.896910727;[0];-97.4375
-78.98553042;-2.896910293;[0];-97.5625
-78.98528762;-2.896909859;[0];-97.7500
-78.98504482;-2.896909425;[0];-97.8750
-78.98480202;-2.896908991;[0];-98.0000
-78.98455922;-2.896908557;[0];-98.1875
-78.98431642;-2.896908122;[0];-98.3125
-78.98407362;-2.896907688;[0];-98.4375
-78.98383082;-2.896907254;[0];-98.6250
-78.98358803;-2.89690682;[0];-98.7500
-78.98334523;-2.896906385;[0];-98.8750
-78.98310243;-2.896905951;[0];-99.0000
-78.98285963;-2.896905516;[0];-99.1875
-78.98261683;-2.896905082;[0];-99.3125
-78.98237403;-2.896904647;[0];-99.4375
-78.98213123;-2.896904212;[0];-99.5625
-78.98188844;-2.896903778;[0];-99.6875
-78.98164564;-2.896903343;[0];-99.8750
-78.98140284;-2.896902908;[0];-100.0000
-78.98116004;-2.896902473;[0];-100.1250
-78.98091724;-2.896902038;[0];-100.2500
-78.98067444;-2.896901603;[0];-100.3750
-78.98043165;-2.896901168;[0];-100.5000
-78.98018885;-2.896900733;[0];-100.6250
-78.97994605;-2.896900298;[0];-100.7500
-78.97970325;-2.896899863;[0];-100.8750
-78.97946045;-2.896899428;[0];-101.0000
-78.97921766;-2.896898992;[0];-101.1250
-78.97897486;-2.896898557;[0];-101.2500
-78.97873206;-2.896898122;[0];-101.3750
-78.97848926;-2.896897686;[0];-101.5000
-78.97824646;-2.896897251;[0];-101.6250
-78.97800367;-2.896896815;[0];-101.7500
-78.97776087;-2.89689638;[0];-101.8750
-78.97751807;-2.896895944;[0];-102.0000
-79.00641169;-2.896703298;[0];-101.7500
-79.00616889;-2.896702868;[0];-101.3750
-79.00592608;-2.896702439;[0];-101.1250
-79.00568328;-2.896702009;[0];-100.6875
-79.00544048;-2.89670158;[0];-100.3750
-79.00519768;-2.89670115;[0];-99.9375
-79.00495488;-2.89670072;[0];-99.5000
-79.00471207;-2.896700291;[0];-99.1250
-79.00446927;-2.896699861;[0];-98.7500
-79.00422647;-2.896699431;[0];-98.3125
-79.00398367;-2.896699001;[0];-97.9375
-79.00374087;-2.896698571;[0];-97.5000
-79.00349807;-2.896698141;[0];-97.0625
-79.00325526;-2.896697711;[0];-96.6875
-79.00301246;-2.896697281;[0];-96.3750
-79.00276966;-2.896696851;[0];-95.9375
-79.00252686;-2.89669642;[0];-95.1875
-79.00228406;-2.89669599;[0];-94.8750
-79.00204126;-2.89669556;[0];-94.5000
-79.00179846;-2.896695129;[0];-94.1875
-79.00155565;-2.896694699;[0];-93.8750
-79.00131285;-2.896694268;[0];-93.6250
-79.00107005;-2.896693838;[0];-93.3750
-79.00082725;-2.896693407;[0];-93.0625
-79.00058445;-2.896692977;[0];-92.9375
-79.00034165;-2.896692546;[0];-92.6875
-79.00009885;-2.896692115;[0];-92.4375
-78.99985605;-2.896691684;[0];-92.3125
-78.99961325;-2.896691253;[0];-92.1875
-78.99937044;-2.896690823;[0];-92.0000
-78.99912764;-2.896690392;[0];-91.9375
-78.99888484;-2.896689961;[0];-91.8125
-78.99864204;-2.896689529;[0];-91.8125
-78.99839924;-2.896689098;[0];-91.7500
-78.99815644;-2.896688667;[0];-91.6875
-78.99791364;-2.896688236;[0];-91.6875
-78.99767084;-2.896687805;[0];-91.6875
-78.99742804;-2.896687373;[0];-91.6875
-78.99718524;-2.896686942;[0];-91.6875
-78.99694244;-2.896686511;[0];-91.6875
-78.99669964;-2.896686079;[0];-91.7500
-78.99645684;-2.896685647;[0];-91.8750
-78.99621403;-2.896685216;[0];-91.8750
-78.99597123;-2.896684784;[0];-91.9375
-78.99572843;-2.896684353;[0];-92.0000
-78.99548563;-2.896683921;[0];-92.1250
-78.99524283;-2.896683489;[0];-92.1875
-78.99500003;-2.896683057;[0];-92.3125
-78.99475723;-2.896682625;[0];-92.3750
-78.99451443;-2.896682193;[0];-92.5000
-78.99427163;-2.896681761;[0];-92.6250
-78.99402883;-2.896681329;[0];-92.7500
-78.99378603;-2.896680897;[0];-92.8125
-78.99354323;-2.896680465;[0];-92.9375
-78.99330043;-2.896680033;[0];-93.0625
-78.99305763;-2.8966796;[0];-93.1875
-78.99281483;-2.896679168;[0];-93.3125
-78.99257203;-2.896678736;[0];-93.4375
-78.99232923;-2.896678303;[0];-93.6250
-78.99208643;-2.896677871;[0];-93.7500
-78.99184363;-2.896677438;[0];-93.9375
-78.99160083;-2.896677006;[0];-94.0625
-78.99135803;-2.896676573;[0];-94.1875
-78.99111523;-2.89667614;[0];-94.3125
-78.99087243;-2.896675708;[0];-94.4375
-78.99062963;-2.896675275;[0];-94.6250
-78.99038683;-2.896674842;[0];-94.7500
-78.99014403;-2.896674409;[0];-94.9375
-78.98990123;-2.896673976;[0];-95.0625
-78.98965843;-2.896673543;[0];-95.1875
-78.98941563;-2.89667311;[0];-95.3750
-78.98917284;-2.896672677;[0];-95.5000
-78.98893004;-2.896672244;[0];-95.6250
-78.98868724;-2.896671811;[0];-95.8125
-78.98844444;-2.896671377;[0];-95.9375
-78.98820164;-2.896670944;[0];-96.0625
-78.98795884;-2.896670511;[0];-96.2500
-78.98771604;-2.896670077;[0];-96.4375
-78.98747324;-2.896669644;[0];-96.5625
-78.98723044;-2.89666921;[0];-96.7500
-78.98698764;-2.896668777;[0];-96.8750
-78.98674484;-2.896668343;[0];-97.0000
-78.98650204;-2.896667909;[0];-97.1250
-78.98625924;-2.896667476;[0];-97.2500
-78.98601645;-2.896667042;[0];-97.3750
-78.98577365;-2.896666608;[0];-97.5625
-78.98553085;-2.896666174;[0];-97.6875
-78.98528805;-2.89666574;[0];-97.8125
-78.98504525;-2.896665306;[0];-98.0000
-78.98480245;-2.896664872;[0];-98.1250
-78.98455965;-2.896664438;[0];-98.3125
-78.98431685;-2.896664004;[0];-98.4375
-78.98407405;-2.89666357;[0];-98.5625
-78.98383126;-2.896663135;[0];-98.6875
-78.98358846;-2.896662701;[0];-98.8750
-78.98334566;-2.896662267;[0];-99.0000
-78.98310286;-2.896661832;[0];-99.1250
-78.98286006;-2.896661398;[0];-99.2500
-78.98261726;-2.896660963;[0];-99.3750
-78.98237446;-2.896660529;[0];-99.5625
-78.98213167;-2.896660094;[0];-99.6875
-78.98188887;-2.89665966;[0];-99.8125
-78.98164607;-2.896659225;[0];-99.9375
-78.98140327;-2.89665879;[0];-100.0625
-78.98116047;-2.896658355;[0];-100.1875
-78.98091767;-2.89665792;[0];-100.3125
-78.98067488;-2.896657485;[0];-100.4375
-78.98043208;-2.89665705;[0];-100.5625
-78.98018928;-2.896656615;[0];-100.6875
-78.97994648;-2.89665618;[0];-100.8125
-78.97970368;-2.896655745;[0];-100.9375
-78.97946089;-2.89665531;[0];-101.0625
-78.97921809;-2.896654875;[0];-101.1875
-78.97897529;-2.896654439;[0];-101.3125
-78.97873249;-2.896654004;[0];-101.4375
-78.97848969;-2.896653569;[0];-101.5625
-78.97824690;-2.896653133;[0];-101.6875
-78.97800410;-2.896652698;[0];-101.8125
-78.9777613;-2.896652262;[0];-101.9375
-79.00616931;-2.896458747;[0];-101.7500
-79.00592651;-2.896458317;[0];-101.5000
-79.00568371;-2.896457888;[0];-101.0625
-79.00544091;-2.896457458;[0];-100.7500
-79.00519811;-2.896457028;[0];-100.3125
-79.00495530;-2.896456599;[0];-99.9375
-79.00471250;-2.896456169;[0];-99.5625
-79.0044697;-2.896455739;[0];-99.1875
-79.00422690;-2.896455309;[0];-98.7500
-79.00398410;-2.896454879;[0];-98.3750
-79.00374130;-2.896454449;[0];-98.0000
-79.00349849;-2.89645402;[0];-97.5625
-79.00325569;-2.896453589;[0];-97.2500
-79.00301289;-2.896453159;[0];-96.8750
-79.00277009;-2.896452729;[0];-96.4375
-79.00252729;-2.896452299;[0];-95.8750
-79.00228449;-2.896451869;[0];-95.4375
-79.00204169;-2.896451438;[0];-95.0625
-79.00179888;-2.896451008;[0];-94.7500
-79.00155608;-2.896450578;[0];-94.4375
-79.00131328;-2.896450147;[0];-94.1250
-79.00107048;-2.896449717;[0];-93.9375
-79.00082768;-2.896449286;[0];-93.6875
-79.00058488;-2.896448856;[0];-93.5000
-79.00034208;-2.896448425;[0];-93.2500
-79.00009928;-2.896447994;[0];-93.0625
-78.99985647;-2.896447563;[0];-92.8750
-78.99961367;-2.896447133;[0];-92.7500
-78.99937087;-2.896446702;[0];-92.5625
-78.99912807;-2.896446271;[0];-92.4375
-78.99888527;-2.89644584;[0];-92.3750
-78.99864247;-2.896445409;[0];-92.3125
-78.99839967;-2.896444978;[0];-92.2500
-78.99815687;-2.896444547;[0];-92.2500
-78.99791407;-2.896444115;[0];-92.1875
-78.99767127;-2.896443684;[0];-92.1875
-78.99742847;-2.896443253;[0];-92.1250
-78.99718567;-2.896442821;[0];-92.1875
-78.99694287;-2.89644239;[0];-92.1250
-78.99670006;-2.896441959;[0];-92.1875
-78.99645726;-2.896441527;[0];-92.2500
-78.99621446;-2.896441096;[0];-92.3125
-78.99597166;-2.896440664;[0];-92.3750
-78.99572886;-2.896440232;[0];-92.3750
-78.99548606;-2.896439801;[0];-92.5000
-78.99524326;-2.896439369;[0];-92.5625
-78.99500046;-2.896438937;[0];-92.6875
-78.99475766;-2.896438505;[0];-92.7500
-78.99451486;-2.896438073;[0];-92.8750
-78.99427206;-2.896437641;[0];-92.9375
-78.99402926;-2.896437209;[0];-93.0625
-78.99378646;-2.896436777;[0];-93.1875
-78.99354366;-2.896436345;[0];-93.2500
-78.99330086;-2.896435913;[0];-93.3750
-78.99305806;-2.896435481;[0];-93.5000
-78.99281526;-2.896435048;[0];-93.6250
-78.99257246;-2.896434616;[0];-93.7500
-78.99232966;-2.896434184;[0];-93.8750
-78.99208686;-2.896433751;[0];-94.0000
-78.99184406;-2.896433319;[0];-94.1250
-78.99160126;-2.896432886;[0];-94.3125
-78.99135846;-2.896432453;[0];-94.4375
-78.99111566;-2.896432021;[0];-94.5625
-78.99087286;-2.896431588;[0];-94.6875
-78.99063006;-2.896431155;[0];-94.8125
-78.99038726;-2.896430723;[0];-95.0000
-78.99014446;-2.89643029;[0];-95.1250
-78.98990166;-2.896429857;[0];-95.3125
-78.98965886;-2.896429424;[0];-95.4375
-78.98941607;-2.896428991;[0];-95.5625
-78.98917327;-2.896428558;[0];-95.6875
-78.98893047;-2.896428125;[0];-95.8750
-78.98868767;-2.896427691;[0];-96.0000
-78.98844487;-2.896427258;[0];-96.1250
-78.98820207;-2.896426825;[0];-96.2500
-78.98795927;-2.896426392;[0];-96.3750
-78.98771647;-2.896425958;[0];-96.5625
-78.98747367;-2.896425525;[0];-96.6875
-78.98723087;-2.896425091;[0];-96.8750
-78.98698807;-2.896424658;[0];-97.0000
-78.98674527;-2.896424224;[0];-97.1875
-78.98650247;-2.896423791;[0];-97.3125
-78.98625968;-2.896423357;[0];-97.4375
-78.98601688;-2.896422923;[0];-97.5625
-78.98577408;-2.896422489;[0];-97.6875
-78.98553128;-2.896422055;[0];-97.8125
-78.98528848;-2.896421622;[0];-97.9375
-78.98504568;-2.896421188;[0];-98.1250
-78.98480288;-2.896420754;[0];-98.2500
-78.98456008;-2.896420319;[0];-98.3750
-78.98431729;-2.896419885;[0];-98.5625
-78.98407449;-2.896419451;[0];-98.6875
-78.98383169;-2.896419017;[0];-98.8125
-78.98358889;-2.896418583;[0];-98.9375
-78.98334609;-2.896418148;[0];-99.1250
-78.98310329;-2.896417714;[0];-99.2500
-78.98286049;-2.89641728;[0];-99.3750
-78.98261770;-2.896416845;[0];-99.5000
-78.98237490;-2.896416411;[0];-99.6250
-78.98213210;-2.896415976;[0];-99.7500
-78.9818893;-2.896415541;[0];-99.8750
-78.98164650;-2.896415107;[0];-100.0625
-78.98140370;-2.896414672;[0];-100.1875
-78.98116091;-2.896414237;[0];-100.3125
-78.98091811;-2.896413802;[0];-100.4375
-78.98067531;-2.896413367;[0];-100.5625
-78.98043251;-2.896412932;[0];-100.6875
-78.98018971;-2.896412497;[0];-100.8125
-78.97994691;-2.896412062;[0];-100.9375
-78.97970412;-2.896411627;[0];-101.0625
-78.97946132;-2.896411192;[0];-101.1875
-78.97921852;-2.896410757;[0];-101.3125
-78.97897572;-2.896410322;[0];-101.4375
-78.97873293;-2.896409886;[0];-101.5625
-78.97849013;-2.896409451;[0];-101.6875
-78.97824733;-2.896409016;[0];-101.7500
-78.97800453;-2.89640858;[0];-101.8750
-78.97776173;-2.896408145;[0];-102.0000
-79.00592694;-2.896214195;[0];-101.8125
-79.00568414;-2.896213766;[0];-101.5000
-79.00544133;-2.896213336;[0];-101.1250
-79.00519853;-2.896212907;[0];-100.7500
-79.00495573;-2.896212477;[0];-100.3750
-79.00471293;-2.896212047;[0];-100.0000
-79.00447013;-2.896211618;[0];-99.6250
-79.00422733;-2.896211188;[0];-99.1875
-79.00398452;-2.896210758;[0];-98.8750
-79.00374172;-2.896210328;[0];-98.4375
-79.00349892;-2.896209898;[0];-98.0625
-79.00325612;-2.896209468;[0];-97.7500
-79.00301332;-2.896209038;[0];-97.3750
-79.00277052;-2.896208608;[0];-97.0000
-79.00252772;-2.896208178;[0];-96.5625
-79.00228491;-2.896207748;[0];-96.0000
-79.00204211;-2.896207317;[0];-95.6250
-79.00179931;-2.896206887;[0];-95.3125
-79.00155651;-2.896206457;[0];-95.0000
-79.00131371;-2.896206026;[0];-94.6875
-79.00107091;-2.896205596;[0];-94.5000
-79.00082811;-2.896205165;[0];-94.2500
-79.00058531;-2.896204735;[0];-94.0000
-79.00034251;-2.896204304;[0];-93.8750
-79.00009970;-2.896203873;[0];-93.6250
-78.99985690;-2.896203442;[0];-93.4375
-78.99961410;-2.896203012;[0];-93.3125
-78.99937130;-2.896202581;[0];-93.1250
-78.9991285;-2.89620215;[0];-93.0000
-78.99888570;-2.896201719;[0];-92.8750
-78.99864290;-2.896201288;[0];-92.8125
-78.99840010;-2.896200857;[0];-92.7500
-78.99815730;-2.896200426;[0];-92.6875
-78.99791450;-2.896199995;[0];-92.6875
-78.99767170;-2.896199564;[0];-92.6250
-78.99742890;-2.896199132;[0];-92.6250
-78.99718610;-2.896198701;[0];-92.6250
-78.99694329;-2.89619827;[0];-92.6250
-78.99670049;-2.896197838;[0];-92.6250
-78.99645769;-2.896197407;[0];-92.6875
-78.99621489;-2.896196975;[0];-92.7500
-78.99597209;-2.896196544;[0];-92.8125
-78.99572929;-2.896196112;[0];-92.8125
-78.99548649;-2.89619568;[0];-92.8750
-78.99524369;-2.896195249;[0];-92.9375
-78.99500089;-2.896194817;[0];-93.0000
-78.99475809;-2.896194385;[0];-93.1250
-78.99451529;-2.896193953;[0];-93.1875
-78.99427249;-2.896193521;[0];-93.3125
-78.99402969;-2.896193089;[0];-93.3750
-78.99378689;-2.896192657;[0];-93.5000
-78.99354409;-2.896192225;[0];-93.6250
-78.99330129;-2.896191793;[0];-93.6875
-78.99305849;-2.896191361;[0];-93.8125
-78.99281569;-2.896190928;[0];-93.9375
-78.99257289;-2.896190496;[0];-94.0625
-78.99233009;-2.896190064;[0];-94.1250
-78.99208729;-2.896189631;[0];-94.2500
-78.99184449;-2.896189199;[0];-94.3750
-78.99160169;-2.896188766;[0];-94.5000
-78.99135889;-2.896188334;[0];-94.6875
-78.99111609;-2.896187901;[0];-94.8125
-78.99087329;-2.896187469;[0];-94.9375
-78.99063049;-2.896187036;[0];-95.0625
-78.99038769;-2.896186603;[0];-95.1875
-78.99014489;-2.89618617;[0];-95.3125
-78.98990209;-2.896185737;[0];-95.5000
-78.98965930;-2.896185304;[0];-95.6250
-78.98941650;-2.896184871;[0];-95.7500
-78.98917370;-2.896184438;[0];-95.8750
-78.98893090;-2.896184005;[0];-96.0000
-78.98868810;-2.896183572;[0];-96.1875
-78.98844530;-2.896183139;[0];-96.3125
-78.98820250;-2.896182706;[0];-96.5000
-78.9879597;-2.896182272;[0];-96.6250
-78.98771690;-2.896181839;[0];-96.7500
-78.98747410;-2.896181406;[0];-96.8750
-78.98723130;-2.896180972;[0];-97.0000
-78.98698850;-2.896180539;[0];-97.1250
-78.98674570;-2.896180105;[0];-97.3125
-78.98650291;-2.896179672;[0];-97.4375
-78.98626011;-2.896179238;[0];-97.6250
-78.98601731;-2.896178804;[0];-97.7500
-78.98577451;-2.89617837;[0];-97.8750
-78.98553171;-2.896177937;[0];-98.0000
-78.98528891;-2.896177503;[0];-98.1250
-78.98504611;-2.896177069;[0];-98.2500
-78.98480331;-2.896176635;[0];-98.3750
-78.98456052;-2.896176201;[0];-98.5000
-78.98431772;-2.896175767;[0];-98.6250
-78.98407492;-2.896175333;[0];-98.8125
-78.98383212;-2.896174898;[0];-98.9375
-78.98358932;-2.896174464;[0];-99.0625
-78.98334652;-2.89617403;[0];-99.1875
-78.98310372;-2.896173596;[0];-99.3125
-78.98286093;-2.896173161;[0];-99.5000
-78.98261813;-2.896172727;[0];-99.6250
-78.98237533;-2.896172292;[0];-99.7500
-78.98213253;-2.896171858;[0];-99.8750
-78.98188973;-2.896171423;[0];-100.0000
-78.98164693;-2.896170989;[0];-100.1250
-78.98140414;-2.896170554;[0];-100.2500
-78.98116134;-2.896170119;[0];-100.3750
-78.98091854;-2.896169684;[0];-100.5000
-78.98067574;-2.896169249;[0];-100.6250
-78.98043294;-2.896168814;[0];-100.7500
-78.98019015;-2.896168379;[0];-100.8750
-78.97994735;-2.896167944;[0];-101.0000
-78.97970455;-2.896167509;[0];-101.1250
-78.97946175;-2.896167074;[0];-101.2500
-78.97921895;-2.896166639;[0];-101.3750
-78.97897616;-2.896166204;[0];-101.5000
-78.97873336;-2.896165769;[0];-101.6250
-78.97849056;-2.896165333;[0];-101.7500
-78.97824776;-2.896164898;[0];-101.8750
-78.97800497;-2.896164462;[0];-102.0000
-79.00568456;-2.895969644;[0];-101.8750
-79.00544176;-2.895969214;[0];-101.5000
-79.00519896;-2.895968785;[0];-101.1250
-79.00495616;-2.895968355;[0];-100.7500
-79.00471336;-2.895967926;[0];-100.3750
-79.00447056;-2.895967496;[0];-100.0625
-79.00422775;-2.895967066;[0];-99.6250
-79.00398495;-2.895966636;[0];-99.3125
-79.00374215;-2.895966207;[0];-98.8750
-79.00349935;-2.895965777;[0];-98.5000
-79.00325655;-2.895965347;[0];-98.2500
-79.00301375;-2.895964917;[0];-97.8750
-79.00277095;-2.895964487;[0];-97.5000
-79.00252814;-2.895964056;[0];-97.1875
-79.00228534;-2.895963626;[0];-96.5000
-79.00204254;-2.895963196;[0];-96.1250
-79.00179974;-2.895962766;[0];-95.8125
-79.00155694;-2.895962335;[0];-95.5625
-79.00131414;-2.895961905;[0];-95.2500
-79.00107134;-2.895961475;[0];-95.0000
-79.00082854;-2.895961044;[0];-94.8125
-79.00058573;-2.895960614;[0];-94.5625
-79.00034293;-2.895960183;[0];-94.3750
-79.00010013;-2.895959752;[0];-94.1875
-78.99985733;-2.895959322;[0];-94.0000
-78.99961453;-2.895958891;[0];-93.7500
-78.99937173;-2.89595846;[0];-93.6875
-78.99912893;-2.895958029;[0];-93.5625
-78.99888613;-2.895957598;[0];-93.3750
-78.99864333;-2.895957167;[0];-93.3125
-78.99840053;-2.895956736;[0];-93.2500
-78.99815773;-2.895956305;[0];-93.2500
-78.99791493;-2.895955874;[0];-93.1250
-78.99767213;-2.895955443;[0];-93.1250
-78.99742932;-2.895955012;[0];-93.0625
-78.99718652;-2.89595458;[0];-93.0625
-78.99694372;-2.895954149;[0];-93.0625
-78.99670092;-2.895953718;[0];-93.0625
-78.99645812;-2.895953286;[0];-93.0625
-78.99621532;-2.895952855;[0];-93.1250
-78.99597252;-2.895952423;[0];-93.1875
-78.99572972;-2.895951992;[0];-93.2500
-78.99548692;-2.89595156;[0];-93.2500
-78.99524412;-2.895951128;[0];-93.3125
-78.99500132;-2.895950697;[0];-93.3750
-78.99475852;-2.895950265;[0];-93.4375
-78.99451572;-2.895949833;[0];-93.5625
-78.99427292;-2.895949401;[0];-93.6250
-78.99403012;-2.895948969;[0];-93.7500
-78.99378732;-2.895948537;[0];-93.8125
-78.99354452;-2.895948105;[0];-93.9375
-78.99330172;-2.895947673;[0];-94.0000
-78.99305892;-2.895947241;[0];-94.1250
-78.99281612;-2.895946809;[0];-94.2500
-78.99257332;-2.895946376;[0];-94.3125
-78.99233052;-2.895945944;[0];-94.4375
-78.99208772;-2.895945512;[0];-94.5625
-78.99184492;-2.895945079;[0];-94.6250
-78.99160212;-2.895944647;[0];-94.7500
-78.99135932;-2.895944214;[0];-94.8750
-78.99111652;-2.895943782;[0];-95.0625
-78.99087372;-2.895943349;[0];-95.1875
-78.99063092;-2.895942916;[0];-95.3125
-78.99038812;-2.895942484;[0];-95.4375
-78.99014532;-2.895942051;[0];-95.5625
-78.98990253;-2.895941618;[0];-95.6875
-78.98965973;-2.895941185;[0];-95.8125
-78.98941693;-2.895940752;[0];-95.9375
-78.98917413;-2.895940319;[0];-96.1250
-78.98893133;-2.895939886;[0];-96.2500
-78.98868853;-2.895939453;[0];-96.3750
-78.98844573;-2.89593902;[0];-96.5000
-78.98820293;-2.895938587;[0];-96.6250
-78.98796013;-2.895938153;[0];-96.8125
-78.98771733;-2.89593772;[0];-96.9375
-78.98747453;-2.895937287;[0];-97.0625
-78.98723173;-2.895936853;[0];-97.1875
-78.98698894;-2.89593642;[0];-97.3125
-78.98674614;-2.895935986;[0];-97.4375
-78.98650334;-2.895935553;[0];-97.5625
-78.98626054;-2.895935119;[0];-97.7500
-78.98601774;-2.895934685;[0];-97.8750
-78.98577494;-2.895934252;[0];-98.0000
-78.98553214;-2.895933818;[0];-98.1875
-78.98528934;-2.895933384;[0];-98.3125
-78.98504654;-2.89593295;[0];-98.4375
-78.98480375;-2.895932516;[0];-98.5625
-78.98456095;-2.895932082;[0];-98.6250
-78.98431815;-2.895931648;[0];-98.7500
-78.98407535;-2.895931214;[0];-98.8750
-78.98383255;-2.89593078;[0];-99.0625
-78.98358975;-2.895930346;[0];-99.1875
-78.98334695;-2.895929912;[0];-99.3125
-78.98310416;-2.895929477;[0];-99.4375
-78.98286136;-2.895929043;[0];-99.5625
-78.98261856;-2.895928608;[0];-99.6875
-78.98237576;-2.895928174;[0];-99.8125
-78.98213296;-2.89592774;[0];-100.0000
-78.98189016;-2.895927305;[0];-100.1250
-78.98164737;-2.89592687;[0];-100.2500
-78.98140457;-2.895926436;[0];-100.3750
-78.98116177;-2.895926001;[0];-100.5000
-78.98091897;-2.895925566;[0];-100.6250
-78.98067617;-2.895925131;[0];-100.7500
-78.98043338;-2.895924696;[0];-100.8750
-78.98019058;-2.895924262;[0];-101.0000
-78.97994778;-2.895923827;[0];-101.1250
-78.97970498;-2.895923392;[0];-101.2500
-78.97946218;-2.895922956;[0];-101.3750
-78.97921939;-2.895922521;[0];-101.4375
-78.97897659;-2.895922086;[0];-101.5625
-78.97873379;-2.895921651;[0];-101.6875
-78.97849099;-2.895921216;[0];-101.8125
-78.97824820;-2.89592078;[0];-101.9375
-79.00544219;-2.895725093;[0];-101.8750
-79.00519939;-2.895724663;[0];-101.5000
-79.00495659;-2.895724234;[0];-101.1250
-79.00471378;-2.895723804;[0];-100.8125
-79.00447098;-2.895723374;[0];-100.5000
-79.00422818;-2.895722945;[0];-100.0625
-79.00398538;-2.895722515;[0];-99.7500
-79.00374258;-2.895722085;[0];-99.3750
-79.00349978;-2.895721655;[0];-98.9375
-79.00325698;-2.895721225;[0];-98.6875
-79.00301417;-2.895720795;[0];-98.3125
-79.00277137;-2.895720365;[0];-98.0000
-79.00252857;-2.895719935;[0];-97.6875
-79.00228577;-2.895719505;[0];-96.9375
-79.00204297;-2.895719075;[0];-96.6875
-79.00180017;-2.895718645;[0];-96.3125
-79.00155737;-2.895718214;[0];-96.1250
-79.00131457;-2.895717784;[0];-95.8125
-79.00107176;-2.895717353;[0];-95.5000
-79.00082896;-2.895716923;[0];-95.3750
-79.00058616;-2.895716493;[0];-95.0625
-79.00034336;-2.895716062;[0];-94.8750
-79.00010056;-2.895715631;[0];-94.7500
-78.99985776;-2.895715201;[0];-94.5000
-78.99961496;-2.89571477;[0];-94.3125
-78.99937216;-2.895714339;[0];-94.1875
-78.99912936;-2.895713908;[0];-94.0625
-78.99888656;-2.895713478;[0];-93.9375
-78.99864376;-2.895713047;[0];-93.7500
-78.99840096;-2.895712616;[0];-93.7500
-78.99815816;-2.895712185;[0];-93.6875
-78.99791535;-2.895711754;[0];-93.6250
-78.99767255;-2.895711322;[0];-93.5625
-78.99742975;-2.895710891;[0];-93.5625
-78.99718695;-2.89571046;[0];-93.5000
-78.99694415;-2.895710029;[0];-93.5000
-78.99670135;-2.895709597;[0];-93.5000
-78.99645855;-2.895709166;[0];-93.5000
-78.99621575;-2.895708734;[0];-93.5000
-78.99597295;-2.895708303;[0];-93.5625
-78.99573015;-2.895707871;[0];-93.6250
-78.99548735;-2.89570744;[0];-93.6875
-78.99524455;-2.895707008;[0];-93.6875
-78.99500175;-2.895706576;[0];-93.7500
-78.99475895;-2.895706145;[0];-93.8125
-78.99451615;-2.895705713;[0];-93.8750
-78.99427335;-2.895705281;[0];-93.9375
-78.99403055;-2.895704849;[0];-94.0625
-78.99378775;-2.895704417;[0];-94.1250
-78.99354495;-2.895703985;[0];-94.2500
-78.99330215;-2.895703553;[0];-94.3125
-78.99305935;-2.895703121;[0];-94.4375
-78.99281655;-2.895702689;[0];-94.5000
-78.99257375;-2.895702257;[0];-94.6250
-78.99233095;-2.895701824;[0];-94.7500
-78.99208815;-2.895701392;[0];-94.8125
-78.99184535;-2.89570096;[0];-94.9375
-78.99160255;-2.895700527;[0];-95.0625
-78.99135975;-2.895700095;[0];-95.1250
-78.99111695;-2.895699662;[0];-95.2500
-78.99087415;-2.895699229;[0];-95.3750
-78.99063135;-2.895698797;[0];-95.5625
-78.99038855;-2.895698364;[0];-95.6875
-78.99014576;-2.895697931;[0];-95.8125
-78.98990296;-2.895697499;[0];-95.9375
-78.98966016;-2.895697066;[0];-96.0625
-78.98941736;-2.895696633;[0];-96.1250
-78.98917456;-2.8956962;[0];-96.3125
-78.98893176;-2.895695767;[0];-96.4375
-78.98868896;-2.895695334;[0];-96.5625
-78.98844616;-2.895694901;[0];-96.6875
-78.98820336;-2.895694467;[0];-96.8125
-78.98796056;-2.895694034;[0];-96.9375
-78.98771776;-2.895693601;[0];-97.0625
-78.98747496;-2.895693168;[0];-97.2500
-78.98723217;-2.895692734;[0];-97.3750
-78.98698937;-2.895692301;[0];-97.5000
-78.98674657;-2.895691867;[0];-97.6250
-78.98650377;-2.895691434;[0];-97.7500
-78.98626097;-2.895691;[0];-97.8750
-78.98601817;-2.895690567;[0];-98.0000
-78.98577537;-2.895690133;[0];-98.1250
-78.98553257;-2.895689699;[0];-98.3125
-78.98528977;-2.895689265;[0];-98.4375
-78.98504698;-2.895688832;[0];-98.5625
-78.98480418;-2.895688398;[0];-98.6875
-78.98456138;-2.895687964;[0];-98.8125
-78.98431858;-2.89568753;[0];-98.9375
-78.98407578;-2.895687096;[0];-99.0625
-78.98383298;-2.895686662;[0];-99.1875
-78.98359018;-2.895686227;[0];-99.3125
-78.98334739;-2.895685793;[0];-99.4375
-78.98310459;-2.895685359;[0];-99.5625
-78.98286179;-2.895684925;[0];-99.6875
-78.98261899;-2.89568449;[0];-99.8125
-78.98237619;-2.895684056;[0];-99.9375
-78.98213340;-2.895683621;[0];-100.0625
-78.98189060;-2.895683187;[0];-100.1875
-78.98164780;-2.895682752;[0];-100.3125
-78.981405;-2.895682318;[0];-100.4375
-78.98116220;-2.895681883;[0];-100.5625
-78.98091940;-2.895681448;[0];-100.6875
-78.98067661;-2.895681013;[0];-100.8125
-78.98043381;-2.895680579;[0];-100.9375
-78.98019101;-2.895680144;[0];-101.0625
-78.97994821;-2.895679709;[0];-101.1875
-78.97970542;-2.895679274;[0];-101.3125
-78.97946262;-2.895678839;[0];-101.4375
-78.97921982;-2.895678404;[0];-101.5625
-78.97897702;-2.895677968;[0];-101.6875
-78.97873422;-2.895677533;[0];-101.8125
-78.97849143;-2.895677098;[0];-101.9375
-78.97824863;-2.895676663;[0];-102.0000
-79.00519981;-2.895480542;[0];-101.8750
-79.00495701;-2.895480112;[0];-101.5625
-79.00471421;-2.895479682;[0];-101.1875
-79.00447141;-2.895479253;[0];-100.8750
-79.00422861;-2.895478823;[0];-100.5000
-79.00398581;-2.895478393;[0];-100.1875
-79.00374301;-2.895477964;[0];-99.7500
-79.00350020;-2.895477534;[0];-99.4375
-79.00325740;-2.895477104;[0];-99.1250
-79.00301460;-2.895476674;[0];-98.8125
-79.0027718;-2.895476244;[0];-98.5000
-79.00252900;-2.895475814;[0];-98.1250
-79.00228620;-2.895475384;[0];-97.5000
-79.00204340;-2.895474954;[0];-97.1875
-79.00180060;-2.895474523;[0];-96.8750
-79.00155780;-2.895474093;[0];-96.5625
-79.00131499;-2.895473663;[0];-96.3125
-79.00107219;-2.895473232;[0];-96.0625
-79.00082939;-2.895472802;[0];-95.8125
-79.00058659;-2.895472372;[0];-95.6250
-79.00034379;-2.895471941;[0];-95.3750
-79.00010099;-2.89547151;[0];-95.2500
-78.99985819;-2.89547108;[0];-95.0625
-78.99961539;-2.895470649;[0];-94.8125
-78.99937259;-2.895470218;[0];-94.6875
-78.99912979;-2.895469788;[0];-94.5625
-78.99888699;-2.895469357;[0];-94.4375
-78.99864419;-2.895468926;[0];-94.3125
-78.99840138;-2.895468495;[0];-94.1875
-78.99815858;-2.895468064;[0];-94.1250
-78.99791578;-2.895467633;[0];-94.0625
-78.99767298;-2.895467202;[0];-94.0625
-78.99743018;-2.895466771;[0];-94.0000
-78.99718738;-2.895466339;[0];-94.0000
-78.99694458;-2.895465908;[0];-93.9375
-78.99670178;-2.895465477;[0];-93.9375
-78.99645898;-2.895465046;[0];-93.9375
-78.99621618;-2.895464614;[0];-93.9375
-78.99597338;-2.895464183;[0];-93.9375
-78.99573058;-2.895463751;[0];-94.0000
-78.99548778;-2.89546332;[0];-94.0625
-78.99524498;-2.895462888;[0];-94.1250
-78.99500218;-2.895462456;[0];-94.1250
-78.99475938;-2.895462025;[0];-94.1250
-78.99451658;-2.895461593;[0];-94.1875
-78.99427378;-2.895461161;[0];-94.3125
-78.99403098;-2.895460729;[0];-94.3750
-78.99378818;-2.895460297;[0];-94.4375
-78.99354538;-2.895459865;[0];-94.5625
-78.99330258;-2.895459433;[0];-94.6250
-78.99305978;-2.895459001;[0];-94.7500
-78.99281698;-2.895458569;[0];-94.8125
-78.99257418;-2.895458137;[0];-94.9375
-78.99233138;-2.895457704;[0];-95.0000
-78.99208858;-2.895457272;[0];-95.1250
-78.99184578;-2.89545684;[0];-95.1875
-78.99160298;-2.895456407;[0];-95.3125
-78.99136018;-2.895455975;[0];-95.4375
-78.99111738;-2.895455542;[0];-95.5000
-78.99087458;-2.89545511;[0];-95.6250
-78.99063178;-2.895454677;[0];-95.7500
-78.99038899;-2.895454245;[0];-95.8750
-78.99014619;-2.895453812;[0];-96.0625
-78.98990339;-2.895453379;[0];-96.1875
-78.98966059;-2.895452946;[0];-96.2500
-78.98941779;-2.895452513;[0];-96.3750
-78.98917499;-2.895452081;[0];-96.5000
-78.98893219;-2.895451648;[0];-96.6250
-78.98868939;-2.895451215;[0];-96.7500
-78.98844659;-2.895450781;[0];-96.8750
-78.98820379;-2.895450348;[0];-97.0625
-78.98796099;-2.895449915;[0];-97.1250
-78.98771819;-2.895449482;[0];-97.2500
-78.98747540;-2.895449049;[0];-97.3750
-78.98723260;-2.895448615;[0];-97.5000
-78.98698980;-2.895448182;[0];-97.6875
-78.98674700;-2.895447748;[0];-97.8125
-78.98650420;-2.895447315;[0];-97.9375
-78.9862614;-2.895446881;[0];-98.0625
-78.98601860;-2.895446448;[0];-98.1250
-78.98577580;-2.895446014;[0];-98.2500
-78.98553300;-2.89544558;[0];-98.4375
-78.98529021;-2.895445147;[0];-98.5625
-78.98504741;-2.895444713;[0];-98.6875
-78.98480461;-2.895444279;[0];-98.8125
-78.98456181;-2.895443845;[0];-98.9375
-78.98431901;-2.895443411;[0];-99.1250
-78.98407621;-2.895442977;[0];-99.2500
-78.98383342;-2.895442543;[0];-99.3125
-78.98359062;-2.895442109;[0];-99.4375
-78.98334782;-2.895441675;[0];-99.5625
-78.98310502;-2.89544124;[0];-99.6875
-78.98286222;-2.895440806;[0];-99.8125
-78.98261942;-2.895440372;[0];-99.9375
-78.98237663;-2.895439937;[0];-100.0625
-78.98213383;-2.895439503;[0];-100.1875
-78.98189103;-2.895439069;[0];-100.3125
-78.98164823;-2.895438634;[0];-100.4375
-78.98140543;-2.895438199;[0];-100.5625
-78.98116263;-2.895437765;[0];-100.6875
-78.98091984;-2.89543733;[0];-100.8125
-78.98067704;-2.895436895;[0];-100.9375
-78.98043424;-2.895436461;[0];-101.0625
-78.98019144;-2.895436026;[0];-101.1875
-78.97994865;-2.895435591;[0];-101.3125
-78.97970585;-2.895435156;[0];-101.3750
-78.97946305;-2.895434721;[0];-101.5000
-78.97922025;-2.895434286;[0];-101.6250
-78.97897745;-2.895433851;[0];-101.7500
-78.97873466;-2.895433415;[0];-101.8750
-78.97849186;-2.89543298;[0];-102.0000
-79.00495744;-2.89523599;[0];-101.9375
-79.00471464;-2.895235561;[0];-101.5625
-79.00447184;-2.895235131;[0];-101.2500
-79.00422904;-2.895234702;[0];-100.8750
-79.00398623;-2.895234272;[0];-100.5625
-79.00374343;-2.895233842;[0];-100.1875
-79.00350063;-2.895233412;[0];-99.8750
-79.00325783;-2.895232982;[0];-99.5625
-79.00301503;-2.895232552;[0];-99.2500
-79.00277223;-2.895232123;[0];-98.9375
-79.00252943;-2.895231693;[0];-98.5625
-79.00228663;-2.895231262;[0];-98.1250
-79.00204383;-2.895230832;[0];-97.6875
-79.00180102;-2.895230402;[0];-97.3750
-79.00155822;-2.895229972;[0];-97.0625
-79.00131542;-2.895229542;[0];-96.8125
-79.00107262;-2.895229111;[0];-96.5625
-79.00082982;-2.895228681;[0];-96.3125
-79.00058702;-2.89522825;[0];-96.1250
-79.00034422;-2.89522782;[0];-95.8750
-79.00010142;-2.895227389;[0];-95.6875
-78.99985862;-2.895226959;[0];-95.5625
-78.99961582;-2.895226528;[0];-95.3750
-78.99937302;-2.895226098;[0];-95.1875
-78.99913021;-2.895225667;[0];-95.0000
-78.99888741;-2.895225236;[0];-94.9375
-78.99864461;-2.895224805;[0];-94.8125
-78.99840181;-2.895224374;[0];-94.6875
-78.99815901;-2.895223943;[0];-94.6250
-78.99791621;-2.895223512;[0];-94.5000
-78.99767341;-2.895223081;[0];-94.5000
-78.99743061;-2.89522265;[0];-94.4375
-78.99718781;-2.895222219;[0];-94.4375
-78.99694501;-2.895221788;[0];-94.3750
-78.99670221;-2.895221356;[0];-94.3750
-78.99645941;-2.895220925;[0];-94.3750
-78.99621661;-2.895220494;[0];-94.3750
-78.99597381;-2.895220062;[0];-94.3750
-78.99573101;-2.895219631;[0];-94.3125
-78.99548821;-2.895219199;[0];-94.3750
-78.99524541;-2.895218768;[0];-94.4375
-78.99500261;-2.895218336;[0];-94.5000
-78.99475981;-2.895217904;[0];-94.5625
-78.99451701;-2.895217473;[0];-94.5625
-78.99427421;-2.895217041;[0];-94.6250
-78.99403141;-2.895216609;[0];-94.6875
-78.99378861;-2.895216177;[0];-94.7500
-78.99354581;-2.895215745;[0];-94.8750
-78.99330301;-2.895215313;[0];-94.9375
-78.99306021;-2.895214881;[0];-95.0000
-78.99281741;-2.895214449;[0];-95.1250
-78.99257461;-2.895214017;[0];-95.1875
-78.99233181;-2.895213585;[0];-95.3125
-78.99208901;-2.895213152;[0];-95.3750
-78.99184621;-2.89521272;[0];-95.5000
-78.99160341;-2.895212288;[0];-95.6250
-78.99136061;-2.895211855;[0];-95.6875
-78.99111781;-2.895211423;[0];-95.8125
-78.99087501;-2.89521099;[0];-95.8750
-78.99063221;-2.895210558;[0];-96.0000
-78.99038942;-2.895210125;[0];-96.1250
-78.99014662;-2.895209692;[0];-96.2500
-78.98990382;-2.89520926;[0];-96.3750
-78.98966102;-2.895208827;[0];-96.5000
-78.98941822;-2.895208394;[0];-96.6250
-78.98917542;-2.895207961;[0];-96.7500
-78.98893262;-2.895207528;[0];-96.8125
-78.98868982;-2.895207095;[0];-96.9375
-78.98844702;-2.895206662;[0];-97.0625
-78.98820422;-2.895206229;[0];-97.1875
-78.98796142;-2.895205796;[0];-97.3125
-78.98771862;-2.895205363;[0];-97.5000
-78.98747583;-2.89520493;[0];-97.5625
-78.98723303;-2.895204496;[0];-97.6875
-78.98699023;-2.895204063;[0];-97.8125
-78.98674743;-2.895203629;[0];-97.9375
-78.98650463;-2.895203196;[0];-98.0625
-78.98626183;-2.895202763;[0];-98.2500
-78.98601903;-2.895202329;[0];-98.3125
-78.98577623;-2.895201895;[0];-98.4375
-78.98553344;-2.895201462;[0];-98.5625
-78.98529064;-2.895201028;[0];-98.6875
-78.98504784;-2.895200594;[0];-98.8125
-78.98480504;-2.89520016;[0];-98.9375
-78.98456224;-2.895199726;[0];-99.0625
-78.98431944;-2.895199293;[0];-99.1875
-78.98407665;-2.895198859;[0];-99.3750
-78.98383385;-2.895198425;[0];-99.5000
-78.98359105;-2.89519799;[0];-99.6250
-78.98334825;-2.895197556;[0];-99.7500
-78.98310545;-2.895197122;[0];-99.8125
-78.98286265;-2.895196688;[0];-99.9375
-78.98261986;-2.895196254;[0];-100.0625
-78.98237706;-2.895195819;[0];-100.1250
-78.98213426;-2.895195385;[0];-100.2500
-78.98189146;-2.89519495;[0];-100.3750
-78.98164866;-2.895194516;[0];-100.5000
-78.98140587;-2.895194081;[0];-100.6250
-78.98116307;-2.895193647;[0];-100.7500
-78.98092027;-2.895193212;[0];-100.8750
-78.98067747;-2.895192777;[0];-101.0000
-78.98043467;-2.895192343;[0];-101.1250
-78.98019188;-2.895191908;[0];-101.2500
-78.97994908;-2.895191473;[0];-101.3750
-78.97970628;-2.895191038;[0];-101.5000
-78.97946348;-2.895190603;[0];-101.6250
-78.97922068;-2.895190168;[0];-101.7500
-78.97897789;-2.895189733;[0];-101.8750
-78.97873509;-2.895189298;[0];-101.9375
-79.00471507;-2.894991439;[0];-101.9375
-79.00447226;-2.89499101;[0];-101.6875
-79.00422946;-2.89499058;[0];-101.2500
-79.00398666;-2.89499015;[0];-101.0000
-79.00374386;-2.894989721;[0];-100.6250
-79.00350106;-2.894989291;[0];-100.3125
-79.00325826;-2.894988861;[0];-100.0000
-79.00301546;-2.894988431;[0];-99.6875
-79.00277266;-2.894988001;[0];-99.4375
-79.00252985;-2.894987571;[0];-99.0625
-79.00228705;-2.894987141;[0];-98.7500
-79.00204425;-2.894986711;[0];-98.1250
-79.00180145;-2.894986281;[0];-97.8125
-79.00155865;-2.894985851;[0];-97.5000
-79.00131585;-2.894985421;[0];-97.3125
-79.00107305;-2.89498499;[0];-97.0625
-79.00083025;-2.89498456;[0];-96.7500
-79.00058745;-2.894984129;[0];-96.6250
-79.00034465;-2.894983699;[0];-96.3750
-79.00010185;-2.894983269;[0];-96.1875
-78.99985905;-2.894982838;[0];-96.0625
-78.99961624;-2.894982407;[0];-95.8750
-78.99937344;-2.894981977;[0];-95.6875
-78.99913064;-2.894981546;[0];-95.5000
-78.99888784;-2.894981115;[0];-95.3750
-78.99864504;-2.894980684;[0];-95.3125
-78.99840224;-2.894980254;[0];-95.1250
-78.99815944;-2.894979823;[0];-95.0000
-78.99791664;-2.894979392;[0];-95.0000
-78.99767384;-2.894978961;[0];-94.8750
-78.99743104;-2.89497853;[0];-94.8750
-78.99718824;-2.894978098;[0];-94.8125
-78.99694544;-2.894977667;[0];-94.8125
-78.99670264;-2.894977236;[0];-94.7500
-78.99645984;-2.894976805;[0];-94.7500
-78.99621704;-2.894976373;[0];-94.7500
-78.99597424;-2.894975942;[0];-94.7500
-78.99573144;-2.894975511;[0];-94.7500
-78.99548864;-2.894975079;[0];-94.7500
-78.99524584;-2.894974648;[0];-94.8125
-78.99500304;-2.894974216;[0];-94.8750
-78.99476024;-2.894973784;[0];-94.9375
-78.99451744;-2.894973353;[0];-94.9375
-78.99427464;-2.894972921;[0];-94.9375
-78.99403184;-2.894972489;[0];-95.0000
-78.99378904;-2.894972057;[0];-95.0625
-78.99354624;-2.894971625;[0];-95.1875
-78.99330344;-2.894971193;[0];-95.2500
-78.99306064;-2.894970761;[0];-95.3125
-78.99281784;-2.894970329;[0];-95.4375
-78.99257504;-2.894969897;[0];-95.5000
-78.99233224;-2.894969465;[0];-95.5625
-78.99208944;-2.894969033;[0];-95.6875
-78.99184664;-2.8949686;[0];-95.7500
-78.99160384;-2.894968168;[0];-95.8750
-78.99136104;-2.894967736;[0];-95.9375
-78.99111824;-2.894967303;[0];-96.0625
-78.99087544;-2.894966871;[0];-96.1875
-78.99063264;-2.894966438;[0];-96.2500
-78.99038985;-2.894966006;[0];-96.3750
-78.99014705;-2.894965573;[0];-96.4375
-78.98990425;-2.89496514;[0];-96.5625
-78.98966145;-2.894964708;[0];-96.6875
-78.98941865;-2.894964275;[0];-96.8125
-78.98917585;-2.894963842;[0];-96.9375
-78.98893305;-2.894963409;[0];-97.0625
-78.98869025;-2.894962976;[0];-97.1875
-78.98844745;-2.894962543;[0];-97.2500
-78.98820465;-2.89496211;[0];-97.3750
-78.98796185;-2.894961677;[0];-97.5000
-78.98771906;-2.894961244;[0];-97.6250
-78.98747626;-2.894960811;[0];-97.7500
-78.98723346;-2.894960377;[0];-97.9375
-78.98699066;-2.894959944;[0];-98.0000
-78.98674786;-2.894959511;[0];-98.1250
-78.98650506;-2.894959077;[0];-98.2500
-78.98626226;-2.894958644;[0];-98.3750
-78.98601946;-2.89495821;[0];-98.5000
-78.98577667;-2.894957777;[0];-98.6250
-78.98553387;-2.894957343;[0];-98.7500
-78.98529107;-2.894956909;[0];-98.8750
-78.98504827;-2.894956475;[0];-98.9375
-78.98480547;-2.894956042;[0];-99.0625
-78.98456267;-2.894955608;[0];-99.1875
-78.98431988;-2.894955174;[0];-99.3125
-78.98407708;-2.89495474;[0];-99.4375
-78.98383428;-2.894954306;[0];-99.6250
-78.98359148;-2.894953872;[0];-99.7500
-78.98334868;-2.894953438;[0];-99.8750
-78.98310588;-2.894953004;[0];-100.0000
-78.98286309;-2.89495257;[0];-100.1250
-78.98262029;-2.894952135;[0];-100.1875
-78.98237749;-2.894951701;[0];-100.3125
-78.98213469;-2.894951267;[0];-100.3750
-78.98189189;-2.894950832;[0];-100.5000
-78.98164910;-2.894950398;[0];-100.6250
-78.98140630;-2.894949963;[0];-100.7500
-78.98116350;-2.894949529;[0];-100.8750
-78.98092070;-2.894949094;[0];-101.0000
-78.98067790;-2.894948659;[0];-101.1250
-78.98043511;-2.894948225;[0];-101.2500
-78.98019231;-2.89494779;[0];-101.3750
-78.97994951;-2.894947355;[0];-101.5000
-78.97970671;-2.89494692;[0];-101.5625
-78.97946392;-2.894946485;[0];-101.6875
-78.97922112;-2.89494605;[0];-101.8125
-78.97897832;-2.894945615;[0];-101.9375
-79.00422989;-2.894746458;[0];-101.6250
-79.00398709;-2.894746029;[0];-101.3750
-79.00374429;-2.894745599;[0];-101.0000
-79.00350149;-2.894745169;[0];-100.6875
-79.00325869;-2.89474474;[0];-100.3750
-79.00301588;-2.89474431;[0];-100.1250
-79.00277308;-2.89474388;[0];-99.8125
-79.00253028;-2.89474345;[0];-99.5000
-79.00228748;-2.89474302;[0];-99.2500
-79.00204468;-2.89474259;[0];-98.5625
-79.00180188;-2.89474216;[0];-98.3125
-79.00155908;-2.89474173;[0];-98.0000
-79.00131628;-2.894741299;[0];-97.7500
-79.00107348;-2.894740869;[0];-97.5000
-79.00083068;-2.894740439;[0];-97.2500
-79.00058788;-2.894740008;[0];-97.0625
-79.00034507;-2.894739578;[0];-96.8750
-79.00010227;-2.894739148;[0];-96.6250
-78.99985947;-2.894738717;[0];-96.4375
-78.99961667;-2.894738287;[0];-96.3125
-78.99937387;-2.894737856;[0];-96.1250
-78.99913107;-2.894737425;[0];-96.0000
-78.99888827;-2.894736994;[0];-95.8125
-78.99864547;-2.894736564;[0];-95.7500
-78.99840267;-2.894736133;[0];-95.6250
-78.99815987;-2.894735702;[0];-95.5000
-78.99791707;-2.894735271;[0];-95.3750
-78.99767427;-2.89473484;[0];-95.3750
-78.99743147;-2.894734409;[0];-95.3125
-78.99718867;-2.894733978;[0];-95.2500
-78.99694587;-2.894733547;[0];-95.1875
-78.99670307;-2.894733116;[0];-95.1875
-78.99646027;-2.894732684;[0];-95.1250
-78.99621747;-2.894732253;[0];-95.1875
-78.99597467;-2.894731822;[0];-95.1250
-78.99573187;-2.89473139;[0];-95.1250
-78.99548907;-2.894730959;[0];-95.1250
-78.99524627;-2.894730527;[0];-95.1250
-78.99500347;-2.894730096;[0];-95.1875
-78.99476067;-2.894729664;[0];-95.2500
-78.99451787;-2.894729232;[0];-95.3125
-78.99427507;-2.894728801;[0];-95.3750
-78.99403227;-2.894728369;[0];-95.3750
-78.99378947;-2.894727937;[0];-95.3750
-78.99354667;-2.894727505;[0];-95.5000
-78.99330387;-2.894727073;[0];-95.5625
-78.99306107;-2.894726641;[0];-95.6250
-78.99281827;-2.894726209;[0];-95.6875
-78.99257547;-2.894725777;[0];-95.8125
-78.99233267;-2.894725345;[0];-95.8750
-78.99208987;-2.894724913;[0];-95.9375
-78.99184707;-2.894724481;[0];-96.0625
-78.99160427;-2.894724048;[0];-96.1250
-78.99136147;-2.894723616;[0];-96.2500
-78.99111867;-2.894723184;[0];-96.3125
-78.99087587;-2.894722751;[0];-96.4375
-78.99063308;-2.894722319;[0];-96.5000
-78.99039028;-2.894721886;[0];-96.6250
-78.99014748;-2.894721454;[0];-96.6875
-78.98990468;-2.894721021;[0];-96.8125
-78.98966188;-2.894720588;[0];-96.8750
-78.98941908;-2.894720155;[0];-97.0000
-78.98917628;-2.894719723;[0];-97.1250
-78.98893348;-2.89471929;[0];-97.3125
-78.98869068;-2.894718857;[0];-97.3750
-78.98844788;-2.894718424;[0];-97.5000
-78.98820508;-2.894717991;[0];-97.6250
-78.98796229;-2.894717558;[0];-97.6875
-78.98771949;-2.894717125;[0];-97.8125
-78.98747669;-2.894716691;[0];-97.9375
-78.98723389;-2.894716258;[0];-98.0625
-78.98699109;-2.894715825;[0];-98.1875
-78.98674829;-2.894715392;[0];-98.3125
-78.98650549;-2.894714958;[0];-98.4375
-78.98626269;-2.894714525;[0];-98.5000
-78.98601990;-2.894714091;[0];-98.6250
-78.98577710;-2.894713658;[0];-98.7500
-78.98553430;-2.894713224;[0];-98.8750
-78.9852915;-2.894712791;[0];-99.0625
-78.98504870;-2.894712357;[0];-99.1250
-78.98480590;-2.894711923;[0];-99.2500
-78.98456311;-2.894711489;[0];-99.3750
-78.98432031;-2.894711055;[0];-99.4375
-78.98407751;-2.894710621;[0];-99.5625
-78.98383471;-2.894710188;[0];-99.6875
-78.98359191;-2.894709754;[0];-99.8125
-78.98334911;-2.894709319;[0];-99.9375
-78.98310632;-2.894708885;[0];-100.0625
-78.98286352;-2.894708451;[0];-100.1875
-78.98262072;-2.894708017;[0];-100.3125
-78.98237792;-2.894707583;[0];-100.4375
-78.98213512;-2.894707148;[0];-100.5625
-78.98189233;-2.894706714;[0];-100.6875
-78.98164953;-2.89470628;[0];-100.7500
-78.98140673;-2.894705845;[0];-100.8750
-78.98116393;-2.89470541;[0];-101.0000
-78.98092113;-2.894704976;[0];-101.0625
-78.98067834;-2.894704541;[0];-101.1875
-78.98043554;-2.894704107;[0];-101.3125
-78.98019274;-2.894703672;[0];-101.4375
-78.97994994;-2.894703237;[0];-101.5625
-78.97970715;-2.894702802;[0];-101.6875
-78.97946435;-2.894702367;[0];-101.8125
-78.97922155;-2.894701932;[0];-101.9375
-78.97897875;-2.894701497;[0];-102.0000
-79.00423032;-2.894502337;[0];-102.0000
-79.00398752;-2.894501907;[0];-101.7500
-79.00374472;-2.894501478;[0];-101.3750
-79.00350191;-2.894501048;[0];-101.1250
-79.00325911;-2.894500618;[0];-100.8125
-79.00301631;-2.894500188;[0];-100.5625
-79.00277351;-2.894499758;[0];-100.2500
-79.00253071;-2.894499329;[0];-99.9375
-79.00228791;-2.894498899;[0];-99.6250
-79.00204511;-2.894498469;[0];-99.0000
-79.00180231;-2.894498039;[0];-98.7500
-79.00155951;-2.894497608;[0];-98.4375
-79.00131671;-2.894497178;[0];-98.1875
-79.00107390;-2.894496748;[0];-98.0000
-79.00083110;-2.894496318;[0];-97.7500
-79.00058830;-2.894495887;[0];-97.5000
-79.00034550;-2.894495457;[0];-97.3750
-79.00010270;-2.894495027;[0];-97.1250
-78.99985990;-2.894494596;[0];-96.9375
-78.99961710;-2.894494166;[0];-96.8125
-78.9993743;-2.894493735;[0];-96.6250
-78.99913150;-2.894493304;[0];-96.4375
-78.99888870;-2.894492874;[0];-96.3125
-78.99864590;-2.894492443;[0];-96.1875
-78.99840310;-2.894492012;[0];-96.0625
-78.99816030;-2.894491581;[0];-95.9375
-78.99791750;-2.89449115;[0];-95.8125
-78.99767470;-2.894490719;[0];-95.7500
-78.99743190;-2.894490288;[0];-95.6875
-78.99718910;-2.894489857;[0];-95.6875
-78.99694630;-2.894489426;[0];-95.6250
-78.99670350;-2.894488995;[0];-95.5625
-78.99646070;-2.894488564;[0];-95.5625
-78.99621790;-2.894488133;[0];-95.5625
-78.99597510;-2.894487701;[0];-95.5625
-78.99573230;-2.89448727;[0];-95.5000
-78.99548950;-2.894486839;[0];-95.5625
-78.99524670;-2.894486407;[0];-95.5625
-78.99500390;-2.894485976;[0];-95.5000
-78.99476110;-2.894485544;[0];-95.5625
-78.99451830;-2.894485112;[0];-95.6250
-78.99427550;-2.894484681;[0];-95.6875
-78.99403270;-2.894484249;[0];-95.7500
-78.99378990;-2.894483817;[0];-95.7500
-78.99354710;-2.894483385;[0];-95.8125
-78.99330430;-2.894482953;[0];-95.8750
-78.99306150;-2.894482521;[0];-95.9375
-78.99281870;-2.89448209;[0];-96.0000
-78.9925759;-2.894481657;[0];-96.0625
-78.9923331;-2.894481225;[0];-96.1875
-78.99209030;-2.894480793;[0];-96.2500
-78.99184750;-2.894480361;[0];-96.3125
-78.99160470;-2.894479929;[0];-96.4375
-78.99136190;-2.894479496;[0];-96.5000
-78.99111910;-2.894479064;[0];-96.5625
-78.99087630;-2.894478632;[0];-96.6875
-78.99063351;-2.894478199;[0];-96.7500
-78.99039071;-2.894477767;[0];-96.8750
-78.99014791;-2.894477334;[0];-96.9375
-78.98990511;-2.894476901;[0];-97.0625
-78.98966231;-2.894476469;[0];-97.1250
-78.98941951;-2.894476036;[0];-97.2500
-78.98917671;-2.894475603;[0];-97.3125
-78.98893391;-2.89447517;[0];-97.4375
-78.98869111;-2.894474738;[0];-97.5625
-78.98844831;-2.894474305;[0];-97.7500
-78.98820552;-2.894473872;[0];-97.8125
-78.98796272;-2.894473439;[0];-97.9375
-78.98771992;-2.894473006;[0];-98.0000
-78.98747712;-2.894472572;[0];-98.1250
-78.98723432;-2.894472139;[0];-98.2500
-78.98699152;-2.894471706;[0];-98.3125
-78.98674872;-2.894471273;[0];-98.5000
-78.98650592;-2.894470839;[0];-98.6250
-78.98626313;-2.894470406;[0];-98.7500
-78.98602033;-2.894469972;[0];-98.8125
-78.98577753;-2.894469539;[0];-98.9375
-78.98553473;-2.894469105;[0];-99.0625
-78.98529193;-2.894468672;[0];-99.1875
-78.98504913;-2.894468238;[0];-99.3125
-78.98480633;-2.894467804;[0];-99.4375
-78.98456354;-2.894467371;[0];-99.5000
-78.98432074;-2.894466937;[0];-99.6250
-78.98407794;-2.894466503;[0];-99.7500
-78.98383514;-2.894466069;[0];-99.8125
-78.98359234;-2.894465635;[0];-99.9375
-78.98334955;-2.894465201;[0];-100.0625
-78.98310675;-2.894464767;[0];-100.1875
-78.98286395;-2.894464333;[0];-100.3125
-78.98262115;-2.894463899;[0];-100.4375
-78.98237835;-2.894463464;[0];-100.5625
-78.98213556;-2.89446303;[0];-100.6875
-78.98189276;-2.894462596;[0];-100.8125
-78.98164996;-2.894462161;[0];-100.9375
-78.98140716;-2.894461727;[0];-101.0000
-78.98116436;-2.894461292;[0];-101.1250
-78.98092157;-2.894460858;[0];-101.1875
-78.98067877;-2.894460423;[0];-101.3125
-78.98043597;-2.894459989;[0];-101.4375
-78.98019317;-2.894459554;[0];-101.5625
-78.97995038;-2.894459119;[0];-101.6250
-78.97970758;-2.894458684;[0];-101.7500
-78.97946478;-2.894458249;[0];-101.8750
-78.97922198;-2.894457815;[0];-102.0000
-79.00374514;-2.894257356;[0];-101.8125
-79.00350234;-2.894256926;[0];-101.5000
-79.00325954;-2.894256497;[0];-101.1875
-79.00301674;-2.894256067;[0];-100.9375
-79.00277394;-2.894255637;[0];-100.6250
-79.00253114;-2.894255207;[0];-100.3750
-79.00228834;-2.894254777;[0];-100.0625
-79.00204554;-2.894254347;[0];-99.5625
-79.00180274;-2.894253917;[0];-99.1875
-79.00155993;-2.894253487;[0];-98.8750
-79.00131713;-2.894253057;[0];-98.6250
-79.00107433;-2.894252627;[0];-98.4375
-79.00083153;-2.894252197;[0];-98.1875
-79.00058873;-2.894251766;[0];-97.9375
-79.00034593;-2.894251336;[0];-97.8125
-79.00010313;-2.894250906;[0];-97.5625
-78.99986033;-2.894250475;[0];-97.3750
-78.99961753;-2.894250045;[0];-97.1875
-78.99937473;-2.894249614;[0];-97.0625
-78.99913193;-2.894249184;[0];-96.9375
-78.99888913;-2.894248753;[0];-96.7500
-78.99864633;-2.894248322;[0];-96.5625
-78.99840353;-2.894247891;[0];-96.5000
-78.99816073;-2.894247461;[0];-96.3750
-78.99791793;-2.89424703;[0];-96.2500
-78.99767513;-2.894246599;[0];-96.1875
-78.99743233;-2.894246168;[0];-96.1250
-78.99718953;-2.894245737;[0];-96.0625
-78.99694673;-2.894245306;[0];-96.0625
-78.99670393;-2.894244875;[0];-96.0000
-78.99646113;-2.894244444;[0];-95.9375
-78.99621833;-2.894244012;[0];-95.9375
-78.99597553;-2.894243581;[0];-95.9375
-78.99573273;-2.89424315;[0];-95.9375
-78.99548993;-2.894242718;[0];-95.8750
-78.99524713;-2.894242287;[0];-95.9375
-78.99500433;-2.894241855;[0];-95.9375
-78.99476153;-2.894241424;[0];-95.8750
-78.99451873;-2.894240992;[0];-95.9375
-78.99427593;-2.894240561;[0];-96.0000
-78.99403313;-2.894240129;[0];-96.0625
-78.99379033;-2.894239697;[0];-96.1250
-78.99354753;-2.894239265;[0];-96.1250
-78.99330473;-2.894238834;[0];-96.1250
-78.99306193;-2.894238402;[0];-96.1875
-78.99281913;-2.89423797;[0];-96.3125
-78.99257633;-2.894237538;[0];-96.3750
-78.99233353;-2.894237106;[0];-96.4375
-78.99209073;-2.894236673;[0];-96.5000
-78.99184793;-2.894236241;[0];-96.6250
-78.99160513;-2.894235809;[0];-96.6875
-78.99136233;-2.894235377;[0];-96.7500
-78.99111953;-2.894234944;[0];-96.8750
-78.99087673;-2.894234512;[0];-96.9375
-78.99063394;-2.89423408;[0];-97.0000
-78.99039114;-2.894233647;[0];-97.1250
-78.99014834;-2.894233215;[0];-97.1875
-78.98990554;-2.894232782;[0];-97.3125
-78.98966274;-2.894232349;[0];-97.3750
-78.98941994;-2.894231917;[0];-97.5000
-78.98917714;-2.894231484;[0];-97.5625
-78.98893434;-2.894231051;[0];-97.6875
-78.98869154;-2.894230618;[0];-97.7500
-78.98844874;-2.894230185;[0];-97.8750
-78.98820595;-2.894229753;[0];-98.0000
-78.98796315;-2.89422932;[0];-98.1250
-78.98772035;-2.894228886;[0];-98.2500
-78.98747755;-2.894228453;[0];-98.3125
-78.98723475;-2.89422802;[0];-98.4375
-78.98699195;-2.894227587;[0];-98.5000
-78.98674915;-2.894227154;[0];-98.6250
-78.98650636;-2.89422672;[0];-98.7500
-78.98626356;-2.894226287;[0];-98.8750
-78.98602076;-2.894225854;[0];-99.0000
-78.98577796;-2.89422542;[0];-99.1250
-78.98553516;-2.894224987;[0];-99.1875
-78.98529236;-2.894224553;[0];-99.3125
-78.98504956;-2.894224119;[0];-99.4375
-78.98480677;-2.894223686;[0];-99.5625
-78.98456397;-2.894223252;[0];-99.6875
-78.98432117;-2.894222818;[0];-99.8125
-78.98407837;-2.894222384;[0];-99.8750
-78.98383557;-2.894221951;[0];-100.0000
-78.98359278;-2.894221517;[0];-100.1250
-78.98334998;-2.894221083;[0];-100.1875
-78.98310718;-2.894220649;[0];-100.3125
-78.98286438;-2.894220214;[0];-100.4375
-78.98262158;-2.89421978;[0];-100.5625
-78.98237879;-2.894219346;[0];-100.6875
-78.98213599;-2.894218912;[0];-100.8125
-78.98189319;-2.894218478;[0];-100.9375
-78.98165039;-2.894218043;[0];-101.0625
-78.98140759;-2.894217609;[0];-101.1250
-78.98116480;-2.894217174;[0];-101.2500
-78.98092200;-2.89421674;[0];-101.3750
-78.9806792;-2.894216305;[0];-101.4375
-78.98043640;-2.894215871;[0];-101.5625
-78.98019361;-2.894215436;[0];-101.6250
-78.97995081;-2.894215001;[0];-101.7500
-78.97970801;-2.894214566;[0];-101.8750
-78.97946521;-2.894214132;[0];-102.0000
-79.00350277;-2.894012805;[0];-101.8750
-79.00325997;-2.894012375;[0];-101.5625
-79.00301717;-2.894011946;[0];-101.3750
-79.00277437;-2.894011516;[0];-101.0625
-79.00253157;-2.894011086;[0];-100.7500
-79.00228876;-2.894010656;[0];-100.4375
-79.00204596;-2.894010226;[0];-100.1250
-79.00180316;-2.894009796;[0];-99.6250
-79.00156036;-2.894009366;[0];-99.3125
-79.00131756;-2.894008936;[0];-99.0625
-79.00107476;-2.894008506;[0];-98.8750
-79.00083196;-2.894008076;[0];-98.6250
-79.00058916;-2.894007645;[0];-98.3750
-79.00034636;-2.894007215;[0];-98.1875
-79.00010356;-2.894006785;[0];-98.0625
-78.99986076;-2.894006354;[0];-97.8125
-78.99961796;-2.894005924;[0];-97.6250
-78.99937516;-2.894005493;[0];-97.5000
-78.99913236;-2.894005063;[0];-97.3750
-78.99888956;-2.894004632;[0];-97.1875
-78.99864676;-2.894004202;[0];-97.0625
-78.99840396;-2.894003771;[0];-96.9375
-78.99816116;-2.89400334;[0];-96.8750
-78.99791836;-2.894002909;[0];-96.7500
-78.99767555;-2.894002478;[0];-96.6250
-78.99743275;-2.894002047;[0];-96.5000
-78.99718995;-2.894001616;[0];-96.5000
-78.99694715;-2.894001185;[0];-96.4375
-78.99670435;-2.894000754;[0];-96.4375
-78.99646155;-2.894000323;[0];-96.3125
-78.99621875;-2.893999892;[0];-96.3125
-78.99597595;-2.893999461;[0];-96.3125
-78.99573315;-2.893999029;[0];-96.2500
-78.99549035;-2.893998598;[0];-96.3125
-78.99524756;-2.893998167;[0];-96.2500
-78.99500476;-2.893997735;[0];-96.3125
-78.99476196;-2.893997304;[0];-96.2500
-78.99451916;-2.893996872;[0];-96.2500
-78.99427636;-2.893996441;[0];-96.3125
-78.99403356;-2.893996009;[0];-96.3750
-78.99379076;-2.893995577;[0];-96.4375
-78.99354796;-2.893995145;[0];-96.5000
-78.99330516;-2.893994714;[0];-96.5000
-78.99306236;-2.893994282;[0];-96.5000
-78.99281956;-2.89399385;[0];-96.5625
-78.99257676;-2.893993418;[0];-96.6250
-78.99233396;-2.893992986;[0];-96.7500
-78.99209116;-2.893992554;[0];-96.8125
-78.99184836;-2.893992122;[0];-96.8750
-78.99160556;-2.893991689;[0];-96.9375
-78.99136276;-2.893991257;[0];-97.0000
-78.99111996;-2.893990825;[0];-97.1250
-78.99087716;-2.893990393;[0];-97.1875
-78.99063437;-2.89398996;[0];-97.2500
-78.99039157;-2.893989528;[0];-97.3750
-78.99014877;-2.893989095;[0];-97.4375
-78.98990597;-2.893988663;[0];-97.5625
-78.98966317;-2.89398823;[0];-97.6250
-78.98942037;-2.893987797;[0];-97.6875
-78.98917757;-2.893987365;[0];-97.8125
-78.98893477;-2.893986932;[0];-97.8750
-78.98869197;-2.893986499;[0];-98.0000
-78.98844918;-2.893986066;[0];-98.0625
-78.98820638;-2.893985633;[0];-98.1875
-78.98796358;-2.8939852;[0];-98.3125
-78.98772078;-2.893984767;[0];-98.4375
-78.98747798;-2.893984334;[0];-98.5625
-78.98723518;-2.893983901;[0];-98.6250
-78.98699238;-2.893983468;[0];-98.7500
-78.98674958;-2.893983035;[0];-98.8125
-78.98650679;-2.893982602;[0];-98.9375
-78.98626399;-2.893982168;[0];-99.0000
-78.98602119;-2.893981735;[0];-99.1250
-78.98577839;-2.893981301;[0];-99.2500
-78.98553559;-2.893980868;[0];-99.3750
-78.98529279;-2.893980434;[0];-99.5000
-78.98505000;-2.893980001;[0];-99.6250
-78.98480720;-2.893979567;[0];-99.6875
-78.98456440;-2.893979133;[0];-99.8125
-78.98432160;-2.8939787;[0];-99.9375
-78.98407880;-2.893978266;[0];-100.0625
-78.98383600;-2.893977832;[0];-100.1875
-78.98359321;-2.893977398;[0];-100.2500
-78.98335041;-2.893976964;[0];-100.3750
-78.98310761;-2.89397653;[0];-100.4375
-78.98286481;-2.893976096;[0];-100.5625
-78.98262201;-2.893975662;[0];-100.6875
-78.98237922;-2.893975228;[0];-100.8125
-78.98213642;-2.893974794;[0];-100.9375
-78.98189362;-2.893974359;[0];-101.0000
-78.98165082;-2.893973925;[0];-101.1250
-78.98140803;-2.893973491;[0];-101.2500
-78.98116523;-2.893973056;[0];-101.3750
-78.98092243;-2.893972622;[0];-101.5000
-78.98067963;-2.893972187;[0];-101.6250
-78.98043684;-2.893971753;[0];-101.6875
-78.98019404;-2.893971318;[0];-101.8125
-78.97995124;-2.893970883;[0];-101.8750
-78.97970844;-2.893970449;[0];-102.0000
-79.00326040;-2.893768254;[0];-101.9375
-79.00301759;-2.893767824;[0];-101.7500
-79.00277479;-2.893767394;[0];-101.4375
-79.00253199;-2.893766965;[0];-101.1875
-79.00228919;-2.893766535;[0];-100.8750
-79.00204639;-2.893766105;[0];-100.6250
-79.00180359;-2.893765675;[0];-100.0000
-79.00156079;-2.893765245;[0];-99.7500
-79.00131799;-2.893764815;[0];-99.5000
-79.00107519;-2.893764385;[0];-99.2500
-79.00083239;-2.893763955;[0];-99.0625
-79.00058959;-2.893763524;[0];-98.8125
-79.00034679;-2.893763094;[0];-98.6250
-79.00010399;-2.893762664;[0];-98.5000
-78.99986119;-2.893762233;[0];-98.2500
-78.99961839;-2.893761803;[0];-98.0625
-78.99937559;-2.893761373;[0];-97.9375
-78.99913278;-2.893760942;[0];-97.8125
-78.99888998;-2.893760511;[0];-97.6250
-78.99864718;-2.893760081;[0];-97.5000
-78.99840438;-2.89375965;[0];-97.3125
-78.99816158;-2.893759219;[0];-97.2500
-78.99791878;-2.893758789;[0];-97.1250
-78.99767598;-2.893758358;[0];-97.0625
-78.99743318;-2.893757927;[0];-96.9375
-78.99719038;-2.893757496;[0];-96.8750
-78.99694758;-2.893757065;[0];-96.8125
-78.99670478;-2.893756634;[0];-96.7500
-78.99646198;-2.893756203;[0];-96.7500
-78.99621918;-2.893755772;[0];-96.6875
-78.99597638;-2.89375534;[0];-96.6875
-78.99573358;-2.893754909;[0];-96.6250
-78.99549078;-2.893754478;[0];-96.6250
-78.99524798;-2.893754046;[0];-96.6250
-78.99500518;-2.893753615;[0];-96.6250
-78.99476238;-2.893753184;[0];-96.6250
-78.99451959;-2.893752752;[0];-96.6250
-78.99427679;-2.89375232;[0];-96.6250
-78.99403399;-2.893751889;[0];-96.6875
-78.99379119;-2.893751457;[0];-96.7500
-78.99354839;-2.893751025;[0];-96.7500
-78.99330559;-2.893750594;[0];-96.8125
-78.99306279;-2.893750162;[0];-96.8750
-78.99281999;-2.89374973;[0];-96.8750
-78.99257719;-2.893749298;[0];-96.9375
-78.99233439;-2.893748866;[0];-97.0000
-78.99209159;-2.893748434;[0];-97.0625
-78.99184879;-2.893748002;[0];-97.1250
-78.99160599;-2.89374757;[0];-97.1875
-78.99136319;-2.893747138;[0];-97.3125
-78.99112039;-2.893746705;[0];-97.3750
-78.99087759;-2.893746273;[0];-97.4375
-78.99063480;-2.893745841;[0];-97.5000
-78.99039200;-2.893745408;[0];-97.6250
-78.99014920;-2.893744976;[0];-97.6875
-78.98990640;-2.893744543;[0];-97.7500
-78.98966360;-2.893744111;[0];-97.8750
-78.9894208;-2.893743678;[0];-97.9375
-78.98917800;-2.893743245;[0];-98.0000
-78.98893520;-2.893742813;[0];-98.1250
-78.98869240;-2.89374238;[0];-98.1875
-78.98844961;-2.893741947;[0];-98.3125
-78.98820681;-2.893741514;[0];-98.3750
-78.98796401;-2.893741081;[0];-98.5000
-78.98772121;-2.893740648;[0];-98.5625
-78.98747841;-2.893740215;[0];-98.6875
-78.98723561;-2.893739782;[0];-98.8125
-78.98699281;-2.893739349;[0];-98.9375
-78.98675002;-2.893738916;[0];-99.0000
-78.98650722;-2.893738483;[0];-99.1250
-78.98626442;-2.893738049;[0];-99.1875
-78.98602162;-2.893737616;[0];-99.3125
-78.98577882;-2.893737183;[0];-99.3750
-78.98553602;-2.893736749;[0];-99.5000
-78.98529323;-2.893736316;[0];-99.6250
-78.98505043;-2.893735882;[0];-99.7500
-78.98480763;-2.893735448;[0];-99.8750
-78.98456483;-2.893735015;[0];-99.9375
-78.98432203;-2.893734581;[0];-100.0625
-78.98407923;-2.893734147;[0];-100.1875
-78.98383644;-2.893733714;[0];-100.3125
-78.98359364;-2.89373328;[0];-100.3750
-78.98335084;-2.893732846;[0];-100.5000
-78.98310804;-2.893732412;[0];-100.6250
-78.98286524;-2.893731978;[0];-100.6875
-78.98262245;-2.893731544;[0];-100.8125
-78.98237965;-2.89373111;[0];-100.8750
-78.98213685;-2.893730675;[0];-101.0000
-78.98189405;-2.893730241;[0];-101.1250
-78.98165126;-2.893729807;[0];-101.2500
-78.98140846;-2.893729373;[0];-101.3750
-78.98116566;-2.893728938;[0];-101.5000
-78.98092286;-2.893728504;[0];-101.5625
-78.98068007;-2.893728069;[0];-101.6875
-78.98043727;-2.893727635;[0];-101.8125
-78.98019447;-2.8937272;[0];-101.9375
-78.97995167;-2.893726765;[0];-102.0000
-79.00277522;-2.893523273;[0];-101.8125
-79.00253242;-2.893522843;[0];-101.5625
-79.00228962;-2.893522414;[0];-101.2500
-79.00204682;-2.893521984;[0];-101.0625
-79.00180402;-2.893521554;[0];-100.3750
-79.00156122;-2.893521124;[0];-100.1875
-79.00131842;-2.893520694;[0];-99.9375
-79.00107562;-2.893520264;[0];-99.6250
-79.00083282;-2.893519834;[0];-99.5000
-79.00059002;-2.893519403;[0];-99.2500
-79.00034721;-2.893518973;[0];-99.0000
-79.00010441;-2.893518543;[0];-98.8750
-78.99986161;-2.893518113;[0];-98.6875
-78.99961881;-2.893517682;[0];-98.5000
-78.99937601;-2.893517252;[0];-98.3125
-78.99913321;-2.893516821;[0];-98.2500
-78.99889041;-2.893516391;[0];-98.0625
-78.99864761;-2.89351596;[0];-97.8750
-78.99840481;-2.893515529;[0];-97.7500
-78.99816201;-2.893515099;[0];-97.6250
-78.99791921;-2.893514668;[0];-97.5625
-78.99767641;-2.893514237;[0];-97.4375
-78.99743361;-2.893513806;[0];-97.3125
-78.99719081;-2.893513375;[0];-97.2500
-78.99694801;-2.893512944;[0];-97.1875
-78.99670521;-2.893512513;[0];-97.1250
-78.99646241;-2.893512082;[0];-97.1250
-78.99621961;-2.893511651;[0];-97.0625
-78.99597681;-2.89351122;[0];-97.0000
-78.99573401;-2.893510789;[0];-97.0625
-78.99549121;-2.893510358;[0];-97.0000
-78.99524841;-2.893509926;[0];-97.0000
-78.99500561;-2.893509495;[0];-97.0000
-78.99476281;-2.893509063;[0];-96.9375
-78.99452001;-2.893508632;[0];-97.0000
-78.99427721;-2.8935082;[0];-97.0000
-78.99403442;-2.893507769;[0];-97.0000
-78.99379162;-2.893507337;[0];-97.0000
-78.99354882;-2.893506905;[0];-97.0625
-78.99330602;-2.893506474;[0];-97.1250
-78.99306322;-2.893506042;[0];-97.1875
-78.99282042;-2.89350561;[0];-97.1875
-78.99257762;-2.893505178;[0];-97.1875
-78.99233482;-2.893504746;[0];-97.2500
-78.99209202;-2.893504314;[0];-97.3125
-78.99184922;-2.893503882;[0];-97.4375
-78.99160642;-2.89350345;[0];-97.5000
-78.99136362;-2.893503018;[0];-97.5625
-78.99112082;-2.893502586;[0];-97.6250
-78.99087802;-2.893502153;[0];-97.6875
-78.99063523;-2.893501721;[0];-97.7500
-78.99039243;-2.893501289;[0];-97.8750
-78.99014963;-2.893500856;[0];-97.9375
-78.98990683;-2.893500424;[0];-98.0000
-78.98966403;-2.893499991;[0];-98.1250
-78.98942123;-2.893499559;[0];-98.1875
-78.98917843;-2.893499126;[0];-98.2500
-78.98893563;-2.893498693;[0];-98.3750
-78.98869283;-2.893498261;[0];-98.4375
-78.98845004;-2.893497828;[0];-98.5000
-78.98820724;-2.893497395;[0];-98.6250
-78.98796444;-2.893496962;[0];-98.6875
-78.98772164;-2.893496529;[0];-98.7500
-78.98747884;-2.893496096;[0];-98.8750
-78.98723604;-2.893495663;[0];-99.0000
-78.98699324;-2.89349523;[0];-99.1250
-78.98675045;-2.893494797;[0];-99.2500
-78.98650765;-2.893494364;[0];-99.3125
-78.98626485;-2.89349393;[0];-99.4375
-78.98602205;-2.893493497;[0];-99.5000
-78.98577925;-2.893493064;[0];-99.5625
-78.98553645;-2.89349263;[0];-99.6875
-78.98529366;-2.893492197;[0];-99.7500
-78.98505086;-2.893491763;[0];-99.8750
-78.98480806;-2.89349133;[0];-100.0000
-78.98456526;-2.893490896;[0];-100.1250
-78.98432246;-2.893490463;[0];-100.2500
-78.98407967;-2.893490029;[0];-100.3125
-78.98383687;-2.893489595;[0];-100.4375
-78.98359407;-2.893489161;[0];-100.5000
-78.98335127;-2.893488727;[0];-100.6250
-78.98310847;-2.893488293;[0];-100.7500
-78.98286568;-2.893487859;[0];-100.8750
-78.98262288;-2.893487425;[0];-101.0000
-78.98238008;-2.893486991;[0];-101.0625
-78.98213728;-2.893486557;[0];-101.1875
-78.98189449;-2.893486123;[0];-101.2500
-78.98165169;-2.893485689;[0];-101.3750
-78.98140889;-2.893485254;[0];-101.4375
-78.98116609;-2.89348482;[0];-101.5625
-78.98092329;-2.893484386;[0];-101.6875
-78.98068050;-2.893483951;[0];-101.8125
-78.98043770;-2.893483517;[0];-101.9375
-78.98019490;-2.893483082;[0];-102.0000
-79.00253285;-2.893278722;[0];-101.9375
-79.00229005;-2.893278292;[0];-101.6250
-79.00204725;-2.893277862;[0];-101.3750
-79.00180445;-2.893277433;[0];-100.8750
-79.00156165;-2.893277003;[0];-100.5625
-79.00131884;-2.893276573;[0];-100.3125
-79.00107604;-2.893276143;[0];-100.0625
-79.00083324;-2.893275712;[0];-99.8750
-79.00059044;-2.893275282;[0];-99.6875
-79.00034764;-2.893274852;[0];-99.4375
-79.00010484;-2.893274422;[0];-99.2500
-78.99986204;-2.893273992;[0];-99.1250
-78.99961924;-2.893273561;[0];-98.9375
-78.99937644;-2.893273131;[0];-98.7500
-78.99913364;-2.8932727;[0];-98.6250
-78.99889084;-2.89327227;[0];-98.5000
-78.99864804;-2.893271839;[0];-98.3125
-78.99840524;-2.893271409;[0];-98.1875
-78.99816244;-2.893270978;[0];-98.0000
-78.99791964;-2.893270547;[0];-97.9375
-78.99767684;-2.893270117;[0];-97.8750
-78.99743404;-2.893269686;[0];-97.7500
-78.99719124;-2.893269255;[0];-97.6250
-78.99694844;-2.893268824;[0];-97.5625
-78.99670564;-2.893268393;[0];-97.5625
-78.99646284;-2.893267962;[0];-97.4375
-78.99622004;-2.893267531;[0];-97.4375
-78.99597724;-2.8932671;[0];-97.3750
-78.99573444;-2.893266669;[0];-97.3750
-78.99549164;-2.893266237;[0];-97.3750
-78.99524884;-2.893265806;[0];-97.3125
-78.99500604;-2.893265375;[0];-97.3125
-78.99476324;-2.893264943;[0];-97.3125
-78.99452044;-2.893264512;[0];-97.3125
-78.99427764;-2.89326408;[0];-97.3125
-78.99403484;-2.893263649;[0];-97.3125
-78.99379205;-2.893263217;[0];-97.3125
-78.99354925;-2.893262786;[0];-97.3750
-78.99330645;-2.893262354;[0];-97.4375
-78.99306365;-2.893261922;[0];-97.5000
-78.99282085;-2.89326149;[0];-97.5000
-78.99257805;-2.893261058;[0];-97.5625
-78.99233525;-2.893260626;[0];-97.5625
-78.99209245;-2.893260194;[0];-97.6250
-78.99184965;-2.893259762;[0];-97.6875
-78.99160685;-2.89325933;[0];-97.7500
-78.99136405;-2.893258898;[0];-97.8125
-78.99112125;-2.893258466;[0];-97.8750
-78.99087845;-2.893258034;[0];-97.9375
-78.99063566;-2.893257602;[0];-98.0000
-78.99039286;-2.893257169;[0];-98.1250
-78.99015006;-2.893256737;[0];-98.1875
-78.98990726;-2.893256304;[0];-98.2500
-78.98966446;-2.893255872;[0];-98.3125
-78.98942166;-2.893255439;[0];-98.4375
-78.98917886;-2.893255007;[0];-98.5000
-78.98893606;-2.893254574;[0];-98.5625
-78.98869327;-2.893254141;[0];-98.6250
-78.98845047;-2.893253709;[0];-98.7500
-78.98820767;-2.893253276;[0];-98.8125
-78.98796487;-2.893252843;[0];-98.8750
-78.98772207;-2.89325241;[0];-99.0000
-78.98747927;-2.893251977;[0];-99.0625
-78.98723647;-2.893251544;[0];-99.1875
-78.98699368;-2.893251111;[0];-99.2500
-78.98675088;-2.893250678;[0];-99.3750
-78.98650808;-2.893250245;[0];-99.5000
-78.98626528;-2.893249812;[0];-99.6250
-78.98602248;-2.893249378;[0];-99.6875
-78.98577968;-2.893248945;[0];-99.8125
-78.98553689;-2.893248512;[0];-99.8750
-78.98529409;-2.893248078;[0];-99.9375
-78.98505129;-2.893247645;[0];-100.0625
-78.98480849;-2.893247211;[0];-100.1250
-78.98456569;-2.893246778;[0];-100.2500
-78.98432290;-2.893246344;[0];-100.3750
-78.98408010;-2.89324591;[0];-100.5000
-78.98383730;-2.893245477;[0];-100.5625
-78.98359450;-2.893245043;[0];-100.6875
-78.98335170;-2.893244609;[0];-100.7500
-78.98310891;-2.893244175;[0];-100.8750
-78.98286611;-2.893243741;[0];-101.0000
-78.98262331;-2.893243307;[0];-101.1250
-78.98238051;-2.893242873;[0];-101.1875
-78.98213771;-2.893242439;[0];-101.3125
-78.98189492;-2.893242005;[0];-101.3750
-78.98165212;-2.89324157;[0];-101.5000
-78.98140932;-2.893241136;[0];-101.5625
-78.98116652;-2.893240702;[0];-101.6875
-78.98092373;-2.893240268;[0];-101.8125
-78.98068093;-2.893239833;[0];-101.8750
-78.98043813;-2.893239399;[0];-102.0000
-79.00204767;-2.893033741;[0];-101.7500
-79.00180487;-2.893033311;[0];-101.3750
-79.00156207;-2.893032881;[0];-100.9375
-79.00131927;-2.893032451;[0];-100.6875
-79.00107647;-2.893032021;[0];-100.4375
-79.00083367;-2.893031591;[0];-100.2500
-79.00059087;-2.893031161;[0];-100.0625
-79.00034807;-2.893030731;[0];-99.8750
-79.00010527;-2.893030301;[0];-99.6250
-78.99986247;-2.893029871;[0];-99.5000
-78.99961967;-2.89302944;[0];-99.3125
-78.99937687;-2.89302901;[0];-99.1250
-78.99913407;-2.89302858;[0];-98.9375
-78.99889127;-2.893028149;[0];-98.8750
-78.99864847;-2.893027719;[0];-98.7500
-78.99840567;-2.893027288;[0];-98.5625
-78.99816287;-2.893026857;[0];-98.4375
-78.99792007;-2.893026427;[0];-98.3125
-78.99767727;-2.893025996;[0];-98.2500
-78.99743447;-2.893025565;[0];-98.1250
-78.99719167;-2.893025134;[0];-98.0625
-78.99694887;-2.893024703;[0];-97.9375
-78.99670607;-2.893024273;[0];-97.8750
-78.99646327;-2.893023842;[0];-97.8750
-78.99622047;-2.89302341;[0];-97.8125
-78.99597767;-2.893022979;[0];-97.8125
-78.99573487;-2.893022548;[0];-97.6875
-78.99549207;-2.893022117;[0];-97.6875
-78.99524927;-2.893021686;[0];-97.6875
-78.99500647;-2.893021254;[0];-97.6250
-78.99476367;-2.893020823;[0];-97.6875
-78.99452087;-2.893020392;[0];-97.6250
-78.99427807;-2.89301996;[0];-97.6250
-78.99403527;-2.893019529;[0];-97.6875
-78.99379247;-2.893019097;[0];-97.6250
-78.99354968;-2.893018666;[0];-97.6875
-78.99330688;-2.893018234;[0];-97.6875
-78.99306408;-2.893017802;[0];-97.7500
-78.99282128;-2.89301737;[0];-97.8125
-78.99257848;-2.893016939;[0];-97.8750
-78.99233568;-2.893016507;[0];-97.8750
-78.99209288;-2.893016075;[0];-97.8750
-78.99185008;-2.893015643;[0];-97.9375
-78.99160728;-2.893015211;[0];-98.0000
-78.99136448;-2.893014779;[0];-98.0625
-78.99112168;-2.893014346;[0];-98.1250
-78.99087888;-2.893013914;[0];-98.1875
-78.99063609;-2.893013482;[0];-98.2500
-78.99039329;-2.89301305;[0];-98.3125
-78.99015049;-2.893012617;[0];-98.4375
-78.98990769;-2.893012185;[0];-98.5000
-78.98966489;-2.893011753;[0];-98.5625
-78.98942209;-2.89301132;[0];-98.6250
-78.98917929;-2.893010887;[0];-98.6875
-78.98893649;-2.893010455;[0];-98.8125
-78.98869370;-2.893010022;[0];-98.8750
-78.98845090;-2.893009589;[0];-98.9375
-78.98820810;-2.893009157;[0];-99.0625
-78.98796530;-2.893008724;[0];-99.1250
-78.98772250;-2.893008291;[0];-99.1875
-78.98747970;-2.893007858;[0];-99.2500
-78.98723690;-2.893007425;[0];-99.3750
-78.98699411;-2.893006992;[0];-99.4375
-78.98675131;-2.893006559;[0];-99.5625
-78.98650851;-2.893006126;[0];-99.6250
-78.98626571;-2.893005693;[0];-99.7500
-78.98602291;-2.893005259;[0];-99.8750
-78.98578011;-2.893004826;[0];-100.0000
-78.98553732;-2.893004393;[0];-100.0625
-78.98529452;-2.893003959;[0];-100.1250
-78.98505172;-2.893003526;[0];-100.2500
-78.98480892;-2.893003093;[0];-100.3125
-78.98456612;-2.893002659;[0];-100.3750
-78.98432333;-2.893002225;[0];-100.5000
-78.98408053;-2.893001792;[0];-100.6250
-78.98383773;-2.893001358;[0];-100.7500
-78.98359493;-2.893000924;[0];-100.8750
-78.98335214;-2.89300049;[0];-100.9375
-78.98310934;-2.893000057;[0];-101.0000
-78.98286654;-2.892999623;[0];-101.1250
-78.98262374;-2.892999189;[0];-101.1875
-78.98238094;-2.892998755;[0];-101.3125
-78.98213815;-2.892998321;[0];-101.4375
-78.98189535;-2.892997886;[0];-101.5625
-78.98165255;-2.892997452;[0];-101.6250
-78.98140975;-2.892997018;[0];-101.7500
-78.98116696;-2.892996584;[0];-101.8125
-78.98092416;-2.892996149;[0];-101.9375
-78.98068136;-2.892995715;[0];-102.0000
-79.0018053;-2.89278919;[0];-101.8750
-79.0015625;-2.89278876;[0];-101.3125
-79.00131970;-2.89278833;[0];-101.1250
-79.00107690;-2.8927879;[0];-100.8750
-79.00083410;-2.89278747;[0];-100.6250
-79.00059130;-2.89278704;[0];-100.5000
-79.00034850;-2.89278661;[0];-100.2500
-79.00010570;-2.89278618;[0];-100.0625
-78.99986290;-2.89278575;[0];-99.8750
-78.99962010;-2.892785319;[0];-99.7500
-78.99937730;-2.892784889;[0];-99.5625
-78.99913450;-2.892784459;[0];-99.3750
-78.99889170;-2.892784028;[0];-99.2500
-78.99864890;-2.892783598;[0];-99.1250
-78.99840610;-2.892783167;[0];-99.0000
-78.99816330;-2.892782737;[0];-98.8125
-78.99792050;-2.892782306;[0];-98.6875
-78.99767770;-2.892781875;[0];-98.6250
-78.99743490;-2.892781445;[0];-98.5625
-78.99719210;-2.892781014;[0];-98.4375
-78.99694930;-2.892780583;[0];-98.3125
-78.99670650;-2.892780152;[0];-98.2500
-78.99646370;-2.892779721;[0];-98.1875
-78.99622090;-2.89277929;[0];-98.1250
-78.99597810;-2.892778859;[0];-98.1250
-78.99573530;-2.892778428;[0];-98.0625
-78.99549250;-2.892777997;[0];-98.0000
-78.9952497;-2.892777566;[0];-98.0625
-78.9950069;-2.892777134;[0];-98.0000
-78.99476410;-2.892776703;[0];-98.0000
-78.99452130;-2.892776272;[0];-98.0000
-78.99427850;-2.89277584;[0];-98.0000
-78.99403570;-2.892775409;[0];-98.0000
-78.99379290;-2.892774977;[0];-98.0000
-78.99355010;-2.892774546;[0];-98.0000
-78.99330731;-2.892774114;[0];-98.0000
-78.99306451;-2.892773682;[0];-98.0625
-78.99282171;-2.892773251;[0];-98.0625
-78.99257891;-2.892772819;[0];-98.1250
-78.99233611;-2.892772387;[0];-98.1875
-78.99209331;-2.892771955;[0];-98.1875
-78.99185051;-2.892771523;[0];-98.1875
-78.99160771;-2.892771091;[0];-98.2500
-78.99136491;-2.892770659;[0];-98.3125
-78.99112211;-2.892770227;[0];-98.3750
-78.99087931;-2.892769795;[0];-98.4375
-78.99063652;-2.892769363;[0];-98.5000
-78.99039372;-2.89276893;[0];-98.5625
-78.99015092;-2.892768498;[0];-98.6250
-78.98990812;-2.892768066;[0];-98.7500
-78.98966532;-2.892767633;[0];-98.8125
-78.98942252;-2.892767201;[0];-98.8750
-78.98917972;-2.892766768;[0];-98.9375
-78.98893692;-2.892766336;[0];-99.0000
-78.98869413;-2.892765903;[0];-99.1250
-78.98845133;-2.89276547;[0];-99.1875
-78.98820853;-2.892765038;[0];-99.2500
-78.98796573;-2.892764605;[0];-99.3125
-78.98772293;-2.892764172;[0];-99.4375
-78.98748013;-2.892763739;[0];-99.5000
-78.98723734;-2.892763306;[0];-99.5625
-78.98699454;-2.892762873;[0];-99.6250
-78.98675174;-2.89276244;[0];-99.7500
-78.98650894;-2.892762007;[0];-99.8125
-78.98626614;-2.892761574;[0];-99.8750
-78.98602334;-2.892761141;[0];-100.0000
-78.98578055;-2.892760707;[0];-100.1250
-78.98553775;-2.892760274;[0];-100.2500
-78.98529495;-2.892759841;[0];-100.3125
-78.98505215;-2.892759407;[0];-100.4375
-78.98480935;-2.892758974;[0];-100.5000
-78.98456656;-2.89275854;[0];-100.5625
-78.98432376;-2.892758107;[0];-100.6875
-78.98408096;-2.892757673;[0];-100.7500
-78.98383816;-2.89275724;[0];-100.8750
-78.98359536;-2.892756806;[0];-101.0000
-78.98335257;-2.892756372;[0];-101.0625
-78.98310977;-2.892755938;[0];-101.1875
-78.98286697;-2.892755504;[0];-101.2500
-78.98262417;-2.89275507;[0];-101.3750
-78.98238138;-2.892754636;[0];-101.4375
-78.98213858;-2.892754202;[0];-101.5625
-78.98189578;-2.892753768;[0];-101.6875
-78.98165298;-2.892753334;[0];-101.7500
-78.98141019;-2.8927529;[0];-101.8750
-78.98116739;-2.892752466;[0];-102.0000
-79.00156293;-2.892544639;[0];-101.6250
-79.00132013;-2.892544209;[0];-101.5000
-79.00107733;-2.892543779;[0];-101.2500
-79.00083453;-2.892543349;[0];-101.0000
-79.00059173;-2.892542919;[0];-100.8125
-79.00034893;-2.892542489;[0];-100.6250
-79.00010613;-2.892542059;[0];-100.4375
-78.99986333;-2.892541629;[0];-100.2500
-78.99962053;-2.892541199;[0];-100.1250
-78.99937773;-2.892540768;[0];-99.9375
-78.99913493;-2.892540338;[0];-99.7500
-78.99889213;-2.892539908;[0];-99.6250
-78.99864933;-2.892539477;[0];-99.5000
-78.99840653;-2.892539047;[0];-99.3750
-78.99816373;-2.892538616;[0];-99.2500
-78.99792093;-2.892538185;[0];-99.0625
-78.99767813;-2.892537755;[0];-98.9375
-78.99743533;-2.892537324;[0];-98.9375
-78.99719253;-2.892536893;[0];-98.8125
-78.99694973;-2.892536463;[0];-98.6875
-78.99670693;-2.892536032;[0];-98.6250
-78.99646413;-2.892535601;[0];-98.5625
-78.99622133;-2.89253517;[0];-98.5000
-78.99597853;-2.892534739;[0];-98.4375
-78.99573573;-2.892534308;[0];-98.4375
-78.99549293;-2.892533877;[0];-98.3750
-78.99525013;-2.892533445;[0];-98.3750
-78.99500733;-2.892533014;[0];-98.3750
-78.99476453;-2.892532583;[0];-98.3125
-78.99452173;-2.892532151;[0];-98.3125
-78.99427893;-2.89253172;[0];-98.3125
-78.99403613;-2.892531289;[0];-98.3125
-78.99379333;-2.892530857;[0];-98.3125
-78.99355053;-2.892530426;[0];-98.3125
-78.99330773;-2.892529994;[0];-98.3125
-78.99306494;-2.892529562;[0];-98.3125
-78.99282214;-2.892529131;[0];-98.3750
-78.99257934;-2.892528699;[0];-98.4375
-78.99233654;-2.892528267;[0];-98.4375
-78.99209374;-2.892527835;[0];-98.5000
-78.99185094;-2.892527403;[0];-98.5625
-78.99160814;-2.892526971;[0];-98.5625
-78.99136534;-2.892526539;[0];-98.5625
-78.99112254;-2.892526107;[0];-98.6250
-78.99087974;-2.892525675;[0];-98.6875
-78.99063695;-2.892525243;[0];-98.7500
-78.99039415;-2.892524811;[0];-98.8125
-78.99015135;-2.892524378;[0];-98.8750
-78.98990855;-2.892523946;[0];-98.9375
-78.98966575;-2.892523514;[0];-99.0000
-78.98942295;-2.892523081;[0];-99.1250
-78.98918015;-2.892522649;[0];-99.1875
-78.98893735;-2.892522216;[0];-99.2500
-78.98869456;-2.892521784;[0];-99.3125
-78.98845176;-2.892521351;[0];-99.3750
-78.98820896;-2.892520918;[0];-99.4375
-78.98796616;-2.892520486;[0];-99.5625
-78.98772336;-2.892520053;[0];-99.6250
-78.98748056;-2.89251962;[0];-99.6875
-78.98723777;-2.892519187;[0];-99.7500
-78.98699497;-2.892518754;[0];-99.8750
-78.98675217;-2.892518321;[0];-99.9375
-78.98650937;-2.892517888;[0];-100.0000
-78.98626657;-2.892517455;[0];-100.0625
-78.98602377;-2.892517022;[0];-100.1875
-78.98578098;-2.892516589;[0];-100.2500
-78.98553818;-2.892516155;[0];-100.3750
-78.98529538;-2.892515722;[0];-100.5000
-78.98505258;-2.892515289;[0];-100.6250
-78.98480978;-2.892514855;[0];-100.6875
-78.98456699;-2.892514422;[0];-100.7500
-78.98432419;-2.892513988;[0];-100.8750
-78.98408139;-2.892513555;[0];-100.9375
-78.98383859;-2.892513121;[0];-101.0000
-78.98359580;-2.892512687;[0];-101.1250
-78.98335300;-2.892512254;[0];-101.1875
-78.9831102;-2.89251182;[0];-101.3125
-78.98286740;-2.892511386;[0];-101.4375
-78.98262461;-2.892510952;[0];-101.5000
-78.98238181;-2.892510518;[0];-101.6250
-78.98213901;-2.892510084;[0];-101.6875
-78.98189621;-2.89250965;[0];-101.7500
-78.98165342;-2.892509216;[0];-101.8750
-78.98141062;-2.892508782;[0];-102.0000
-79.00132056;-2.892300088;[0];-101.8750
-79.00107775;-2.892299658;[0];-101.6250
-79.00083495;-2.892299228;[0];-101.3750
-79.00059215;-2.892298798;[0];-101.1875
-79.00034935;-2.892298368;[0];-101.0000
-79.00010655;-2.892297938;[0];-100.8125
-78.99986375;-2.892297508;[0];-100.6250
-78.99962095;-2.892297078;[0];-100.4375
-78.99937815;-2.892296647;[0];-100.3125
-78.99913535;-2.892296217;[0];-100.1250
-78.99889255;-2.892295787;[0];-100.0000
-78.99864975;-2.892295356;[0];-99.8750
-78.99840695;-2.892294926;[0];-99.7500
-78.99816415;-2.892294495;[0];-99.6250
-78.99792135;-2.892294065;[0];-99.5000
-78.99767855;-2.892293634;[0];-99.3125
-78.99743575;-2.892293204;[0];-99.2500
-78.99719295;-2.892292773;[0];-99.1875
-78.99695015;-2.892292342;[0];-99.0625
-78.99670736;-2.892291911;[0];-99.0000
-78.99646456;-2.89229148;[0];-98.8750
-78.99622176;-2.892291049;[0];-98.8125
-78.99597896;-2.892290618;[0];-98.8125
-78.99573616;-2.892290187;[0];-98.7500
-78.99549336;-2.892289756;[0];-98.7500
-78.99525056;-2.892289325;[0];-98.6875
-78.99500776;-2.892288894;[0];-98.6875
-78.99476496;-2.892288463;[0];-98.6875
-78.99452216;-2.892288031;[0];-98.6250
-78.99427936;-2.8922876;[0];-98.6250
-78.99403656;-2.892287169;[0];-98.6250
-78.99379376;-2.892286737;[0];-98.6250
-78.99355096;-2.892286306;[0];-98.6250
-78.99330816;-2.892285874;[0];-98.6250
-78.99306536;-2.892285442;[0];-98.6250
-78.99282257;-2.892285011;[0];-98.6250
-78.99257977;-2.892284579;[0];-98.6875
-78.99233697;-2.892284147;[0];-98.7500
-78.99209417;-2.892283715;[0];-98.7500
-78.99185137;-2.892283284;[0];-98.8125
-78.99160857;-2.892282852;[0];-98.8750
-78.99136577;-2.89228242;[0];-98.8750
-78.99112297;-2.892281988;[0];-98.8750
-78.99088017;-2.892281556;[0];-98.9375
-78.99063738;-2.892281123;[0];-99.0000
-78.99039458;-2.892280691;[0];-99.0625
-78.99015178;-2.892280259;[0];-99.1250
-78.98990898;-2.892279827;[0];-99.1875
-78.98966618;-2.892279394;[0];-99.2500
-78.98942338;-2.892278962;[0];-99.3125
-78.98918058;-2.89227853;[0];-99.3750
-78.98893778;-2.892278097;[0];-99.4375
-78.98869499;-2.892277664;[0];-99.5625
-78.98845219;-2.892277232;[0];-99.6250
-78.98820939;-2.892276799;[0];-99.6875
-78.98796659;-2.892276367;[0];-99.7500
-78.98772379;-2.892275934;[0];-99.8125
-78.98748099;-2.892275501;[0];-99.8750
-78.98723820;-2.892275068;[0];-100.0000
-78.98699540;-2.892274635;[0];-100.0625
-78.9867526;-2.892274202;[0];-100.1250
-78.98650980;-2.892273769;[0];-100.1875
-78.98626700;-2.892273336;[0];-100.3125
-78.98602421;-2.892272903;[0];-100.3750
-78.98578141;-2.89227247;[0];-100.4375
-78.98553861;-2.892272037;[0];-100.5000
-78.98529581;-2.892271603;[0];-100.6250
-78.98505301;-2.89227117;[0];-100.7500
-78.98481022;-2.892270737;[0];-100.8750
-78.98456742;-2.892270303;[0];-100.9375
-78.98432462;-2.89226987;[0];-101.0000
-78.98408182;-2.892269436;[0];-101.1250
-78.98383902;-2.892269002;[0];-101.1875
-78.98359623;-2.892268569;[0];-101.2500
-78.98335343;-2.892268135;[0];-101.3750
-78.98311063;-2.892267701;[0];-101.4375
-78.98286783;-2.892267268;[0];-101.5625
-78.98262504;-2.892266834;[0];-101.6250
-78.98238224;-2.8922664;[0];-101.7500
-78.98213944;-2.892265966;[0];-101.8750
-78.98189664;-2.892265532;[0];-101.9375
-78.98165385;-2.892265098;[0];-102.0000
-79.00107818;-2.892055537;[0];-102.0000
-79.00083538;-2.892055107;[0];-101.7500
-79.00059258;-2.892054677;[0];-101.5000
-79.00034978;-2.892054247;[0];-101.3750
-79.00010698;-2.892053817;[0];-101.1875
-78.99986418;-2.892053387;[0];-101.0000
-78.99962138;-2.892052957;[0];-100.8125
-78.99937858;-2.892052527;[0];-100.6875
-78.99913578;-2.892052096;[0];-100.5000
-78.99889298;-2.892051666;[0];-100.3750
-78.99865018;-2.892051236;[0];-100.1875
-78.99840738;-2.892050805;[0];-100.1250
-78.99816458;-2.892050375;[0];-100.0000
-78.99792178;-2.892049944;[0];-99.8750
-78.99767898;-2.892049514;[0];-99.7500
-78.99743618;-2.892049083;[0];-99.5625
-78.99719338;-2.892048652;[0];-99.5000
-78.99695058;-2.892048222;[0];-99.4375
-78.99670778;-2.892047791;[0];-99.3750
-78.99646498;-2.89204736;[0];-99.2500
-78.99622218;-2.892046929;[0];-99.1875
-78.99597939;-2.892046498;[0];-99.1250
-78.99573659;-2.892046067;[0];-99.1250
-78.99549379;-2.892045636;[0];-99.0625
-78.99525099;-2.892045205;[0];-99.0625
-78.99500819;-2.892044774;[0];-99.0000
-78.99476539;-2.892044343;[0];-99.0000
-78.99452259;-2.892043911;[0];-99.0000
-78.99427979;-2.89204348;[0];-98.9375
-78.99403699;-2.892043049;[0];-98.9375
-78.99379419;-2.892042617;[0];-98.9375
-78.99355139;-2.892042186;[0];-98.9375
-78.99330859;-2.892041754;[0];-98.9375
-78.99306579;-2.892041323;[0];-98.9375
-78.99282299;-2.892040891;[0];-98.9375
-78.99258020;-2.892040459;[0];-98.9375
-78.99233740;-2.892040028;[0];-99.0000
-78.99209460;-2.892039596;[0];-99.0625
-78.99185180;-2.892039164;[0];-99.0625
-78.991609;-2.892038732;[0];-99.1250
-78.99136620;-2.8920383;[0];-99.1875
-78.99112340;-2.892037868;[0];-99.1875
-78.99088060;-2.892037436;[0];-99.1875
-78.99063781;-2.892037004;[0];-99.2500
-78.99039501;-2.892036572;[0];-99.3125
-78.99015221;-2.89203614;[0];-99.3750
-78.98990941;-2.892035707;[0];-99.4375
-78.98966661;-2.892035275;[0];-99.5000
-78.98942381;-2.892034843;[0];-99.5625
-78.98918101;-2.89203441;[0];-99.6250
-78.98893822;-2.892033978;[0];-99.6875
-78.98869542;-2.892033545;[0];-99.7500
-78.98845262;-2.892033113;[0];-99.8125
-78.98820982;-2.89203268;[0];-99.8750
-78.98796702;-2.892032247;[0];-99.9375
-78.98772422;-2.892031815;[0];-100.0625
-78.98748143;-2.892031382;[0];-100.1250
-78.98723863;-2.892030949;[0];-100.1875
-78.98699583;-2.892030516;[0];-100.2500
-78.98675303;-2.892030083;[0];-100.3125
-78.98651023;-2.89202965;[0];-100.3750
-78.98626743;-2.892029217;[0];-100.5000
-78.98602464;-2.892028784;[0];-100.5625
-78.98578184;-2.892028351;[0];-100.6250
-78.98553904;-2.892027918;[0];-100.6875
-78.98529624;-2.892027485;[0];-100.8125
-78.98505344;-2.892027051;[0];-100.8750
-78.98481065;-2.892026618;[0];-101.0000
-78.98456785;-2.892026184;[0];-101.1250
-78.98432505;-2.892025751;[0];-101.1875
-78.98408225;-2.892025318;[0];-101.2500
-78.98383946;-2.892024884;[0];-101.3750
-78.98359666;-2.89202445;[0];-101.4375
-78.98335386;-2.892024017;[0];-101.5000
-78.98311106;-2.892023583;[0];-101.6250
-78.98286827;-2.892023149;[0];-101.6875
-78.98262547;-2.892022715;[0];-101.7500
-78.98238267;-2.892022282;[0];-101.8750
-78.98213987;-2.892021848;[0];-102.0000
-79.00059301;-2.891810556;[0];-101.8750
-79.00035021;-2.891810126;[0];-101.7500
-79.00010741;-2.891809696;[0];-101.5625
-78.99986461;-2.891809266;[0];-101.3750
-78.99962181;-2.891808836;[0];-101.1875
-78.99937901;-2.891808406;[0];-101.0625
-78.99913621;-2.891807976;[0];-100.8750
-78.99889341;-2.891807545;[0];-100.7500
-78.99865061;-2.891807115;[0];-100.5625
-78.99840781;-2.891806685;[0];-100.5000
-78.99816501;-2.891806254;[0];-100.3750
-78.99792221;-2.891805824;[0];-100.2500
-78.99767941;-2.891805393;[0];-100.0625
-78.99743661;-2.891804962;[0];-99.9375
-78.99719381;-2.891804532;[0];-99.8750
-78.99695101;-2.891804101;[0];-99.8125
-78.99670821;-2.89180367;[0];-99.7500
-78.99646541;-2.891803239;[0];-99.6250
-78.99622261;-2.891802809;[0];-99.5000
-78.99597981;-2.891802378;[0];-99.4375
-78.99573701;-2.891801947;[0];-99.4375
-78.99549421;-2.891801516;[0];-99.3750
-78.99525142;-2.891801085;[0];-99.3750
-78.99500862;-2.891800654;[0];-99.3125
-78.99476582;-2.891800222;[0];-99.2500
-78.99452302;-2.891799791;[0];-99.2500
-78.99428022;-2.89179936;[0];-99.2500
-78.99403742;-2.891798929;[0];-99.2500
-78.99379462;-2.891798497;[0];-99.2500
-78.99355182;-2.891798066;[0];-99.2500
-78.99330902;-2.891797634;[0];-99.1875
-78.99306622;-2.891797203;[0];-99.2500
-78.99282342;-2.891796771;[0];-99.2500
-78.99258063;-2.891796339;[0];-99.2500
-78.99233783;-2.891795908;[0];-99.2500
-78.99209503;-2.891795476;[0];-99.3125
-78.99185223;-2.891795044;[0];-99.3125
-78.99160943;-2.891794612;[0];-99.3750
-78.99136663;-2.89179418;[0];-99.4375
-78.99112383;-2.891793748;[0];-99.4375
-78.99088103;-2.891793316;[0];-99.4375
-78.99063823;-2.891792884;[0];-99.5000
-78.99039544;-2.891792452;[0];-99.5625
-78.99015264;-2.89179202;[0];-99.6250
-78.98990984;-2.891791588;[0];-99.6875
-78.98966704;-2.891791156;[0];-99.7500
-78.98942424;-2.891790723;[0];-99.8125
-78.98918144;-2.891790291;[0];-99.8750
-78.98893865;-2.891789858;[0];-99.9375
-78.98869585;-2.891789426;[0];-100.0000
-78.98845305;-2.891788993;[0];-100.0625
-78.98821025;-2.891788561;[0];-100.1250
-78.98796745;-2.891788128;[0];-100.1875
-78.98772465;-2.891787696;[0];-100.2500
-78.98748186;-2.891787263;[0];-100.3125
-78.98723906;-2.89178683;[0];-100.3750
-78.98699626;-2.891786397;[0];-100.4375
-78.98675346;-2.891785964;[0];-100.5000
-78.98651066;-2.891785531;[0];-100.6250
-78.98626787;-2.891785098;[0];-100.6875
-78.98602507;-2.891784665;[0];-100.7500
-78.98578227;-2.891784232;[0];-100.8125
-78.98553947;-2.891783799;[0];-100.8750
-78.98529667;-2.891783366;[0];-101.0000
-78.98505388;-2.891782933;[0];-101.0625
-78.98481108;-2.891782499;[0];-101.1250
-78.98456828;-2.891782066;[0];-101.2500
-78.98432548;-2.891781632;[0];-101.3125
-78.98408268;-2.891781199;[0];-101.4375
-78.98383989;-2.891780765;[0];-101.5625
-78.98359709;-2.891780332;[0];-101.6250
-78.98335429;-2.891779898;[0];-101.6875
-78.98311149;-2.891779465;[0];-101.7500
-78.98286870;-2.891779031;[0];-101.8125
-78.98262590;-2.891778597;[0];-101.9375
-78.98238310;-2.891778163;[0];-102.0000
-79.00010784;-2.891565575;[0];-101.9375
-78.99986504;-2.891565145;[0];-101.6875
-78.99962224;-2.891564715;[0];-101.5000
-78.99937944;-2.891564285;[0];-101.3750
-78.99913664;-2.891563855;[0];-101.2500
-78.99889384;-2.891563424;[0];-101.0625
-78.99865104;-2.891562994;[0];-100.9375
-78.99840824;-2.891562564;[0];-100.8125
-78.99816544;-2.891562133;[0];-100.7500
-78.99792264;-2.891561703;[0];-100.5625
-78.99767984;-2.891561272;[0];-100.4375
-78.99743704;-2.891560842;[0];-100.3125
-78.99719424;-2.891560411;[0];-100.1875
-78.99695144;-2.891559981;[0];-100.1250
-78.99670864;-2.89155955;[0];-100.0625
-78.99646584;-2.891559119;[0];-100.0000
-78.99622304;-2.891558688;[0];-99.8750
-78.99598024;-2.891558257;[0];-99.8125
-78.99573744;-2.891557826;[0];-99.7500
-78.99549464;-2.891557395;[0];-99.7500
-78.99525184;-2.891556964;[0];-99.6250
-78.99500905;-2.891556533;[0];-99.6250
-78.99476625;-2.891556102;[0];-99.6250
-78.99452345;-2.891555671;[0];-99.5625
-78.99428065;-2.89155524;[0];-99.5625
-78.99403785;-2.891554808;[0];-99.5625
-78.99379505;-2.891554377;[0];-99.5000
-78.99355225;-2.891553946;[0];-99.5625
-78.99330945;-2.891553514;[0];-99.5625
-78.99306665;-2.891553083;[0];-99.5000
-78.99282385;-2.891552651;[0];-99.5625
-78.99258105;-2.89155222;[0];-99.5625
-78.99233826;-2.891551788;[0];-99.5000
-78.99209546;-2.891551356;[0];-99.5625
-78.99185266;-2.891550924;[0];-99.5625
-78.99160986;-2.891550493;[0];-99.6250
-78.99136706;-2.891550061;[0];-99.6875
-78.99112426;-2.891549629;[0];-99.7500
-78.99088146;-2.891549197;[0];-99.7500
-78.99063866;-2.891548765;[0];-99.7500
-78.99039587;-2.891548333;[0];-99.7500
-78.99015307;-2.891547901;[0];-99.8125
-78.98991027;-2.891547468;[0];-99.8750
-78.98966747;-2.891547036;[0];-99.9375
-78.98942467;-2.891546604;[0];-100.0000
-78.98918187;-2.891546172;[0];-100.0625
-78.98893908;-2.891545739;[0];-100.1250
-78.98869628;-2.891545307;[0];-100.1875
-78.98845348;-2.891544874;[0];-100.2500
-78.98821068;-2.891544442;[0];-100.3125
-78.98796788;-2.891544009;[0];-100.3750
-78.98772508;-2.891543576;[0];-100.4375
-78.98748229;-2.891543144;[0];-100.5000
-78.98723949;-2.891542711;[0];-100.5625
-78.98699669;-2.891542278;[0];-100.6875
-78.98675389;-2.891541845;[0];-100.7500
-78.98651109;-2.891541412;[0];-100.8125
-78.98626830;-2.891540979;[0];-100.8750
-78.98602550;-2.891540546;[0];-100.9375
-78.9857827;-2.891540113;[0];-101.0000
-78.98553990;-2.89153968;[0];-101.0625
-78.98529710;-2.891539247;[0];-101.1875
-78.98505431;-2.891538814;[0];-101.2500
-78.98481151;-2.891538381;[0];-101.3125
-78.98456871;-2.891537947;[0];-101.3750
-78.98432591;-2.891537514;[0];-101.4375
-78.98408312;-2.89153708;[0];-101.5625
-78.98384032;-2.891536647;[0];-101.6875
-78.98359752;-2.891536213;[0];-101.7500
-78.98335472;-2.89153578;[0];-101.8750
-78.98311193;-2.891535346;[0];-101.9375
-78.98286913;-2.891534912;[0];-102.0000
-78.99962266;-2.891320594;[0];-101.8750
-78.99937987;-2.891320164;[0];-101.6875
-78.99913707;-2.891319734;[0];-101.6250
-78.99889427;-2.891319304;[0];-101.4375
-78.99865147;-2.891318873;[0];-101.3125
-78.99840867;-2.891318443;[0];-101.1250
-78.99816587;-2.891318013;[0];-101.0625
-78.99792307;-2.891317582;[0];-100.9375
-78.99768027;-2.891317152;[0];-100.8125
-78.99743747;-2.891316721;[0];-100.6875
-78.99719467;-2.891316291;[0];-100.5625
-78.99695187;-2.89131586;[0];-100.4375
-78.99670907;-2.891315429;[0];-100.3750
-78.99646627;-2.891314999;[0];-100.3125
-78.99622347;-2.891314568;[0];-100.2500
-78.99598067;-2.891314137;[0];-100.1250
-78.99573787;-2.891313706;[0];-100.0625
-78.99549507;-2.891313275;[0];-100.0625
-78.99525227;-2.891312844;[0];-100.0000
-78.99500947;-2.891312413;[0];-99.9375
-78.99476667;-2.891311982;[0];-99.9375
-78.99452388;-2.891311551;[0];-99.8750
-78.99428108;-2.89131112;[0];-99.8750
-78.99403828;-2.891310688;[0];-99.8750
-78.99379548;-2.891310257;[0];-99.8125
-78.99355268;-2.891309826;[0];-99.8125
-78.99330988;-2.891309394;[0];-99.8125
-78.99306708;-2.891308963;[0];-99.8125
-78.99282428;-2.891308531;[0];-99.8125
-78.99258148;-2.8913081;[0];-99.8125
-78.99233868;-2.891307668;[0];-99.8125
-78.99209589;-2.891307236;[0];-99.8125
-78.99185309;-2.891306805;[0];-99.8125
-78.99161029;-2.891306373;[0];-99.8750
-78.99136749;-2.891305941;[0];-99.9375
-78.99112469;-2.891305509;[0];-100.0000
-78.99088189;-2.891305077;[0];-100.0000
-78.99063909;-2.891304645;[0];-100.0625
-78.99039630;-2.891304213;[0];-100.0625
-78.99015350;-2.891303781;[0];-100.0625
-78.98991070;-2.891303349;[0];-100.1250
-78.9896679;-2.891302917;[0];-100.1875
-78.98942510;-2.891302485;[0];-100.2500
-78.98918230;-2.891302052;[0];-100.3125
-78.98893951;-2.89130162;[0];-100.3750
-78.98869671;-2.891301188;[0];-100.4375
-78.98845391;-2.891300755;[0];-100.5000
-78.98821111;-2.891300323;[0];-100.5625
-78.98796831;-2.89129989;[0];-100.6250
-78.98772551;-2.891299457;[0];-100.6875
-78.98748272;-2.891299025;[0];-100.7500
-78.98723992;-2.891298592;[0];-100.8125
-78.98699712;-2.891298159;[0];-100.8750
-78.98675432;-2.891297726;[0];-100.9375
-78.98651152;-2.891297294;[0];-101.0000
-78.98626873;-2.891296861;[0];-101.0625
-78.98602593;-2.891296428;[0];-101.1250
-78.98578313;-2.891295995;[0];-101.1875
-78.98554033;-2.891295561;[0];-101.2500
-78.98529754;-2.891295128;[0];-101.3125
-78.98505474;-2.891294695;[0];-101.4375
-78.98481194;-2.891294262;[0];-101.5000
-78.98456914;-2.891293829;[0];-101.5625
-78.98432634;-2.891293395;[0];-101.6250
-78.98408355;-2.891292962;[0];-101.6875
-78.98384075;-2.891292528;[0];-101.8125
-78.98359795;-2.891292095;[0];-101.8750
-78.98335515;-2.891291661;[0];-102.0000
-78.99913749;-2.891075613;[0];-101.9375
-78.99889469;-2.891075183;[0];-101.8125
-78.99865189;-2.891074753;[0];-101.6250
-78.99840909;-2.891074322;[0];-101.5000
-78.99816629;-2.891073892;[0];-101.3750
-78.99792349;-2.891073462;[0];-101.3125
-78.99768070;-2.891073031;[0];-101.1250
-78.99743790;-2.891072601;[0];-101.0000
-78.99719510;-2.89107217;[0];-100.8750
-78.99695230;-2.89107174;[0];-100.8125
-78.99670950;-2.891071309;[0];-100.6875
-78.99646670;-2.891070878;[0];-100.6875
-78.99622390;-2.891070447;[0];-100.5625
-78.99598110;-2.891070017;[0];-100.5000
-78.9957383;-2.891069586;[0];-100.3750
-78.9954955;-2.891069155;[0];-100.3125
-78.99525270;-2.891068724;[0];-100.3125
-78.99500990;-2.891068293;[0];-100.2500
-78.99476710;-2.891067862;[0];-100.2500
-78.99452430;-2.891067431;[0];-100.2500
-78.99428151;-2.891067;[0];-100.1875
-78.99403871;-2.891066568;[0];-100.1250
-78.99379591;-2.891066137;[0];-100.1875
-78.99355311;-2.891065706;[0];-100.1250
-78.99331031;-2.891065274;[0];-100.1250
-78.99306751;-2.891064843;[0];-100.1250
-78.99282471;-2.891064411;[0];-100.1250
-78.99258191;-2.89106398;[0];-100.0625
-78.99233911;-2.891063548;[0];-100.1250
-78.99209632;-2.891063117;[0];-100.1250
-78.99185352;-2.891062685;[0];-100.1250
-78.99161072;-2.891062253;[0];-100.1250
-78.99136792;-2.891061821;[0];-100.1875
-78.99112512;-2.89106139;[0];-100.1875
-78.99088232;-2.891060958;[0];-100.2500
-78.99063952;-2.891060526;[0];-100.3125
-78.99039673;-2.891060094;[0];-100.3750
-78.99015393;-2.891059662;[0];-100.3750
-78.98991113;-2.89105923;[0];-100.3750
-78.98966833;-2.891058797;[0];-100.3750
-78.98942553;-2.891058365;[0];-100.4375
-78.98918273;-2.891057933;[0];-100.5000
-78.98893994;-2.891057501;[0];-100.5625
-78.98869714;-2.891057068;[0];-100.6250
-78.98845434;-2.891056636;[0];-100.6875
-78.98821154;-2.891056203;[0];-100.7500
-78.98796874;-2.891055771;[0];-100.8125
-78.98772594;-2.891055338;[0];-100.8750
-78.98748315;-2.891054906;[0];-100.9375
-78.98724035;-2.891054473;[0];-101.0000
-78.98699755;-2.89105404;[0];-101.0625
-78.98675475;-2.891053607;[0];-101.1250
-78.98651195;-2.891053175;[0];-101.1875
-78.98626916;-2.891052742;[0];-101.2500
-78.98602636;-2.891052309;[0];-101.3125
-78.98578356;-2.891051876;[0];-101.3750
-78.98554076;-2.891051443;[0];-101.4375
-78.98529797;-2.89105101;[0];-101.5000
-78.98505517;-2.891050576;[0];-101.6250
-78.98481237;-2.891050143;[0];-101.6875
-78.98456957;-2.89104971;[0];-101.7500
-78.98432678;-2.891049277;[0];-101.8125
-78.98408398;-2.891048843;[0];-101.8750
-78.98384118;-2.89104841;[0];-101.9375
-78.98359838;-2.891047976;[0];-102.0000
-78.99865232;-2.890830632;[0];-102.0000
-78.99840952;-2.890830202;[0];-101.8125
-78.99816672;-2.890829771;[0];-101.6875
-78.99792392;-2.890829341;[0];-101.6250
-78.99768112;-2.890828911;[0];-101.5000
-78.99743832;-2.89082848;[0];-101.3750
-78.99719552;-2.89082805;[0];-101.2500
-78.99695273;-2.890827619;[0];-101.1250
-78.99670993;-2.890827188;[0];-101.0000
-78.99646713;-2.890826758;[0];-101.0000
-78.99622433;-2.890826327;[0];-100.9375
-78.99598153;-2.890825896;[0];-100.8125
-78.99573873;-2.890825466;[0];-100.7500
-78.99549593;-2.890825035;[0];-100.6250
-78.99525313;-2.890824604;[0];-100.6250
-78.99501033;-2.890824173;[0];-100.5625
-78.99476753;-2.890823742;[0];-100.5000
-78.99452473;-2.890823311;[0];-100.5000
-78.99428193;-2.890822879;[0];-100.5000
-78.99403914;-2.890822448;[0];-100.4375
-78.99379634;-2.890822017;[0];-100.4375
-78.99355354;-2.890821586;[0];-100.4375
-78.99331074;-2.890821154;[0];-100.3750
-78.99306794;-2.890820723;[0];-100.3750
-78.99282514;-2.890820292;[0];-100.4375
-78.99258234;-2.89081986;[0];-100.3750
-78.99233954;-2.890819429;[0];-100.3750
-78.99209674;-2.890818997;[0];-100.3750
-78.99185395;-2.890818565;[0];-100.3750
-78.99161115;-2.890818134;[0];-100.3750
-78.99136835;-2.890817702;[0];-100.4375
-78.99112555;-2.89081727;[0];-100.4375
-78.99088275;-2.890816838;[0];-100.5000
-78.99063995;-2.890816406;[0];-100.5625
-78.99039716;-2.890815974;[0];-100.5625
-78.99015436;-2.890815542;[0];-100.6250
-78.98991156;-2.89081511;[0];-100.6250
-78.98966876;-2.890814678;[0];-100.6250
-78.98942596;-2.890814246;[0];-100.6875
-78.98918316;-2.890813814;[0];-100.7500
-78.98894037;-2.890813381;[0];-100.8125
-78.98869757;-2.890812949;[0];-100.8125
-78.98845477;-2.890812517;[0];-100.8750
-78.98821197;-2.890812084;[0];-100.9375
-78.98796917;-2.890811652;[0];-101.0000
-78.98772637;-2.890811219;[0];-101.0625
-78.98748358;-2.890810787;[0];-101.1250
-78.98724078;-2.890810354;[0];-101.1875
-78.98699798;-2.890809921;[0];-101.2500
-78.98675518;-2.890809488;[0];-101.3125
-78.98651239;-2.890809056;[0];-101.3750
-78.98626959;-2.890808623;[0];-101.4375
-78.98602679;-2.89080819;[0];-101.5000
-78.98578399;-2.890807757;[0];-101.5625
-78.98554119;-2.890807324;[0];-101.6250
-78.98529840;-2.890806891;[0];-101.6875
-78.98505560;-2.890806458;[0];-101.7500
-78.98481280;-2.890806025;[0];-101.8125
-78.98457000;-2.890805591;[0];-101.9375
-78.98432721;-2.890805158;[0];-102.0000
-78.99816715;-2.890585651;[0];-102.0000
-78.99792435;-2.89058522;[0];-101.8750
-78.99768155;-2.89058479;[0];-101.8125
-78.99743875;-2.89058436;[0];-101.6875
-78.99719595;-2.890583929;[0];-101.5625
-78.99695315;-2.890583499;[0];-101.4375
-78.99671035;-2.890583068;[0];-101.3750
-78.99646755;-2.890582637;[0];-101.2500
-78.99622476;-2.890582207;[0];-101.2500
-78.99598196;-2.890581776;[0];-101.1250
-78.99573916;-2.890581345;[0];-101.0625
-78.99549636;-2.890580914;[0];-101.0000
-78.99525356;-2.890580483;[0];-100.8750
-78.99501076;-2.890580053;[0];-100.8750
-78.99476796;-2.890579622;[0];-100.8750
-78.99452516;-2.890579191;[0];-100.7500
-78.99428236;-2.890578759;[0];-100.7500
-78.99403956;-2.890578328;[0];-100.7500
-78.99379677;-2.890577897;[0];-100.6875
-78.99355397;-2.890577466;[0];-100.6875
-78.99331117;-2.890577034;[0];-100.6875
-78.99306837;-2.890576603;[0];-100.6875
-78.99282557;-2.890576172;[0];-100.6875
-78.99258277;-2.89057574;[0];-100.6875
-78.99233997;-2.890575309;[0];-100.6250
-78.99209717;-2.890574877;[0];-100.6250
-78.99185438;-2.890574446;[0];-100.6875
-78.99161158;-2.890574014;[0];-100.6875
-78.99136878;-2.890573582;[0];-100.6875
-78.99112598;-2.89057315;[0];-100.6875
-78.99088318;-2.890572719;[0];-100.7500
-78.99064038;-2.890572287;[0];-100.7500
-78.99039758;-2.890571855;[0];-100.8125
-78.99015479;-2.890571423;[0];-100.8750
-78.98991199;-2.890570991;[0];-100.8750
-78.98966919;-2.890570559;[0];-100.8750
-78.98942639;-2.890570127;[0];-100.8750
-78.98918359;-2.890569694;[0];-100.9375
-78.98894080;-2.890569262;[0];-101.0000
-78.98869800;-2.89056883;[0];-101.0625
-78.98845520;-2.890568397;[0];-101.1250
-78.98821240;-2.890567965;[0];-101.1875
-78.98796960;-2.890567533;[0];-101.1875
-78.98772681;-2.8905671;[0];-101.2500
-78.98748401;-2.890566668;[0];-101.3125
-78.98724121;-2.890566235;[0];-101.3750
-78.98699841;-2.890565802;[0];-101.4375
-78.98675561;-2.89056537;[0];-101.5000
-78.98651282;-2.890564937;[0];-101.5625
-78.98627002;-2.890564504;[0];-101.6250
-78.98602722;-2.890564071;[0];-101.6875
-78.98578442;-2.890563638;[0];-101.7500
-78.98554163;-2.890563205;[0];-101.8125
-78.98529883;-2.890562772;[0];-101.8750
-78.98505603;-2.890562339;[0];-101.9375
-78.98481323;-2.890561906;[0];-102.0000
-78.99719638;-2.890339809;[0];-101.9375
-78.99695358;-2.890339378;[0];-101.8125
-78.99671078;-2.890338948;[0];-101.6875
-78.99646798;-2.890338517;[0];-101.5625
-78.99622518;-2.890338086;[0];-101.5000
-78.99598238;-2.890337656;[0];-101.5000
-78.99573959;-2.890337225;[0];-101.3750
-78.99549679;-2.890336794;[0];-101.3125
-78.99525399;-2.890336363;[0];-101.1875
-78.99501119;-2.890335932;[0];-101.1250
-78.99476839;-2.890335501;[0];-101.1250
-78.99452559;-2.89033507;[0];-101.1250
-78.99428279;-2.890334639;[0];-101.0625
-78.99403999;-2.890334208;[0];-101.0625
-78.99379719;-2.890333777;[0];-101.0000
-78.99355440;-2.890333346;[0];-101.0000
-78.99331160;-2.890332915;[0];-101.0000
-78.99306880;-2.890332483;[0];-100.9375
-78.99282600;-2.890332052;[0];-100.9375
-78.9925832;-2.89033162;[0];-100.9375
-78.99234040;-2.890331189;[0];-100.9375
-78.99209760;-2.890330757;[0];-100.9375
-78.99185480;-2.890330326;[0];-100.9375
-78.99161201;-2.890329894;[0];-100.9375
-78.99136921;-2.890329463;[0];-100.9375
-78.99112641;-2.890329031;[0];-100.9375
-78.99088361;-2.890328599;[0];-100.9375
-78.99064081;-2.890328167;[0];-101.0000
-78.99039801;-2.890327735;[0];-101.0625
-78.99015522;-2.890327303;[0];-101.0625
-78.98991242;-2.890326871;[0];-101.1250
-78.98966962;-2.890326439;[0];-101.1875
-78.98942682;-2.890326007;[0];-101.1875
-78.98918402;-2.890325575;[0];-101.1875
-78.98894123;-2.890325143;[0];-101.1875
-78.98869843;-2.890324711;[0];-101.2500
-78.98845563;-2.890324278;[0];-101.3125
-78.98821283;-2.890323846;[0];-101.3750
-78.98797003;-2.890323413;[0];-101.4375
-78.98772724;-2.890322981;[0];-101.5000
-78.98748444;-2.890322548;[0];-101.5625
-78.98724164;-2.890322116;[0];-101.5625
-78.98699884;-2.890321683;[0];-101.6250
-78.98675604;-2.890321251;[0];-101.6875
-78.98651325;-2.890320818;[0];-101.7500
-78.98627045;-2.890320385;[0];-101.8125
-78.98602765;-2.890319952;[0];-101.8750
-78.98578485;-2.890319519;[0];-101.9375
-78.98554206;-2.890319086;[0];-102.0000
-78.99671121;-2.890094827;[0];-102.0000
-78.99646841;-2.890094397;[0];-101.8750
-78.99622561;-2.890093966;[0];-101.8125
-78.99598281;-2.890093535;[0];-101.7500
-78.99574001;-2.890093105;[0];-101.6875
-78.99549721;-2.890092674;[0];-101.6250
-78.99525442;-2.890092243;[0];-101.5625
-78.99501162;-2.890091812;[0];-101.4375
-78.99476882;-2.890091381;[0];-101.4375
-78.99452602;-2.89009095;[0];-101.4375
-78.99428322;-2.890090519;[0];-101.3125
-78.99404042;-2.890090088;[0];-101.3125
-78.99379762;-2.890089657;[0];-101.3125
-78.99355482;-2.890089226;[0];-101.2500
-78.99331203;-2.890088795;[0];-101.2500
-78.99306923;-2.890088363;[0];-101.2500
-78.99282643;-2.890087932;[0];-101.2500
-78.99258363;-2.890087501;[0];-101.1875
-78.99234083;-2.890087069;[0];-101.1875
-78.99209803;-2.890086638;[0];-101.1875
-78.99185523;-2.890086206;[0];-101.1875
-78.99161244;-2.890085775;[0];-101.1875
-78.99136964;-2.890085343;[0];-101.2500
-78.99112684;-2.890084911;[0];-101.1875
-78.99088404;-2.890084479;[0];-101.1875
-78.99064124;-2.890084048;[0];-101.2500
-78.99039844;-2.890083616;[0];-101.2500
-78.99015565;-2.890083184;[0];-101.3125
-78.98991285;-2.890082752;[0];-101.3750
-78.98967005;-2.89008232;[0];-101.3750
-78.98942725;-2.890081888;[0];-101.4375
-78.98918445;-2.890081456;[0];-101.4375
-78.98894166;-2.890081023;[0];-101.4375
-78.98869886;-2.890080591;[0];-101.5000
-78.98845606;-2.890080159;[0];-101.5000
-78.98821326;-2.890079727;[0];-101.5625
-78.98797046;-2.890079294;[0];-101.6250
-78.98772767;-2.890078862;[0];-101.6875
-78.98748487;-2.890078429;[0];-101.7500
-78.98724207;-2.890077997;[0];-101.8125
-78.98699927;-2.890077564;[0];-101.8125
-78.98675647;-2.890077132;[0];-101.8750
-78.98651368;-2.890076699;[0];-101.9375
-78.98627088;-2.890076266;[0];-102.0000
-78.99574044;-2.889848984;[0];-102.0000
-78.99549764;-2.889848554;[0];-101.9375
-78.99525484;-2.889848123;[0];-101.8750
-78.99501205;-2.889847692;[0];-101.7500
-78.99476925;-2.889847261;[0];-101.6875
-78.99452645;-2.88984683;[0];-101.6875
-78.99428365;-2.889846399;[0];-101.6250
-78.99404085;-2.889845968;[0];-101.5625
-78.99379805;-2.889845537;[0];-101.5625
-78.99355525;-2.889845106;[0];-101.5625
-78.99331245;-2.889844675;[0];-101.5000
-78.99306966;-2.889844243;[0];-101.5000
-78.99282686;-2.889843812;[0];-101.5000
-78.99258406;-2.889843381;[0];-101.5000
-78.99234126;-2.889842949;[0];-101.4375
-78.99209846;-2.889842518;[0];-101.5000
-78.99185566;-2.889842086;[0];-101.5000
-78.99161286;-2.889841655;[0];-101.4375
-78.99137007;-2.889841223;[0];-101.4375
-78.99112727;-2.889840792;[0];-101.5000
-78.99088447;-2.88984036;[0];-101.5000
-78.99064167;-2.889839928;[0];-101.4375
-78.99039887;-2.889839496;[0];-101.5000
-78.99015608;-2.889839064;[0];-101.5000
-78.98991328;-2.889838632;[0];-101.5625
-78.98967048;-2.8898382;[0];-101.6250
-78.98942768;-2.889837768;[0];-101.6250
-78.98918488;-2.889837336;[0];-101.6875
-78.98894208;-2.889836904;[0];-101.6875
-78.98869929;-2.889836472;[0];-101.6875
-78.98845649;-2.88983604;[0];-101.7500
-78.98821369;-2.889835607;[0];-101.7500
-78.98797089;-2.889835175;[0];-101.8125
-78.98772810;-2.889834743;[0];-101.8750
-78.98748530;-2.88983431;[0];-101.9375
-78.9872425;-2.889833878;[0];-102.0000
-78.99476968;-2.889603141;[0];-102.0000
-78.99452688;-2.88960271;[0];-101.9375
-78.99428408;-2.889602279;[0];-101.9375
-78.99404128;-2.889601848;[0];-101.8750
-78.99379848;-2.889601417;[0];-101.8125
-78.99355568;-2.889600986;[0];-101.8125
-78.99331288;-2.889600555;[0];-101.8125
-78.99307008;-2.889600123;[0];-101.7500
-78.99282729;-2.889599692;[0];-101.7500
-78.99258449;-2.889599261;[0];-101.7500
-78.99234169;-2.88959883;[0];-101.7500
-78.99209889;-2.889598398;[0];-101.6875
-78.99185609;-2.889597967;[0];-101.7500
-78.99161329;-2.889597535;[0];-101.7500
-78.99137050;-2.889597104;[0];-101.6875
-78.99112770;-2.889596672;[0];-101.6875
-78.99088490;-2.88959624;[0];-101.7500
-78.99064210;-2.889595809;[0];-101.7500
-78.99039930;-2.889595377;[0];-101.6875
-78.99015650;-2.889594945;[0];-101.7500
-78.98991371;-2.889594513;[0];-101.8125
-78.98967091;-2.889594081;[0];-101.8125
-78.98942811;-2.889593649;[0];-101.8750
-78.98918531;-2.889593217;[0];-101.8750
-78.98894251;-2.889592785;[0];-101.9375
-78.98869972;-2.889592353;[0];-101.9375
-78.98845692;-2.889591921;[0];-101.9375
-78.98821412;-2.889591488;[0];-102.0000
-78.98797132;-2.889591056;[0];-102.0000
-78.99282772;-2.889355572;[0];-102.0000
-78.99258492;-2.889355141;[0];-102.0000
-78.99234212;-2.88935471;[0];-102.0000
-78.99209932;-2.889354278;[0];-102.0000
-78.99185652;-2.889353847;[0];-102.0000
-78.99161372;-2.889353415;[0];-102.0000
-78.99137093;-2.889352984;[0];-102.0000
-78.99112813;-2.889352552;[0];-101.9375
-78.99088533;-2.889352121;[0];-102.0000
-78.99064253;-2.889351689;[0];-102.0000
-78.99039973;-2.889351257;[0];-102.0000
-78.99015693;-2.889350825;[0];-101.9375
-78.98991414;-2.889350394;[0];-102.0000