type	GSM
timestamp	12:50:36	13-June-2026
resolution	27
xmin	-80.00035823
xmax	-77.99968707
ymin	-3.004020319
ymax	-1.997274615
x_num_pixels	8249
y_num_pixels	4112


-79.00250284;-2.910367211;[0];-102.0000
-79.00226003;-2.910366779;[0];-101.9375
-79.00201723;-2.910366347;[0];-101.8125
-79.00177443;-2.910365914;[0];-101.6875
-79.00153162;-2.910365482;[0];-101.6875
-79.00128882;-2.910365049;[0];-101.6875
-79.00104601;-2.910364617;[0];-101.6250
-79.00080321;-2.910364184;[0];-101.6250
-79.00056041;-2.910363751;[0];-101.6250
-79.00031760;-2.910363319;[0];-101.6250
-79.00007480;-2.910362886;[0];-101.6250
-78.99983199;-2.910362453;[0];-101.5625
-78.99958919;-2.91036202;[0];-101.5625
-78.99934639;-2.910361587;[0];-101.5625
-78.99910358;-2.910361154;[0];-101.5625
-78.99886078;-2.910360721;[0];-101.5625
-78.99861797;-2.910360288;[0];-101.6250
-78.99837517;-2.910359855;[0];-101.6875
-78.99813237;-2.910359421;[0];-101.6250
-78.99788956;-2.910358988;[0];-101.6875
-78.99764676;-2.910358555;[0];-101.7500
-78.99740396;-2.910358122;[0];-101.7500
-78.99716115;-2.910357688;[0];-101.8125
-78.99691835;-2.910357255;[0];-101.8125
-78.99667554;-2.910356821;[0];-101.9375
-78.99643274;-2.910356388;[0];-101.9375
-79.00347449;-2.910124819;[0];-102.0000
-79.00323168;-2.910124387;[0];-101.7500
-79.00298888;-2.910123954;[0];-101.6250
-79.00274607;-2.910123522;[0];-101.5000
-79.00250327;-2.91012309;[0];-101.4375
-79.00226046;-2.910122658;[0];-101.4375
-79.00201766;-2.910122225;[0];-101.2500
-79.00177486;-2.910121793;[0];-101.1875
-79.00153205;-2.910121361;[0];-101.0625
-79.00128925;-2.910120928;[0];-101.1250
-79.00104644;-2.910120496;[0];-101.1250
-79.00080364;-2.910120063;[0];-101.0625
-79.00056084;-2.91011963;[0];-101.0625
-79.00031803;-2.910119198;[0];-101.0625
-79.00007523;-2.910118765;[0];-101.0000
-78.99983242;-2.910118332;[0];-101.0000
-78.99958962;-2.910117899;[0];-101.0000
-78.99934682;-2.910117466;[0];-101.0000
-78.99910401;-2.910117033;[0];-101.0000
-78.99886121;-2.9101166;[0];-101.0625
-78.99861840;-2.910116167;[0];-101.1250
-78.9983756;-2.910115734;[0];-101.0625
-78.99813280;-2.910115301;[0];-101.1250
-78.99788999;-2.910114868;[0];-101.1875
-78.99764719;-2.910114434;[0];-101.1875
-78.99740439;-2.910114001;[0];-101.2500
-78.99716158;-2.910113568;[0];-101.2500
-78.99691878;-2.910113134;[0];-101.3750
-78.99667598;-2.910112701;[0];-101.3750
-78.99643317;-2.910112267;[0];-101.5000
-78.99619037;-2.910111834;[0];-101.5625
-78.99594757;-2.9101114;[0];-101.5625
-78.99570476;-2.910110966;[0];-101.6875
-78.99546196;-2.910110532;[0];-101.8125
-78.99521916;-2.910110099;[0];-101.8750
-78.99497635;-2.910109665;[0];-101.9375
-78.99473355;-2.910109231;[0];-101.8750
-78.99449075;-2.910108797;[0];-101.7500
-78.99424794;-2.910108363;[0];-101.8750
-78.99400514;-2.910107929;[0];-102.0000
-79.00396053;-2.909881561;[0];-102.0000
-79.00371772;-2.909881129;[0];-101.7500
-79.00347492;-2.909880697;[0];-101.4375
-79.00323211;-2.909880265;[0];-101.2500
-79.00298931;-2.909879833;[0];-101.1250
-79.00274650;-2.909879401;[0];-100.9375
-79.00250370;-2.909878969;[0];-100.9375
-79.00226089;-2.909878537;[0];-100.8125
-79.00201809;-2.909878104;[0];-100.6875
-79.00177529;-2.909877672;[0];-100.6250
-79.00153248;-2.909877239;[0];-100.6250
-79.00128968;-2.909876807;[0];-100.5625
-79.00104687;-2.909876375;[0];-100.5625
-79.00080407;-2.909875942;[0];-100.5625
-79.00056127;-2.909875509;[0];-100.5625
-79.00031846;-2.909875077;[0];-100.5000
-79.00007566;-2.909874644;[0];-100.4375
-78.99983285;-2.909874211;[0];-100.4375
-78.99959005;-2.909873778;[0];-100.4375
-78.99934725;-2.909873345;[0];-100.4375
-78.99910444;-2.909872913;[0];-100.4375
-78.99886164;-2.90987248;[0];-100.5000
-78.99861884;-2.909872047;[0];-100.5000
-78.99837603;-2.909871613;[0];-100.5625
-78.99813323;-2.90987118;[0];-100.5625
-78.99789042;-2.909870747;[0];-100.6250
-78.99764762;-2.909870314;[0];-100.6250
-78.99740482;-2.909869881;[0];-100.6875
-78.99716201;-2.909869447;[0];-100.7500
-78.99691921;-2.909869014;[0];-100.8125
-78.99667641;-2.90986858;[0];-100.9375
-78.99643360;-2.909868147;[0];-100.9375
-78.9961908;-2.909867713;[0];-101.0000
-78.99594800;-2.90986728;[0];-101.1250
-78.99570519;-2.909866846;[0];-101.2500
-78.99546239;-2.909866412;[0];-101.3125
-78.99521959;-2.909865979;[0];-101.3125
-78.99497678;-2.909865545;[0];-101.1875
-78.99473398;-2.909865111;[0];-101.2500
-78.99449118;-2.909864677;[0];-101.3125
-78.99424837;-2.909864243;[0];-101.5000
-78.99400557;-2.909863809;[0];-101.6250
-78.99376277;-2.909863375;[0];-101.6875
-78.99351997;-2.909862941;[0];-101.8125
-78.99327716;-2.909862507;[0];-101.8750
-78.99303436;-2.909862072;[0];-102.0000
-79.00420376;-2.909637872;[0];-101.8125
-79.00396095;-2.90963744;[0];-101.4375
-79.00371815;-2.909637008;[0];-101.1875
-79.00347535;-2.909636576;[0];-100.8750
-79.00323254;-2.909636144;[0];-100.6875
-79.00298974;-2.909635712;[0];-100.5625
-79.00274693;-2.90963528;[0];-100.4375
-79.00250413;-2.909634848;[0];-100.3750
-79.00226132;-2.909634415;[0];-100.2500
-79.00201852;-2.909633983;[0];-100.1250
-79.00177572;-2.909633551;[0];-100.0625
-79.00153291;-2.909633118;[0];-100.0625
-79.00129011;-2.909632686;[0];-100.0625
-79.00104730;-2.909632254;[0];-100.0000
-79.0008045;-2.909631821;[0];-100.0000
-79.00056170;-2.909631388;[0];-100.0000
-79.00031889;-2.909630956;[0];-99.9375
-79.00007609;-2.909630523;[0];-99.8750
-78.99983328;-2.90963009;[0];-99.8125
-78.99959048;-2.909629658;[0];-99.8125
-78.99934768;-2.909629225;[0];-99.8750
-78.99910487;-2.909628792;[0];-99.8750
-78.99886207;-2.909628359;[0];-99.8750
-78.99861927;-2.909627926;[0];-99.9375
-78.99837646;-2.909627493;[0];-100.0000
-78.99813366;-2.90962706;[0];-100.0000
-78.99789086;-2.909626627;[0];-100.0625
-78.99764805;-2.909626193;[0];-100.1250
-78.99740525;-2.90962576;[0];-100.1250
-78.99716244;-2.909625327;[0];-100.2500
-78.99691964;-2.909624893;[0];-100.3125
-78.99667684;-2.90962446;[0];-100.3750
-78.99643403;-2.909624027;[0];-100.4375
-78.99619123;-2.909623593;[0];-100.5625
-78.99594843;-2.909623159;[0];-100.6250
-78.99570563;-2.909622726;[0];-100.6875
-78.99546282;-2.909622292;[0];-100.6250
-78.99522002;-2.909621858;[0];-100.5625
-78.99497722;-2.909621425;[0];-100.6250
-78.99473441;-2.909620991;[0];-100.8125
-78.99449161;-2.909620557;[0];-100.9375
-78.99424881;-2.909620123;[0];-101.0625
-78.99400600;-2.909619689;[0];-101.1250
-78.9937632;-2.909619255;[0];-101.2500
-78.99352040;-2.909618821;[0];-101.3750
-78.99327759;-2.909618387;[0];-101.5000
-78.99303479;-2.909617952;[0];-101.5625
-78.99279199;-2.909617518;[0];-101.6875
-78.99254919;-2.909617084;[0];-101.8750
-78.99230638;-2.90961665;[0];-102.0000
-79.00468980;-2.909394614;[0];-101.9375
-79.00444699;-2.909394182;[0];-101.5625
-79.00420419;-2.90939375;[0];-101.2500
-79.00396138;-2.909393318;[0];-100.8750
-79.00371858;-2.909392886;[0];-100.6250
-79.00347578;-2.909392455;[0];-100.3125
-79.00323297;-2.909392023;[0];-100.1250
-79.00299017;-2.909391591;[0];-100.0000
-79.00274736;-2.909391158;[0];-99.8750
-79.00250456;-2.909390726;[0];-99.8125
-79.00226175;-2.909390294;[0];-99.6875
-79.00201895;-2.909389862;[0];-99.5625
-79.00177615;-2.90938943;[0];-99.5000
-79.00153334;-2.909388997;[0];-99.5000
-79.00129054;-2.909388565;[0];-99.4375
-79.00104773;-2.909388132;[0];-99.4375
-79.00080493;-2.9093877;[0];-99.4375
-79.00056213;-2.909387267;[0];-99.3750
-79.00031932;-2.909386835;[0];-99.3125
-79.00007652;-2.909386402;[0];-99.2500
-78.99983372;-2.90938597;[0];-99.2500
-78.99959091;-2.909385537;[0];-99.2500
-78.99934811;-2.909385104;[0];-99.2500
-78.99910530;-2.909384671;[0];-99.2500
-78.9988625;-2.909384238;[0];-99.3125
-78.99861970;-2.909383805;[0];-99.3125
-78.99837689;-2.909383372;[0];-99.3750
-78.99813409;-2.909382939;[0];-99.3750
-78.99789129;-2.909382506;[0];-99.5000
-78.99764848;-2.909382073;[0];-99.5000
-78.99740568;-2.90938164;[0];-99.6250
-78.99716288;-2.909381206;[0];-99.6875
-78.99692007;-2.909380773;[0];-99.7500
-78.99667727;-2.90938034;[0];-99.8750
-78.99643447;-2.909379906;[0];-99.9375
-78.99619166;-2.909379473;[0];-100.0000
-78.99594886;-2.909379039;[0];-100.0625
-78.99570606;-2.909378606;[0];-99.8750
-78.99546325;-2.909378172;[0];-100.0000
-78.99522045;-2.909377738;[0];-100.1250
-78.99497765;-2.909377305;[0];-100.2500
-78.99473484;-2.909376871;[0];-100.3750
-78.99449204;-2.909376437;[0];-100.5000
-78.99424924;-2.909376003;[0];-100.5625
-78.99400644;-2.909375569;[0];-100.6875
-78.99376363;-2.909375135;[0];-100.8125
-78.99352083;-2.909374701;[0];-100.9375
-78.99327803;-2.909374267;[0];-101.0625
-78.99303522;-2.909373833;[0];-101.2500
-78.99279242;-2.909373398;[0];-101.3750
-78.99254962;-2.909372964;[0];-101.5000
-78.99230682;-2.90937253;[0];-101.6250
-78.99206401;-2.909372095;[0];-101.7500
-78.99182121;-2.909371661;[0];-101.8750
-78.99157841;-2.909371227;[0];-102.0000
-79.00469023;-2.909150492;[0];-101.3750
-79.00444742;-2.90915006;[0];-101.0000
-79.00420462;-2.909149629;[0];-100.7500
-79.00396181;-2.909149197;[0];-100.3125
-79.00371901;-2.909148765;[0];-100.0625
-79.00347621;-2.909148333;[0];-99.6875
-79.00323340;-2.909147901;[0];-99.5625
-79.00299060;-2.909147469;[0];-99.3750
-79.00274779;-2.909147037;[0];-99.3125
-79.00250499;-2.909146605;[0];-99.1875
-79.00226218;-2.909146173;[0];-99.0000
-79.00201938;-2.909145741;[0];-98.9375
-79.00177658;-2.909145309;[0];-98.9375
-79.00153377;-2.909144876;[0];-98.9375
-79.00129097;-2.909144444;[0];-98.8750
-79.00104816;-2.909144011;[0];-98.8750
-79.00080536;-2.909143579;[0];-98.8125
-79.00056256;-2.909143147;[0];-98.6875
-79.00031975;-2.909142714;[0];-98.6875
-79.00007695;-2.909142281;[0];-98.6250
-78.99983415;-2.909141849;[0];-98.6250
-78.99959134;-2.909141416;[0];-98.6875
-78.99934854;-2.909140983;[0];-98.6250
-78.99910573;-2.90914055;[0];-98.6250
-78.99886293;-2.909140117;[0];-98.6875
-78.99862013;-2.909139685;[0];-98.6875
-78.99837732;-2.909139252;[0];-98.7500
-78.99813452;-2.909138819;[0];-98.8125
-78.99789172;-2.909138385;[0];-98.8750
-78.99764891;-2.909137952;[0];-99.0000
-78.99740611;-2.909137519;[0];-99.0000
-78.99716331;-2.909137086;[0];-99.1250
-78.99692050;-2.909136653;[0];-99.2500
-78.9966777;-2.909136219;[0];-99.3125
-78.99643490;-2.909135786;[0];-99.3750
-78.99619209;-2.909135352;[0];-99.2500
-78.99594929;-2.909134919;[0];-99.2500
-78.99570649;-2.909134485;[0];-99.3750
-78.99546368;-2.909134052;[0];-99.5625
-78.99522088;-2.909133618;[0];-99.6875
-78.99497808;-2.909133184;[0];-99.7500
-78.99473528;-2.909132751;[0];-99.8750
-78.99449247;-2.909132317;[0];-100.0000
-78.99424967;-2.909131883;[0];-100.1250
-78.99400687;-2.909131449;[0];-100.2500
-78.99376406;-2.909131015;[0];-100.3750
-78.99352126;-2.909130581;[0];-100.5625
-78.99327846;-2.909130147;[0];-100.7500
-78.99303566;-2.909129713;[0];-100.8750
-78.99279285;-2.909129279;[0];-101.0000
-78.99255005;-2.909128844;[0];-101.1250
-78.99230725;-2.90912841;[0];-101.2500
-78.99206445;-2.909127976;[0];-101.3750
-78.99182164;-2.909127541;[0];-101.5000
-78.99157884;-2.909127107;[0];-101.6250
-78.99133604;-2.909126672;[0];-101.8125
-78.99109324;-2.909126238;[0];-101.9375
-79.00517627;-2.908907234;[0];-102.0000
-79.00493346;-2.908906802;[0];-101.5625
-79.00469066;-2.90890637;[0];-100.8750
-79.00444785;-2.908905939;[0];-100.4375
-79.00420505;-2.908905507;[0];-100.1875
-79.00396224;-2.908905075;[0];-99.7500
-79.00371944;-2.908904644;[0];-99.4375
-79.00347663;-2.908904212;[0];-99.0625
-79.00323383;-2.90890378;[0];-98.9375
-79.00299103;-2.908903348;[0];-98.6875
-79.00274822;-2.908902916;[0];-98.6875
-79.00250542;-2.908902484;[0];-98.5000
-79.00226261;-2.908902052;[0];-98.3750
-79.00201981;-2.90890162;[0];-98.3125
-79.00177701;-2.908901187;[0];-98.3125
-79.00153420;-2.908900755;[0];-98.2500
-79.00129140;-2.908900323;[0];-98.2500
-79.00104859;-2.90889989;[0];-98.1875
-79.00080579;-2.908899458;[0];-98.1250
-79.00056299;-2.908899026;[0];-98.0625
-79.00032018;-2.908898593;[0];-98.0000
-79.00007738;-2.90889816;[0];-98.0000
-78.99983458;-2.908897728;[0];-98.0000
-78.99959177;-2.908897295;[0];-98.0000
-78.99934897;-2.908896862;[0];-98.0000
-78.99910617;-2.90889643;[0];-98.0000
-78.99886336;-2.908895997;[0];-98.0625
-78.99862056;-2.908895564;[0];-98.0625
-78.99837775;-2.908895131;[0];-98.1250
-78.99813495;-2.908894698;[0];-98.1875
-78.99789215;-2.908894265;[0];-98.3125
-78.99764934;-2.908893832;[0];-98.3125
-78.99740654;-2.908893399;[0];-98.4375
-78.99716374;-2.908892965;[0];-98.5625
-78.99692093;-2.908892532;[0];-98.6250
-78.99667813;-2.908892099;[0];-98.6250
-78.99643533;-2.908891666;[0];-98.5000
-78.99619253;-2.908891232;[0];-98.6250
-78.99594972;-2.908890799;[0];-98.7500
-78.99570692;-2.908890365;[0];-98.9375
-78.99546412;-2.908889932;[0];-99.0625
-78.99522131;-2.908889498;[0];-99.1250
-78.99497851;-2.908889064;[0];-99.2500
-78.99473571;-2.908888631;[0];-99.3750
-78.99449290;-2.908888197;[0];-99.5000
-78.99425010;-2.908887763;[0];-99.6875
-78.99400730;-2.908887329;[0];-99.8750
-78.99376450;-2.908886895;[0];-100.0000
-78.99352169;-2.908886461;[0];-100.1875
-78.99327889;-2.908886027;[0];-100.3125
-78.99303609;-2.908885593;[0];-100.4375
-78.99279329;-2.908885159;[0];-100.5625
-78.99255048;-2.908884725;[0];-100.6875
-78.99230768;-2.90888429;[0];-100.8750
-78.99206488;-2.908883856;[0];-101.0000
-78.99182207;-2.908883422;[0];-101.1250
-78.99157927;-2.908882987;[0];-101.3125
-78.99133647;-2.908882553;[0];-101.4375
-78.99109367;-2.908882118;[0];-101.5625
-78.99085087;-2.908881684;[0];-101.6875
-78.99060806;-2.908881249;[0];-101.8750
-78.99036526;-2.908880814;[0];-102.0000
-79.00541950;-2.908663543;[0];-102.0000
-79.00517669;-2.908663112;[0];-101.5000
-79.00493389;-2.90866268;[0];-101.1250
-79.00469109;-2.908662249;[0];-100.3750
-79.00444828;-2.908661817;[0];-100.0000
-79.00420548;-2.908661386;[0];-99.6875
-79.00396267;-2.908660954;[0];-99.1875
-79.00371987;-2.908660522;[0];-98.8750
-79.00347706;-2.90866009;[0];-98.5625
-79.00323426;-2.908659658;[0];-98.3750
-79.00299146;-2.908659227;[0];-98.1875
-79.00274865;-2.908658795;[0];-98.0625
-79.00250585;-2.908658363;[0];-97.8750
-79.00226304;-2.908657931;[0];-97.7500
-79.00202024;-2.908657498;[0];-97.7500
-79.00177744;-2.908657066;[0];-97.6875
-79.00153463;-2.908656634;[0];-97.6250
-79.00129183;-2.908656202;[0];-97.6250
-79.00104902;-2.908655769;[0];-97.5000
-79.00080622;-2.908655337;[0];-97.4375
-79.00056342;-2.908654905;[0];-97.3750
-79.00032061;-2.908654472;[0];-97.3750
-79.00007781;-2.90865404;[0];-97.3750
-78.99983501;-2.908653607;[0];-97.3125
-78.99959220;-2.908653174;[0];-97.3125
-78.99934940;-2.908652742;[0];-97.3125
-78.99910660;-2.908652309;[0];-97.3750
-78.99886379;-2.908651876;[0];-97.3750
-78.99862099;-2.908651443;[0];-97.4375
-78.99837819;-2.90865101;[0];-97.5000
-78.99813538;-2.908650577;[0];-97.5625
-78.99789258;-2.908650144;[0];-97.6250
-78.99764978;-2.908649711;[0];-97.7500
-78.99740697;-2.908649278;[0];-97.8750
-78.99716417;-2.908648845;[0];-97.9375
-78.99692137;-2.908648412;[0];-97.8125
-78.99667856;-2.908647979;[0];-97.8125
-78.99643576;-2.908647545;[0];-98.0000
-78.99619296;-2.908647112;[0];-98.1250
-78.99595015;-2.908646678;[0];-98.2500
-78.99570735;-2.908646245;[0];-98.3750
-78.99546455;-2.908645811;[0];-98.5000
-78.99522174;-2.908645378;[0];-98.6250
-78.99497894;-2.908644944;[0];-98.7500
-78.99473614;-2.90864451;[0];-98.9375
-78.99449334;-2.908644077;[0];-99.1250
-78.99425053;-2.908643643;[0];-99.3125
-78.99400773;-2.908643209;[0];-99.4375
-78.99376493;-2.908642775;[0];-99.5625
-78.99352212;-2.908642341;[0];-99.7500
-78.99327932;-2.908641907;[0];-99.8750
-78.99303652;-2.908641473;[0];-100.0000
-78.99279372;-2.908641039;[0];-100.1875
-78.99255091;-2.908640605;[0];-100.3125
-78.99230811;-2.908640171;[0];-100.4375
-78.99206531;-2.908639736;[0];-100.6250
-78.99182251;-2.908639302;[0];-100.7500
-78.99157970;-2.908638868;[0];-100.9375
-78.99133690;-2.908638433;[0];-101.0625
-78.99109410;-2.908637999;[0];-101.1875
-78.99085130;-2.908637564;[0];-101.3750
-78.99060850;-2.90863713;[0];-101.5000
-78.99036569;-2.908636695;[0];-101.6875
-78.99012289;-2.90863626;[0];-101.8125
-78.98988009;-2.908635826;[0];-101.9375
-79.00541993;-2.908419422;[0];-101.6875
-79.00517712;-2.90841899;[0];-101.0625
-79.00493432;-2.908418559;[0];-100.8125
-79.00469151;-2.908418127;[0];-99.9375
-79.00444871;-2.908417696;[0];-99.5000
-79.00420591;-2.908417264;[0];-99.1250
-79.00396310;-2.908416832;[0];-98.6250
-79.00372030;-2.908416401;[0];-98.2500
-79.00347749;-2.908415969;[0];-97.9375
-79.00323469;-2.908415537;[0];-97.7500
-79.00299189;-2.908415105;[0];-97.6250
-79.00274908;-2.908414673;[0];-97.4375
-79.00250628;-2.908414241;[0];-97.1875
-79.00226347;-2.908413809;[0];-97.0625
-79.00202067;-2.908413377;[0];-97.0625
-79.00177787;-2.908412945;[0];-97.0000
-79.00153506;-2.908412513;[0];-96.9375
-79.00129226;-2.908412081;[0];-96.8750
-79.00104945;-2.908411648;[0];-96.7500
-79.00080665;-2.908411216;[0];-96.6875
-79.00056385;-2.908410784;[0];-96.6875
-79.00032104;-2.908410351;[0];-96.6875
-79.00007824;-2.908409919;[0];-96.6250
-78.99983544;-2.908409486;[0];-96.6250
-78.99959263;-2.908409054;[0];-96.6250
-78.99934983;-2.908408621;[0];-96.6875
-78.99910703;-2.908408188;[0];-96.6875
-78.99886422;-2.908407755;[0];-96.6875
-78.99862142;-2.908407323;[0];-96.8125
-78.99837862;-2.90840689;[0];-96.8125
-78.99813581;-2.908406457;[0];-96.8750
-78.99789301;-2.908406024;[0];-97.0625
-78.99765021;-2.908405591;[0];-97.1250
-78.99740740;-2.908405158;[0];-97.0625
-78.99716460;-2.908404725;[0];-97.0000
-78.99692180;-2.908404291;[0];-97.1250
-78.99667899;-2.908403858;[0];-97.3125
-78.99643619;-2.908403425;[0];-97.4375
-78.99619339;-2.908402992;[0];-97.5625
-78.99595058;-2.908402558;[0];-97.6875
-78.99570778;-2.908402125;[0];-97.8750
-78.99546498;-2.908401691;[0];-98.0000
-78.99522218;-2.908401258;[0];-98.1250
-78.99497937;-2.908400824;[0];-98.3750
-78.99473657;-2.90840039;[0];-98.5000
-78.99449377;-2.908399957;[0];-98.6875
-78.99425096;-2.908399523;[0];-98.8125
-78.99400816;-2.908399089;[0];-99.0000
-78.99376536;-2.908398655;[0];-99.1250
-78.99352256;-2.908398221;[0];-99.3125
-78.99327975;-2.908397787;[0];-99.4375
-78.99303695;-2.908397353;[0];-99.6250
-78.99279415;-2.908396919;[0];-99.7500
-78.99255135;-2.908396485;[0];-99.9375
-78.99230854;-2.908396051;[0];-100.0625
-78.99206574;-2.908395617;[0];-100.2500
-78.99182294;-2.908395182;[0];-100.3750
-78.99158014;-2.908394748;[0];-100.5625
-78.99133733;-2.908394314;[0];-100.6875
-78.99109453;-2.908393879;[0];-100.8750
-78.99085173;-2.908393445;[0];-101.0000
-78.99060893;-2.90839301;[0];-101.1875
-78.99036613;-2.908392576;[0];-101.3125
-78.99012332;-2.908392141;[0];-101.5000
-78.98988052;-2.908391706;[0];-101.6250
-78.98963772;-2.908391272;[0];-101.8125
-78.98939492;-2.908390837;[0];-102.0000
-79.00542036;-2.9081753;[0];-101.5000
-79.00517755;-2.908174869;[0];-100.6875
-79.00493475;-2.908174437;[0];-100.3750
-79.00469194;-2.908174006;[0];-99.5000
-79.00444914;-2.908173574;[0];-99.0000
-79.00420634;-2.908173143;[0];-98.5625
-79.00396353;-2.908172711;[0];-98.0625
-79.00372073;-2.908172279;[0];-97.6875
-79.00347792;-2.908171848;[0];-97.3750
-79.00323512;-2.908171416;[0];-97.1250
-79.00299232;-2.908170984;[0];-97.0000
-79.00274951;-2.908170552;[0];-96.7500
-79.00250671;-2.90817012;[0];-96.5625
-79.00226390;-2.908169688;[0];-96.5000
-79.00202110;-2.908169256;[0];-96.4375
-79.00177830;-2.908168824;[0];-96.3125
-79.00153549;-2.908168392;[0];-96.1875
-79.00129269;-2.90816796;[0];-96.0625
-79.00104988;-2.908167527;[0];-96.0000
-79.00080708;-2.908167095;[0];-95.9375
-79.00056428;-2.908166663;[0];-95.9375
-79.00032147;-2.90816623;[0];-95.9375
-79.00007867;-2.908165798;[0];-95.8750
-78.99983587;-2.908165365;[0];-95.8750
-78.99959306;-2.908164933;[0];-95.9375
-78.99935026;-2.9081645;[0];-95.9375
-78.99910746;-2.908164067;[0];-95.9375
-78.99886465;-2.908163635;[0];-96.0625
-78.99862185;-2.908163202;[0];-96.0625
-78.99837905;-2.908162769;[0];-96.1875
-78.99813624;-2.908162336;[0];-96.2500
-78.99789344;-2.908161903;[0];-96.3125
-78.99765064;-2.90816147;[0];-96.1875
-78.99740783;-2.908161037;[0];-96.2500
-78.99716503;-2.908160604;[0];-96.4375
-78.99692223;-2.908160171;[0];-96.6250
-78.99667942;-2.908159738;[0];-96.7500
-78.99643662;-2.908159305;[0];-96.8750
-78.99619382;-2.908158871;[0];-97.0000
-78.99595102;-2.908158438;[0];-97.1250
-78.99570821;-2.908158004;[0];-97.3125
-78.99546541;-2.908157571;[0];-97.5625
-78.99522261;-2.908157137;[0];-97.6875
-78.99497980;-2.908156704;[0];-97.8750
-78.99473700;-2.90815627;[0];-98.0625
-78.99449420;-2.908155837;[0];-98.1875
-78.99425140;-2.908155403;[0];-98.3750
-78.99400859;-2.908154969;[0];-98.5000
-78.99376579;-2.908154535;[0];-98.6875
-78.99352299;-2.908154101;[0];-98.8750
-78.99328019;-2.908153667;[0];-99.0000
-78.99303738;-2.908153234;[0];-99.1875
-78.99279458;-2.908152799;[0];-99.3750
-78.99255178;-2.908152365;[0];-99.5000
-78.99230898;-2.908151931;[0];-99.6875
-78.99206617;-2.908151497;[0];-99.8750
-78.99182337;-2.908151063;[0];-100.0000
-78.99158057;-2.908150628;[0];-100.1875
-78.99133777;-2.908150194;[0];-100.3125
-78.99109496;-2.90814976;[0];-100.5000
-78.99085216;-2.908149325;[0];-100.6875
-78.99060936;-2.908148891;[0];-100.8750
-78.99036656;-2.908148456;[0];-101.0625
-78.99012376;-2.908148022;[0];-101.2500
-78.98988095;-2.908147587;[0];-101.4375
-78.98963815;-2.908147152;[0];-101.5625
-78.98939535;-2.908146717;[0];-101.6875
-78.98915255;-2.908146283;[0];-101.8125
-78.98890975;-2.908145848;[0];-101.9375
-79.00542079;-2.907931178;[0];-101.3125
-79.00517798;-2.907930747;[0];-100.2500
-79.00493518;-2.907930316;[0];-99.8750
-79.00469237;-2.907929884;[0];-99.0625
-79.00444957;-2.907929453;[0];-98.4375
-79.00420676;-2.907929021;[0];-98.0000
-79.00396396;-2.90792859;[0];-97.5000
-79.00372116;-2.907928158;[0];-97.0625
-79.00347835;-2.907927726;[0];-96.7500
-79.00323555;-2.907927294;[0];-96.4375
-79.00299274;-2.907926863;[0];-96.3750
-79.00274994;-2.907926431;[0];-96.0625
-79.00250714;-2.907925999;[0];-95.8750
-79.00226433;-2.907925567;[0];-95.8125
-79.00202153;-2.907925135;[0];-95.6875
-79.00177873;-2.907924703;[0];-95.6250
-79.00153592;-2.907924271;[0];-95.4375
-79.00129312;-2.907923839;[0];-95.3125
-79.00105031;-2.907923406;[0];-95.2500
-79.00080751;-2.907922974;[0];-95.1875
-79.00056471;-2.907922542;[0];-95.1875
-79.00032190;-2.907922109;[0];-95.1250
-79.0000791;-2.907921677;[0];-95.1250
-78.99983630;-2.907921244;[0];-95.1250
-78.99959349;-2.907920812;[0];-95.1875
-78.99935069;-2.907920379;[0];-95.1875
-78.99910789;-2.907919947;[0];-95.2500
-78.99886508;-2.907919514;[0];-95.3125
-78.99862228;-2.907919081;[0];-95.4375
-78.99837948;-2.907918648;[0];-95.5000
-78.99813667;-2.907918216;[0];-95.3750
-78.99789387;-2.907917783;[0];-95.3125
-78.99765107;-2.90791735;[0];-95.5000
-78.99740826;-2.907916917;[0];-95.6875
-78.99716546;-2.907916484;[0];-95.8125
-78.99692266;-2.907916051;[0];-95.9375
-78.99667986;-2.907915617;[0];-96.1250
-78.99643705;-2.907915184;[0];-96.2500
-78.99619425;-2.907914751;[0];-96.4375
-78.99595145;-2.907914318;[0];-96.6875
-78.99570864;-2.907913884;[0];-96.8750
-78.99546584;-2.907913451;[0];-97.0000
-78.99522304;-2.907913017;[0];-97.1875
-78.99498024;-2.907912584;[0];-97.3750
-78.99473743;-2.90791215;[0];-97.5625
-78.99449463;-2.907911717;[0];-97.6875
-78.99425183;-2.907911283;[0];-97.8750
-78.99400902;-2.907910849;[0];-98.0625
-78.99376622;-2.907910415;[0];-98.2500
-78.99352342;-2.907909982;[0];-98.4375
-78.99328062;-2.907909548;[0];-98.5625
-78.99303781;-2.907909114;[0];-98.7500
-78.99279501;-2.90790868;[0];-98.9375
-78.99255221;-2.907908246;[0];-99.1250
-78.99230941;-2.907907812;[0];-99.3125
-78.99206661;-2.907907377;[0];-99.4375
-78.99182380;-2.907906943;[0];-99.6250
-78.991581;-2.907906509;[0];-99.8125
-78.99133820;-2.907906075;[0];-100.0000
-78.99109540;-2.90790564;[0];-100.1875
-78.99085259;-2.907905206;[0];-100.3750
-78.99060979;-2.907904771;[0];-100.5625
-78.99036699;-2.907904337;[0];-100.6875
-78.99012419;-2.907903902;[0];-100.8750
-78.98988139;-2.907903468;[0];-101.0000
-78.98963858;-2.907903033;[0];-101.1250
-78.98939578;-2.907902598;[0];-101.3125
-78.98915298;-2.907902163;[0];-101.5000
-78.98891018;-2.907901729;[0];-101.6250
-78.98866738;-2.907901294;[0];-101.8125
-78.98842457;-2.907900859;[0];-102.0000
-79.00542121;-2.907687057;[0];-101.1250
-79.00517841;-2.907686625;[0];-99.8750
-79.00493561;-2.907686194;[0];-99.3125
-79.00469280;-2.907685763;[0];-98.6250
-79.00445000;-2.907685331;[0];-98.0000
-79.00420719;-2.9076849;[0];-97.5000
-79.00396439;-2.907684468;[0];-96.9375
-79.00372159;-2.907684036;[0];-96.4375
-79.00347878;-2.907683605;[0];-96.1250
-79.00323598;-2.907683173;[0];-95.8750
-79.00299317;-2.907682741;[0];-95.6250
-79.00275037;-2.907682309;[0];-95.3750
-79.00250757;-2.907681878;[0];-95.2500
-79.00226476;-2.907681446;[0];-95.1250
-79.00202196;-2.907681014;[0];-94.9375
-79.00177916;-2.907680582;[0];-94.8125
-79.00153635;-2.90768015;[0];-94.6250
-79.00129355;-2.907679717;[0];-94.5000
-79.00105074;-2.907679285;[0];-94.4375
-79.00080794;-2.907678853;[0];-94.3750
-79.00056514;-2.907678421;[0];-94.3125
-79.00032233;-2.907677988;[0];-94.3125
-79.00007953;-2.907677556;[0];-94.3125
-78.99983673;-2.907677124;[0];-94.3750
-78.99959392;-2.907676691;[0];-94.3750
-78.99935112;-2.907676259;[0];-94.4375
-78.99910832;-2.907675826;[0];-94.5000
-78.99886551;-2.907675393;[0];-94.5625
-78.99862271;-2.907674961;[0];-94.6250
-78.99837991;-2.907674528;[0];-94.4375
-78.99813710;-2.907674095;[0];-94.5625
-78.9978943;-2.907673662;[0];-94.7500
-78.99765150;-2.907673229;[0];-94.8750
-78.99740869;-2.907672796;[0];-95.0000
-78.99716589;-2.907672363;[0];-95.1875
-78.99692309;-2.90767193;[0];-95.3125
-78.99668029;-2.907671497;[0];-95.5625
-78.99643748;-2.907671064;[0];-95.7500
-78.99619468;-2.907670631;[0];-95.9375
-78.99595188;-2.907670197;[0];-96.1250
-78.99570907;-2.907669764;[0];-96.3125
-78.99546627;-2.907669331;[0];-96.5000
-78.99522347;-2.907668897;[0];-96.6875
-78.99498067;-2.907668464;[0];-96.8750
-78.99473786;-2.90766803;[0];-97.0625
-78.99449506;-2.907667597;[0];-97.2500
-78.99425226;-2.907667163;[0];-97.4375
-78.99400946;-2.907666729;[0];-97.6250
-78.99376665;-2.907666295;[0];-97.8125
-78.99352385;-2.907665862;[0];-98.0000
-78.99328105;-2.907665428;[0];-98.1875
-78.99303825;-2.907664994;[0];-98.3750
-78.99279544;-2.90766456;[0];-98.5625
-78.99255264;-2.907664126;[0];-98.6875
-78.99230984;-2.907663692;[0];-98.8750
-78.99206704;-2.907663258;[0];-99.1250
-78.99182423;-2.907662824;[0];-99.3125
-78.99158143;-2.907662389;[0];-99.5625
-78.99133863;-2.907661955;[0];-99.6875
-78.99109583;-2.907661521;[0];-99.8125
-78.99085303;-2.907661086;[0];-100.0000
-78.99061022;-2.907660652;[0];-100.1250
-78.99036742;-2.907660217;[0];-100.3125
-78.99012462;-2.907659783;[0];-100.5000
-78.98988182;-2.907659348;[0];-100.6875
-78.98963902;-2.907658914;[0];-100.8125
-78.98939621;-2.907658479;[0];-101.0625
-78.98915341;-2.907658044;[0];-101.2500
-78.98891061;-2.907657609;[0];-101.4375
-78.98866781;-2.907657174;[0];-101.6250
-78.98842501;-2.90765674;[0];-101.7500
-78.98818221;-2.907656305;[0];-101.9375
-79.00542164;-2.907442935;[0];-101.0625
-79.00517884;-2.907442504;[0];-99.7500
-79.00493604;-2.907442072;[0];-98.9375
-79.00469323;-2.907441641;[0];-98.4375
-79.00445043;-2.90744121;[0];-97.6250
-79.00420762;-2.907440778;[0];-97.1250
-79.00396482;-2.907440347;[0];-96.5000
-79.00372202;-2.907439915;[0];-95.9375
-79.00347921;-2.907439483;[0];-95.6250
-79.00323641;-2.907439052;[0];-95.3125
-79.00299360;-2.90743862;[0];-95.0000
-79.00275080;-2.907438188;[0];-94.6875
-79.00250800;-2.907437756;[0];-94.5000
-79.00226519;-2.907437324;[0];-94.3750
-79.00202239;-2.907436893;[0];-94.1875
-79.00177959;-2.907436461;[0];-94.0000
-79.00153678;-2.907436029;[0];-93.8125
-79.00129398;-2.907435596;[0];-93.6875
-79.00105117;-2.907435164;[0];-93.6250
-79.00080837;-2.907434732;[0];-93.5000
-79.00056557;-2.9074343;[0];-93.4375
-79.00032276;-2.907433868;[0];-93.4375
-79.00007996;-2.907433435;[0];-93.4375
-78.99983716;-2.907433003;[0];-93.5625
-78.99959435;-2.90743257;[0];-93.5625
-78.99935155;-2.907432138;[0];-93.6875
-78.99910875;-2.907431705;[0];-93.7500
-78.99886594;-2.907431273;[0];-93.5625
-78.99862314;-2.90743084;[0];-93.5625
-78.99838034;-2.907430407;[0];-93.7500
-78.99813753;-2.907429974;[0];-93.8750
-78.99789473;-2.907429542;[0];-94.0000
-78.99765193;-2.907429109;[0];-94.1875
-78.99740913;-2.907428676;[0];-94.3125
-78.99716632;-2.907428243;[0];-94.5625
-78.99692352;-2.90742781;[0];-94.8125
-78.99668072;-2.907427377;[0];-95.0000
-78.99643791;-2.907426944;[0];-95.1875
-78.99619511;-2.90742651;[0];-95.3750
-78.99595231;-2.907426077;[0];-95.5625
-78.99570951;-2.907425644;[0];-95.7500
-78.99546670;-2.90742521;[0];-95.9375
-78.9952239;-2.907424777;[0];-96.1250
-78.99498110;-2.907424344;[0];-96.3750
-78.99473829;-2.90742391;[0];-96.5625
-78.99449549;-2.907423476;[0];-96.7500
-78.99425269;-2.907423043;[0];-96.9375
-78.99400989;-2.907422609;[0];-97.1250
-78.99376708;-2.907422175;[0];-97.3750
-78.99352428;-2.907421742;[0];-97.5625
-78.99328148;-2.907421308;[0];-97.7500
-78.99303868;-2.907420874;[0];-97.9375
-78.99279588;-2.90742044;[0];-98.1875
-78.99255307;-2.907420006;[0];-98.3750
-78.99231027;-2.907419572;[0];-98.5625
-78.99206747;-2.907419138;[0];-98.7500
-78.99182467;-2.907418704;[0];-98.9375
-78.99158186;-2.90741827;[0];-99.0625
-78.99133906;-2.907417835;[0];-99.2500
-78.99109626;-2.907417401;[0];-99.4375
-78.99085346;-2.907416967;[0];-99.6250
-78.99061066;-2.907416532;[0];-99.8125
-78.99036785;-2.907416098;[0];-100.0000
-78.99012505;-2.907415663;[0];-100.1875
-78.98988225;-2.907415229;[0];-100.4375
-78.98963945;-2.907414794;[0];-100.6250
-78.98939665;-2.90741436;[0];-100.8125
-78.98915385;-2.907413925;[0];-101.0000
-78.98891104;-2.90741349;[0];-101.1250
-78.98866824;-2.907413055;[0];-101.3125
-78.98842544;-2.90741262;[0];-101.5000
-78.98818264;-2.907412185;[0];-101.6250
-78.98793984;-2.907411751;[0];-101.8125
-78.98769704;-2.907411315;[0];-102.0000
-79.00542207;-2.907198813;[0];-101.2500
-79.00517927;-2.907198382;[0];-99.8750
-79.00493646;-2.907197951;[0];-98.7500
-79.00469366;-2.907197519;[0];-98.2500
-79.00445086;-2.907197088;[0];-97.3750
-79.00420805;-2.907196657;[0];-96.7500
-79.00396525;-2.907196225;[0];-96.1250
-79.00372244;-2.907195794;[0];-95.5000
-79.00347964;-2.907195362;[0];-95.1250
-79.00323684;-2.90719493;[0];-94.8125
-79.00299403;-2.907194499;[0];-94.3750
-79.00275123;-2.907194067;[0];-94.1250
-79.00250843;-2.907193635;[0];-93.8125
-79.00226562;-2.907193203;[0];-93.5625
-79.00202282;-2.907192771;[0];-93.3125
-79.00178001;-2.907192339;[0];-93.1250
-79.00153721;-2.907191907;[0];-92.9375
-79.00129441;-2.907191475;[0];-92.8750
-79.00105160;-2.907191043;[0];-92.6875
-79.0008088;-2.907190611;[0];-92.6250
-79.00056600;-2.907190179;[0];-92.5625
-79.00032319;-2.907189747;[0];-92.5625
-79.00008039;-2.907189314;[0];-92.6250
-78.99983759;-2.907188882;[0];-92.6250
-78.99959478;-2.907188449;[0];-92.7500
-78.99935198;-2.907188017;[0];-92.7500
-78.99910918;-2.907187584;[0];-92.5625
-78.99886637;-2.907187152;[0];-92.7500
-78.99862357;-2.907186719;[0];-92.8750
-78.99838077;-2.907186287;[0];-93.0000
-78.99813797;-2.907185854;[0];-93.1875
-78.99789516;-2.907185421;[0];-93.3125
-78.99765236;-2.907184988;[0];-93.5000
-78.99740956;-2.907184555;[0];-93.7500
-78.99716675;-2.907184122;[0];-93.9375
-78.99692395;-2.907183689;[0];-94.1875
-78.99668115;-2.907183256;[0];-94.3750
-78.99643834;-2.907182823;[0];-94.5625
-78.99619554;-2.90718239;[0];-94.8125
-78.99595274;-2.907181957;[0];-95.0000
-78.99570994;-2.907181524;[0];-95.1875
-78.99546713;-2.90718109;[0];-95.4375
-78.99522433;-2.907180657;[0];-95.6250
-78.99498153;-2.907180223;[0];-95.8750
-78.99473873;-2.90717979;[0];-96.0625
-78.99449592;-2.907179356;[0];-96.2500
-78.99425312;-2.907178923;[0];-96.5000
-78.99401032;-2.907178489;[0];-96.6875
-78.99376752;-2.907178056;[0];-96.9375
-78.99352471;-2.907177622;[0];-97.1875
-78.99328191;-2.907177188;[0];-97.4375
-78.99303911;-2.907176754;[0];-97.5625
-78.99279631;-2.90717632;[0];-97.7500
-78.99255350;-2.907175886;[0];-97.9375
-78.99231070;-2.907175452;[0];-98.1250
-78.9920679;-2.907175018;[0];-98.3125
-78.99182510;-2.907174584;[0];-98.5000
-78.99158230;-2.90717415;[0];-98.6875
-78.99133949;-2.907173716;[0];-98.9375
-78.99109669;-2.907173282;[0];-99.1250
-78.99085389;-2.907172847;[0];-99.3750
-78.99061109;-2.907172413;[0];-99.5625
-78.99036829;-2.907171978;[0];-99.7500
-78.99012548;-2.907171544;[0];-99.9375
-78.98988268;-2.90717111;[0];-100.1250
-78.98963988;-2.907170675;[0];-100.3125
-78.98939708;-2.90717024;[0];-100.5000
-78.98915428;-2.907169806;[0];-100.6875
-78.98891148;-2.907169371;[0];-100.8750
-78.98866867;-2.907168936;[0];-101.0000
-78.98842587;-2.907168501;[0];-101.1875
-78.98818307;-2.907168066;[0];-101.3750
-78.98794027;-2.907167631;[0];-101.5625
-78.98769747;-2.907167196;[0];-101.6875
-78.98745467;-2.907166761;[0];-101.8750
-79.00542250;-2.906954692;[0];-101.4375
-79.00517970;-2.90695426;[0];-100.0000
-79.00493689;-2.906953829;[0];-98.6875
-79.00469409;-2.906953398;[0];-98.1250
-79.00445129;-2.906952966;[0];-97.1250
-79.00420848;-2.906952535;[0];-96.5000
-79.00396568;-2.906952104;[0];-95.8125
-79.00372287;-2.906951672;[0];-95.1250
-79.00348007;-2.906951241;[0];-94.5625
-79.00323727;-2.906950809;[0];-94.2500
-79.00299446;-2.906950377;[0];-93.8125
-79.00275166;-2.906949946;[0];-93.5000
-79.00250886;-2.906949514;[0];-93.1250
-79.00226605;-2.906949082;[0];-92.8125
-79.00202325;-2.90694865;[0];-92.4375
-79.00178044;-2.906948218;[0];-92.1875
-79.00153764;-2.906947786;[0];-92.0625
-79.00129484;-2.906947354;[0];-91.8750
-79.00105203;-2.906946922;[0];-91.7500
-79.00080923;-2.90694649;[0];-91.6875
-79.00056643;-2.906946058;[0];-91.6250
-79.00032362;-2.906945626;[0];-91.6250
-79.00008082;-2.906945193;[0];-91.6875
-78.99983802;-2.906944761;[0];-91.7500
-78.99959521;-2.906944329;[0];-91.5625
-78.99935241;-2.906943896;[0];-91.6250
-78.99910961;-2.906943464;[0];-91.8125
-78.99886680;-2.906943031;[0];-91.9375
-78.99862400;-2.906942599;[0];-92.0625
-78.99838120;-2.906942166;[0];-92.2500
-78.99813840;-2.906941733;[0];-92.5000
-78.99789559;-2.9069413;[0];-92.6875
-78.99765279;-2.906940868;[0];-92.8750
-78.99740999;-2.906940435;[0];-93.0625
-78.99716718;-2.906940002;[0];-93.3125
-78.99692438;-2.906939569;[0];-93.5000
-78.99668158;-2.906939136;[0];-93.7500
-78.99643878;-2.906938703;[0];-94.0000
-78.99619597;-2.90693827;[0];-94.1875
-78.99595317;-2.906937837;[0];-94.4375
-78.99571037;-2.906937403;[0];-94.6875
-78.99546756;-2.90693697;[0];-94.8750
-78.99522476;-2.906936537;[0];-95.1250
-78.99498196;-2.906936103;[0];-95.3125
-78.99473916;-2.90693567;[0];-95.5625
-78.99449635;-2.906935236;[0];-95.8125
-78.99425355;-2.906934803;[0];-96.1250
-78.99401075;-2.906934369;[0];-96.3125
-78.99376795;-2.906933936;[0];-96.5000
-78.99352515;-2.906933502;[0];-96.6875
-78.99328234;-2.906933068;[0];-96.8750
-78.99303954;-2.906932634;[0];-97.1250
-78.99279674;-2.906932201;[0];-97.3125
-78.99255394;-2.906931767;[0];-97.5000
-78.99231113;-2.906931333;[0];-97.7500
-78.99206833;-2.906930899;[0];-98.0000
-78.99182553;-2.906930465;[0];-98.2500
-78.99158273;-2.90693003;[0];-98.4375
-78.99133993;-2.906929596;[0];-98.6250
-78.99109712;-2.906929162;[0];-98.8125
-78.99085432;-2.906928728;[0];-99.0625
-78.99061152;-2.906928293;[0];-99.2500
-78.99036872;-2.906927859;[0];-99.4375
-78.99012592;-2.906927425;[0];-99.6250
-78.98988311;-2.90692699;[0];-99.8125
-78.98964031;-2.906926556;[0];-100.0000
-78.98939751;-2.906926121;[0];-100.1875
-78.98915471;-2.906925686;[0];-100.3750
-78.98891191;-2.906925252;[0];-100.5625
-78.98866911;-2.906924817;[0];-100.7500
-78.98842630;-2.906924382;[0];-100.9375
-78.98818350;-2.906923947;[0];-101.0625
-78.98794070;-2.906923512;[0];-101.2500
-78.9876979;-2.906923077;[0];-101.4375
-78.98745510;-2.906922642;[0];-101.6250
-78.98721230;-2.906922207;[0];-101.8125
-78.98696950;-2.906921772;[0];-101.9375
-79.00542293;-2.90671057;[0];-101.6250
-79.00518013;-2.906710139;[0];-100.4375
-79.00493732;-2.906709707;[0];-98.8750
-79.00469452;-2.906709276;[0];-98.3125
-79.00445171;-2.906708845;[0];-97.1875
-79.00420891;-2.906708414;[0];-96.5000
-79.00396611;-2.906707982;[0];-95.6875
-79.00372330;-2.906707551;[0];-94.9375
-79.00348050;-2.906707119;[0];-94.4375
-79.00323770;-2.906706688;[0];-93.8125
-79.00299489;-2.906706256;[0];-93.2500
-79.00275209;-2.906705824;[0];-92.8125
-79.00250928;-2.906705393;[0];-92.4375
-79.00226648;-2.906704961;[0];-91.9375
-79.00202368;-2.906704529;[0];-91.5625
-79.00178087;-2.906704097;[0];-91.2500
-79.00153807;-2.906703665;[0];-91.0000
-79.00129527;-2.906703233;[0];-90.8750
-79.00105246;-2.906702801;[0];-90.7500
-79.00080966;-2.906702369;[0];-90.7500
-79.00056686;-2.906701937;[0];-90.6250
-79.00032405;-2.906701505;[0];-90.6875
-79.00008125;-2.906701073;[0];-90.6250
-78.99983845;-2.90670064;[0];-90.4375
-78.99959564;-2.906700208;[0];-90.6875
-78.99935284;-2.906699775;[0];-90.8125
-78.99911004;-2.906699343;[0];-90.9375
-78.99886723;-2.90669891;[0];-91.1250
-78.99862443;-2.906698478;[0];-91.3750
-78.99838163;-2.906698045;[0];-91.5625
-78.99813883;-2.906697613;[0];-91.7500
-78.99789602;-2.90669718;[0];-92.0000
-78.99765322;-2.906696747;[0];-92.1875
-78.99741042;-2.906696314;[0];-92.3750
-78.99716761;-2.906695881;[0];-92.6250
-78.99692481;-2.906695449;[0];-92.8750
-78.99668201;-2.906695016;[0];-93.1250
-78.99643921;-2.906694583;[0];-93.3750
-78.99619640;-2.906694149;[0];-93.6250
-78.9959536;-2.906693716;[0];-93.8750
-78.99571080;-2.906693283;[0];-94.1250
-78.99546800;-2.90669285;[0];-94.3750
-78.99522519;-2.906692417;[0];-94.6250
-78.99498239;-2.906691983;[0];-94.9375
-78.99473959;-2.90669155;[0];-95.1250
-78.99449679;-2.906691116;[0];-95.3125
-78.99425398;-2.906690683;[0];-95.5625
-78.99401118;-2.906690249;[0];-95.8125
-78.99376838;-2.906689816;[0];-96.0000
-78.99352558;-2.906689382;[0];-96.2500
-78.99328277;-2.906688948;[0];-96.5000
-78.99303997;-2.906688515;[0];-96.7500
-78.99279717;-2.906688081;[0];-97.0000
-78.99255437;-2.906687647;[0];-97.2500
-78.99231157;-2.906687213;[0];-97.4375
-78.99206876;-2.906686779;[0];-97.6875
-78.99182596;-2.906686345;[0];-97.8750
-78.99158316;-2.906685911;[0];-98.0625
-78.99134036;-2.906685477;[0];-98.3125
-78.99109756;-2.906685043;[0];-98.5000
-78.99085475;-2.906684608;[0];-98.6875
-78.99061195;-2.906684174;[0];-98.8750
-78.99036915;-2.90668374;[0];-99.1250
-78.99012635;-2.906683305;[0];-99.3125
-78.98988355;-2.906682871;[0];-99.5000
-78.98964075;-2.906682436;[0];-99.6875
-78.98939794;-2.906682002;[0];-99.8750
-78.98915514;-2.906681567;[0];-100.0625
-78.98891234;-2.906681132;[0];-100.2500
-78.98866954;-2.906680698;[0];-100.4375
-78.98842674;-2.906680263;[0];-100.6250
-78.98818394;-2.906679828;[0];-100.8125
-78.98794113;-2.906679393;[0];-101.0000
-78.98769833;-2.906678958;[0];-101.1875
-78.98745553;-2.906678523;[0];-101.3750
-78.98721273;-2.906678088;[0];-101.5625
-78.98696993;-2.906677653;[0];-101.7500
-78.98672713;-2.906677218;[0];-101.9375
-79.00663738;-2.906468603;[0];-101.6875
-79.00639458;-2.906468172;[0];-102.0000
-79.00518056;-2.906466017;[0];-101.1875
-79.00493775;-2.906465586;[0];-99.5625
-79.00469495;-2.906465155;[0];-98.4375
-79.00445214;-2.906464723;[0];-97.4375
-79.00420934;-2.906464292;[0];-96.7500
-79.00396654;-2.906463861;[0];-95.7500
-79.00372373;-2.906463429;[0];-94.8750
-79.00348093;-2.906462998;[0];-94.2500
-79.00323812;-2.906462566;[0];-93.4375
-79.00299532;-2.906462135;[0];-92.8750
-79.00275252;-2.906461703;[0];-92.2500
-79.00250971;-2.906461271;[0];-91.5625
-79.00226691;-2.90646084;[0];-91.0625
-79.00202411;-2.906460408;[0];-90.6875
-79.00178130;-2.906459976;[0];-90.3125
-79.0015385;-2.906459544;[0];-90.0000
-79.00129570;-2.906459112;[0];-89.7500
-79.00105289;-2.90645868;[0];-89.6875
-79.00081009;-2.906458248;[0];-89.6875
-79.00056729;-2.906457816;[0];-89.6250
-79.00032448;-2.906457384;[0];-89.3125
-79.00008168;-2.906456952;[0];-89.4375
-78.99983888;-2.906456519;[0];-89.5625
-78.99959607;-2.906456087;[0];-89.6875
-78.99935327;-2.906455655;[0];-89.8750
-78.99911047;-2.906455222;[0];-90.1250
-78.99886766;-2.90645479;[0];-90.3750
-78.99862486;-2.906454357;[0];-90.5625
-78.99838206;-2.906453925;[0];-90.8125
-78.99813926;-2.906453492;[0];-91.0000
-78.99789645;-2.906453059;[0];-91.2500
-78.99765365;-2.906452627;[0];-91.5000
-78.99741085;-2.906452194;[0];-91.7500
-78.99716804;-2.906451761;[0];-92.0000
-78.99692524;-2.906451328;[0];-92.2500
-78.99668244;-2.906450895;[0];-92.5000
-78.99643964;-2.906450462;[0];-92.7500
-78.99619683;-2.906450029;[0];-93.0625
-78.99595403;-2.906449596;[0];-93.3750
-78.99571123;-2.906449163;[0];-93.6250
-78.99546843;-2.90644873;[0];-93.8750
-78.99522562;-2.906448296;[0];-94.0625
-78.99498282;-2.906447863;[0];-94.3125
-78.99474002;-2.90644743;[0];-94.5625
-78.99449722;-2.906446996;[0];-94.8750
-78.99425441;-2.906446563;[0];-95.1250
-78.99401161;-2.906446129;[0];-95.3750
-78.99376881;-2.906445696;[0];-95.6875
-78.99352601;-2.906445262;[0];-95.9375
-78.99328321;-2.906444828;[0];-96.1250
-78.99304040;-2.906444395;[0];-96.3750
-78.99279760;-2.906443961;[0];-96.6250
-78.99255480;-2.906443527;[0];-96.8125
-78.99231200;-2.906443093;[0];-97.0625
-78.99206920;-2.906442659;[0];-97.3125
-78.99182639;-2.906442225;[0];-97.5000
-78.99158359;-2.906441791;[0];-97.7500
-78.99134079;-2.906441357;[0];-97.9375
-78.99109799;-2.906440923;[0];-98.1250
-78.99085519;-2.906440489;[0];-98.3750
-78.99061238;-2.906440055;[0];-98.5625
-78.99036958;-2.90643962;[0];-98.7500
-78.99012678;-2.906439186;[0];-99.0000
-78.98988398;-2.906438751;[0];-99.1875
-78.98964118;-2.906438317;[0];-99.3750
-78.98939838;-2.906437882;[0];-99.5625
-78.98915557;-2.906437448;[0];-99.7500
-78.98891277;-2.906437013;[0];-100.0000
-78.98866997;-2.906436579;[0];-100.1875
-78.98842717;-2.906436144;[0];-100.3750
-78.98818437;-2.906435709;[0];-100.5625
-78.98794157;-2.906435274;[0];-100.7500
-78.98769877;-2.906434839;[0];-101.0000
-78.98745596;-2.906434404;[0];-101.1875
-78.98721316;-2.906433969;[0];-101.3750
-78.98697036;-2.906433534;[0];-101.5625
-78.98672756;-2.906433099;[0];-101.6875
-78.98648476;-2.906432664;[0];-101.8750
-79.00688061;-2.906224912;[0];-101.9375
-79.00663781;-2.906224481;[0];-101.6875
-79.00639500;-2.90622405;[0];-101.3750
-79.00615220;-2.906223619;[0];-101.7500
-79.00493818;-2.906221464;[0];-100.9375
-79.00469538;-2.906221033;[0];-99.6875
-79.00445257;-2.906220602;[0];-98.7500
-79.00420977;-2.906220171;[0];-97.8750
-79.00396696;-2.906219739;[0];-96.7500
-79.00372416;-2.906219308;[0];-95.6875
-79.00348136;-2.906218876;[0];-94.6250
-79.00323855;-2.906218445;[0];-93.3750
-79.00299575;-2.906218013;[0];-92.4375
-79.00275295;-2.906217582;[0];-91.6250
-79.00251014;-2.90621715;[0];-90.8125
-79.00226734;-2.906216718;[0];-90.1250
-79.00202454;-2.906216287;[0];-89.6250
-79.00178173;-2.906215855;[0];-89.2500
-79.00153893;-2.906215423;[0];-88.8750
-79.00129613;-2.906214991;[0];-88.6250
-79.00105332;-2.906214559;[0];-88.5625
-79.00081052;-2.906214127;[0];-88.3750
-79.00056772;-2.906213695;[0];-88.2500
-79.00032491;-2.906213263;[0];-88.3750
-79.00008211;-2.906212831;[0];-88.4375
-78.99983931;-2.906212398;[0];-88.5625
-78.99959650;-2.906211966;[0];-88.8125
-78.99935370;-2.906211534;[0];-89.0625
-78.99911090;-2.906211101;[0];-89.2500
-78.99886810;-2.906210669;[0];-89.5000
-78.99862529;-2.906210237;[0];-89.7500
-78.99838249;-2.906209804;[0];-90.0000
-78.99813969;-2.906209371;[0];-90.2500
-78.99789688;-2.906208939;[0];-90.5000
-78.99765408;-2.906208506;[0];-90.7500
-78.99741128;-2.906208073;[0];-91.0625
-78.99716848;-2.906207641;[0];-91.3125
-78.99692567;-2.906207208;[0];-91.6250
-78.99668287;-2.906206775;[0];-92.0000
-78.99644007;-2.906206342;[0];-92.2500
-78.99619726;-2.906205909;[0];-92.5000
-78.99595446;-2.906205476;[0];-92.7500
-78.99571166;-2.906205043;[0];-93.0000
-78.99546886;-2.906204609;[0];-93.3125
-78.99522606;-2.906204176;[0];-93.6250
-78.99498325;-2.906203743;[0];-93.9375
-78.99474045;-2.90620331;[0];-94.1875
-78.99449765;-2.906202876;[0];-94.4375
-78.99425485;-2.906202443;[0];-94.7500
-78.99401204;-2.906202009;[0];-95.0000
-78.99376924;-2.906201576;[0];-95.2500
-78.99352644;-2.906201142;[0];-95.5000
-78.99328364;-2.906200709;[0];-95.7500
-78.99304084;-2.906200275;[0];-96.0000
-78.99279803;-2.906199841;[0];-96.1875
-78.99255523;-2.906199407;[0];-96.4375
-78.99231243;-2.906198973;[0];-96.6875
-78.99206963;-2.90619854;[0];-96.9375
-78.99182683;-2.906198106;[0];-97.1250
-78.99158402;-2.906197672;[0];-97.3750
-78.99134122;-2.906197238;[0];-97.5625
-78.99109842;-2.906196803;[0];-97.8125
-78.99085562;-2.906196369;[0];-98.0000
-78.99061282;-2.906195935;[0];-98.2500
-78.99037001;-2.906195501;[0];-98.4375
-78.99012721;-2.906195066;[0];-98.6875
-78.98988441;-2.906194632;[0];-98.9375
-78.98964161;-2.906194198;[0];-99.1250
-78.98939881;-2.906193763;[0];-99.3750
-78.98915601;-2.906193329;[0];-99.5625
-78.98891321;-2.906192894;[0];-99.7500
-78.98867040;-2.906192459;[0];-100.0000
-78.98842760;-2.906192025;[0];-100.1875
-78.9881848;-2.90619159;[0];-100.3750
-78.98794200;-2.906191155;[0];-100.5625
-78.98769920;-2.90619072;[0];-100.7500
-78.98745640;-2.906190285;[0];-100.9375
-78.98721360;-2.90618985;[0];-101.1250
-78.98697079;-2.906189415;[0];-101.3125
-78.98672799;-2.90618898;[0];-101.4375
-78.98648519;-2.906188545;[0];-101.6250
-78.98624239;-2.90618811;[0];-101.8125
-78.98599959;-2.906187675;[0];-102.0000
-79.00663824;-2.905980359;[0];-101.5625
-79.00639543;-2.905979928;[0];-101.3750
-79.00615263;-2.905979498;[0];-101.3750
-79.00445300;-2.90597648;[0];-102.0000
-79.00421020;-2.905976049;[0];-101.0000
-79.00396739;-2.905975618;[0];-99.4375
-79.00372459;-2.905975186;[0];-97.5625
-79.00348179;-2.905974755;[0];-95.6250
-79.00323898;-2.905974324;[0];-93.9375
-79.00299618;-2.905973892;[0];-92.5000
-79.00275338;-2.90597346;[0];-91.0000
-79.00251057;-2.905973029;[0];-90.0000
-79.00226777;-2.905972597;[0];-89.1875
-79.00202497;-2.905972165;[0];-88.5000
-79.00178216;-2.905971734;[0];-88.0625
-79.00153936;-2.905971302;[0];-87.6875
-79.00129656;-2.90597087;[0];-87.5000
-79.00105375;-2.905970438;[0];-87.0000
-79.00081095;-2.905970006;[0];-87.1250
-79.00056815;-2.905969574;[0];-87.1250
-79.00032534;-2.905969142;[0];-87.2500
-79.00008254;-2.90596871;[0];-87.5000
-78.99983974;-2.905968278;[0];-87.6250
-78.99959693;-2.905967845;[0];-87.8750
-78.99935413;-2.905967413;[0];-88.1250
-78.99911133;-2.905966981;[0];-88.3750
-78.99886853;-2.905966548;[0];-88.6250
-78.99862572;-2.905966116;[0];-88.9375
-78.99838292;-2.905965683;[0];-89.1875
-78.99814012;-2.905965251;[0];-89.5000
-78.99789731;-2.905964818;[0];-89.8125
-78.99765451;-2.905964386;[0];-90.1250
-78.99741171;-2.905963953;[0];-90.4375
-78.99716891;-2.90596352;[0];-90.6875
-78.99692610;-2.905963087;[0];-90.9375
-78.9966833;-2.905962654;[0];-91.2500
-78.99644050;-2.905962221;[0];-91.6250
-78.99619770;-2.905961788;[0];-91.9375
-78.99595489;-2.905961355;[0];-92.2500
-78.99571209;-2.905960922;[0];-92.5625
-78.99546929;-2.905960489;[0];-92.8750
-78.99522649;-2.905960056;[0];-93.1875
-78.99498368;-2.905959623;[0];-93.4375
-78.99474088;-2.90595919;[0];-93.7500
-78.99449808;-2.905958756;[0];-94.0000
-78.99425528;-2.905958323;[0];-94.2500
-78.99401247;-2.905957889;[0];-94.5625
-78.99376967;-2.905957456;[0];-94.8125
-78.99352687;-2.905957022;[0];-95.0625
-78.99328407;-2.905956589;[0];-95.3125
-78.99304127;-2.905956155;[0];-95.5625
-78.99279846;-2.905955721;[0];-95.8125
-78.99255566;-2.905955288;[0];-96.0625
-78.99231286;-2.905954854;[0];-96.3125
-78.99207006;-2.90595442;[0];-96.5625
-78.99182726;-2.905953986;[0];-96.8125
-78.99158445;-2.905953552;[0];-97.0625
-78.99134165;-2.905953118;[0];-97.3125
-78.99109885;-2.905952684;[0];-97.5625
-78.99085605;-2.90595225;[0];-97.7500
-78.99061325;-2.905951816;[0];-98.0000
-78.99037045;-2.905951381;[0];-98.2500
-78.99012764;-2.905950947;[0];-98.4375
-78.98988484;-2.905950513;[0];-98.6875
-78.98964204;-2.905950078;[0];-98.8750
-78.98939924;-2.905949644;[0];-99.0625
-78.98915644;-2.905949209;[0];-99.3125
-78.98891364;-2.905948775;[0];-99.5000
-78.98867084;-2.90594834;[0];-99.6875
-78.98842803;-2.905947906;[0];-99.8750
-78.98818523;-2.905947471;[0];-100.0625
-78.98794243;-2.905947036;[0];-100.2500
-78.98769963;-2.905946601;[0];-100.5000
-78.98745683;-2.905946166;[0];-100.6875
-78.98721403;-2.905945732;[0];-100.8750
-78.98697123;-2.905945297;[0];-101.0625
-78.98672843;-2.905944862;[0];-101.1875
-78.98648563;-2.905944426;[0];-101.3750
-78.98624282;-2.905943991;[0];-101.5625
-78.98600002;-2.905943556;[0];-101.7500
-78.98575722;-2.905943121;[0];-101.9375
-79.00663866;-2.905736237;[0];-102.0000
-79.00639586;-2.905735807;[0];-101.5000
-79.00615306;-2.905735376;[0];-101.6250
-79.00591025;-2.905734945;[0];-102.0000
-79.00348222;-2.905730634;[0];-98.5000
-79.00323941;-2.905730202;[0];-95.6875
-79.00299661;-2.905729771;[0];-92.6875
-79.00275381;-2.905729339;[0];-90.8125
-79.00251100;-2.905728908;[0];-89.1875
-79.00226820;-2.905728476;[0];-88.0625
-79.00202540;-2.905728044;[0];-87.3750
-79.00178259;-2.905727613;[0];-86.8125
-79.00153979;-2.905727181;[0];-86.1875
-79.00129699;-2.905726749;[0];-86.0000
-79.00105418;-2.905726317;[0];-85.8125
-79.00081138;-2.905725885;[0];-85.8125
-79.00056858;-2.905725453;[0];-86.0625
-79.00032577;-2.905725021;[0];-86.1875
-79.00008297;-2.905724589;[0];-86.4375
-78.99984017;-2.905724157;[0];-86.6250
-78.99959736;-2.905723725;[0];-86.8750
-78.99935456;-2.905723292;[0];-87.1875
-78.99911176;-2.90572286;[0];-87.5000
-78.99886896;-2.905722428;[0];-87.8125
-78.99862615;-2.905721995;[0];-88.1250
-78.99838335;-2.905721563;[0];-88.5000
-78.99814055;-2.90572113;[0];-88.8125
-78.99789774;-2.905720698;[0];-89.0625
-78.99765494;-2.905720265;[0];-89.3750
-78.99741214;-2.905719832;[0];-89.6875
-78.99716934;-2.9057194;[0];-90.0625
-78.99692653;-2.905718967;[0];-90.4375
-78.99668373;-2.905718534;[0];-90.7500
-78.99644093;-2.905718101;[0];-91.0625
-78.99619813;-2.905717668;[0];-91.4375
-78.99595532;-2.905717235;[0];-91.7500
-78.99571252;-2.905716802;[0];-92.0625
-78.99546972;-2.905716369;[0];-92.3750
-78.99522692;-2.905715936;[0];-92.6875
-78.99498411;-2.905715503;[0];-92.9375
-78.99474131;-2.905715069;[0];-93.2500
-78.99449851;-2.905714636;[0];-93.5625
-78.99425571;-2.905714203;[0];-93.8125
-78.99401291;-2.905713769;[0];-94.1250
-78.99377010;-2.905713336;[0];-94.3750
-78.99352730;-2.905712902;[0];-94.6250
-78.99328450;-2.905712469;[0];-94.9375
-78.99304170;-2.905712035;[0];-95.2500
-78.99279890;-2.905711602;[0];-95.5000
-78.99255609;-2.905711168;[0];-95.7500
-78.99231329;-2.905710734;[0];-96.0625
-78.99207049;-2.9057103;[0];-96.3125
-78.99182769;-2.905709866;[0];-96.5000
-78.99158489;-2.905709432;[0];-96.7500
-78.99134208;-2.905708998;[0];-97.0000
-78.99109928;-2.905708564;[0];-97.2500
-78.99085648;-2.90570813;[0];-97.4375
-78.99061368;-2.905707696;[0];-97.6875
-78.99037088;-2.905707262;[0];-97.9375
-78.99012808;-2.905706828;[0];-98.1250
-78.98988528;-2.905706393;[0];-98.3750
-78.98964247;-2.905705959;[0];-98.5625
-78.98939967;-2.905705525;[0];-98.8125
-78.98915687;-2.90570509;[0];-99.0000
-78.98891407;-2.905704656;[0];-99.1875
-78.98867127;-2.905704221;[0];-99.4375
-78.98842847;-2.905703786;[0];-99.6250
-78.98818567;-2.905703352;[0];-99.8125
-78.98794286;-2.905702917;[0];-100.0000
-78.98770006;-2.905702482;[0];-100.2500
-78.98745726;-2.905702047;[0];-100.4375
-78.98721446;-2.905701613;[0];-100.6250
-78.98697166;-2.905701178;[0];-100.8125
-78.98672886;-2.905700743;[0];-101.0000
-78.98648606;-2.905700308;[0];-101.1875
-78.98624326;-2.905699873;[0];-101.3750
-78.98600046;-2.905699437;[0];-101.5625
-78.98575766;-2.905699002;[0];-101.7500
-78.98551485;-2.905698567;[0];-101.9375
-79.00323984;-2.905486081;[0];-99.1250
-79.00299704;-2.905485649;[0];-94.1250
-79.00275423;-2.905485218;[0];-90.6875
-79.00251143;-2.905484786;[0];-88.5000
-79.00226863;-2.905484355;[0];-86.9375
-79.00202582;-2.905483923;[0];-86.0625
-79.00178302;-2.905483491;[0];-85.1250
-79.00154022;-2.90548306;[0];-84.8125
-79.00129742;-2.905482628;[0];-84.6250
-79.00105461;-2.905482196;[0];-84.6250
-79.00081181;-2.905481764;[0];-84.6875
-79.00056901;-2.905481332;[0];-84.8750
-79.00032620;-2.9054809;[0];-85.0625
-79.00008340;-2.905480468;[0];-85.3125
-78.99984060;-2.905480036;[0];-85.5625
-78.99959779;-2.905479604;[0];-85.8750
-78.99935499;-2.905479172;[0];-86.2500
-78.99911219;-2.905478739;[0];-86.6250
-78.99886939;-2.905478307;[0];-86.9375
-78.99862658;-2.905477875;[0];-87.3125
-78.99838378;-2.905477442;[0];-87.6250
-78.99814098;-2.90547701;[0];-88.0625
-78.99789817;-2.905476577;[0];-88.4375
-78.99765537;-2.905476145;[0];-88.8125
-78.99741257;-2.905475712;[0];-89.1250
-78.99716977;-2.905475279;[0];-89.4375
-78.99692696;-2.905474846;[0];-89.8125
-78.99668416;-2.905474414;[0];-90.1875
-78.99644136;-2.905473981;[0];-90.5000
-78.99619856;-2.905473548;[0];-90.8750
-78.99595575;-2.905473115;[0];-91.1875
-78.99571295;-2.905472682;[0];-91.5000
-78.99547015;-2.905472249;[0];-91.8125
-78.99522735;-2.905471816;[0];-92.1875
-78.99498455;-2.905471383;[0];-92.5000
-78.99474174;-2.905470949;[0];-92.8125
-78.99449894;-2.905470516;[0];-93.1250
-78.99425614;-2.905470083;[0];-93.4375
-78.99401334;-2.905469649;[0];-93.7500
-78.99377053;-2.905469216;[0];-94.0625
-78.99352773;-2.905468782;[0];-94.3125
-78.99328493;-2.905468349;[0];-94.6250
-78.99304213;-2.905467915;[0];-94.8750
-78.99279933;-2.905467482;[0];-95.1250
-78.99255653;-2.905467048;[0];-95.4375
-78.99231372;-2.905466614;[0];-95.6875
-78.99207092;-2.90546618;[0];-95.9375
-78.99182812;-2.905465747;[0];-96.1875
-78.99158532;-2.905465313;[0];-96.4375
-78.99134252;-2.905464879;[0];-96.6875
-78.99109971;-2.905464445;[0];-96.8750
-78.99085691;-2.905464011;[0];-97.1250
-78.99061411;-2.905463577;[0];-97.3750
-78.99037131;-2.905463142;[0];-97.6250
-78.99012851;-2.905462708;[0];-97.8750
-78.98988571;-2.905462274;[0];-98.0625
-78.98964291;-2.90546184;[0];-98.3125
-78.98940010;-2.905461405;[0];-98.5625
-78.98915730;-2.905460971;[0];-98.7500
-78.98891450;-2.905460536;[0];-99.0000
-78.9886717;-2.905460102;[0];-99.1875
-78.98842890;-2.905459667;[0];-99.4375
-78.98818610;-2.905459233;[0];-99.6250
-78.98794330;-2.905458798;[0];-99.8750
-78.98770050;-2.905458363;[0];-100.0625
-78.98745769;-2.905457928;[0];-100.2500
-78.98721489;-2.905457494;[0];-100.4375
-78.98697209;-2.905457059;[0];-100.6250
-78.98672929;-2.905456624;[0];-100.8125
-78.98648649;-2.905456189;[0];-101.0000
-78.98624369;-2.905455754;[0];-101.1875
-78.98600089;-2.905455319;[0];-101.3750
-78.98575809;-2.905454883;[0];-101.5625
-78.98551529;-2.905454448;[0];-101.7500
-78.98527249;-2.905454013;[0];-101.9375
-79.00445429;-2.905244116;[0];-99.7500
-79.00421148;-2.905243685;[0];-97.1250
-79.00396868;-2.905243253;[0];-96.5625
-79.00372588;-2.905242822;[0];-99.1250
-79.00348307;-2.905242391;[0];-100.9375
-79.00324027;-2.905241959;[0];-100.6875
-79.00299747;-2.905241528;[0];-96.8750
-79.00275466;-2.905241097;[0];-91.1250
-79.00251186;-2.905240665;[0];-87.6875
-79.00226906;-2.905240234;[0];-85.5000
-79.00202625;-2.905239802;[0];-84.3125
-79.00178345;-2.90523937;[0];-83.6875
-79.00154065;-2.905238939;[0];-83.4375
-79.00129784;-2.905238507;[0];-83.3125
-79.00105504;-2.905238075;[0];-83.3125
-79.00081224;-2.905237643;[0];-83.3750
-79.00056944;-2.905237211;[0];-83.6250
-79.00032663;-2.905236779;[0];-83.9375
-79.00008383;-2.905236347;[0];-84.3125
-78.99984103;-2.905235915;[0];-84.5625
-78.99959822;-2.905235483;[0];-84.8750
-78.99935542;-2.905235051;[0];-85.3125
-78.99911262;-2.905234619;[0];-85.7500
-78.99886982;-2.905234186;[0];-86.1875
-78.99862701;-2.905233754;[0];-86.5625
-78.99838421;-2.905233321;[0];-86.9375
-78.99814141;-2.905232889;[0];-87.3750
-78.99789860;-2.905232457;[0];-87.7500
-78.99765580;-2.905232024;[0];-88.1250
-78.99741300;-2.905231591;[0];-88.4375
-78.99717020;-2.905231159;[0];-88.8125
-78.99692739;-2.905230726;[0];-89.1875
-78.99668459;-2.905230293;[0];-89.5625
-78.99644179;-2.90522986;[0];-89.9375
-78.99619899;-2.905229428;[0];-90.3750
-78.99595619;-2.905228995;[0];-90.7500
-78.99571338;-2.905228562;[0];-91.0625
-78.99547058;-2.905228129;[0];-91.4375
-78.99522778;-2.905227696;[0];-91.7500
-78.99498498;-2.905227262;[0];-92.0625
-78.99474217;-2.905226829;[0];-92.4375
-78.99449937;-2.905226396;[0];-92.7500
-78.99425657;-2.905225963;[0];-93.0625
-78.99401377;-2.905225529;[0];-93.3125
-78.99377097;-2.905225096;[0];-93.6250
-78.99352816;-2.905224663;[0];-93.9375
-78.99328536;-2.905224229;[0];-94.1875
-78.99304256;-2.905223796;[0];-94.5000
-78.99279976;-2.905223362;[0];-94.7500
-78.99255696;-2.905222928;[0];-95.0625
-78.99231415;-2.905222495;[0];-95.3125
-78.99207135;-2.905222061;[0];-95.6250
-78.99182855;-2.905221627;[0];-95.8750
-78.99158575;-2.905221193;[0];-96.1250
-78.99134295;-2.905220759;[0];-96.3750
-78.99110015;-2.905220325;[0];-96.6875
-78.99085734;-2.905219891;[0];-96.9375
-78.99061454;-2.905219457;[0];-97.1875
-78.99037174;-2.905219023;[0];-97.3750
-78.99012894;-2.905218589;[0];-97.6250
-78.98988614;-2.905218155;[0];-97.8750
-78.98964334;-2.90521772;[0];-98.0625
-78.98940054;-2.905217286;[0];-98.3125
-78.98915774;-2.905216852;[0];-98.5000
-78.98891493;-2.905216417;[0];-98.7500
-78.98867213;-2.905215983;[0];-98.9375
-78.98842933;-2.905215548;[0];-99.1875
-78.98818653;-2.905215114;[0];-99.3750
-78.98794373;-2.905214679;[0];-99.5625
-78.98770093;-2.905214244;[0];-99.8125
-78.98745813;-2.905213809;[0];-100.0000
-78.98721533;-2.905213375;[0];-100.1875
-78.98697253;-2.90521294;[0];-100.3750
-78.98672972;-2.905212505;[0];-100.6250
-78.98648692;-2.90521207;[0];-100.8125
-78.98624412;-2.905211635;[0];-101.0000
-78.98600132;-2.9052112;[0];-101.1875
-78.98575852;-2.905210765;[0];-101.3750
-78.98551572;-2.90521033;[0];-101.5625
-78.98527292;-2.905209894;[0];-101.7500
-78.98503012;-2.905209459;[0];-101.9375
-79.00809677;-2.905006454;[0];-101.9375
-79.00785397;-2.905006024;[0];-101.6250
-79.00761117;-2.905005594;[0];-101.6250
-79.00736836;-2.905005163;[0];-101.7500
-79.00712556;-2.905004733;[0];-101.7500
-79.00469752;-2.905000425;[0];-99.3125
-79.00445472;-2.904999994;[0];-93.3125
-79.00421191;-2.904999563;[0];-90.3750
-79.00396911;-2.904999132;[0];-88.8750
-79.00372631;-2.904998701;[0];-89.5000
-79.00348350;-2.904998269;[0];-92.0625
-79.00324070;-2.904997838;[0];-98.0000
-79.00299790;-2.904997407;[0];-97.2500
-79.00275509;-2.904996975;[0];-92.1250
-79.00251229;-2.904996544;[0];-86.8750
-79.00226949;-2.904996112;[0];-84.1875
-79.00202668;-2.904995681;[0];-82.8750
-79.00178388;-2.904995249;[0];-82.2500
-79.00154108;-2.904994817;[0];-81.9375
-79.00129827;-2.904994386;[0];-81.8750
-79.00105547;-2.904993954;[0];-82.0000
-79.00081267;-2.904993522;[0];-82.1875
-79.00056986;-2.90499309;[0];-82.3750
-79.00032706;-2.904992658;[0];-82.8125
-79.00008426;-2.904992226;[0];-83.2500
-78.99984146;-2.904991794;[0];-83.6250
-78.99959865;-2.904991362;[0];-84.0000
-78.99935585;-2.90499093;[0];-84.4375
-78.99911305;-2.904990498;[0];-84.8750
-78.99887025;-2.904990065;[0];-85.3125
-78.99862744;-2.904989633;[0];-85.7500
-78.99838464;-2.904989201;[0];-86.1875
-78.99814184;-2.904988768;[0];-86.6250
-78.99789903;-2.904988336;[0];-87.0625
-78.99765623;-2.904987903;[0];-87.5000
-78.99741343;-2.904987471;[0];-87.9375
-78.99717063;-2.904987038;[0];-88.3125
-78.99692783;-2.904986606;[0];-88.6875
-78.99668502;-2.904986173;[0];-89.0625
-78.99644222;-2.90498574;[0];-89.4375
-78.99619942;-2.904985307;[0];-89.8125
-78.99595662;-2.904984874;[0];-90.1875
-78.99571381;-2.904984441;[0];-90.5625
-78.99547101;-2.904984008;[0];-90.9375
-78.99522821;-2.904983575;[0];-91.2500
-78.99498541;-2.904983142;[0];-91.6250
-78.99474261;-2.904982709;[0];-92.0000
-78.99449980;-2.904982276;[0];-92.3125
-78.994257;-2.904981843;[0];-92.6250
-78.99401420;-2.904981409;[0];-93.0000
-78.99377140;-2.904980976;[0];-93.3125
-78.99352860;-2.904980543;[0];-93.6250
-78.99328579;-2.904980109;[0];-93.9375
-78.99304299;-2.904979676;[0];-94.1875
-78.99280019;-2.904979242;[0];-94.5000
-78.99255739;-2.904978808;[0];-94.7500
-78.99231459;-2.904978375;[0];-95.0625
-78.99207178;-2.904977941;[0];-95.3125
-78.99182898;-2.904977507;[0];-95.5625
-78.99158618;-2.904977074;[0];-95.8125
-78.99134338;-2.90497664;[0];-96.1250
-78.99110058;-2.904976206;[0];-96.3750
-78.99085778;-2.904975772;[0];-96.6250
-78.99061498;-2.904975338;[0];-96.8750
-78.99037217;-2.904974904;[0];-97.1250
-78.99012937;-2.904974469;[0];-97.3125
-78.98988657;-2.904974035;[0];-97.5625
-78.98964377;-2.904973601;[0];-97.8125
-78.98940097;-2.904973167;[0];-98.0625
-78.98915817;-2.904972732;[0];-98.3125
-78.98891537;-2.904972298;[0];-98.5000
-78.98867256;-2.904971864;[0];-98.7500
-78.98842976;-2.904971429;[0];-98.9375
-78.98818696;-2.904970994;[0];-99.1875
-78.98794416;-2.90497056;[0];-99.3750
-78.98770136;-2.904970125;[0];-99.6250
-78.98745856;-2.90496969;[0];-99.8125
-78.98721576;-2.904969256;[0];-100.0000
-78.98697296;-2.904968821;[0];-100.2500
-78.98673016;-2.904968386;[0];-100.4375
-78.98648736;-2.904967951;[0];-100.6250
-78.98624456;-2.904967516;[0];-100.8125
-78.98600175;-2.904967081;[0];-101.0000
-78.98575895;-2.904966646;[0];-101.1875
-78.98551615;-2.904966211;[0];-101.3750
-78.98527335;-2.904965776;[0];-101.5625
-78.98503055;-2.90496534;[0];-101.7500
-78.98478775;-2.904964905;[0];-101.9375
-79.00906842;-2.904764053;[0];-102.0000
-79.00882561;-2.904763623;[0];-101.5625
-79.00858281;-2.904763193;[0];-101.1875
-79.00834001;-2.904762763;[0];-100.8750
-79.00809720;-2.904762332;[0];-100.5000
-79.00785440;-2.904761902;[0];-100.2500
-79.00761159;-2.904761472;[0];-100.0625
-79.00736879;-2.904761041;[0];-100.1250
-79.00712599;-2.904760611;[0];-100.2500
-79.00688318;-2.90476018;[0];-100.5625
-79.00664038;-2.90475975;[0];-101.3125
-79.00494075;-2.904756735;[0];-97.1875
-79.00469795;-2.904756304;[0];-95.9375
-79.00445515;-2.904755873;[0];-90.8750
-79.00421234;-2.904755441;[0];-88.2500
-79.00396954;-2.90475501;[0];-85.5625
-79.00372674;-2.904754579;[0];-84.0625
-79.00348393;-2.904754148;[0];-84.1250
-79.00324113;-2.904753717;[0];-88.3125
-79.00299833;-2.904753285;[0];-94.6250
-79.00275552;-2.904752854;[0];-92.5625
-79.00251272;-2.904752423;[0];-85.9375
-79.00226992;-2.904751991;[0];-82.7500
-79.00202711;-2.90475156;[0];-81.2500
-79.00178431;-2.904751128;[0];-80.6250
-79.00154151;-2.904750696;[0];-80.3750
-79.00129870;-2.904750265;[0];-80.3750
-79.0010559;-2.904749833;[0];-80.6875
-79.00081310;-2.904749401;[0];-80.9375
-79.00057029;-2.904748969;[0];-81.2500
-79.00032749;-2.904748537;[0];-81.6875
-79.00008469;-2.904748105;[0];-82.1250
-78.99984189;-2.904747673;[0];-82.6250
-78.99959908;-2.904747241;[0];-83.0625
-78.99935628;-2.904746809;[0];-83.5625
-78.99911348;-2.904746377;[0];-84.1250
-78.99887068;-2.904745945;[0];-84.5625
-78.99862787;-2.904745513;[0];-85.0625
-78.99838507;-2.90474508;[0];-85.5000
-78.99814227;-2.904744648;[0];-86.0000
-78.99789947;-2.904744215;[0];-86.4375
-78.99765666;-2.904743783;[0];-86.8750
-78.99741386;-2.90474335;[0];-87.2500
-78.99717106;-2.904742918;[0];-87.6875
-78.99692826;-2.904742485;[0];-88.1250
-78.99668545;-2.904742052;[0];-88.5625
-78.99644265;-2.90474162;[0];-89.0000
-78.99619985;-2.904741187;[0];-89.3750
-78.99595705;-2.904740754;[0];-89.8125
-78.99571424;-2.904740321;[0];-90.1875
-78.99547144;-2.904739888;[0];-90.5625
-78.99522864;-2.904739455;[0];-90.8750
-78.99498584;-2.904739022;[0];-91.2500
-78.99474304;-2.904738589;[0];-91.6250
-78.99450023;-2.904738156;[0];-91.9375
-78.99425743;-2.904737723;[0];-92.2500
-78.99401463;-2.904737289;[0];-92.6250
-78.99377183;-2.904736856;[0];-92.9375
-78.99352903;-2.904736423;[0];-93.2500
-78.99328622;-2.904735989;[0];-93.5625
-78.99304342;-2.904735556;[0];-93.8750
-78.99280062;-2.904735122;[0];-94.1875
-78.99255782;-2.904734689;[0];-94.4375
-78.99231502;-2.904734255;[0];-94.7500
-78.99207222;-2.904733821;[0];-95.0625
-78.99182941;-2.904733388;[0];-95.3125
-78.99158661;-2.904732954;[0];-95.5625
-78.99134381;-2.90473252;[0];-95.8750
-78.99110101;-2.904732086;[0];-96.1250
-78.99085821;-2.904731652;[0];-96.3750
-78.99061541;-2.904731218;[0];-96.6250
-78.99037261;-2.904730784;[0];-96.8750
-78.99012980;-2.90473035;[0];-97.1250
-78.98988700;-2.904729916;[0];-97.3750
-78.98964420;-2.904729482;[0];-97.6250
-78.9894014;-2.904729047;[0];-97.8125
-78.98915860;-2.904728613;[0];-98.0625
-78.98891580;-2.904728179;[0];-98.3125
-78.98867300;-2.904727744;[0];-98.5000
-78.98843020;-2.90472731;[0];-98.7500
-78.98818739;-2.904726875;[0];-98.9375
-78.98794459;-2.904726441;[0];-99.1875
-78.98770179;-2.904726006;[0];-99.3750
-78.98745899;-2.904725571;[0];-99.6250
-78.98721619;-2.904725137;[0];-99.8125
-78.98697339;-2.904724702;[0];-100.0000
-78.98673059;-2.904724267;[0];-100.1875
-78.98648779;-2.904723832;[0];-100.4375
-78.98624499;-2.904723397;[0];-100.6250
-78.98600219;-2.904722962;[0];-100.8125
-78.98575939;-2.904722527;[0];-101.0000
-78.98551659;-2.904722092;[0];-101.1875
-78.98527379;-2.904721657;[0];-101.3750
-78.98503098;-2.904721222;[0];-101.5625
-78.98478818;-2.904720787;[0];-101.7500
-78.98454538;-2.904720351;[0];-101.9375
-79.00955445;-2.904520791;[0];-101.9375
-79.00931165;-2.904520361;[0];-101.4375
-79.00906885;-2.904519931;[0];-101.0000
-79.00882604;-2.904519501;[0];-100.5625
-79.00858324;-2.904519071;[0];-100.1250
-79.00834043;-2.90451864;[0];-99.7500
-79.00809763;-2.90451821;[0];-99.3750
-79.00785483;-2.90451778;[0];-98.9375
-79.00761202;-2.90451735;[0];-98.7500
-79.00736922;-2.904516919;[0];-98.5625
-79.00712641;-2.904516489;[0];-98.5000
-79.00688361;-2.904516058;[0];-98.7500
-79.00664081;-2.904515628;[0];-99.2500
-79.00639800;-2.904515197;[0];-100.6250
-79.00518398;-2.904513044;[0];-100.1875
-79.00494118;-2.904512613;[0];-95.5625
-79.00469838;-2.904512182;[0];-93.2500
-79.00445557;-2.904511751;[0];-89.3125
-79.00421277;-2.90451132;[0];-84.1875
-79.00396997;-2.904510889;[0];-80.8750
-79.00372716;-2.904510458;[0];-84.2500
-79.00348436;-2.904510027;[0];-78.3125
-79.00324156;-2.904509595;[0];-80.3750
-79.00299875;-2.904509164;[0];-90.5000
-79.00275595;-2.904508733;[0];-90.4375
-79.00251315;-2.904508301;[0];-85.0000
-79.00227034;-2.90450787;[0];-81.1875
-79.00202754;-2.904507438;[0];-79.6250
-79.00178474;-2.904507007;[0];-78.8750
-79.00154194;-2.904506575;[0];-78.8750
-79.00129913;-2.904506144;[0];-78.9375
-79.00105633;-2.904505712;[0];-79.3750
-79.00081353;-2.90450528;[0];-79.7500
-79.00057072;-2.904504848;[0];-80.1250
-79.00032792;-2.904504416;[0];-80.6875
-79.00008512;-2.904503984;[0];-81.1875
-78.99984232;-2.904503552;[0];-81.6875
-78.99959951;-2.90450312;[0];-82.2500
-78.99935671;-2.904502688;[0];-82.7500
-78.99911391;-2.904502256;[0];-83.3125
-78.99887111;-2.904501824;[0];-83.8750
-78.99862830;-2.904501392;[0];-84.3750
-78.9983855;-2.90450096;[0];-84.8750
-78.99814270;-2.904500527;[0];-85.3750
-78.99789990;-2.904500095;[0];-85.8125
-78.99765709;-2.904499662;[0];-86.3125
-78.99741429;-2.90449923;[0];-86.7500
-78.99717149;-2.904498797;[0];-87.1875
-78.99692869;-2.904498365;[0];-87.6250
-78.99668588;-2.904497932;[0];-88.0625
-78.99644308;-2.904497499;[0];-88.5000
-78.99620028;-2.904497067;[0];-88.9375
-78.99595748;-2.904496634;[0];-89.3750
-78.99571467;-2.904496201;[0];-89.7500
-78.99547187;-2.904495768;[0];-90.1250
-78.99522907;-2.904495335;[0];-90.5000
-78.99498627;-2.904494902;[0];-90.8750
-78.99474347;-2.904494469;[0];-91.2500
-78.99450066;-2.904494036;[0];-91.6250
-78.99425786;-2.904493603;[0];-91.9375
-78.99401506;-2.904493169;[0];-92.2500
-78.99377226;-2.904492736;[0];-92.6250
-78.99352946;-2.904492303;[0];-92.9375
-78.99328666;-2.904491869;[0];-93.2500
-78.99304385;-2.904491436;[0];-93.5625
-78.99280105;-2.904491003;[0];-93.8750
-78.99255825;-2.904490569;[0];-94.1250
-78.99231545;-2.904490135;[0];-94.4375
-78.99207265;-2.904489702;[0];-94.7500
-78.99182985;-2.904489268;[0];-95.0000
-78.99158704;-2.904488834;[0];-95.3125
-78.99134424;-2.9044884;[0];-95.5625
-78.99110144;-2.904487967;[0];-95.8125
-78.99085864;-2.904487533;[0];-96.0625
-78.99061584;-2.904487099;[0];-96.3125
-78.99037304;-2.904486665;[0];-96.6250
-78.99013024;-2.904486231;[0];-96.8750
-78.98988743;-2.904485797;[0];-97.1250
-78.98964463;-2.904485362;[0];-97.3125
-78.98940183;-2.904484928;[0];-97.5625
-78.98915903;-2.904484494;[0];-97.8125
-78.98891623;-2.90448406;[0];-98.0625
-78.98867343;-2.904483625;[0];-98.3125
-78.98843063;-2.904483191;[0];-98.5000
-78.98818783;-2.904482756;[0];-98.7500
-78.98794503;-2.904482322;[0];-98.9375
-78.98770223;-2.904481887;[0];-99.1875
-78.98745942;-2.904481452;[0];-99.3750
-78.98721662;-2.904481018;[0];-99.6250
-78.98697382;-2.904480583;[0];-99.8125
-78.98673102;-2.904480148;[0];-100.0000
-78.98648822;-2.904479713;[0];-100.2500
-78.98624542;-2.904479278;[0];-100.4375
-78.98600262;-2.904478843;[0];-100.6250
-78.98575982;-2.904478408;[0];-100.8125
-78.98551702;-2.904477973;[0];-101.0000
-78.98527422;-2.904477538;[0];-101.1875
-78.98503142;-2.904477103;[0];-101.3750
-78.98478862;-2.904476668;[0];-101.5625
-78.98454582;-2.904476233;[0];-101.7500
-78.98430302;-2.904475797;[0];-101.9375
-79.00979769;-2.904277098;[0];-101.8125
-79.00955488;-2.904276668;[0];-101.3125
-79.00931208;-2.904276238;[0];-100.7500
-79.00906927;-2.904275808;[0];-100.2500
-79.00882647;-2.904275378;[0];-99.7500
-79.00858366;-2.904274948;[0];-99.2500
-79.00834086;-2.904274518;[0];-98.7500
-79.00809806;-2.904274088;[0];-98.2500
-79.00785525;-2.904273658;[0];-97.7500
-79.00761245;-2.904273228;[0];-97.5000
-79.00736965;-2.904272797;[0];-97.2500
-79.00712684;-2.904272367;[0];-97.0000
-79.00688404;-2.904271937;[0];-97.0625
-79.00664123;-2.904271506;[0];-97.3125
-79.00639843;-2.904271076;[0];-98.6250
-79.00615563;-2.904270645;[0];-101.6250
-79.00542722;-2.904269353;[0];-101.3125
-79.00518441;-2.904268922;[0];-94.9375
-79.00494161;-2.904268491;[0];-92.1875
-79.00469881;-2.90426806;[0];-90.8750
-79.00445600;-2.904267629;[0];-69.7500
-79.00421320;-2.904267198;[0];-66.3750
-79.00397040;-2.904266767;[0];-63.3125
-79.00372759;-2.904266336;[0];-72.8125
-79.00348479;-2.904265905;[0];-73.5625
-79.00324199;-2.904265474;[0];-74.1875
-79.00299918;-2.904265043;[0];-82.9375
-79.00275638;-2.904264611;[0];-88.5000
-79.00251358;-2.90426418;[0];-83.4375
-79.00227077;-2.904263749;[0];-79.3750
-79.00202797;-2.904263317;[0];-77.8125
-79.00178517;-2.904262886;[0];-77.2500
-79.00154236;-2.904262454;[0];-77.4375
-79.00129956;-2.904262022;[0];-77.6875
-79.00105676;-2.904261591;[0];-78.1250
-79.00081396;-2.904261159;[0];-78.6250
-79.00057115;-2.904260727;[0];-79.1250
-79.00032835;-2.904260295;[0];-79.7500
-79.00008555;-2.904259864;[0];-80.3125
-78.99984275;-2.904259432;[0];-80.9375
-78.99959994;-2.904259;[0];-81.5000
-78.99935714;-2.904258568;[0];-82.0000
-78.99911434;-2.904258135;[0];-82.6250
-78.99887154;-2.904257703;[0];-83.1875
-78.99862873;-2.904257271;[0];-83.7500
-78.99838593;-2.904256839;[0];-84.2500
-78.99814313;-2.904256407;[0];-84.7500
-78.99790033;-2.904255974;[0];-85.2500
-78.99765752;-2.904255542;[0];-85.7500
-78.99741472;-2.904255109;[0];-86.2500
-78.99717192;-2.904254677;[0];-86.6875
-78.99692912;-2.904254244;[0];-87.1250
-78.99668631;-2.904253812;[0];-87.6250
-78.99644351;-2.904253379;[0];-88.0625
-78.99620071;-2.904252946;[0];-88.5000
-78.99595791;-2.904252514;[0];-88.9375
-78.99571511;-2.904252081;[0];-89.3125
-78.99547230;-2.904251648;[0];-89.7500
-78.99522950;-2.904251215;[0];-90.1250
-78.99498670;-2.904250782;[0];-90.5000
-78.99474390;-2.904250349;[0];-90.8750
-78.99450110;-2.904249916;[0];-91.2500
-78.99425829;-2.904249483;[0];-91.6250
-78.99401549;-2.904249049;[0];-91.9375
-78.99377269;-2.904248616;[0];-92.3125
-78.99352989;-2.904248183;[0];-92.6250
-78.99328709;-2.90424775;[0];-92.9375
-78.99304428;-2.904247316;[0];-93.2500
-78.99280148;-2.904246883;[0];-93.5625
-78.99255868;-2.904246449;[0];-93.8750
-78.99231588;-2.904246016;[0];-94.1875
-78.99207308;-2.904245582;[0];-94.5000
-78.99183028;-2.904245148;[0];-94.7500
-78.99158748;-2.904244715;[0];-95.0625
-78.99134467;-2.904244281;[0];-95.3125
-78.99110187;-2.904243847;[0];-95.6250
-78.99085907;-2.904243413;[0];-95.8750
-78.99061627;-2.904242979;[0];-96.1250
-78.99037347;-2.904242545;[0];-96.3750
-78.99013067;-2.904242111;[0];-96.6250
-78.98988787;-2.904241677;[0];-96.8750
-78.98964507;-2.904241243;[0];-97.1250
-78.98940226;-2.904240809;[0];-97.3750
-78.98915946;-2.904240375;[0];-97.6250
-78.98891666;-2.90423994;[0];-97.8750
-78.98867386;-2.904239506;[0];-98.1250
-78.98843106;-2.904239072;[0];-98.3125
-78.98818826;-2.904238637;[0];-98.5625
-78.98794546;-2.904238203;[0];-98.7500
-78.98770266;-2.904237768;[0];-99.0000
-78.98745986;-2.904237333;[0];-99.1875
-78.98721706;-2.904236899;[0];-99.4375
-78.98697425;-2.904236464;[0];-99.6250
-78.98673145;-2.904236029;[0];-99.8125
-78.98648865;-2.904235595;[0];-100.0625
-78.98624585;-2.90423516;[0];-100.2500
-78.98600305;-2.904234725;[0];-100.4375
-78.98576025;-2.90423429;[0];-100.6250
-78.98551745;-2.904233855;[0];-100.8125
-78.98527465;-2.90423342;[0];-101.0625
-78.98503185;-2.904232985;[0];-101.2500
-78.98478905;-2.904232549;[0];-101.4375
-78.98454625;-2.904232114;[0];-101.6250
-78.98430345;-2.904231679;[0];-101.7500
-78.98406065;-2.904231243;[0];-101.9375
-79.01004092;-2.904033405;[0];-101.8125
-79.00979811;-2.904032976;[0];-101.3125
-79.00955531;-2.904032546;[0];-100.8125
-79.00931250;-2.904032116;[0];-100.2500
-79.0090697;-2.904031686;[0];-99.6875
-79.00882690;-2.904031256;[0];-99.1875
-79.00858409;-2.904030826;[0];-98.6250
-79.00834129;-2.904030396;[0];-98.0625
-79.00809848;-2.904029966;[0];-97.5000
-79.00785568;-2.904029536;[0];-96.9375
-79.00761288;-2.904029106;[0];-96.5625
-79.00737007;-2.904028675;[0];-96.2500
-79.00712727;-2.904028245;[0];-95.9375
-79.00688447;-2.904027815;[0];-95.8750
-79.00664166;-2.904027384;[0];-96.0000
-79.00639886;-2.904026954;[0];-97.1250
-79.00615606;-2.904026523;[0];-99.8750
-79.00542764;-2.904025231;[0];-97.5000
-79.00518484;-2.9040248;[0];-90.1250
-79.00494204;-2.90402437;[0];-86.9375
-79.00469923;-2.904023939;[0];-82.5000
-79.00445643;-2.904023508;[0];-68.1250
-79.00421363;-2.904023077;[0];-21.6250
-79.00397082;-2.904022646;[0];-57.7500
-79.00372802;-2.904022215;[0];-65.8125
-79.00348522;-2.904021784;[0];-69.7500
-79.00324242;-2.904021353;[0];-69.6250
-79.00299961;-2.904020921;[0];-78.5000
-79.00275681;-2.90402049;[0];-86.4375
-79.00251401;-2.904020059;[0];-81.1250
-79.00227120;-2.904019627;[0];-77.3750
-79.0020284;-2.904019196;[0];-76.1250
-79.00178560;-2.904018764;[0];-75.7500
-79.00154279;-2.904018333;[0];-76.0625
-79.00129999;-2.904017901;[0];-76.4375
-79.00105719;-2.90401747;[0];-77.0000
-79.00081439;-2.904017038;[0];-77.5625
-79.00057158;-2.904016606;[0];-78.1250
-79.00032878;-2.904016175;[0];-78.8125
-79.00008598;-2.904015743;[0];-79.4375
-78.99984318;-2.904015311;[0];-80.0625
-78.99960037;-2.904014879;[0];-80.6875
-78.99935757;-2.904014447;[0];-81.3125
-78.99911477;-2.904014015;[0];-81.9375
-78.99887196;-2.904013583;[0];-82.5000
-78.99862916;-2.90401315;[0];-83.1250
-78.99838636;-2.904012718;[0];-83.6875
-78.99814356;-2.904012286;[0];-84.2500
-78.99790076;-2.904011854;[0];-84.7500
-78.99765795;-2.904011421;[0];-85.2500
-78.99741515;-2.904010989;[0];-85.7500
-78.99717235;-2.904010556;[0];-86.2500
-78.99692955;-2.904010124;[0];-86.6875
-78.99668674;-2.904009691;[0];-87.1250
-78.99644394;-2.904009259;[0];-87.6250
-78.99620114;-2.904008826;[0];-88.0625
-78.99595834;-2.904008393;[0];-88.5000
-78.99571554;-2.90400796;[0];-88.9375
-78.99547273;-2.904007528;[0];-89.3125
-78.99522993;-2.904007095;[0];-89.7500
-78.99498713;-2.904006662;[0];-90.1250
-78.99474433;-2.904006229;[0];-90.5000
-78.99450153;-2.904005796;[0];-90.8750
-78.99425872;-2.904005363;[0];-91.2500
-78.99401592;-2.904004929;[0];-91.6250
-78.99377312;-2.904004496;[0];-91.9375
-78.99353032;-2.904004063;[0];-92.2500
-78.99328752;-2.90400363;[0];-92.6250
-78.99304472;-2.904003196;[0];-92.9375
-78.99280191;-2.904002763;[0];-93.2500
-78.99255911;-2.904002329;[0];-93.5625
-78.99231631;-2.904001896;[0];-93.8750
-78.99207351;-2.904001462;[0];-94.1875
-78.99183071;-2.904001029;[0];-94.4375
-78.99158791;-2.904000595;[0];-94.7500
-78.99134511;-2.904000161;[0];-95.0625
-78.99110230;-2.903999727;[0];-95.3125
-78.99085950;-2.903999294;[0];-95.5625
-78.99061670;-2.90399886;[0];-95.8750
-78.9903739;-2.903998426;[0];-96.1250
-78.99013110;-2.903997992;[0];-96.3750
-78.98988830;-2.903997558;[0];-96.6250
-78.98964550;-2.903997124;[0];-96.8750
-78.98940270;-2.90399669;[0];-97.1250
-78.98915990;-2.903996255;[0];-97.3750
-78.98891709;-2.903995821;[0];-97.6250
-78.98867429;-2.903995387;[0];-97.8750
-78.98843149;-2.903994952;[0];-98.0625
-78.98818869;-2.903994518;[0];-98.3125
-78.98794589;-2.903994084;[0];-98.5625
-78.98770309;-2.903993649;[0];-98.7500
-78.98746029;-2.903993214;[0];-99.0000
-78.98721749;-2.90399278;[0];-99.1875
-78.98697469;-2.903992345;[0];-99.4375
-78.98673189;-2.90399191;[0];-99.6250
-78.98648909;-2.903991476;[0];-99.8125
-78.98624629;-2.903991041;[0];-100.0625
-78.98600348;-2.903990606;[0];-100.2500
-78.98576068;-2.903990171;[0];-100.4375
-78.98551788;-2.903989736;[0];-100.6250
-78.98527508;-2.903989301;[0];-100.8125
-78.98503228;-2.903988866;[0];-101.0000
-78.98478948;-2.903988431;[0];-101.1875
-78.98454668;-2.903987996;[0];-101.3750
-78.98430388;-2.90398756;[0];-101.5625
-78.98406108;-2.903987125;[0];-101.7500
-78.98381828;-2.90398669;[0];-101.9375
-79.01028415;-2.903789713;[0];-101.8750
-79.01004134;-2.903789283;[0];-101.3750
-79.00979854;-2.903788853;[0];-100.8750
-79.00955574;-2.903788424;[0];-100.3125
-79.00931293;-2.903787994;[0];-99.7500
-79.00907013;-2.903787564;[0];-99.1250
-79.00882732;-2.903787134;[0];-98.5625
-79.00858452;-2.903786704;[0];-98.0000
-79.00834172;-2.903786274;[0];-97.3750
-79.00809891;-2.903785844;[0];-96.7500
-79.00785611;-2.903785414;[0];-96.1250
-79.00761331;-2.903784984;[0];-95.7500
-79.00737050;-2.903784553;[0];-95.3125
-79.00712770;-2.903784123;[0];-94.9375
-79.00688489;-2.903783693;[0];-94.8125
-79.00664209;-2.903783262;[0];-94.7500
-79.00639929;-2.903782832;[0];-95.6875
-79.00615648;-2.903782401;[0];-97.9375
-79.00542807;-2.90378111;[0];-97.1875
-79.00518527;-2.903780679;[0];-88.6250
-79.00494247;-2.903780248;[0];-84.3750
-79.00469966;-2.903779817;[0];-83.1875
-79.00445686;-2.903779386;[0];-65.2500
-79.00421406;-2.903778955;[0];-57.0625
-79.00397125;-2.903778524;[0];-53.5000
-79.00372845;-2.903778093;[0];-62.8125
-79.00348565;-2.903777662;[0];-65.1250
-79.00324284;-2.903777231;[0];-67.4375
-79.00300004;-2.9037768;[0];-78.5625
-79.00275724;-2.903776369;[0];-83.7500
-79.00251443;-2.903775938;[0];-78.3125
-79.00227163;-2.903775506;[0];-75.3750
-79.00202883;-2.903775075;[0];-74.4375
-79.00178603;-2.903774643;[0];-74.3125
-79.00154322;-2.903774212;[0];-74.7500
-79.00130042;-2.90377378;[0];-75.2500
-79.00105762;-2.903773349;[0];-75.9375
-79.00081482;-2.903772917;[0];-76.6250
-79.00057201;-2.903772485;[0];-77.2500
-79.00032921;-2.903772054;[0];-78.0000
-79.00008641;-2.903771622;[0];-78.6875
-78.99984360;-2.90377119;[0];-79.3750
-78.99960080;-2.903770758;[0];-80.0625
-78.99935800;-2.903770326;[0];-80.6875
-78.99911520;-2.903769894;[0];-81.3125
-78.99887239;-2.903769462;[0];-81.9375
-78.99862959;-2.90376903;[0];-82.5625
-78.99838679;-2.903768598;[0];-83.1250
-78.99814399;-2.903768165;[0];-83.6875
-78.99790119;-2.903767733;[0];-84.2500
-78.99765838;-2.903767301;[0];-84.7500
-78.99741558;-2.903766868;[0];-85.2500
-78.99717278;-2.903766436;[0];-85.7500
-78.99692998;-2.903766003;[0];-86.2500
-78.99668717;-2.903765571;[0];-86.6875
-78.99644437;-2.903765138;[0];-87.1875
-78.99620157;-2.903764706;[0];-87.6250
-78.99595877;-2.903764273;[0];-88.1250
-78.99571597;-2.90376384;[0];-88.5625
-78.99547316;-2.903763407;[0];-88.9375
-78.99523036;-2.903762975;[0];-89.3750
-78.99498756;-2.903762542;[0];-89.8125
-78.99474476;-2.903762109;[0];-90.1875
-78.99450196;-2.903761676;[0];-90.5625
-78.99425916;-2.903761243;[0];-90.9375
-78.99401635;-2.903760809;[0];-91.3125
-78.99377355;-2.903760376;[0];-91.6250
-78.99353075;-2.903759943;[0];-92.0000
-78.99328795;-2.90375951;[0];-92.3125
-78.99304515;-2.903759076;[0];-92.6875
-78.99280235;-2.903758643;[0];-93.0000
-78.99255954;-2.90375821;[0];-93.3125
-78.99231674;-2.903757776;[0];-93.6250
-78.99207394;-2.903757343;[0];-93.9375
-78.99183114;-2.903756909;[0];-94.2500
-78.99158834;-2.903756475;[0];-94.5000
-78.99134554;-2.903756042;[0];-94.8125
-78.99110274;-2.903755608;[0];-95.1250
-78.99085993;-2.903755174;[0];-95.3750
-78.99061713;-2.90375474;[0];-95.6250
-78.99037433;-2.903754306;[0];-95.9375
-78.99013153;-2.903753872;[0];-96.1875
-78.98988873;-2.903753438;[0];-96.4375
-78.98964593;-2.903753004;[0];-96.6875
-78.98940313;-2.90375257;[0];-96.9375
-78.98916033;-2.903752136;[0];-97.1875
-78.98891753;-2.903751702;[0];-97.4375
-78.98867473;-2.903751268;[0];-97.6875
-78.98843192;-2.903750833;[0];-97.9375
-78.98818912;-2.903750399;[0];-98.1250
-78.98794632;-2.903749964;[0];-98.3750
-78.98770352;-2.90374953;[0];-98.6250
-78.98746072;-2.903749095;[0];-98.8125
-78.98721792;-2.903748661;[0];-99.0625
-78.98697512;-2.903748226;[0];-99.2500
-78.98673232;-2.903747792;[0];-99.5000
-78.98648952;-2.903747357;[0];-99.6875
-78.98624672;-2.903746922;[0];-99.8750
-78.98600392;-2.903746487;[0];-100.1250
-78.98576112;-2.903746052;[0];-100.3125
-78.98551832;-2.903745617;[0];-100.5000
-78.98527552;-2.903745182;[0];-100.6875
-78.98503272;-2.903744747;[0];-100.8750
-78.98478992;-2.903744312;[0];-101.0625
-78.98454712;-2.903743877;[0];-101.2500
-78.98430431;-2.903743442;[0];-101.4375
-78.98406151;-2.903743006;[0];-101.6250
-78.98381871;-2.903742571;[0];-101.8125
-78.98357591;-2.903742136;[0];-102.0000
-79.01052738;-2.90354602;[0];-102.0000
-79.01028458;-2.90354559;[0];-101.5000
-79.01004177;-2.903545161;[0];-100.9375
-79.00979897;-2.903544731;[0];-100.4375
-79.00955616;-2.903544301;[0];-99.8125
-79.00931336;-2.903543871;[0];-99.2500
-79.00907056;-2.903543442;[0];-98.6250
-79.00882775;-2.903543012;[0];-98.0625
-79.00858495;-2.903542582;[0];-97.5000
-79.00834214;-2.903542152;[0];-96.9375
-79.00809934;-2.903541722;[0];-96.3125
-79.00785654;-2.903541292;[0];-95.6250
-79.00761373;-2.903540862;[0];-95.1250
-79.00737093;-2.903540431;[0];-94.6250
-79.00712813;-2.903540001;[0];-94.3125
-79.00688532;-2.903539571;[0];-94.0000
-79.00664252;-2.90353914;[0];-93.9375
-79.00639972;-2.90353871;[0];-94.4375
-79.00615691;-2.90353828;[0];-96.1250
-79.00591411;-2.903537849;[0];-100.1875
-79.00542850;-2.903536988;[0];-99.9375
-79.00518570;-2.903536557;[0];-89.6875
-79.00494289;-2.903536126;[0];-84.0000
-79.00470009;-2.903535696;[0];-81.6250
-79.00445729;-2.903535265;[0];-76.0625
-79.00421449;-2.903534834;[0];-65.8750
-79.00397168;-2.903534403;[0];-64.2500
-79.00372888;-2.903533972;[0];-66.3750
-79.00348608;-2.903533541;[0];-62.8750
-79.00324327;-2.90353311;[0];-68.5000
-79.00300047;-2.903532679;[0];-83.3125
-79.00275767;-2.903532247;[0];-80.1875
-79.00251486;-2.903531816;[0];-75.3125
-79.00227206;-2.903531385;[0];-73.5000
-79.00202926;-2.903530954;[0];-73.0000
-79.00178646;-2.903530522;[0];-73.1875
-79.00154365;-2.903530091;[0];-73.7500
-79.00130085;-2.903529659;[0];-74.3750
-79.00105805;-2.903529228;[0];-75.1250
-79.00081524;-2.903528796;[0];-75.8125
-79.00057244;-2.903528364;[0];-76.5000
-79.00032964;-2.903527933;[0];-77.2500
-79.00008684;-2.903527501;[0];-78.0000
-78.99984403;-2.903527069;[0];-78.7500
-78.99960123;-2.903526637;[0];-79.4375
-78.99935843;-2.903526205;[0];-80.0625
-78.99911563;-2.903525773;[0];-80.7500
-78.99887282;-2.903525341;[0];-81.3750
-78.99863002;-2.903524909;[0];-82.0000
-78.99838722;-2.903524477;[0];-82.6250
-78.99814442;-2.903524045;[0];-83.1875
-78.99790162;-2.903523613;[0];-83.8125
-78.99765881;-2.90352318;[0];-84.3750
-78.99741601;-2.903522748;[0];-84.8750
-78.99717321;-2.903522315;[0];-85.3750
-78.99693041;-2.903521883;[0];-85.8750
-78.99668760;-2.903521451;[0];-86.3750
-78.99644480;-2.903521018;[0];-86.8750
-78.996202;-2.903520585;[0];-87.3125
-78.99595920;-2.903520153;[0];-87.8125
-78.99571640;-2.90351972;[0];-88.2500
-78.99547359;-2.903519287;[0];-88.6875
-78.99523079;-2.903518854;[0];-89.0625
-78.99498799;-2.903518421;[0];-89.5000
-78.99474519;-2.903517989;[0];-89.8750
-78.99450239;-2.903517556;[0];-90.2500
-78.99425959;-2.903517123;[0];-90.6250
-78.99401678;-2.903516689;[0];-91.0000
-78.99377398;-2.903516256;[0];-91.3750
-78.99353118;-2.903515823;[0];-91.6875
-78.99328838;-2.90351539;[0];-92.0625
-78.99304558;-2.903514957;[0];-92.3750
-78.99280278;-2.903514523;[0];-92.6875
-78.99255998;-2.90351409;[0];-93.0625
-78.99231717;-2.903513656;[0];-93.3750
-78.99207437;-2.903513223;[0];-93.6250
-78.99183157;-2.903512789;[0];-93.9375
-78.99158877;-2.903512356;[0];-94.2500
-78.99134597;-2.903511922;[0];-94.5625
-78.99110317;-2.903511488;[0];-94.8125
-78.99086037;-2.903511055;[0];-95.1250
-78.99061756;-2.903510621;[0];-95.3750
-78.99037476;-2.903510187;[0];-95.6250
-78.99013196;-2.903509753;[0];-95.9375
-78.98988916;-2.903509319;[0];-96.1875
-78.98964636;-2.903508885;[0];-96.4375
-78.98940356;-2.903508451;[0];-96.6875
-78.98916076;-2.903508017;[0];-96.9375
-78.98891796;-2.903507583;[0];-97.1875
-78.98867516;-2.903507148;[0];-97.4375
-78.98843236;-2.903506714;[0];-97.6875
-78.98818956;-2.90350628;[0];-97.9375
-78.98794675;-2.903505845;[0];-98.1250
-78.98770395;-2.903505411;[0];-98.3750
-78.98746115;-2.903504976;[0];-98.6250
-78.98721835;-2.903504542;[0];-98.8125
-78.98697555;-2.903504107;[0];-99.0625
-78.98673275;-2.903503673;[0];-99.2500
-78.98648995;-2.903503238;[0];-99.5000
-78.98624715;-2.903502803;[0];-99.6875
-78.98600435;-2.903502368;[0];-99.8750
-78.98576155;-2.903501933;[0];-100.1250
-78.98551875;-2.903501499;[0];-100.3125
-78.98527595;-2.903501064;[0];-100.5000
-78.98503315;-2.903500629;[0];-100.6875
-78.98479035;-2.903500194;[0];-100.8750
-78.98454755;-2.903499758;[0];-101.1250
-78.98430475;-2.903499323;[0];-101.3125
-78.98406195;-2.903498888;[0];-101.5000
-78.98381915;-2.903498453;[0];-101.6875
-78.98357635;-2.903498017;[0];-101.8125
-78.98333355;-2.903497582;[0];-102.0000
-79.01052781;-2.903301897;[0];-101.7500
-79.01028500;-2.903301468;[0];-101.1875
-79.01004220;-2.903301038;[0];-100.6875
-79.00979939;-2.903300609;[0];-100.1250
-79.00955659;-2.903300179;[0];-99.5000
-79.00931379;-2.903299749;[0];-98.8750
-79.00907098;-2.903299319;[0];-98.2500
-79.00882818;-2.90329889;[0];-97.6875
-79.00858538;-2.90329846;[0];-97.1875
-79.00834257;-2.90329803;[0];-96.5625
-79.00809977;-2.9032976;[0];-95.8750
-79.00785696;-2.90329717;[0];-95.2500
-79.00761416;-2.903296739;[0];-94.6875
-79.00737136;-2.903296309;[0];-94.1875
-79.00712855;-2.903295879;[0];-93.6875
-79.00688575;-2.903295449;[0];-93.4375
-79.00664295;-2.903295019;[0];-93.1875
-79.00640014;-2.903294588;[0];-93.5625
-79.00615734;-2.903294158;[0];-94.2500
-79.00591454;-2.903293727;[0];-97.0625
-79.00542893;-2.903292866;[0];-100.6250
-79.00518613;-2.903292435;[0];-93.4375
-79.00494332;-2.903292005;[0];-84.6250
-79.00470052;-2.903291574;[0];-78.6875
-79.00445772;-2.903291143;[0];-73.1875
-79.00421491;-2.903290712;[0];-69.2500
-79.00397211;-2.903290281;[0];-65.1250
-79.00372931;-2.903289851;[0];-63.1250
-79.00348650;-2.90328942;[0];-65.6875
-79.00324370;-2.903288988;[0];-74.7500
-79.00300090;-2.903288557;[0];-81.9375
-79.00275810;-2.903288126;[0];-75.9375
-79.00251529;-2.903287695;[0];-72.7500
-79.00227249;-2.903287264;[0];-71.8750
-79.00202969;-2.903286832;[0];-71.9375
-79.00178688;-2.903286401;[0];-72.3125
-79.00154408;-2.90328597;[0];-72.9375
-79.00130128;-2.903285538;[0];-73.6875
-79.00105848;-2.903285107;[0];-74.3750
-79.00081567;-2.903284675;[0];-75.1250
-79.00057287;-2.903284243;[0];-75.8750
-79.00033007;-2.903283812;[0];-76.6875
-79.00008727;-2.90328338;[0];-77.5000
-78.99984446;-2.903282948;[0];-78.1875
-78.99960166;-2.903282516;[0];-78.9375
-78.99935886;-2.903282084;[0];-79.5625
-78.99911606;-2.903281652;[0];-80.3125
-78.99887325;-2.90328122;[0];-80.9375
-78.99863045;-2.903280788;[0];-81.6250
-78.99838765;-2.903280356;[0];-82.2500
-78.99814485;-2.903279924;[0];-82.8125
-78.99790205;-2.903279492;[0];-83.3750
-78.99765924;-2.90327906;[0];-83.9375
-78.99741644;-2.903278627;[0];-84.5000
-78.99717364;-2.903278195;[0];-85.0000
-78.99693084;-2.903277763;[0];-85.5000
-78.99668803;-2.90327733;[0];-86.0000
-78.99644523;-2.903276898;[0];-86.5000
-78.99620243;-2.903276465;[0];-86.9375
-78.99595963;-2.903276032;[0];-87.4375
-78.99571683;-2.9032756;[0];-87.8750
-78.99547403;-2.903275167;[0];-88.3125
-78.99523122;-2.903274734;[0];-88.7500
-78.99498842;-2.903274301;[0];-89.1875
-78.99474562;-2.903273868;[0];-89.5625
-78.99450282;-2.903273436;[0];-90.0000
-78.99426002;-2.903273003;[0];-90.3750
-78.99401722;-2.903272569;[0];-90.7500
-78.99377441;-2.903272136;[0];-91.1250
-78.99353161;-2.903271703;[0];-91.5000
-78.99328881;-2.90327127;[0];-91.8125
-78.99304601;-2.903270837;[0];-92.1875
-78.99280321;-2.903270403;[0];-92.5000
-78.99256041;-2.90326997;[0];-92.8125
-78.99231760;-2.903269537;[0];-93.1250
-78.99207480;-2.903269103;[0];-93.4375
-78.99183200;-2.90326867;[0];-93.7500
-78.9915892;-2.903268236;[0];-94.0625
-78.99134640;-2.903267803;[0];-94.3750
-78.99110360;-2.903267369;[0];-94.6250
-78.99086080;-2.903266935;[0];-94.9375
-78.99061800;-2.903266501;[0];-95.1875
-78.99037520;-2.903266067;[0];-95.5000
-78.99013239;-2.903265634;[0];-95.7500
-78.98988959;-2.9032652;[0];-96.0000
-78.98964679;-2.903264766;[0];-96.2500
-78.98940399;-2.903264332;[0];-96.5000
-78.98916119;-2.903263898;[0];-96.7500
-78.98891839;-2.903263463;[0];-97.0000
-78.98867559;-2.903263029;[0];-97.2500
-78.98843279;-2.903262595;[0];-97.5000
-78.98818999;-2.903262161;[0];-97.7500
-78.98794719;-2.903261726;[0];-98.0000
-78.98770439;-2.903261292;[0];-98.1875
-78.98746159;-2.903260857;[0];-98.4375
-78.98721878;-2.903260423;[0];-98.6250
-78.98697598;-2.903259988;[0];-98.8750
-78.98673318;-2.903259554;[0];-99.0625
-78.98649038;-2.903259119;[0];-99.3125
-78.98624758;-2.903258684;[0];-99.5000
-78.98600478;-2.90325825;[0];-99.7500
-78.98576198;-2.903257815;[0];-99.9375
-78.98551918;-2.90325738;[0];-100.1250
-78.98527638;-2.903256945;[0];-100.3125
-78.98503358;-2.90325651;[0];-100.5000
-78.98479078;-2.903256075;[0];-100.7500
-78.98454798;-2.90325564;[0];-100.9375
-78.98430518;-2.903255205;[0];-101.1250
-78.98406238;-2.903254769;[0];-101.3125
-78.98381958;-2.903254334;[0];-101.5000
-78.98357678;-2.903253899;[0];-101.6875
-78.98333398;-2.903253464;[0];-101.8750
-78.98309118;-2.903253028;[0];-102.0000
-79.01077104;-2.903058204;[0];-101.9375
-79.01052823;-2.903057775;[0];-101.3750
-79.01028543;-2.903057345;[0];-100.9375
-79.01004263;-2.903056916;[0];-100.4375
-79.00979982;-2.903056486;[0];-99.9375
-79.00955702;-2.903056057;[0];-99.3125
-79.00931421;-2.903055627;[0];-98.6875
-79.00907141;-2.903055197;[0];-98.0625
-79.00882861;-2.903054767;[0];-97.5000
-79.00858580;-2.903054337;[0];-96.8125
-79.00834300;-2.903053908;[0];-96.1875
-79.00810020;-2.903053478;[0];-95.5625
-79.00785739;-2.903053048;[0];-94.9375
-79.00761459;-2.903052617;[0];-94.4375
-79.00737179;-2.903052187;[0];-93.8125
-79.00712898;-2.903051757;[0];-93.4375
-79.00688618;-2.903051327;[0];-92.8750
-79.00664337;-2.903050897;[0];-92.5000
-79.00640057;-2.903050466;[0];-92.5000
-79.00615777;-2.903050036;[0];-92.9375
-79.00591496;-2.903049605;[0];-94.3125
-79.00567216;-2.903049175;[0];-97.2500
-79.00542936;-2.903048744;[0];-100.3125
-79.00518655;-2.903048314;[0];-97.7500
-79.00494375;-2.903047883;[0];-90.2500
-79.00470095;-2.903047452;[0];-81.2500
-79.00445815;-2.903047022;[0];-75.0625
-79.00421534;-2.903046591;[0];-70.5625
-79.00397254;-2.90304616;[0];-68.2500
-79.00372974;-2.903045729;[0];-69.1875
-79.00348693;-2.903045298;[0];-75.2500
-79.00324413;-2.903044867;[0];-82.1875
-79.00300133;-2.903044436;[0];-76.4375
-79.00275852;-2.903044005;[0];-72.5000
-79.00251572;-2.903043574;[0];-71.1250
-79.00227292;-2.903043142;[0];-70.8750
-79.00203012;-2.903042711;[0];-71.0625
-79.00178731;-2.90304228;[0];-71.6875
-79.00154451;-2.903041848;[0];-72.3125
-79.00130171;-2.903041417;[0];-73.1250
-79.00105891;-2.903040986;[0];-73.8750
-79.00081610;-2.903040554;[0];-74.6250
-79.0005733;-2.903040122;[0];-75.4375
-79.00033050;-2.903039691;[0];-76.2500
-79.00008770;-2.903039259;[0];-77.0000
-78.99984489;-2.903038827;[0];-77.7500
-78.99960209;-2.903038395;[0];-78.4375
-78.99935929;-2.903037964;[0];-79.1875
-78.99911649;-2.903037532;[0];-79.8750
-78.99887368;-2.9030371;[0];-80.5625
-78.99863088;-2.903036668;[0];-81.2500
-78.99838808;-2.903036236;[0];-81.8750
-78.99814528;-2.903035804;[0];-82.4375
-78.99790247;-2.903035371;[0];-83.0625
-78.99765967;-2.903034939;[0];-83.6250
-78.99741687;-2.903034507;[0];-84.1250
-78.99717407;-2.903034075;[0];-84.6875
-78.99693127;-2.903033642;[0];-85.1875
-78.99668846;-2.90303321;[0];-85.6875
-78.99644566;-2.903032777;[0];-86.1875
-78.99620286;-2.903032345;[0];-86.6875
-78.99596006;-2.903031912;[0];-87.1250
-78.99571726;-2.903031479;[0];-87.6250
-78.99547446;-2.903031047;[0];-88.0625
-78.99523165;-2.903030614;[0];-88.4375
-78.99498885;-2.903030181;[0];-88.8750
-78.99474605;-2.903029748;[0];-89.3125
-78.99450325;-2.903029315;[0];-89.6875
-78.99426045;-2.903028882;[0];-90.0625
-78.99401765;-2.903028449;[0];-90.4375
-78.99377484;-2.903028016;[0];-90.8125
-78.99353204;-2.903027583;[0];-91.1875
-78.99328924;-2.90302715;[0];-91.5000
-78.99304644;-2.903026717;[0];-91.8750
-78.99280364;-2.903026284;[0];-92.1875
-78.99256084;-2.90302585;[0];-92.5625
-78.99231804;-2.903025417;[0];-92.8750
-78.99207523;-2.903024984;[0];-93.1875
-78.99183243;-2.90302455;[0];-93.5000
-78.99158963;-2.903024116;[0];-93.8125
-78.99134683;-2.903023683;[0];-94.1250
-78.99110403;-2.903023249;[0];-94.4375
-78.99086123;-2.903022816;[0];-94.7500
-78.99061843;-2.903022382;[0];-95.0000
-78.99037563;-2.903021948;[0];-95.3125
-78.99013283;-2.903021514;[0];-95.5625
-78.98989002;-2.90302108;[0];-95.8125
-78.98964722;-2.903020646;[0];-96.1250
-78.98940442;-2.903020212;[0];-96.3750
-78.98916162;-2.903019778;[0];-96.6250
-78.98891882;-2.903019344;[0];-96.8750
-78.98867602;-2.90301891;[0];-97.1250
-78.98843322;-2.903018476;[0];-97.3750
-78.98819042;-2.903018042;[0];-97.6250
-78.98794762;-2.903017607;[0];-97.8125
-78.98770482;-2.903017173;[0];-98.0625
-78.98746202;-2.903016738;[0];-98.3125
-78.98721922;-2.903016304;[0];-98.5000
-78.98697642;-2.903015869;[0];-98.7500
-78.98673362;-2.903015435;[0];-98.9375
-78.98649082;-2.903015;[0];-99.1875
-78.98624802;-2.903014566;[0];-99.3750
-78.98600521;-2.903014131;[0];-99.5625
-78.98576241;-2.903013696;[0];-99.8125
-78.98551961;-2.903013261;[0];-100.0000
-78.98527681;-2.903012826;[0];-100.1875
-78.98503401;-2.903012391;[0];-100.3750
-78.98479121;-2.903011956;[0];-100.6250
-78.98454841;-2.903011521;[0];-100.8125
-78.98430561;-2.903011086;[0];-101.0000
-78.98406281;-2.903010651;[0];-101.1875
-78.98382001;-2.903010216;[0];-101.3750
-78.98357721;-2.903009781;[0];-101.5625
-78.98333441;-2.903009345;[0];-101.7500
-78.98309161;-2.90300891;[0];-101.9375
-79.01077147;-2.902814082;[0];-101.8125
-79.01052866;-2.902813653;[0];-101.3125
-79.01028586;-2.902813223;[0];-100.7500
-79.01004305;-2.902812794;[0];-100.2500
-79.00980025;-2.902812364;[0];-99.6875
-79.00955745;-2.902811934;[0];-99.0625
-79.00931464;-2.902811505;[0];-98.4375
-79.00907184;-2.902811075;[0];-97.8750
-79.00882903;-2.902810645;[0];-97.2500
-79.00858623;-2.902810215;[0];-96.7500
-79.00834343;-2.902809785;[0];-96.0625
-79.00810062;-2.902809355;[0];-95.4375
-79.00785782;-2.902808925;[0];-94.8125
-79.00761502;-2.902808495;[0];-94.1250
-79.00737221;-2.902808065;[0];-93.5625
-79.00712941;-2.902807635;[0];-92.9375
-79.00688661;-2.902807205;[0];-92.5000
-79.00664380;-2.902806775;[0];-92.0625
-79.00640100;-2.902806344;[0];-91.6250
-79.00615820;-2.902805914;[0];-91.6250
-79.00591539;-2.902805484;[0];-91.7500
-79.00567259;-2.902805053;[0];-93.0000
-79.00542979;-2.902804623;[0];-95.1875
-79.00518698;-2.902804192;[0];-96.8125
-79.00494418;-2.902803762;[0];-94.4375
-79.00470138;-2.902803331;[0];-91.8125
-79.00445857;-2.9028029;[0];-85.3125
-79.00421577;-2.902802469;[0];-80.8750
-79.00397297;-2.902802039;[0];-80.5625
-79.00373016;-2.902801608;[0];-83.9375
-79.00348736;-2.902801177;[0];-81.9375
-79.00324456;-2.902800746;[0];-76.5000
-79.00300176;-2.902800315;[0];-72.0000
-79.00275895;-2.902799884;[0];-70.4375
-79.00251615;-2.902799452;[0];-70.0000
-79.00227335;-2.902799021;[0];-70.1875
-79.00203055;-2.90279859;[0];-70.5625
-79.00178774;-2.902798159;[0];-71.2500
-79.00154494;-2.902797727;[0];-71.9375
-79.00130214;-2.902797296;[0];-72.6875
-79.00105933;-2.902796864;[0];-73.5625
-79.00081653;-2.902796433;[0];-74.2500
-79.00057373;-2.902796001;[0];-75.1250
-79.00033093;-2.90279557;[0];-75.8750
-79.00008812;-2.902795138;[0];-76.6875
-78.99984532;-2.902794706;[0];-77.3750
-78.99960252;-2.902794275;[0];-78.1250
-78.99935972;-2.902793843;[0];-78.8750
-78.99911692;-2.902793411;[0];-79.5625
-78.99887411;-2.902792979;[0];-80.1875
-78.99863131;-2.902792547;[0];-80.8750
-78.99838851;-2.902792115;[0];-81.5000
-78.99814571;-2.902791683;[0];-82.1250
-78.99790290;-2.902791251;[0];-82.7500
-78.99766010;-2.902790819;[0];-83.3125
-78.9974173;-2.902790386;[0];-83.8750
-78.99717450;-2.902789954;[0];-84.3750
-78.99693170;-2.902789522;[0];-84.8750
-78.99668889;-2.902789089;[0];-85.4375
-78.99644609;-2.902788657;[0];-85.9375
-78.99620329;-2.902788224;[0];-86.4375
-78.99596049;-2.902787792;[0];-86.8750
-78.99571769;-2.902787359;[0];-87.3750
-78.99547489;-2.902786927;[0];-87.8125
-78.99523208;-2.902786494;[0];-88.2500
-78.99498928;-2.902786061;[0];-88.6250
-78.99474648;-2.902785628;[0];-89.0625
-78.99450368;-2.902785195;[0];-89.4375
-78.99426088;-2.902784762;[0];-89.8750
-78.99401808;-2.902784329;[0];-90.2500
-78.99377527;-2.902783896;[0];-90.6250
-78.99353247;-2.902783463;[0];-90.9375
-78.99328967;-2.90278303;[0];-91.3125
-78.99304687;-2.902782597;[0];-91.6875
-78.99280407;-2.902782164;[0];-92.0000
-78.99256127;-2.902781731;[0];-92.3125
-78.99231847;-2.902781297;[0];-92.6875
-78.99207567;-2.902780864;[0];-93.0000
-78.99183286;-2.90278043;[0];-93.3125
-78.99159006;-2.902779997;[0];-93.6250
-78.99134726;-2.902779563;[0];-93.8750
-78.99110446;-2.90277913;[0];-94.1875
-78.99086166;-2.902778696;[0];-94.5000
-78.99061886;-2.902778262;[0];-94.7500
-78.99037606;-2.902777829;[0];-95.0625
-78.99013326;-2.902777395;[0];-95.3125
-78.98989046;-2.902776961;[0];-95.5625
-78.98964766;-2.902776527;[0];-95.8750
-78.98940485;-2.902776093;[0];-96.1250
-78.98916205;-2.902775659;[0];-96.3750
-78.98891925;-2.902775225;[0];-96.6250
-78.98867645;-2.902774791;[0];-96.9375
-78.98843365;-2.902774357;[0];-97.1875
-78.98819085;-2.902773922;[0];-97.4375
-78.98794805;-2.902773488;[0];-97.6250
-78.98770525;-2.902773054;[0];-97.8750
-78.98746245;-2.902772619;[0];-98.1250
-78.98721965;-2.902772185;[0];-98.3750
-78.98697685;-2.90277175;[0];-98.5625
-78.98673405;-2.902771316;[0];-98.8125
-78.98649125;-2.902770881;[0];-99.0625
-78.98624845;-2.902770447;[0];-99.2500
-78.98600565;-2.902770012;[0];-99.4375
-78.98576285;-2.902769577;[0];-99.6875
-78.98552005;-2.902769142;[0];-99.8750
-78.98527725;-2.902768708;[0];-100.0625
-78.98503445;-2.902768273;[0];-100.3125
-78.98479165;-2.902767838;[0];-100.5000
-78.98454885;-2.902767403;[0];-100.6875
-78.98430605;-2.902766968;[0];-100.8750
-78.98406325;-2.902766533;[0];-101.0625
-78.98382045;-2.902766097;[0];-101.2500
-78.98357765;-2.902765662;[0];-101.4375
-78.98333485;-2.902765227;[0];-101.6250
-78.98309205;-2.902764792;[0];-101.8125
-78.98284925;-2.902764356;[0];-102.0000
-79.01077189;-2.902569959;[0];-101.6250
-79.01052909;-2.90256953;[0];-101.0625
-79.01028628;-2.902569101;[0];-100.5625
-79.01004348;-2.902568671;[0];-100.0625
-79.00980068;-2.902568242;[0];-99.5000
-79.00955787;-2.902567812;[0];-99.0000
-79.00931507;-2.902567382;[0];-98.4375
-79.00907227;-2.902566953;[0];-97.7500
-79.00882946;-2.902566523;[0];-97.1250
-79.00858666;-2.902566093;[0];-96.6250
-79.00834385;-2.902565663;[0];-95.9375
-79.00810105;-2.902565233;[0];-95.3125
-79.00785825;-2.902564803;[0];-94.5625
-79.00761544;-2.902564373;[0];-93.8750
-79.00737264;-2.902563943;[0];-93.3750
-79.00712984;-2.902563513;[0];-92.6875
-79.00688703;-2.902563083;[0];-92.0625
-79.00664423;-2.902562653;[0];-91.5000
-79.00640143;-2.902562223;[0];-90.9375
-79.00615862;-2.902561792;[0];-90.3125
-79.00591582;-2.902561362;[0];-90.0625
-79.00567302;-2.902560931;[0];-89.6875
-79.00543021;-2.902560501;[0];-90.1250
-79.00518741;-2.90256007;[0];-90.8125
-79.00494461;-2.90255964;[0];-91.3125
-79.00470181;-2.902559209;[0];-90.0000
-79.00445900;-2.902558779;[0];-88.0000
-79.00421620;-2.902558348;[0];-85.9375
-79.00397340;-2.902557917;[0];-83.3750
-79.00373059;-2.902557486;[0];-79.9375
-79.00348779;-2.902557055;[0];-75.9375
-79.00324499;-2.902556624;[0];-72.5625
-79.00300218;-2.902556193;[0];-70.5000
-79.00275938;-2.902555762;[0];-69.5625
-79.00251658;-2.902555331;[0];-69.6250
-79.00227378;-2.9025549;[0];-69.8125
-79.00203097;-2.902554469;[0];-70.4375
-79.00178817;-2.902554038;[0];-71.0625
-79.00154537;-2.902553606;[0];-71.8125
-79.00130257;-2.902553175;[0];-72.5625
-79.00105976;-2.902552743;[0];-73.3125
-79.00081696;-2.902552312;[0];-74.0625
-79.00057416;-2.90255188;[0];-74.9375
-79.00033136;-2.902551449;[0];-75.6875
-79.00008855;-2.902551017;[0];-76.4375
-78.99984575;-2.902550586;[0];-77.1875
-78.99960295;-2.902550154;[0];-77.8750
-78.99936015;-2.902549722;[0];-78.6250
-78.99911735;-2.90254929;[0];-79.3125
-78.99887454;-2.902548858;[0];-80.0000
-78.99863174;-2.902548426;[0];-80.6875
-78.99838894;-2.902547994;[0];-81.3125
-78.99814614;-2.902547562;[0];-81.8750
-78.99790333;-2.90254713;[0];-82.4375
-78.99766053;-2.902546698;[0];-83.0000
-78.99741773;-2.902546266;[0];-83.5625
-78.99717493;-2.902545834;[0];-84.1250
-78.99693213;-2.902545401;[0];-84.6250
-78.99668933;-2.902544969;[0];-85.1875
-78.99644652;-2.902544537;[0];-85.6875
-78.99620372;-2.902544104;[0];-86.1875
-78.99596092;-2.902543672;[0];-86.6250
-78.99571812;-2.902543239;[0];-87.1250
-78.99547532;-2.902542806;[0];-87.5625
-78.99523251;-2.902542374;[0];-88.0000
-78.99498971;-2.902541941;[0];-88.4375
-78.99474691;-2.902541508;[0];-88.8125
-78.99450411;-2.902541075;[0];-89.2500
-78.99426131;-2.902540642;[0];-89.6250
-78.99401851;-2.902540209;[0];-90.0000
-78.99377571;-2.902539776;[0];-90.3750
-78.99353290;-2.902539343;[0];-90.7500
-78.99329010;-2.90253891;[0];-91.1250
-78.99304730;-2.902538477;[0];-91.5000
-78.9928045;-2.902538044;[0];-91.8125
-78.99256170;-2.902537611;[0];-92.1250
-78.99231890;-2.902537177;[0];-92.5000
-78.99207610;-2.902536744;[0];-92.8125
-78.99183330;-2.902536311;[0];-93.1250
-78.99159049;-2.902535877;[0];-93.4375
-78.99134769;-2.902535444;[0];-93.7500
-78.99110489;-2.90253501;[0];-94.0000
-78.99086209;-2.902534577;[0];-94.3125
-78.99061929;-2.902534143;[0];-94.6250
-78.99037649;-2.902533709;[0];-94.8750
-78.99013369;-2.902533275;[0];-95.1250
-78.98989089;-2.902532842;[0];-95.4375
-78.98964809;-2.902532408;[0];-95.6875
-78.98940529;-2.902531974;[0];-95.9375
-78.98916249;-2.90253154;[0];-96.1875
-78.98891968;-2.902531106;[0];-96.4375
-78.98867688;-2.902530672;[0];-96.6875
-78.98843408;-2.902530237;[0];-96.9375
-78.98819128;-2.902529803;[0];-97.1875
-78.98794848;-2.902529369;[0];-97.4375
-78.98770568;-2.902528935;[0];-97.6875
-78.98746288;-2.9025285;[0];-97.9375
-78.98722008;-2.902528066;[0];-98.1250
-78.98697728;-2.902527632;[0];-98.3750
-78.98673448;-2.902527197;[0];-98.6250
-78.98649168;-2.902526762;[0];-98.8125
-78.98624888;-2.902526328;[0];-99.0625
-78.98600608;-2.902525893;[0];-99.2500
-78.98576328;-2.902525458;[0];-99.5000
-78.98552048;-2.902525024;[0];-99.6875
-78.98527768;-2.902524589;[0];-99.9375
-78.98503488;-2.902524154;[0];-100.1250
-78.98479208;-2.902523719;[0];-100.3125
-78.98454928;-2.902523284;[0];-100.5000
-78.98430648;-2.902522849;[0];-100.7500
-78.98406368;-2.902522414;[0];-100.9375
-78.98382088;-2.902521979;[0];-101.1250
-78.98357808;-2.902521544;[0];-101.3125
-78.98333528;-2.902521108;[0];-101.5000
-78.98309248;-2.902520673;[0];-101.6875
-78.98284968;-2.902520238;[0];-101.8750
-79.01101512;-2.902326266;[0];-102.0000
-79.01077232;-2.902325837;[0];-101.5000
-79.01052952;-2.902325408;[0];-101.0625
-79.01028671;-2.902324978;[0];-100.6250
-79.01004391;-2.902324549;[0];-100.0625
-79.00980110;-2.902324119;[0];-99.4375
-79.0095583;-2.90232369;[0];-98.8750
-79.00931550;-2.90232326;[0];-98.3750
-79.00907269;-2.90232283;[0];-97.7500
-79.00882989;-2.902322401;[0];-97.0625
-79.00858709;-2.902321971;[0];-96.4375
-79.00834428;-2.902321541;[0];-95.7500
-79.00810148;-2.902321111;[0];-95.1875
-79.00785868;-2.902320681;[0];-94.5000
-79.00761587;-2.902320251;[0];-93.7500
-79.00737307;-2.902319821;[0];-93.0625
-79.00713027;-2.902319391;[0];-92.4375
-79.00688746;-2.902318961;[0];-91.7500
-79.00664466;-2.902318531;[0];-91.0000
-79.00640186;-2.902318101;[0];-90.2500
-79.00615905;-2.90231767;[0];-89.4375
-79.00591625;-2.90231724;[0];-88.5000
-79.00567345;-2.90231681;[0];-87.8125
-79.00543064;-2.902316379;[0];-87.0000
-79.00518784;-2.902315949;[0];-86.0625
-79.00494504;-2.902315518;[0];-85.2500
-79.00470223;-2.902315088;[0];-84.1250
-79.00445943;-2.902314657;[0];-82.8125
-79.00421663;-2.902314226;[0];-80.6875
-79.00397382;-2.902313796;[0];-78.1250
-79.00373102;-2.902313365;[0];-75.1875
-79.00348822;-2.902312934;[0];-72.8125
-79.00324542;-2.902312503;[0];-71.2500
-79.00300261;-2.902312072;[0];-70.0625
-79.00275981;-2.902311641;[0];-69.6250
-79.00251701;-2.90231121;[0];-69.5000
-79.00227421;-2.902310779;[0];-69.8750
-79.00203140;-2.902310348;[0];-70.4375
-79.0017886;-2.902309916;[0];-71.0625
-79.00154580;-2.902309485;[0];-71.8125
-79.00130300;-2.902309054;[0];-72.5000
-79.00106019;-2.902308622;[0];-73.1875
-79.00081739;-2.902308191;[0];-74.0000
-79.00057459;-2.902307759;[0];-74.8125
-79.00033179;-2.902307328;[0];-75.5625
-79.00008898;-2.902306896;[0];-76.3125
-78.99984618;-2.902306465;[0];-77.0625
-78.99960338;-2.902306033;[0];-77.6875
-78.99936058;-2.902305601;[0];-78.4375
-78.99911777;-2.902305169;[0];-79.1250
-78.99887497;-2.902304738;[0];-79.8125
-78.99863217;-2.902304306;[0];-80.5000
-78.99838937;-2.902303874;[0];-81.0625
-78.99814657;-2.902303442;[0];-81.6875
-78.99790376;-2.90230301;[0];-82.2500
-78.99766096;-2.902302578;[0];-82.8750
-78.99741816;-2.902302145;[0];-83.4375
-78.99717536;-2.902301713;[0];-83.9375
-78.99693256;-2.902301281;[0];-84.4375
-78.99668976;-2.902300849;[0];-84.9375
-78.99644695;-2.902300416;[0];-85.4375
-78.99620415;-2.902299984;[0];-85.9375
-78.99596135;-2.902299551;[0];-86.4375
-78.99571855;-2.902299119;[0];-86.8750
-78.99547575;-2.902298686;[0];-87.3125
-78.99523295;-2.902298253;[0];-87.8125
-78.99499014;-2.902297821;[0];-88.1875
-78.99474734;-2.902297388;[0];-88.6250
-78.99450454;-2.902296955;[0];-89.0625
-78.99426174;-2.902296522;[0];-89.4375
-78.99401894;-2.902296089;[0];-89.8125
-78.99377614;-2.902295657;[0];-90.1875
-78.99353333;-2.902295224;[0];-90.5625
-78.99329053;-2.90229479;[0];-90.9375
-78.99304773;-2.902294357;[0];-91.3125
-78.99280493;-2.902293924;[0];-91.6250
-78.99256213;-2.902293491;[0];-92.0000
-78.99231933;-2.902293058;[0];-92.3125
-78.99207653;-2.902292624;[0];-92.6250
-78.99183373;-2.902292191;[0];-92.9375
-78.99159093;-2.902291758;[0];-93.2500
-78.99134812;-2.902291324;[0];-93.5625
-78.99110532;-2.902290891;[0];-93.8750
-78.99086252;-2.902290457;[0];-94.1250
-78.99061972;-2.902290023;[0];-94.4375
-78.99037692;-2.90228959;[0];-94.7500
-78.99013412;-2.902289156;[0];-95.0000
-78.98989132;-2.902288722;[0];-95.2500
-78.98964852;-2.902288288;[0];-95.5625
-78.98940572;-2.902287854;[0];-95.8125
-78.98916292;-2.90228742;[0];-96.0625
-78.98892012;-2.902286986;[0];-96.3125
-78.98867732;-2.902286552;[0];-96.5625
-78.98843452;-2.902286118;[0];-96.8125
-78.98819171;-2.902285684;[0];-97.0625
-78.98794891;-2.90228525;[0];-97.3125
-78.98770611;-2.902284816;[0];-97.5625
-78.98746331;-2.902284381;[0];-97.8125
-78.98722051;-2.902283947;[0];-98.0000
-78.98697771;-2.902283513;[0];-98.2500
-78.98673491;-2.902283078;[0];-98.4375
-78.98649211;-2.902282644;[0];-98.6875
-78.98624931;-2.902282209;[0];-98.8750
-78.98600651;-2.902281774;[0];-99.1250
-78.98576371;-2.90228134;[0];-99.3125
-78.98552091;-2.902280905;[0];-99.5625
-78.98527811;-2.90228047;[0];-99.7500
-78.98503531;-2.902280035;[0];-99.9375
-78.98479251;-2.9022796;[0];-100.1250
-78.98454971;-2.902279166;[0];-100.3125
-78.98430691;-2.902278731;[0];-100.5625
-78.98406411;-2.902278296;[0];-100.7500
-78.98382131;-2.90227786;[0];-100.9375
-78.98357851;-2.902277425;[0];-101.1250
-78.98333571;-2.90227699;[0];-101.3125
-78.98309291;-2.902276555;[0];-101.5000
-78.98285011;-2.902276119;[0];-101.6875
-78.98260731;-2.902275684;[0];-101.8750
-79.01101555;-2.902082144;[0];-102.0000
-79.01077275;-2.902081714;[0];-101.5000
-79.01052994;-2.902081285;[0];-101.0000
-79.01028714;-2.902080856;[0];-100.4375
-79.01004433;-2.902080426;[0];-100.0000
-79.00980153;-2.902079997;[0];-99.4375
-79.00955873;-2.902079567;[0];-98.8125
-79.00931592;-2.902079138;[0];-98.2500
-79.00907312;-2.902078708;[0];-97.5625
-79.00883032;-2.902078278;[0];-96.9375
-79.00858751;-2.902077849;[0];-96.4375
-79.00834471;-2.902077419;[0];-95.7500
-79.00810191;-2.902076989;[0];-95.0625
-79.00785910;-2.902076559;[0];-94.3750
-79.00761630;-2.902076129;[0];-93.6250
-79.00737350;-2.902075699;[0];-92.9375
-79.00713069;-2.902075269;[0];-92.1250
-79.00688789;-2.902074839;[0];-91.3750
-79.00664509;-2.902074409;[0];-90.5000
-79.00640228;-2.902073979;[0];-89.5625
-79.00615948;-2.902073549;[0];-88.6250
-79.00591668;-2.902073118;[0];-87.6250
-79.00567387;-2.902072688;[0];-86.4375
-79.00543107;-2.902072258;[0];-85.0000
-79.00518827;-2.902071827;[0];-83.7500
-79.00494546;-2.902071397;[0];-82.2500
-79.00470266;-2.902070966;[0];-80.8750
-79.00445986;-2.902070535;[0];-79.1250
-79.00421706;-2.902070105;[0];-77.2500
-79.00397425;-2.902069674;[0];-75.3750
-79.00373145;-2.902069243;[0];-73.5625
-79.00348865;-2.902068812;[0];-71.9375
-79.00324584;-2.902068382;[0];-71.0000
-79.00300304;-2.902067951;[0];-70.2500
-79.00276024;-2.90206752;[0];-69.8125
-79.00251744;-2.902067089;[0];-69.9375
-79.00227463;-2.902066658;[0];-70.1875
-79.00203183;-2.902066226;[0];-70.6250
-79.00178903;-2.902065795;[0];-71.2500
-79.00154623;-2.902065364;[0];-71.9375
-79.00130342;-2.902064933;[0];-72.5625
-79.00106062;-2.902064501;[0];-73.2500
-79.00081782;-2.90206407;[0];-74.0625
-79.00057502;-2.902063638;[0];-74.7500
-79.00033222;-2.902063207;[0];-75.5625
-79.00008941;-2.902062775;[0];-76.2500
-78.99984661;-2.902062344;[0];-76.9375
-78.99960381;-2.902061912;[0];-77.6250
-78.99936101;-2.90206148;[0];-78.3750
-78.99911820;-2.902061049;[0];-79.0000
-78.99887540;-2.902060617;[0];-79.6250
-78.9986326;-2.902060185;[0];-80.3125
-78.99838980;-2.902059753;[0];-80.9375
-78.99814700;-2.902059321;[0];-81.5000
-78.99790419;-2.902058889;[0];-82.1250
-78.99766139;-2.902058457;[0];-82.6875
-78.99741859;-2.902058025;[0];-83.1875
-78.99717579;-2.902057593;[0];-83.7500
-78.99693299;-2.90205716;[0];-84.2500
-78.99669019;-2.902056728;[0];-84.8125
-78.99644738;-2.902056296;[0];-85.3125
-78.99620458;-2.902055863;[0];-85.8125
-78.99596178;-2.902055431;[0];-86.2500
-78.99571898;-2.902054998;[0];-86.6875
-78.99547618;-2.902054566;[0];-87.1250
-78.99523338;-2.902054133;[0];-87.5625
-78.99499057;-2.902053701;[0];-88.0000
-78.99474777;-2.902053268;[0];-88.4375
-78.99450497;-2.902052835;[0];-88.8750
-78.99426217;-2.902052402;[0];-89.2500
-78.99401937;-2.902051969;[0];-89.6250
-78.99377657;-2.902051537;[0];-90.0000
-78.99353377;-2.902051104;[0];-90.3750
-78.99329096;-2.902050671;[0];-90.7500
-78.99304816;-2.902050238;[0];-91.1250
-78.99280536;-2.902049804;[0];-91.4375
-78.99256256;-2.902049371;[0];-91.8125
-78.99231976;-2.902048938;[0];-92.1250
-78.99207696;-2.902048505;[0];-92.4375
-78.99183416;-2.902048071;[0];-92.8125
-78.99159136;-2.902047638;[0];-93.1250
-78.99134856;-2.902047205;[0];-93.3750
-78.99110575;-2.902046771;[0];-93.6875
-78.99086295;-2.902046337;[0];-94.0000
-78.99062015;-2.902045904;[0];-94.3125
-78.99037735;-2.90204547;[0];-94.5625
-78.99013455;-2.902045037;[0];-94.8750
-78.98989175;-2.902044603;[0];-95.1250
-78.98964895;-2.902044169;[0];-95.3750
-78.98940615;-2.902043735;[0];-95.6875
-78.98916335;-2.902043301;[0];-95.9375
-78.98892055;-2.902042867;[0];-96.1875
-78.98867775;-2.902042433;[0];-96.4375
-78.98843495;-2.902041999;[0];-96.6875
-78.98819215;-2.902041565;[0];-96.9375
-78.98794935;-2.902041131;[0];-97.1875
-78.98770655;-2.902040697;[0];-97.4375
-78.98746375;-2.902040262;[0];-97.6250
-78.98722095;-2.902039828;[0];-97.8750
-78.98697814;-2.902039394;[0];-98.1250
-78.98673534;-2.902038959;[0];-98.3125
-78.98649254;-2.902038525;[0];-98.5625
-78.98624974;-2.90203809;[0];-98.7500
-78.98600694;-2.902037656;[0];-99.0000
-78.98576414;-2.902037221;[0];-99.1875
-78.98552134;-2.902036786;[0];-99.4375
-78.98527854;-2.902036352;[0];-99.6250
-78.98503574;-2.902035917;[0];-99.8125
-78.98479294;-2.902035482;[0];-100.0000
-78.98455014;-2.902035047;[0];-100.2500
-78.98430734;-2.902034612;[0];-100.4375
-78.98406454;-2.902034177;[0];-100.6250
-78.98382174;-2.902033742;[0];-100.8125
-78.98357894;-2.902033307;[0];-101.0000
-78.98333614;-2.902032872;[0];-101.1875
-78.98309335;-2.902032436;[0];-101.3750
-78.98285055;-2.902032001;[0];-101.5625
-78.98260775;-2.902031566;[0];-101.7500
-78.98236495;-2.90203113;[0];-101.9375
-79.01101598;-2.901838021;[0];-101.8750
-79.01077317;-2.901837592;[0];-101.5000
-79.01053037;-2.901837163;[0];-101.0000
-79.01028757;-2.901836733;[0];-100.4375
-79.01004476;-2.901836304;[0];-99.9375
-79.00980196;-2.901835875;[0];-99.3125
-79.00955915;-2.901835445;[0];-98.7500
-79.00931635;-2.901835015;[0];-98.1875
-79.00907355;-2.901834586;[0];-97.6250
-79.00883074;-2.901834156;[0];-97.0000
-79.00858794;-2.901833727;[0];-96.3125
-79.00834514;-2.901833297;[0];-95.6875
-79.00810233;-2.901832867;[0];-95.0000
-79.00785953;-2.901832437;[0];-94.3125
-79.00761673;-2.901832007;[0];-93.5625
-79.00737392;-2.901831577;[0];-92.8125
-79.00713112;-2.901831147;[0];-91.8750
-79.00688832;-2.901830717;[0];-91.0000
-79.00664551;-2.901830287;[0];-90.1250
-79.00640271;-2.901829857;[0];-89.1250
-79.00615991;-2.901829427;[0];-88.0000
-79.00591710;-2.901828997;[0];-86.9375
-79.00567430;-2.901828566;[0];-85.6875
-79.00543150;-2.901828136;[0];-83.8750
-79.00518870;-2.901827705;[0];-82.4375
-79.00494589;-2.901827275;[0];-81.0625
-79.00470309;-2.901826844;[0];-79.3750
-79.00446029;-2.901826414;[0];-77.7500
-79.00421748;-2.901825983;[0];-76.1250
-79.00397468;-2.901825553;[0];-74.5625
-79.00373188;-2.901825122;[0];-73.1875
-79.00348908;-2.901824691;[0];-72.0625
-79.00324627;-2.90182426;[0];-71.1250
-79.00300347;-2.901823829;[0];-70.6875
-79.00276067;-2.901823398;[0];-70.5000
-79.00251787;-2.901822967;[0];-70.5000
-79.00227506;-2.901822536;[0];-70.7500
-79.00203226;-2.901822105;[0];-71.0625
-79.00178946;-2.901821674;[0];-71.5625
-79.00154666;-2.901821243;[0];-72.1875
-79.00130385;-2.901820812;[0];-72.7500
-79.00106105;-2.90182038;[0];-73.4375
-79.00081825;-2.901819949;[0];-74.1875
-79.00057545;-2.901819517;[0];-74.8750
-79.00033264;-2.901819086;[0];-75.5625
-79.00008984;-2.901818654;[0];-76.1875
-78.99984704;-2.901818223;[0];-76.9375
-78.99960424;-2.901817791;[0];-77.6250
-78.99936144;-2.90181736;[0];-78.3125
-78.99911863;-2.901816928;[0];-78.9375
-78.99887583;-2.901816496;[0];-79.6250
-78.99863303;-2.901816064;[0];-80.2500
-78.99839023;-2.901815632;[0];-80.8125
-78.99814743;-2.9018152;[0];-81.3750
-78.99790462;-2.901814768;[0];-82.0000
-78.99766182;-2.901814336;[0];-82.5625
-78.99741902;-2.901813904;[0];-83.0625
-78.99717622;-2.901813472;[0];-83.6250
-78.99693342;-2.90181304;[0];-84.1250
-78.99669062;-2.901812608;[0];-84.6250
-78.99644781;-2.901812175;[0];-85.1250
-78.99620501;-2.901811743;[0];-85.6250
-78.99596221;-2.901811311;[0];-86.1250
-78.99571941;-2.901810878;[0];-86.5625
-78.99547661;-2.901810446;[0];-87.0625
-78.99523381;-2.901810013;[0];-87.5000
-78.99499100;-2.90180958;[0];-87.8750
-78.99474820;-2.901809148;[0];-88.2500
-78.99450540;-2.901808715;[0];-88.6875
-78.9942626;-2.901808282;[0];-89.0625
-78.99401980;-2.901807849;[0];-89.4375
-78.99377700;-2.901807417;[0];-89.8750
-78.99353420;-2.901806984;[0];-90.2500
-78.99329140;-2.901806551;[0];-90.5625
-78.99304859;-2.901806118;[0];-90.9375
-78.99280579;-2.901805685;[0];-91.3125
-78.99256299;-2.901805251;[0];-91.6250
-78.99232019;-2.901804818;[0];-92.0000
-78.99207739;-2.901804385;[0];-92.3125
-78.99183459;-2.901803952;[0];-92.6250
-78.99159179;-2.901803518;[0];-92.9375
-78.99134899;-2.901803085;[0];-93.2500
-78.99110619;-2.901802651;[0];-93.5625
-78.99086339;-2.901802218;[0];-93.8750
-78.99062058;-2.901801784;[0];-94.1250
-78.99037778;-2.901801351;[0];-94.4375
-78.99013498;-2.901800917;[0];-94.6875
-78.98989218;-2.901800483;[0];-95.0000
-78.98964938;-2.90180005;[0];-95.2500
-78.98940658;-2.901799616;[0];-95.5000
-78.98916378;-2.901799182;[0];-95.8125
-78.98892098;-2.901798748;[0];-96.0625
-78.98867818;-2.901798314;[0];-96.3125
-78.98843538;-2.90179788;[0];-96.5625
-78.98819258;-2.901797446;[0];-96.8125
-78.98794978;-2.901797012;[0];-97.0625
-78.98770698;-2.901796578;[0];-97.3125
-78.98746418;-2.901796143;[0];-97.5000
-78.98722138;-2.901795709;[0];-97.7500
-78.98697858;-2.901795275;[0];-98.0000
-78.98673578;-2.90179484;[0];-98.1875
-78.98649298;-2.901794406;[0];-98.4375
-78.98625018;-2.901793971;[0];-98.6875
-78.98600738;-2.901793537;[0];-98.8750
-78.98576458;-2.901793102;[0];-99.0625
-78.98552178;-2.901792668;[0];-99.3125
-78.98527898;-2.901792233;[0];-99.5000
-78.98503618;-2.901791798;[0];-99.6875
-78.98479338;-2.901791363;[0];-99.9375
-78.98455058;-2.901790928;[0];-100.1250
-78.98430778;-2.901790493;[0];-100.3125
-78.98406498;-2.901790059;[0];-100.5000
-78.98382218;-2.901789623;[0];-100.6875
-78.98357938;-2.901789188;[0];-100.8750
-78.98333658;-2.901788753;[0];-101.0625
-78.98309378;-2.901788318;[0];-101.2500
-78.98285098;-2.901787883;[0];-101.4375
-78.98260818;-2.901787448;[0];-101.6250
-78.98236538;-2.901787012;[0];-101.8125
-78.98212258;-2.901786577;[0];-102.0000
-79.01101640;-2.901593899;[0];-101.8750
-79.0107736;-2.901593469;[0];-101.4375
-79.01053080;-2.90159304;[0];-100.8750
-79.01028799;-2.901592611;[0];-100.3125
-79.01004519;-2.901592182;[0];-99.8125
-79.00980239;-2.901591752;[0];-99.3125
-79.00955958;-2.901591323;[0];-98.8125
-79.00931678;-2.901590893;[0];-98.1875
-79.00907397;-2.901590464;[0];-97.5625
-79.00883117;-2.901590034;[0];-97.0000
-79.00858837;-2.901589604;[0];-96.2500
-79.00834556;-2.901589175;[0];-95.6250
-79.00810276;-2.901588745;[0];-95.0000
-79.00785996;-2.901588315;[0];-94.1875
-79.00761715;-2.901587885;[0];-93.4375
-79.00737435;-2.901587455;[0];-92.5625
-79.00713155;-2.901587025;[0];-91.6875
-79.00688875;-2.901586595;[0];-90.7500
-79.00664594;-2.901586165;[0];-89.7500
-79.00640314;-2.901585735;[0];-88.7500
-79.00616034;-2.901585305;[0];-87.6875
-79.00591753;-2.901584875;[0];-86.4375
-79.00567473;-2.901584444;[0];-84.8125
-79.00543193;-2.901584014;[0];-83.4375
-79.00518912;-2.901583584;[0];-81.9375
-79.00494632;-2.901583153;[0];-80.3750
-79.00470352;-2.901582723;[0];-78.7500
-79.00446072;-2.901582292;[0];-77.3125
-79.00421791;-2.901581862;[0];-75.8125
-79.00397511;-2.901581431;[0];-74.5000
-79.00373231;-2.901581;[0];-73.3750
-79.00348950;-2.90158057;[0];-72.4375
-79.00324670;-2.901580139;[0];-71.8125
-79.00300390;-2.901579708;[0];-71.3750
-79.00276110;-2.901579277;[0];-71.1250
-79.00251829;-2.901578846;[0];-71.1250
-79.00227549;-2.901578415;[0];-71.3125
-79.00203269;-2.901577984;[0];-71.6875
-79.00178989;-2.901577553;[0];-72.0000
-79.00154708;-2.901577122;[0];-72.5000
-79.00130428;-2.90157669;[0];-73.1250
-79.00106148;-2.901576259;[0];-73.7500
-79.00081868;-2.901575828;[0];-74.4375
-79.00057588;-2.901575396;[0];-75.0625
-79.00033307;-2.901574965;[0];-75.6875
-79.00009027;-2.901574534;[0];-76.3125
-78.99984747;-2.901574102;[0];-77.0000
-78.99960467;-2.90157367;[0];-77.5625
-78.99936187;-2.901573239;[0];-78.3125
-78.99911906;-2.901572807;[0];-79.0000
-78.99887626;-2.901572375;[0];-79.5625
-78.99863346;-2.901571944;[0];-80.1875
-78.99839066;-2.901571512;[0];-80.7500
-78.99814786;-2.90157108;[0];-81.3750
-78.99790505;-2.901570648;[0];-81.9375
-78.99766225;-2.901570216;[0];-82.4375
-78.99741945;-2.901569784;[0];-82.9375
-78.99717665;-2.901569352;[0];-83.5000
-78.99693385;-2.90156892;[0];-84.0625
-78.99669104;-2.901568487;[0];-84.5000
-78.99644824;-2.901568055;[0];-85.0625
-78.99620544;-2.901567623;[0];-85.5625
-78.99596264;-2.90156719;[0];-86.0000
-78.99571984;-2.901566758;[0];-86.4375
-78.99547704;-2.901566325;[0];-86.8750
-78.99523424;-2.901565893;[0];-87.3125
-78.99499143;-2.90156546;[0];-87.7500
-78.99474863;-2.901565028;[0];-88.1875
-78.99450583;-2.901564595;[0];-88.6250
-78.99426303;-2.901564162;[0];-89.0000
-78.99402023;-2.901563729;[0];-89.3750
-78.99377743;-2.901563297;[0];-89.6875
-78.99353463;-2.901562864;[0];-90.0625
-78.99329183;-2.901562431;[0];-90.4375
-78.99304902;-2.901561998;[0];-90.8125
-78.99280622;-2.901561565;[0];-91.1250
-78.99256342;-2.901561132;[0];-91.5000
-78.99232062;-2.901560698;[0];-91.8125
-78.99207782;-2.901560265;[0];-92.1250
-78.99183502;-2.901559832;[0];-92.5000
-78.99159222;-2.901559399;[0];-92.8125
-78.99134942;-2.901558965;[0];-93.1250
-78.99110662;-2.901558532;[0];-93.4375
-78.99086382;-2.901558098;[0];-93.6875
-78.99062102;-2.901557665;[0];-94.0000
-78.99037821;-2.901557231;[0];-94.3125
-78.99013541;-2.901556798;[0];-94.5625
-78.98989261;-2.901556364;[0];-94.8750
-78.98964981;-2.90155593;[0];-95.1250
-78.98940701;-2.901555497;[0];-95.3750
-78.98916421;-2.901555063;[0];-95.6875
-78.98892141;-2.901554629;[0];-95.9375
-78.98867861;-2.901554195;[0];-96.1875
-78.98843581;-2.901553761;[0];-96.4375
-78.98819301;-2.901553327;[0];-96.6875
-78.98795021;-2.901552893;[0];-96.9375
-78.98770741;-2.901552459;[0];-97.1875
-78.98746461;-2.901552024;[0];-97.4375
-78.98722181;-2.90155159;[0];-97.6250
-78.98697901;-2.901551156;[0];-97.8750
-78.98673621;-2.901550721;[0];-98.1250
-78.98649341;-2.901550287;[0];-98.3125
-78.98625061;-2.901549853;[0];-98.5625
-78.98600781;-2.901549418;[0];-98.7500
-78.98576501;-2.901548983;[0];-99.0000
-78.98552221;-2.901548549;[0];-99.1875
-78.98527941;-2.901548114;[0];-99.3750
-78.98503661;-2.901547679;[0];-99.6250
-78.98479381;-2.901547245;[0];-99.8125
-78.98455101;-2.90154681;[0];-100.0000
-78.98430821;-2.901546375;[0];-100.1875
-78.98406541;-2.90154594;[0];-100.3750
-78.98382261;-2.901545505;[0];-100.6250
-78.98357981;-2.90154507;[0];-100.8125
-78.98333701;-2.901544635;[0];-101.0000
-78.98309421;-2.9015442;[0];-101.1875
-78.98285141;-2.901543765;[0];-101.3750
-78.98260861;-2.901543329;[0];-101.5625
-78.98236581;-2.901542894;[0];-101.6875
-78.98212301;-2.901542459;[0];-101.8750
-79.01101683;-2.901349776;[0];-101.8125
-79.01077403;-2.901349347;[0];-101.3125
-79.01053122;-2.901348918;[0];-100.8125
-79.01028842;-2.901348488;[0];-100.4375
-79.01004562;-2.901348059;[0];-99.9375
-79.00980281;-2.90134763;[0];-99.3125
-79.00956001;-2.9013472;[0];-98.7500
-79.00931721;-2.901346771;[0];-98.1875
-79.00907440;-2.901346341;[0];-97.5000
-79.00883160;-2.901345912;[0];-96.9375
-79.00858880;-2.901345482;[0];-96.3125
-79.00834599;-2.901345053;[0];-95.5625
-79.00810319;-2.901344623;[0];-94.8750
-79.00786039;-2.901344193;[0];-94.1250
-79.00761758;-2.901343763;[0];-93.3125
-79.00737478;-2.901343333;[0];-92.4375
-79.00713198;-2.901342903;[0];-91.5625
-79.00688917;-2.901342473;[0];-90.5000
-79.00664637;-2.901342043;[0];-89.4375
-79.00640357;-2.901341613;[0];-88.4375
-79.00616076;-2.901341183;[0];-87.3750
-79.00591796;-2.901340753;[0];-85.8750
-79.00567516;-2.901340323;[0];-84.4375
-79.00543235;-2.901339892;[0];-83.0625
-79.00518955;-2.901339462;[0];-81.6875
-79.00494675;-2.901339032;[0];-80.2500
-79.00470395;-2.901338601;[0];-78.8125
-79.00446114;-2.901338171;[0];-77.4375
-79.00421834;-2.90133774;[0];-76.1250
-79.00397554;-2.90133731;[0];-74.9375
-79.00373274;-2.901336879;[0];-73.9375
-79.00348993;-2.901336448;[0];-73.1250
-79.00324713;-2.901336017;[0];-72.4375
-79.00300433;-2.901335587;[0];-72.0625
-79.00276153;-2.901335156;[0];-71.8750
-79.00251872;-2.901334725;[0];-71.8125
-79.00227592;-2.901334294;[0];-71.9375
-79.00203312;-2.901333863;[0];-72.1875
-79.00179032;-2.901333432;[0];-72.6250
-79.00154751;-2.901333001;[0];-73.0000
-79.00130471;-2.901332569;[0];-73.5000
-79.00106191;-2.901332138;[0];-74.1250
-79.00081911;-2.901331707;[0];-74.6875
-79.00057630;-2.901331276;[0];-75.3125
-79.00033350;-2.901330844;[0];-75.8750
-79.0000907;-2.901330413;[0];-76.5000
-78.99984790;-2.901329981;[0];-77.1250
-78.99960510;-2.90132955;[0];-77.7500
-78.99936229;-2.901329118;[0];-78.4375
-78.99911949;-2.901328686;[0];-78.9375
-78.99887669;-2.901328255;[0];-79.6250
-78.99863389;-2.901327823;[0];-80.1875
-78.99839109;-2.901327391;[0];-80.7500
-78.99814828;-2.901326959;[0];-81.3125
-78.99790548;-2.901326527;[0];-81.8125
-78.99766268;-2.901326095;[0];-82.4375
-78.99741988;-2.901325663;[0];-82.9375
-78.99717708;-2.901325231;[0];-83.4375
-78.99693428;-2.901324799;[0];-83.9375
-78.99669147;-2.901324367;[0];-84.4375
-78.99644867;-2.901323935;[0];-85.0000
-78.99620587;-2.901323502;[0];-85.4375
-78.99596307;-2.90132307;[0];-85.8750
-78.99572027;-2.901322638;[0];-86.3125
-78.99547747;-2.901322205;[0];-86.8125
-78.99523467;-2.901321773;[0];-87.2500
-78.99499186;-2.90132134;[0];-87.6250
-78.99474906;-2.901320908;[0];-88.0000
-78.99450626;-2.901320475;[0];-88.4375
-78.99426346;-2.901320042;[0];-88.8750
-78.99402066;-2.901319609;[0];-89.2500
-78.99377786;-2.901319177;[0];-89.6250
-78.99353506;-2.901318744;[0];-90.0000
-78.99329226;-2.901318311;[0];-90.3750
-78.99304946;-2.901317878;[0];-90.6875
-78.99280665;-2.901317445;[0];-91.0000
-78.99256385;-2.901317012;[0];-91.3125
-78.99232105;-2.901316579;[0];-91.6875
-78.99207825;-2.901316146;[0];-92.0000
-78.99183545;-2.901315712;[0];-92.3125
-78.99159265;-2.901315279;[0];-92.6250
-78.99134985;-2.901314846;[0];-92.9375
-78.99110705;-2.901314412;[0];-93.2500
-78.99086425;-2.901313979;[0];-93.5625
-78.99062145;-2.901313545;[0];-93.8750
-78.99037865;-2.901313112;[0];-94.1250
-78.99013585;-2.901312678;[0];-94.4375
-78.98989305;-2.901312245;[0];-94.7500
-78.98965024;-2.901311811;[0];-95.0000
-78.98940744;-2.901311377;[0];-95.2500
-78.98916464;-2.901310943;[0];-95.5625
-78.98892184;-2.90131051;[0];-95.8125
-78.98867904;-2.901310076;[0];-96.0625
-78.98843624;-2.901309642;[0];-96.3125
-78.98819344;-2.901309208;[0];-96.5625
-78.98795064;-2.901308774;[0];-96.8125
-78.98770784;-2.901308339;[0];-97.0625
-78.98746504;-2.901307905;[0];-97.3125
-78.98722224;-2.901307471;[0];-97.5000
-78.98697944;-2.901307037;[0];-97.7500
-78.98673664;-2.901306603;[0];-98.0000
-78.98649384;-2.901306168;[0];-98.1875
-78.98625104;-2.901305734;[0];-98.4375
-78.98600824;-2.901305299;[0];-98.6250
-78.98576544;-2.901304865;[0];-98.8750
-78.98552264;-2.90130443;[0];-99.0625
-78.98527984;-2.901303995;[0];-99.3125
-78.98503704;-2.901303561;[0];-99.5000
-78.98479424;-2.901303126;[0];-99.6875
-78.98455144;-2.901302691;[0];-99.8750
-78.98430864;-2.901302256;[0];-100.1250
-78.98406584;-2.901301822;[0];-100.3125
-78.98382304;-2.901301387;[0];-100.5000
-78.98358024;-2.901300952;[0];-100.6875
-78.98333744;-2.901300516;[0];-100.8750
-78.98309464;-2.901300081;[0];-101.0625
-78.98285184;-2.901299646;[0];-101.2500
-78.98260904;-2.901299211;[0];-101.4375
-78.98236625;-2.901298776;[0];-101.6250
-78.98212345;-2.90129834;[0];-101.8125
-78.98188065;-2.901297905;[0];-102.0000
-79.01101726;-2.901105653;[0];-101.8125
-79.01077445;-2.901105224;[0];-101.4375
-79.01053165;-2.901104795;[0];-100.9375
-79.01028885;-2.901104366;[0];-100.3750
-79.01004604;-2.901103937;[0];-99.8750
-79.00980324;-2.901103507;[0];-99.3125
-79.00956044;-2.901103078;[0];-98.7500
-79.00931763;-2.901102649;[0];-98.1250
-79.00907483;-2.901102219;[0];-97.5625
-79.00883203;-2.90110179;[0];-97.0000
-79.00858922;-2.90110136;[0];-96.2500
-79.00834642;-2.90110093;[0];-95.5625
-79.00810362;-2.901100501;[0];-94.7500
-79.00786081;-2.901100071;[0];-94.0000
-79.00761801;-2.901099641;[0];-93.1875
-79.00737521;-2.901099211;[0];-92.3750
-79.00713240;-2.901098781;[0];-91.3750
-79.0068896;-2.901098352;[0];-90.3750
-79.00664680;-2.901097922;[0];-89.3125
-79.00640399;-2.901097491;[0];-88.2500
-79.00616119;-2.901097061;[0];-87.1250
-79.00591839;-2.901096631;[0];-85.6250
-79.00567559;-2.901096201;[0];-84.3750
-79.00543278;-2.901095771;[0];-83.0625
-79.00518998;-2.90109534;[0];-81.7500
-79.00494718;-2.90109491;[0];-80.3750
-79.00470437;-2.90109448;[0];-78.9375
-79.00446157;-2.901094049;[0];-77.6875
-79.00421877;-2.901093619;[0];-76.5000
-79.00397597;-2.901093188;[0];-75.4375
-79.00373316;-2.901092757;[0];-74.5625
-79.00349036;-2.901092327;[0];-73.8125
-79.00324756;-2.901091896;[0];-73.2500
-79.00300476;-2.901091465;[0];-72.8750
-79.00276195;-2.901091034;[0];-72.6875
-79.00251915;-2.901090604;[0];-72.5625
-79.00227635;-2.901090173;[0];-72.6875
-79.00203355;-2.901089742;[0];-72.7500
-79.00179074;-2.901089311;[0];-73.1250
-79.00154794;-2.901088879;[0];-73.5625
-79.00130514;-2.901088448;[0];-74.0000
-79.00106234;-2.901088017;[0];-74.5000
-79.00081954;-2.901087586;[0];-75.0625
-79.00057673;-2.901087155;[0];-75.5625
-79.00033393;-2.901086723;[0];-76.1250
-79.00009113;-2.901086292;[0];-76.7500
-78.99984833;-2.90108586;[0];-77.3125
-78.99960553;-2.901085429;[0];-77.9375
-78.99936272;-2.901084997;[0];-78.5000
-78.99911992;-2.901084566;[0];-79.1250
-78.99887712;-2.901084134;[0];-79.6875
-78.99863432;-2.901083702;[0];-80.1875
-78.99839152;-2.90108327;[0];-80.8125
-78.99814871;-2.901082839;[0];-81.3750
-78.99790591;-2.901082407;[0];-81.8750
-78.99766311;-2.901081975;[0];-82.3750
-78.99742031;-2.901081543;[0];-82.8750
-78.99717751;-2.901081111;[0];-83.4375
-78.99693471;-2.901080679;[0];-83.9375
-78.99669190;-2.901080247;[0];-84.4375
-78.99644910;-2.901079814;[0];-84.8750
-78.99620630;-2.901079382;[0];-85.3125
-78.9959635;-2.90107895;[0];-85.8125
-78.99572070;-2.901078517;[0];-86.3125
-78.99547790;-2.901078085;[0];-86.6875
-78.99523510;-2.901077653;[0];-87.1250
-78.99499229;-2.90107722;[0];-87.5625
-78.99474949;-2.901076787;[0];-88.0000
-78.99450669;-2.901076355;[0];-88.3750
-78.99426389;-2.901075922;[0];-88.7500
-78.99402109;-2.901075489;[0];-89.1250
-78.99377829;-2.901075057;[0];-89.5000
-78.99353549;-2.901074624;[0];-89.8750
-78.99329269;-2.901074191;[0];-90.2500
-78.99304989;-2.901073758;[0];-90.6250
-78.99280708;-2.901073325;[0];-90.9375
-78.99256428;-2.901072892;[0];-91.3125
-78.99232148;-2.901072459;[0];-91.6250
-78.99207868;-2.901072026;[0];-91.9375
-78.99183588;-2.901071593;[0];-92.2500
-78.99159308;-2.901071159;[0];-92.5000
-78.99135028;-2.901070726;[0];-92.8125
-78.99110748;-2.901070293;[0];-93.1250
-78.99086468;-2.901069859;[0];-93.4375
-78.99062188;-2.901069426;[0];-93.7500
-78.99037908;-2.901068992;[0];-94.0000
-78.99013628;-2.901068559;[0];-94.3125
-78.98989348;-2.901068125;[0];-94.5625
-78.98965068;-2.901067692;[0];-94.8750
-78.98940788;-2.901067258;[0];-95.1250
-78.98916507;-2.901066824;[0];-95.4375
-78.98892227;-2.90106639;[0];-95.6875
-78.98867947;-2.901065956;[0];-95.9375
-78.98843667;-2.901065523;[0];-96.1875
-78.98819387;-2.901065089;[0];-96.4375
-78.98795107;-2.901064655;[0];-96.6875
-78.98770827;-2.90106422;[0];-96.9375
-78.98746547;-2.901063786;[0];-97.1875
-78.98722267;-2.901063352;[0];-97.4375
-78.98697987;-2.901062918;[0];-97.6250
-78.98673707;-2.901062484;[0];-97.8750
-78.98649427;-2.901062049;[0];-98.1250
-78.98625147;-2.901061615;[0];-98.3125
-78.98600867;-2.90106118;[0];-98.5625
-78.98576587;-2.901060746;[0];-98.7500
-78.98552307;-2.901060311;[0];-99.0000
-78.98528027;-2.901059877;[0];-99.1875
-78.98503747;-2.901059442;[0];-99.3750
-78.98479467;-2.901059007;[0];-99.6250
-78.98455187;-2.901058573;[0];-99.8125
-78.98430907;-2.901058138;[0];-100.0000
-78.98406627;-2.901057703;[0];-100.1875
-78.98382348;-2.901057268;[0];-100.3750
-78.98358068;-2.901056833;[0];-100.5625
-78.98333788;-2.901056398;[0];-100.7500
-78.98309508;-2.901055963;[0];-100.9375
-78.98285228;-2.901055528;[0];-101.1250
-78.98260948;-2.901055093;[0];-101.3125
-78.98236668;-2.901054657;[0];-101.5000
-78.98212388;-2.901054222;[0];-101.6875
-78.98188108;-2.901053787;[0];-101.8750
-79.01101768;-2.900861531;[0];-101.9375
-79.01077488;-2.900861102;[0];-101.3750
-79.01053208;-2.900860673;[0];-100.8750
-79.01028927;-2.900860244;[0];-100.3750
-79.01004647;-2.900859814;[0];-99.8125
-79.00980367;-2.900859385;[0];-99.3125
-79.00956086;-2.900858956;[0];-98.7500
-79.00931806;-2.900858526;[0];-98.2500
-79.00907526;-2.900858097;[0];-97.5625
-79.00883245;-2.900857667;[0];-96.9375
-79.00858965;-2.900857238;[0];-96.2500
-79.00834685;-2.900856808;[0];-95.5000
-79.00810404;-2.900856379;[0];-94.6875
-79.00786124;-2.900855949;[0];-93.9375
-79.00761844;-2.900855519;[0];-93.1250
-79.00737563;-2.900855089;[0];-92.1875
-79.00713283;-2.900854659;[0];-91.3125
-79.00689003;-2.90085423;[0];-90.3125
-79.00664723;-2.9008538;[0];-89.3125
-79.00640442;-2.90085337;[0];-88.1875
-79.00616162;-2.90085294;[0];-86.6875
-79.00591882;-2.900852509;[0];-85.4375
-79.00567601;-2.900852079;[0];-84.3125
-79.00543321;-2.900851649;[0];-83.0625
-79.00519041;-2.900851219;[0];-81.8125
-79.00494761;-2.900850788;[0];-80.5625
-79.00470480;-2.900850358;[0];-79.3125
-79.004462;-2.900849928;[0];-78.1875
-79.00421920;-2.900849497;[0];-77.0625
-79.00397639;-2.900849067;[0];-76.0625
-79.00373359;-2.900848636;[0];-75.2500
-79.00349079;-2.900848205;[0];-74.5000
-79.00324799;-2.900847775;[0];-74.0625
-79.00300518;-2.900847344;[0];-73.6250
-79.00276238;-2.900846913;[0];-73.3750
-79.00251958;-2.900846482;[0];-73.3125
-79.00227678;-2.900846051;[0];-73.3125
-79.00203398;-2.90084562;[0];-73.5000
-79.00179117;-2.900845189;[0];-73.8125
-79.00154837;-2.900844758;[0];-74.1250
-79.00130557;-2.900844327;[0];-74.5625
-79.00106277;-2.900843896;[0];-74.9375
-79.00081996;-2.900843465;[0];-75.3750
-79.00057716;-2.900843034;[0];-75.9375
-79.00033436;-2.900842602;[0];-76.4375
-79.00009156;-2.900842171;[0];-77.0000
-78.99984876;-2.900841739;[0];-77.6250
-78.99960595;-2.900841308;[0];-78.1250
-78.99936315;-2.900840876;[0];-78.7500
-78.99912035;-2.900840445;[0];-79.1875
-78.99887755;-2.900840013;[0];-79.8125
-78.99863475;-2.900839581;[0];-80.3750
-78.99839195;-2.90083915;[0];-80.8750
-78.99814914;-2.900838718;[0];-81.3750
-78.99790634;-2.900838286;[0];-81.9375
-78.99766354;-2.900837854;[0];-82.4375
-78.99742074;-2.900837422;[0];-82.9375
-78.99717794;-2.90083699;[0];-83.4375
-78.99693514;-2.900836558;[0];-83.8750
-78.99669233;-2.900836126;[0];-84.3750
-78.99644953;-2.900835694;[0];-84.8750
-78.99620673;-2.900835262;[0];-85.3750
-78.99596393;-2.900834829;[0];-85.8125
-78.99572113;-2.900834397;[0];-86.1875
-78.99547833;-2.900833965;[0];-86.6250
-78.99523553;-2.900833532;[0];-87.0625
-78.99499273;-2.9008331;[0];-87.5000
-78.99474992;-2.900832667;[0];-87.8750
-78.99450712;-2.900832235;[0];-88.2500
-78.99426432;-2.900831802;[0];-88.6875
-78.99402152;-2.900831369;[0];-89.0625
-78.99377872;-2.900830937;[0];-89.4375
-78.99353592;-2.900830504;[0];-89.8125
-78.99329312;-2.900830071;[0];-90.1250
-78.99305032;-2.900829638;[0];-90.4375
-78.99280752;-2.900829205;[0];-90.8125
-78.99256471;-2.900828772;[0];-91.1875
-78.99232191;-2.900828339;[0];-91.5000
-78.99207911;-2.900827906;[0];-91.8125
-78.99183631;-2.900827473;[0];-92.1875
-78.99159351;-2.90082704;[0];-92.5000
-78.99135071;-2.900826607;[0];-92.8125
-78.99110791;-2.900826173;[0];-93.0625
-78.99086511;-2.90082574;[0];-93.3750
-78.99062231;-2.900825306;[0];-93.6250
-78.99037951;-2.900824873;[0];-93.8750
-78.99013671;-2.900824439;[0];-94.1875
-78.98989391;-2.900824006;[0];-94.5000
-78.98965111;-2.900823572;[0];-94.7500
-78.98940831;-2.900823139;[0];-95.0000
-78.98916551;-2.900822705;[0];-95.3125
-78.98892271;-2.900822271;[0];-95.5625
-78.98867991;-2.900821837;[0];-95.8125
-78.98843711;-2.900821403;[0];-96.0625
-78.98819431;-2.900820969;[0];-96.3125
-78.98795151;-2.900820535;[0];-96.5625
-78.98770871;-2.900820101;[0];-96.8125
-78.98746590;-2.900819667;[0];-97.0625
-78.98722310;-2.900819233;[0];-97.3125
-78.98698030;-2.900818799;[0];-97.5625
-78.98673750;-2.900818365;[0];-97.7500
-78.98649470;-2.90081793;[0];-98.0000
-78.98625190;-2.900817496;[0];-98.1875
-78.98600911;-2.900817062;[0];-98.4375
-78.98576631;-2.900816627;[0];-98.6250
-78.98552351;-2.900816193;[0];-98.8750
-78.98528071;-2.900815758;[0];-99.0625
-78.98503791;-2.900815323;[0];-99.3125
-78.98479511;-2.900814889;[0];-99.5000
-78.98455231;-2.900814454;[0];-99.6875
-78.98430951;-2.900814019;[0];-99.8750
-78.98406671;-2.900813584;[0];-100.1250
-78.98382391;-2.90081315;[0];-100.3125
-78.98358111;-2.900812715;[0];-100.5000
-78.98333831;-2.90081228;[0];-100.6875
-78.98309551;-2.900811845;[0];-100.8750
-78.98285271;-2.90081141;[0];-101.0625
-78.98260991;-2.900810974;[0];-101.2500
-78.98236711;-2.900810539;[0];-101.4375
-78.98212431;-2.900810104;[0];-101.6250
-78.98188151;-2.900809669;[0];-101.8125
-78.98163871;-2.900809233;[0];-101.9375
-79.01101811;-2.900617408;[0];-101.8750
-79.01077531;-2.900616979;[0];-101.3750
-79.01053250;-2.90061655;[0];-100.8750
-79.0102897;-2.900616121;[0];-100.3750
-79.01004690;-2.900615692;[0];-99.8750
-79.00980409;-2.900615263;[0];-99.3750
-79.00956129;-2.900614833;[0];-98.8125
-79.00931849;-2.900614404;[0];-98.1250
-79.00907568;-2.900613975;[0];-97.5625
-79.00883288;-2.900613545;[0];-96.8750
-79.00859008;-2.900613116;[0];-96.1875
-79.00834727;-2.900612686;[0];-95.4375
-79.00810447;-2.900612256;[0];-94.6875
-79.00786167;-2.900611827;[0];-93.8750
-79.00761886;-2.900611397;[0];-93.0000
-79.00737606;-2.900610967;[0];-92.1875
-79.00713326;-2.900610538;[0];-91.2500
-79.00689046;-2.900610108;[0];-90.3125
-79.00664765;-2.900609678;[0];-89.3125
-79.00640485;-2.900609248;[0];-88.0625
-79.00616205;-2.900608818;[0];-86.7500
-79.00591924;-2.900608388;[0];-85.5625
-79.00567644;-2.900607957;[0];-84.4375
-79.00543364;-2.900607527;[0];-83.1875
-79.00519084;-2.900607097;[0];-82.0000
-79.00494803;-2.900606667;[0];-80.8125
-79.00470523;-2.900606236;[0];-79.6875
-79.00446243;-2.900605806;[0];-78.6250
-79.00421963;-2.900605376;[0];-77.6250
-79.00397682;-2.900604945;[0];-76.6875
-79.00373402;-2.900604515;[0];-76.0000
-79.00349122;-2.900604084;[0];-75.2500
-79.00324842;-2.900603653;[0];-74.7500
-79.00300561;-2.900603223;[0];-74.3750
-79.00276281;-2.900602792;[0];-74.1250
-79.00252001;-2.900602361;[0];-74.1250
-79.00227721;-2.90060193;[0];-74.1250
-79.00203440;-2.900601499;[0];-74.2500
-79.00179160;-2.900601068;[0];-74.3750
-79.00154880;-2.900600637;[0];-74.7500
-79.00130600;-2.900600206;[0];-75.0625
-79.00106320;-2.900599775;[0];-75.4375
-79.00082039;-2.900599344;[0];-75.8125
-79.00057759;-2.900598913;[0];-76.3125
-79.00033479;-2.900598481;[0];-76.8125
-79.00009199;-2.90059805;[0];-77.3125
-78.99984919;-2.900597619;[0];-77.8750
-78.99960638;-2.900597187;[0];-78.3750
-78.99936358;-2.900596756;[0];-78.8750
-78.99912078;-2.900596324;[0];-79.4375
-78.99887798;-2.900595892;[0];-79.9375
-78.99863518;-2.900595461;[0];-80.4375
-78.99839238;-2.900595029;[0];-81.0000
-78.99814957;-2.900594597;[0];-81.5000
-78.99790677;-2.900594166;[0];-81.9375
-78.99766397;-2.900593734;[0];-82.4375
-78.99742117;-2.900593302;[0];-83.0000
-78.99717837;-2.90059287;[0];-83.4375
-78.99693557;-2.900592438;[0];-83.9375
-78.99669276;-2.900592006;[0];-84.3750
-78.99644996;-2.900591574;[0];-84.8125
-78.99620716;-2.900591141;[0];-85.2500
-78.99596436;-2.900590709;[0];-85.7500
-78.99572156;-2.900590277;[0];-86.2500
-78.99547876;-2.900589845;[0];-86.6250
-78.99523596;-2.900589412;[0];-87.0000
-78.99499316;-2.90058898;[0];-87.4375
-78.99475035;-2.900588547;[0];-87.8125
-78.99450755;-2.900588115;[0];-88.2500
-78.99426475;-2.900587682;[0];-88.6250
-78.99402195;-2.900587249;[0];-89.0000
-78.99377915;-2.900586817;[0];-89.3125
-78.99353635;-2.900586384;[0];-89.6875
-78.99329355;-2.900585951;[0];-90.0625
-78.99305075;-2.900585518;[0];-90.4375
-78.99280795;-2.900585085;[0];-90.7500
-78.99256515;-2.900584652;[0];-91.0625
-78.99232234;-2.900584219;[0];-91.3750
-78.99207954;-2.900583786;[0];-91.6875
-78.99183674;-2.900583353;[0];-92.0625
-78.99159394;-2.90058292;[0];-92.3750
-78.99135114;-2.900582487;[0];-92.6875
-78.99110834;-2.900582054;[0];-93.0000
-78.99086554;-2.90058162;[0];-93.3125
-78.99062274;-2.900581187;[0];-93.5625
-78.99037994;-2.900580754;[0];-93.8750
-78.99013714;-2.90058032;[0];-94.1250
-78.98989434;-2.900579886;[0];-94.3750
-78.98965154;-2.900579453;[0];-94.6875
-78.98940874;-2.900579019;[0];-94.9375
-78.98916594;-2.900578586;[0];-95.1875
-78.98892314;-2.900578152;[0];-95.4375
-78.98868034;-2.900577718;[0];-95.6875
-78.98843754;-2.900577284;[0];-95.9375
-78.98819474;-2.90057685;[0];-96.2500
-78.98795194;-2.900576416;[0];-96.4375
-78.98770914;-2.900575982;[0];-96.6875
-78.98746634;-2.900575548;[0];-96.9375
-78.98722354;-2.900575114;[0];-97.1875
-78.98698074;-2.90057468;[0];-97.4375
-78.98673794;-2.900574246;[0];-97.6875
-78.98649514;-2.900573812;[0];-97.8750
-78.98625234;-2.900573377;[0];-98.1250
-78.98600954;-2.900572943;[0];-98.3125
-78.98576674;-2.900572508;[0];-98.5625
-78.98552394;-2.900572074;[0];-98.7500
-78.98528114;-2.900571639;[0];-99.0000
-78.98503834;-2.900571205;[0];-99.1875
-78.98479554;-2.90057077;[0];-99.3750
-78.98455274;-2.900570336;[0];-99.6250
-78.98430994;-2.900569901;[0];-99.8125
-78.98406714;-2.900569466;[0];-100.0000
-78.98382434;-2.900569031;[0];-100.1875
-78.98358154;-2.900568596;[0];-100.3750
-78.98333874;-2.900568161;[0];-100.5625
-78.98309594;-2.900567726;[0];-100.7500
-78.98285314;-2.900567291;[0];-100.9375
-78.98261034;-2.900566856;[0];-101.1250
-78.98236754;-2.900566421;[0];-101.3125
-78.98212474;-2.900565986;[0];-101.5000
-78.98188195;-2.900565551;[0];-101.6875
-78.98163915;-2.900565115;[0];-101.8750
-79.01101854;-2.900373286;[0];-101.9375
-79.01077573;-2.900372857;[0];-101.3750
-79.01053293;-2.900372428;[0];-100.8750
-79.01029013;-2.900371999;[0];-100.4375
-79.01004732;-2.90037157;[0];-99.9375
-79.00980452;-2.90037114;[0];-99.3125
-79.00956172;-2.900370711;[0];-98.7500
-79.00931891;-2.900370282;[0];-98.1875
-79.00907611;-2.900369852;[0];-97.5000
-79.00883331;-2.900369423;[0];-96.8750
-79.00859050;-2.900368993;[0];-96.1250
-79.00834770;-2.900368564;[0];-95.4375
-79.00810490;-2.900368134;[0];-94.6875
-79.00786210;-2.900367705;[0];-93.8125
-79.00761929;-2.900367275;[0];-93.0000
-79.00737649;-2.900366845;[0];-92.1250
-79.00713369;-2.900366416;[0];-91.2500
-79.00689088;-2.900365986;[0];-90.3125
-79.00664808;-2.900365556;[0];-89.3125
-79.00640528;-2.900365126;[0];-87.9375
-79.00616247;-2.900364696;[0];-86.8125
-79.00591967;-2.900364266;[0];-85.6875
-79.00567687;-2.900363836;[0];-84.6250
-79.00543407;-2.900363406;[0];-83.5000
-79.00519126;-2.900362975;[0];-82.2500
-79.00494846;-2.900362545;[0];-81.1250
-79.00470566;-2.900362115;[0];-80.1250
-79.00446286;-2.900361684;[0];-79.1250
-79.00422005;-2.900361254;[0];-78.1875
-79.00397725;-2.900360824;[0];-77.3125
-79.00373445;-2.900360393;[0];-76.6875
-79.00349165;-2.900359962;[0];-76.0625
-79.00324884;-2.900359532;[0];-75.5625
-79.00300604;-2.900359101;[0];-75.1875
-79.00276324;-2.90035867;[0];-75.0000
-79.00252044;-2.90035824;[0];-74.8750
-79.00227764;-2.900357809;[0];-74.8750
-79.00203483;-2.900357378;[0];-74.9375
-79.00179203;-2.900356947;[0];-75.1250
-79.00154923;-2.900356516;[0];-75.2500
-79.00130643;-2.900356085;[0];-75.6250
-79.00106362;-2.900355654;[0];-75.9375
-79.00082082;-2.900355223;[0];-76.3125
-79.00057802;-2.900354792;[0];-76.7500
-79.00033522;-2.90035436;[0];-77.1875
-79.00009242;-2.900353929;[0];-77.6875
-78.99984961;-2.900353498;[0];-78.1875
-78.99960681;-2.900353066;[0];-78.6250
-78.99936401;-2.900352635;[0];-79.1250
-78.99912121;-2.900352203;[0];-79.6250
-78.99887841;-2.900351772;[0];-80.1250
-78.99863561;-2.90035134;[0];-80.6250
-78.99839280;-2.900350908;[0];-81.0625
-78.99815000;-2.900350477;[0];-81.5625
-78.99790720;-2.900350045;[0];-82.0625
-78.99766440;-2.900349613;[0];-82.5625
-78.99742160;-2.900349181;[0];-83.0000
-78.99717880;-2.900348749;[0];-83.5000
-78.99693600;-2.900348317;[0];-84.0000
-78.99669319;-2.900347885;[0];-84.4375
-78.99645039;-2.900347453;[0];-84.8750
-78.99620759;-2.900347021;[0];-85.3125
-78.99596479;-2.900346589;[0];-85.7500
-78.99572199;-2.900346157;[0];-86.1250
-78.99547919;-2.900345724;[0];-86.5625
-78.99523639;-2.900345292;[0];-87.0000
-78.99499359;-2.90034486;[0];-87.4375
-78.99475078;-2.900344427;[0];-87.8125
-78.99450798;-2.900343995;[0];-88.1875
-78.99426518;-2.900343562;[0];-88.5625
-78.99402238;-2.900343129;[0];-88.9375
-78.99377958;-2.900342697;[0];-89.3125
-78.99353678;-2.900342264;[0];-89.6875
-78.99329398;-2.900341831;[0];-90.0000
-78.99305118;-2.900341399;[0];-90.3125
-78.99280838;-2.900340966;[0];-90.6875
-78.99256558;-2.900340533;[0];-91.0000
-78.99232278;-2.9003401;[0];-91.3750
-78.99207997;-2.900339667;[0];-91.6875
-78.99183717;-2.900339234;[0];-92.0000
-78.99159437;-2.9003388;[0];-92.2500
-78.99135157;-2.900338367;[0];-92.5625
-78.99110877;-2.900337934;[0];-92.8750
-78.99086597;-2.900337501;[0];-93.1875
-78.99062317;-2.900337067;[0];-93.5000
-78.99038037;-2.900336634;[0];-93.7500
-78.99013757;-2.900336201;[0];-94.0625
-78.98989477;-2.900335767;[0];-94.3750
-78.98965197;-2.900335334;[0];-94.6250
-78.98940917;-2.9003349;[0];-94.8750
-78.98916637;-2.900334466;[0];-95.1250
-78.98892357;-2.900334033;[0];-95.3750
-78.98868077;-2.900333599;[0];-95.6250
-78.98843797;-2.900333165;[0];-95.8750
-78.98819517;-2.900332731;[0];-96.1250
-78.98795237;-2.900332297;[0];-96.3750
-78.98770957;-2.900331863;[0];-96.6250
-78.98746677;-2.900331429;[0];-96.8750
-78.98722397;-2.900330995;[0];-97.0625
-78.98698117;-2.900330561;[0];-97.3125
-78.98673837;-2.900330127;[0];-97.5625
-78.98649557;-2.900329693;[0];-97.8125
-78.98625277;-2.900329258;[0];-98.0000
-78.98600997;-2.900328824;[0];-98.2500
-78.98576717;-2.90032839;[0];-98.4375
-78.98552437;-2.900327955;[0];-98.6875
-78.98528157;-2.900327521;[0];-98.8750
-78.98503877;-2.900327086;[0];-99.1250
-78.98479597;-2.900326652;[0];-99.3125
-78.98455317;-2.900326217;[0];-99.5000
-78.98431037;-2.900325782;[0];-99.6875
-78.98406757;-2.900325347;[0];-99.9375
-78.98382477;-2.900324913;[0];-100.1250
-78.98358197;-2.900324478;[0];-100.3125
-78.98333917;-2.900324043;[0];-100.5000
-78.98309637;-2.900323608;[0];-100.6875
-78.98285358;-2.900323173;[0];-100.8750
-78.98261078;-2.900322738;[0];-101.0625
-78.98236798;-2.900322303;[0];-101.2500
-78.98212518;-2.900321868;[0];-101.4375
-78.98188238;-2.900321432;[0];-101.6250
-78.98163958;-2.900320997;[0];-101.8125
-78.98139678;-2.900320562;[0];-101.9375
-79.01101896;-2.900129163;[0];-101.9375
-79.01077616;-2.900128734;[0];-101.4375
-79.01053336;-2.900128305;[0];-101.0000
-79.01029055;-2.900127876;[0];-100.4375
-79.01004775;-2.900127447;[0];-99.8750
-79.00980495;-2.900127018;[0];-99.3750
-79.00956214;-2.900126589;[0];-98.7500
-79.00931934;-2.900126159;[0];-98.1250
-79.00907654;-2.90012573;[0];-97.5000
-79.00883373;-2.900125301;[0];-96.8125
-79.00859093;-2.900124871;[0];-96.1250
-79.00834813;-2.900124442;[0];-95.4375
-79.00810533;-2.900124012;[0];-94.6250
-79.00786252;-2.900123583;[0];-93.8750
-79.00761972;-2.900123153;[0];-93.0000
-79.00737692;-2.900122723;[0];-92.1250
-79.00713411;-2.900122294;[0];-91.2500
-79.00689131;-2.900121864;[0];-90.3125
-79.00664851;-2.900121434;[0];-88.9375
-79.00640571;-2.900121004;[0];-88.0000
-79.00616290;-2.900120574;[0];-87.0000
-79.00592010;-2.900120144;[0];-85.8750
-79.00567730;-2.900119714;[0];-84.8125
-79.00543449;-2.900119284;[0];-83.7500
-79.00519169;-2.900118854;[0];-82.7500
-79.00494889;-2.900118423;[0];-81.6250
-79.00470609;-2.900117993;[0];-80.6250
-79.00446328;-2.900117563;[0];-79.7500
-79.00422048;-2.900117132;[0];-78.8750
-79.00397768;-2.900116702;[0];-78.0625
-79.00373488;-2.900116272;[0];-77.4375
-79.00349207;-2.900115841;[0];-76.8750
-79.00324927;-2.90011541;[0];-76.3750
-79.00300647;-2.90011498;[0];-76.0625
-79.00276367;-2.900114549;[0];-75.7500
-79.00252087;-2.900114118;[0];-75.6250
-79.00227806;-2.900113688;[0];-75.6250
-79.00203526;-2.900113257;[0];-75.6250
-79.00179246;-2.900112826;[0];-75.7500
-79.00154966;-2.900112395;[0];-75.9375
-79.00130686;-2.900111964;[0];-76.1250
-79.00106405;-2.900111533;[0];-76.4375
-79.00082125;-2.900111102;[0];-76.8750
-79.00057845;-2.900110671;[0];-77.1875
-79.00033565;-2.900110239;[0];-77.6250
-79.00009285;-2.900109808;[0];-78.0625
-78.99985004;-2.900109377;[0];-78.5000
-78.99960724;-2.900108945;[0];-79.0000
-78.99936444;-2.900108514;[0];-79.3750
-78.99912164;-2.900108083;[0];-79.8750
-78.99887884;-2.900107651;[0];-80.3750
-78.99863604;-2.900107219;[0];-80.7500
-78.99839323;-2.900106788;[0];-81.3125
-78.99815043;-2.900106356;[0];-81.7500
-78.99790763;-2.900105924;[0];-82.1875
-78.99766483;-2.900105493;[0];-82.6250
-78.99742203;-2.900105061;[0];-83.1250
-78.99717923;-2.900104629;[0];-83.6250
-78.99693643;-2.900104197;[0];-84.0000
-78.99669362;-2.900103765;[0];-84.4375
-78.99645082;-2.900103333;[0];-84.9375
-78.99620802;-2.900102901;[0];-85.3750
-78.99596522;-2.900102469;[0];-85.7500
-78.99572242;-2.900102036;[0];-86.1875
-78.99547962;-2.900101604;[0];-86.5625
-78.99523682;-2.900101172;[0];-87.0000
-78.99499402;-2.900100739;[0];-87.3750
-78.99475121;-2.900100307;[0];-87.8125
-78.99450841;-2.900099875;[0];-88.1875
-78.99426561;-2.900099442;[0];-88.5625
-78.99402281;-2.900099009;[0];-88.8750
-78.99378001;-2.900098577;[0];-89.2500
-78.99353721;-2.900098144;[0];-89.5625
-78.99329441;-2.900097711;[0];-89.9375
-78.99305161;-2.900097279;[0];-90.3125
-78.99280881;-2.900096846;[0];-90.6250
-78.99256601;-2.900096413;[0];-90.9375
-78.99232321;-2.90009598;[0];-91.2500
-78.99208041;-2.900095547;[0];-91.5625
-78.99183760;-2.900095114;[0];-91.9375
-78.99159480;-2.900094681;[0];-92.2500
-78.99135200;-2.900094248;[0];-92.5625
-78.99110920;-2.900093815;[0];-92.8125
-78.99086640;-2.900093381;[0];-93.1250
-78.99062360;-2.900092948;[0];-93.3750
-78.99038080;-2.900092515;[0];-93.6875
-78.99013800;-2.900092081;[0];-93.9375
-78.98989520;-2.900091648;[0];-94.2500
-78.9896524;-2.900091214;[0];-94.5000
-78.9894096;-2.900090781;[0];-94.8125
-78.9891668;-2.900090347;[0];-95.0625
-78.988924;-2.900089913;[0];-95.3125
-78.9886812;-2.90008948;[0];-95.6250
-78.9884384;-2.900089046;[0];-95.8750
-78.9881956;-2.900088612;[0];-96.0625
-78.9879528;-2.900088178;[0];-96.3125
-78.98771;-2.900087744;[0];-96.5625
-78.9874672;-2.90008731;[0];-96.7500
-78.9872244;-2.900086876;[0];-97.0000
-78.9869816;-2.900086442;[0];-97.2500
-78.9867388;-2.900086008;[0];-97.4375
-78.986496;-2.900085574;[0];-97.6875
-78.9862532;-2.90008514;[0];-97.9375
-78.98601040;-2.900084705;[0];-98.1250
-78.98576760;-2.900084271;[0];-98.3750
-78.98552480;-2.900083836;[0];-98.5625
-78.98528200;-2.900083402;[0];-98.8125
-78.98503920;-2.900082968;[0];-99.0000
-78.98479640;-2.900082533;[0];-99.1875
-78.98455360;-2.900082098;[0];-99.4375
-78.98431080;-2.900081664;[0];-99.6250
-78.98406800;-2.900081229;[0];-99.8125
-78.98382521;-2.900080794;[0];-100.0000
-78.98358241;-2.900080359;[0];-100.1875
-78.98333961;-2.900079925;[0];-100.4375
-78.98309681;-2.90007949;[0];-100.6250
-78.98285401;-2.900079055;[0];-100.8125
-78.98261121;-2.90007862;[0];-101.0000
-78.98236841;-2.900078184;[0];-101.1875
-78.98212561;-2.900077749;[0];-101.3125
-78.98188281;-2.900077314;[0];-101.5000
-78.98164001;-2.900076879;[0];-101.6875
-78.98139721;-2.900076444;[0];-101.8750
-79.01101939;-2.899885041;[0];-102.0000
-79.01077659;-2.899884612;[0];-101.5000
-79.01053378;-2.899884183;[0];-100.9375
-79.01029098;-2.899883754;[0];-100.4375
-79.01004818;-2.899883325;[0];-99.9375
-79.00980537;-2.899882896;[0];-99.3125
-79.00956257;-2.899882466;[0];-98.7500
-79.00931977;-2.899882037;[0];-98.1250
-79.00907696;-2.899881608;[0];-97.5000
-79.00883416;-2.899881178;[0];-96.8125
-79.00859136;-2.899880749;[0];-96.1875
-79.00834856;-2.89988032;[0];-95.3750
-79.00810575;-2.89987989;[0];-94.6875
-79.00786295;-2.899879461;[0];-93.8750
-79.00762015;-2.899879031;[0];-93.0000
-79.00737734;-2.899878601;[0];-92.1875
-79.00713454;-2.899878172;[0];-91.3125
-79.00689174;-2.899877742;[0];-90.3125
-79.00664894;-2.899877312;[0];-89.0625
-79.00640613;-2.899876882;[0];-88.0625
-79.00616333;-2.899876452;[0];-87.1250
-79.00592053;-2.899876022;[0];-86.1250
-79.00567772;-2.899875592;[0];-85.1250
-79.00543492;-2.899875162;[0];-84.0625
-79.00519212;-2.899874732;[0];-83.1250
-79.00494932;-2.899874302;[0];-82.1250
-79.00470651;-2.899873872;[0];-81.1875
-79.00446371;-2.899873441;[0];-80.3125
-79.00422091;-2.899873011;[0];-79.5000
-79.00397811;-2.899872581;[0];-78.7500
-79.00373531;-2.89987215;[0];-78.1875
-79.00349250;-2.89987172;[0];-77.6250
-79.0032497;-2.899871289;[0];-77.1250
-79.00300690;-2.899870858;[0];-76.8125
-79.00276410;-2.899870428;[0];-76.5625
-79.00252129;-2.899869997;[0];-76.4375
-79.00227849;-2.899869566;[0];-76.3125
-79.00203569;-2.899869136;[0];-76.3125
-79.00179289;-2.899868705;[0];-76.3750
-79.00155009;-2.899868274;[0];-76.5625
-79.00130728;-2.899867843;[0];-76.7500
-79.00106448;-2.899867412;[0];-77.0000
-79.00082168;-2.899866981;[0];-77.3125
-79.00057888;-2.89986655;[0];-77.7500
-79.00033608;-2.899866118;[0];-78.0625
-79.00009327;-2.899865687;[0];-78.4375
-78.99985047;-2.899865256;[0];-78.8750
-78.99960767;-2.899864825;[0];-79.2500
-78.99936487;-2.899864393;[0];-79.7500
-78.99912207;-2.899863962;[0];-80.1250
-78.99887927;-2.89986353;[0];-80.6250
-78.99863646;-2.899863099;[0];-81.0000
-78.99839366;-2.899862667;[0];-81.4375
-78.99815086;-2.899862235;[0];-81.8750
-78.99790806;-2.899861804;[0];-82.3750
-78.99766526;-2.899861372;[0];-82.8125
-78.99742246;-2.89986094;[0];-83.2500
-78.99717966;-2.899860508;[0];-83.6875
-78.99693685;-2.899860076;[0];-84.1250
-78.99669405;-2.899859644;[0];-84.5625
-78.99645125;-2.899859212;[0];-84.9375
-78.99620845;-2.89985878;[0];-85.3750
-78.99596565;-2.899858348;[0];-85.8125
-78.99572285;-2.899857916;[0];-86.2500
-78.99548005;-2.899857484;[0];-86.6250
-78.99523725;-2.899857052;[0];-87.0000
-78.99499445;-2.899856619;[0];-87.3750
-78.99475164;-2.899856187;[0];-87.7500
-78.99450884;-2.899855754;[0];-88.1250
-78.99426604;-2.899855322;[0];-88.5000
-78.99402324;-2.899854889;[0];-88.8750
-78.99378044;-2.899854457;[0];-89.2500
-78.99353764;-2.899854024;[0];-89.5625
-78.99329484;-2.899853592;[0];-89.9375
-78.99305204;-2.899853159;[0];-90.2500
-78.99280924;-2.899852726;[0];-90.5625
-78.99256644;-2.899852293;[0];-90.9375
-78.99232364;-2.89985186;[0];-91.2500
-78.99208084;-2.899851427;[0];-91.5625
-78.99183804;-2.899850994;[0];-91.8750
-78.99159523;-2.899850561;[0];-92.1875
-78.99135243;-2.899850128;[0];-92.4375
-78.99110963;-2.899849695;[0];-92.7500
-78.99086683;-2.899849262;[0];-93.0625
-78.99062403;-2.899848828;[0];-93.3750
-78.99038123;-2.899848395;[0];-93.6250
-78.99013843;-2.899847962;[0];-93.8750
-78.98989563;-2.899847528;[0];-94.1250
-78.98965283;-2.899847095;[0];-94.4375
-78.98941003;-2.899846661;[0];-94.6875
-78.98916723;-2.899846228;[0];-94.9375
-78.98892443;-2.899845794;[0];-95.2500
-78.98868163;-2.89984536;[0];-95.5000
-78.98843883;-2.899844927;[0];-95.7500
-78.98819603;-2.899844493;[0];-96.0000
-78.98795323;-2.899844059;[0];-96.2500
-78.98771043;-2.899843625;[0];-96.5000
-78.98746763;-2.899843191;[0];-96.7500
-78.98722483;-2.899842757;[0];-97.0000
-78.98698203;-2.899842323;[0];-97.1875
-78.98673923;-2.899841889;[0];-97.3750
-78.98649643;-2.899841455;[0];-97.6250
-78.98625363;-2.899841021;[0];-97.8125
-78.98601083;-2.899840586;[0];-98.0625
-78.98576803;-2.899840152;[0];-98.2500
-78.98552523;-2.899839718;[0];-98.5000
-78.98528243;-2.899839283;[0];-98.6875
-78.98503963;-2.899838849;[0];-98.9375
-78.98479684;-2.899838414;[0];-99.1250
-78.98455404;-2.89983798;[0];-99.3125
-78.98431124;-2.899837545;[0];-99.5625
-78.98406844;-2.89983711;[0];-99.7500
-78.98382564;-2.899836676;[0];-99.9375
-78.98358284;-2.899836241;[0];-100.1250
-78.98334004;-2.899835806;[0];-100.3125
-78.98309724;-2.899835371;[0];-100.5000
-78.98285444;-2.899834936;[0];-100.6875
-78.98261164;-2.899834501;[0];-100.8750
-78.98236884;-2.899834066;[0];-101.0625
-78.98212604;-2.899833631;[0];-101.2500
-78.98188324;-2.899833196;[0];-101.4375
-78.98164045;-2.899832761;[0];-101.6250
-78.98139765;-2.899832326;[0];-101.8125
-78.98115485;-2.89983189;[0];-102.0000
-79.01101982;-2.899640918;[0];-102.0000
-79.01077701;-2.899640489;[0];-101.5000
-79.01053421;-2.89964006;[0];-101.0000
-79.01029141;-2.899639631;[0];-100.4375
-79.01004860;-2.899639202;[0];-99.8750
-79.00980580;-2.899638773;[0];-99.3125
-79.00956300;-2.899638344;[0];-98.6875
-79.00932019;-2.899637915;[0];-98.1250
-79.00907739;-2.899637486;[0];-97.5000
-79.00883459;-2.899637056;[0];-96.8750
-79.00859179;-2.899636627;[0];-96.1250
-79.00834898;-2.899636197;[0];-95.4375
-79.00810618;-2.899635768;[0];-94.6875
-79.00786338;-2.899635338;[0];-93.8750
-79.00762057;-2.899634909;[0];-93.1250
-79.00737777;-2.899634479;[0];-92.3125
-79.00713497;-2.89963405;[0];-91.3750
-79.00689217;-2.89963362;[0];-90.1250
-79.00664936;-2.89963319;[0];-89.1875
-79.00640656;-2.89963276;[0];-88.2500
-79.00616376;-2.89963233;[0];-87.3125
-79.00592096;-2.8996319;[0];-86.3750
-79.00567815;-2.89963147;[0];-85.4375
-79.00543535;-2.89963104;[0];-84.4375
-79.00519255;-2.89963061;[0];-83.5000
-79.00494975;-2.89963018;[0];-82.5625
-79.00470694;-2.89962975;[0];-81.7500
-79.00446414;-2.89962932;[0];-80.8750
-79.00422134;-2.899628889;[0];-80.1250
-79.00397854;-2.899628459;[0];-79.4375
-79.00373573;-2.899628029;[0];-78.8750
-79.00349293;-2.899627598;[0];-78.3125
-79.00325013;-2.899627168;[0];-77.8750
-79.00300733;-2.899626737;[0];-77.5000
-79.00276452;-2.899626306;[0];-77.2500
-79.00252172;-2.899625876;[0];-77.1250
-79.00227892;-2.899625445;[0];-77.0000
-79.00203612;-2.899625014;[0];-77.0000
-79.00179332;-2.899624583;[0];-77.0625
-79.00155051;-2.899624153;[0];-77.1875
-79.00130771;-2.899623722;[0];-77.3750
-79.00106491;-2.899623291;[0];-77.5625
-79.00082211;-2.89962286;[0];-77.8750
-79.00057931;-2.899622429;[0];-78.1875
-79.00033651;-2.899621997;[0];-78.5625
-79.00009370;-2.899621566;[0];-78.8750
-78.99985090;-2.899621135;[0];-79.2500
-78.9996081;-2.899620704;[0];-79.6250
-78.99936530;-2.899620272;[0];-80.0000
-78.99912250;-2.899619841;[0];-80.4375
-78.99887970;-2.899619409;[0];-80.8125
-78.99863689;-2.899618978;[0];-81.2500
-78.99839409;-2.899618546;[0];-81.6250
-78.99815129;-2.899618115;[0];-82.1250
-78.99790849;-2.899617683;[0];-82.5000
-78.99766569;-2.899617251;[0];-83.0000
-78.99742289;-2.89961682;[0];-83.4375
-78.99718009;-2.899616388;[0];-83.8125
-78.99693728;-2.899615956;[0];-84.2500
-78.99669448;-2.899615524;[0];-84.6250
-78.99645168;-2.899615092;[0];-85.0625
-78.99620888;-2.89961466;[0];-85.4375
-78.99596608;-2.899614228;[0];-85.8125
-78.99572328;-2.899613796;[0];-86.2500
-78.99548048;-2.899613364;[0];-86.6875
-78.99523768;-2.899612931;[0];-87.0625
-78.99499488;-2.899612499;[0];-87.4375
-78.99475207;-2.899612067;[0];-87.8125
-78.99450927;-2.899611634;[0];-88.1250
-78.99426647;-2.899611202;[0];-88.5000
-78.99402367;-2.899610769;[0];-88.8125
-78.99378087;-2.899610337;[0];-89.1875
-78.99353807;-2.899609904;[0];-89.5625
-78.99329527;-2.899609472;[0];-89.9375
-78.99305247;-2.899609039;[0];-90.2500
-78.99280967;-2.899608606;[0];-90.5625
-78.99256687;-2.899608173;[0];-90.8750
-78.99232407;-2.89960774;[0];-91.1875
-78.99208127;-2.899607308;[0];-91.5000
-78.99183847;-2.899606875;[0];-91.8125
-78.99159567;-2.899606442;[0];-92.1250
-78.99135287;-2.899606008;[0];-92.4375
-78.99111006;-2.899605575;[0];-92.7500
-78.99086726;-2.899605142;[0];-93.0000
-78.99062446;-2.899604709;[0];-93.2500
-78.99038166;-2.899604276;[0];-93.5625
-78.99013886;-2.899603842;[0];-93.8750
-78.98989606;-2.899603409;[0];-94.1250
-78.98965326;-2.899602976;[0];-94.3750
-78.98941046;-2.899602542;[0];-94.6250
-78.98916766;-2.899602108;[0];-94.8750
-78.98892486;-2.899601675;[0];-95.1250
-78.98868206;-2.899601241;[0];-95.3750
-78.98843926;-2.899600808;[0];-95.6875
-78.98819646;-2.899600374;[0];-95.9375
-78.98795366;-2.89959994;[0];-96.1875
-78.98771086;-2.899599506;[0];-96.4375
-78.98746806;-2.899599072;[0];-96.6875
-78.98722526;-2.899598638;[0];-96.8750
-78.98698246;-2.899598204;[0];-97.1250
-78.98673966;-2.89959777;[0];-97.3750
-78.98649686;-2.899597336;[0];-97.6250
-78.98625406;-2.899596902;[0];-97.8125
-78.98601127;-2.899596468;[0];-98.0000
-78.98576847;-2.899596033;[0];-98.1875
-78.98552567;-2.899595599;[0];-98.4375
-78.98528287;-2.899595165;[0];-98.6250
-78.98504007;-2.89959473;[0];-98.8125
-78.98479727;-2.899594296;[0];-99.0625
-78.98455447;-2.899593861;[0];-99.2500
-78.98431167;-2.899593427;[0];-99.4375
-78.98406887;-2.899592992;[0];-99.6250
-78.98382607;-2.899592557;[0];-99.8750
-78.98358327;-2.899592123;[0];-100.0625
-78.98334047;-2.899591688;[0];-100.2500
-78.98309767;-2.899591253;[0];-100.4375
-78.98285487;-2.899590818;[0];-100.6250
-78.98261207;-2.899590383;[0];-100.8125
-78.98236928;-2.899589948;[0];-101.0000
-78.98212648;-2.899589513;[0];-101.1875
-78.98188368;-2.899589078;[0];-101.3750
-78.98164088;-2.899588643;[0];-101.5625
-78.98139808;-2.899588207;[0];-101.6875
-78.98115528;-2.899587772;[0];-101.8750
-79.01102024;-2.899396796;[0];-102.0000
-79.01077744;-2.899396367;[0];-101.5625
-79.01053464;-2.899395938;[0];-101.0000
-79.01029183;-2.899395509;[0];-100.4375
-79.01004903;-2.89939508;[0];-99.8750
-79.00980623;-2.899394651;[0];-99.3125
-79.00956342;-2.899394222;[0];-98.7500
-79.00932062;-2.899393793;[0];-98.1250
-79.00907782;-2.899393363;[0];-97.5000
-79.00883502;-2.899392934;[0];-96.8125
-79.00859221;-2.899392505;[0];-96.1875
-79.00834941;-2.899392075;[0];-95.4375
-79.00810661;-2.899391646;[0];-94.6875
-79.00786380;-2.899391216;[0];-94.0000
-79.00762100;-2.899390787;[0];-93.1875
-79.00737820;-2.899390357;[0];-92.3125
-79.00713540;-2.899389928;[0];-91.1875
-79.00689259;-2.899389498;[0];-90.3125
-79.00664979;-2.899389068;[0];-89.3750
-79.00640699;-2.899388638;[0];-88.4375
-79.00616419;-2.899388209;[0];-87.5625
-79.00592138;-2.899387779;[0];-86.6250
-79.00567858;-2.899387349;[0];-85.7500
-79.00543578;-2.899386919;[0];-84.7500
-79.00519298;-2.899386489;[0];-83.8750
-79.00495017;-2.899386059;[0];-83.0000
-79.00470737;-2.899385628;[0];-82.2500
-79.00446457;-2.899385198;[0];-81.4375
-79.00422177;-2.899384768;[0];-80.7500
-79.00397896;-2.899384338;[0];-80.0625
-79.00373616;-2.899383907;[0];-79.5625
-79.00349336;-2.899383477;[0];-79.0625
-79.00325056;-2.899383046;[0];-78.5625
-79.00300775;-2.899382616;[0];-78.2500
-79.00276495;-2.899382185;[0];-78.0000
-79.00252215;-2.899381755;[0];-77.8125
-79.00227935;-2.899381324;[0];-77.6875
-79.00203655;-2.899380893;[0];-77.6875
-79.00179374;-2.899380462;[0];-77.7500
-79.00155094;-2.899380031;[0];-77.8125
-79.00130814;-2.899379601;[0];-77.9375
-79.00106534;-2.89937917;[0];-78.1875
-79.00082254;-2.899378739;[0];-78.3750
-79.00057974;-2.899378308;[0];-78.6875
-79.00033693;-2.899377876;[0];-79.0000
-79.00009413;-2.899377445;[0];-79.3750
-78.99985133;-2.899377014;[0];-79.6250
-78.99960853;-2.899376583;[0];-80.0000
-78.99936573;-2.899376152;[0];-80.3750
-78.99912293;-2.89937572;[0];-80.6875
-78.99888012;-2.899375289;[0];-81.1875
-78.99863732;-2.899374857;[0];-81.5000
-78.99839452;-2.899374426;[0];-81.9375
-78.99815172;-2.899373994;[0];-82.3125
-78.99790892;-2.899373563;[0];-82.7500
-78.99766612;-2.899373131;[0];-83.1250
-78.99742332;-2.899372699;[0];-83.5625
-78.99718052;-2.899372267;[0];-84.0000
-78.99693771;-2.899371836;[0];-84.3750
-78.99669491;-2.899371404;[0];-84.7500
-78.99645211;-2.899370972;[0];-85.1875
-78.99620931;-2.89937054;[0];-85.5625
-78.99596651;-2.899370108;[0];-85.9375
-78.99572371;-2.899369676;[0];-86.3125
-78.99548091;-2.899369243;[0];-86.6250
-78.99523811;-2.899368811;[0];-87.0625
-78.99499531;-2.899368379;[0];-87.5000
-78.99475250;-2.899367947;[0];-87.8125
-78.99450970;-2.899367514;[0];-88.1875
-78.99426690;-2.899367082;[0];-88.5625
-78.99402410;-2.899366649;[0];-88.8750
-78.99378130;-2.899366217;[0];-89.1875
-78.9935385;-2.899365784;[0];-89.5625
-78.99329570;-2.899365352;[0];-89.8750
-78.99305290;-2.899364919;[0];-90.2500
-78.99281010;-2.899364486;[0];-90.5625
-78.99256730;-2.899364054;[0];-90.8750
-78.99232450;-2.899363621;[0];-91.1875
-78.99208170;-2.899363188;[0];-91.5000
-78.99183890;-2.899362755;[0];-91.7500
-78.99159610;-2.899362322;[0];-92.0625
-78.99135330;-2.899361889;[0];-92.3750
-78.99111050;-2.899361456;[0];-92.6875
-78.99086770;-2.899361023;[0];-93.0000
-78.99062490;-2.899360589;[0];-93.2500
-78.99038209;-2.899360156;[0];-93.5000
-78.99013929;-2.899359723;[0];-93.8125
-78.98989649;-2.89935929;[0];-94.0625
-78.98965369;-2.899358856;[0];-94.3125
-78.98941089;-2.899358423;[0];-94.6250
-78.98916809;-2.899357989;[0];-94.8750
-78.98892529;-2.899357556;[0];-95.1250
-78.98868249;-2.899357122;[0];-95.3750
-78.98843969;-2.899356688;[0];-95.6250
-78.98819689;-2.899356255;[0];-95.8750
-78.98795409;-2.899355821;[0];-96.0625
-78.98771129;-2.899355387;[0];-96.3125
-78.98746849;-2.899354953;[0];-96.5625
-78.98722570;-2.899354519;[0];-96.8125
-78.98698290;-2.899354085;[0];-97.0625
-78.98674010;-2.899353651;[0];-97.3125
-78.98649730;-2.899353217;[0];-97.5000
-78.98625450;-2.899352783;[0];-97.7500
-78.98601170;-2.899352349;[0];-98.0000
-78.98576890;-2.899351915;[0];-98.1875
-78.98552610;-2.89935148;[0];-98.3750
-78.98528330;-2.899351046;[0];-98.6250
-78.98504050;-2.899350612;[0];-98.8125
-78.98479770;-2.899350177;[0];-99.0000
-78.9845549;-2.899349743;[0];-99.1875
-78.9843121;-2.899349308;[0];-99.3750
-78.98406930;-2.899348873;[0];-99.5625
-78.98382650;-2.899348439;[0];-99.7500
-78.98358370;-2.899348004;[0];-99.9375
-78.98334090;-2.899347569;[0];-100.1875
-78.98309810;-2.899347134;[0];-100.3750
-78.98285531;-2.8993467;[0];-100.5625
-78.98261251;-2.899346265;[0];-100.7500
-78.98236971;-2.89934583;[0];-100.9375
-78.98212691;-2.899345395;[0];-101.1250
-78.98188411;-2.89934496;[0];-101.2500
-78.98164131;-2.899344524;[0];-101.4375
-78.98139851;-2.899344089;[0];-101.6250
-78.98115571;-2.899343654;[0];-101.8125
-78.98091291;-2.899343219;[0];-102.0000
-79.01077787;-2.899152244;[0];-101.5625
-79.01053506;-2.899151815;[0];-101.0000
-79.01029226;-2.899151386;[0];-100.4375
-79.01004946;-2.899150957;[0];-99.8750
-79.00980665;-2.899150528;[0];-99.3125
-79.00956385;-2.899150099;[0];-98.7500
-79.00932105;-2.89914967;[0];-98.1875
-79.00907825;-2.899149241;[0];-97.5000
-79.00883544;-2.899148812;[0];-96.8750
-79.00859264;-2.899148383;[0];-96.1875
-79.00834984;-2.899147953;[0];-95.4375
-79.00810703;-2.899147524;[0];-94.8125
-79.00786423;-2.899147094;[0];-94.0625
-79.00762143;-2.899146665;[0];-93.2500
-79.00737863;-2.899146235;[0];-92.5000
-79.00713582;-2.899145806;[0];-91.3125
-79.00689302;-2.899145376;[0];-90.4375
-79.00665022;-2.899144946;[0];-89.6250
-79.00640742;-2.899144517;[0];-88.6875
-79.00616461;-2.899144087;[0];-87.8125
-79.00592181;-2.899143657;[0];-87.0000
-79.00567901;-2.899143227;[0];-86.0625
-79.00543621;-2.899142797;[0];-85.1875
-79.00519340;-2.899142367;[0];-84.3125
-79.0049506;-2.899141937;[0];-83.5000
-79.00470780;-2.899141507;[0];-82.7500
-79.00446500;-2.899141077;[0];-82.0000
-79.00422219;-2.899140646;[0];-81.3125
-79.00397939;-2.899140216;[0];-80.6875
-79.00373659;-2.899139786;[0];-80.1875
-79.00349379;-2.899139355;[0];-79.6875
-79.00325099;-2.899138925;[0];-79.3125
-79.00300818;-2.899138494;[0];-79.0000
-79.00276538;-2.899138064;[0];-78.6875
-79.00252258;-2.899137633;[0];-78.5625
-79.00227978;-2.899137203;[0];-78.4375
-79.00203698;-2.899136772;[0];-78.3750
-79.00179417;-2.899136341;[0];-78.3750
-79.00155137;-2.89913591;[0];-78.5000
-79.00130857;-2.899135479;[0];-78.5625
-79.00106577;-2.899135049;[0];-78.7500
-79.00082297;-2.899134618;[0];-78.9375
-79.00058016;-2.899134187;[0];-79.1250
-79.00033736;-2.899133756;[0];-79.4375
-79.00009456;-2.899133324;[0];-79.7500
-78.99985176;-2.899132893;[0];-80.1250
-78.99960896;-2.899132462;[0];-80.3750
-78.99936616;-2.899132031;[0];-80.7500
-78.99912336;-2.899131599;[0];-81.0625
-78.99888055;-2.899131168;[0];-81.3750
-78.99863775;-2.899130737;[0];-81.8125
-78.99839495;-2.899130305;[0];-82.1875
-78.99815215;-2.899129874;[0];-82.5625
-78.99790935;-2.899129442;[0];-83.0000
-78.99766655;-2.89912901;[0];-83.3125
-78.99742375;-2.899128579;[0];-83.7500
-78.99718094;-2.899128147;[0];-84.1250
-78.99693814;-2.899127715;[0];-84.5000
-78.99669534;-2.899127283;[0];-84.9375
-78.99645254;-2.899126851;[0];-85.2500
-78.99620974;-2.899126419;[0];-85.6250
-78.99596694;-2.899125987;[0];-86.0625
-78.99572414;-2.899125555;[0];-86.4375
-78.99548134;-2.899125123;[0];-86.8125
-78.99523854;-2.899124691;[0];-87.1250
-78.99499574;-2.899124259;[0];-87.4375
-78.99475293;-2.899123827;[0];-87.8750
-78.99451013;-2.899123394;[0];-88.2500
-78.99426733;-2.899122962;[0];-88.5625
-78.99402453;-2.899122529;[0];-88.9375
-78.99378173;-2.899122097;[0];-89.2500
-78.99353893;-2.899121664;[0];-89.5625
-78.99329613;-2.899121232;[0];-89.8750
-78.99305333;-2.899120799;[0];-90.1875
-78.99281053;-2.899120366;[0];-90.5000
-78.99256773;-2.899119934;[0];-90.8125
-78.99232493;-2.899119501;[0];-91.1875
-78.99208213;-2.899119068;[0];-91.5000
-78.99183933;-2.899118635;[0];-91.8125
-78.99159653;-2.899118202;[0];-92.0625
-78.99135373;-2.899117769;[0];-92.3750
-78.99111093;-2.899117336;[0];-92.6250
-78.99086813;-2.899116903;[0];-92.8750
-78.99062533;-2.89911647;[0];-93.1875
-78.99038253;-2.899116037;[0];-93.5000
-78.99013973;-2.899115603;[0];-93.7500
-78.98989693;-2.89911517;[0];-94.0625
-78.98965413;-2.899114737;[0];-94.3125
-78.98941133;-2.899114303;[0];-94.5625
-78.98916853;-2.89911387;[0];-94.8125
-78.98892573;-2.899113436;[0];-95.0625
-78.98868293;-2.899113003;[0];-95.3125
-78.98844013;-2.899112569;[0];-95.5625
-78.98819733;-2.899112135;[0];-95.8125
-78.98795453;-2.899111702;[0];-96.0625
-78.98771173;-2.899111268;[0];-96.3125
-78.98746893;-2.899110834;[0];-96.5000
-78.98722613;-2.8991104;[0];-96.7500
-78.98698333;-2.899109966;[0];-97.0000
-78.98674053;-2.899109532;[0];-97.1875
-78.98649773;-2.899109098;[0];-97.4375
-78.98625493;-2.899108664;[0];-97.6875
-78.98601213;-2.89910823;[0];-97.8750
-78.98576933;-2.899107796;[0];-98.1250
-78.98552653;-2.899107362;[0];-98.3125
-78.98528373;-2.899106927;[0];-98.5625
-78.98504093;-2.899106493;[0];-98.7500
-78.98479813;-2.899106058;[0];-98.9375
-78.98455533;-2.899105624;[0];-99.1875
-78.98431253;-2.899105189;[0];-99.3750
-78.98406973;-2.899104755;[0];-99.5625
-78.98382693;-2.89910432;[0];-99.7500
-78.98358414;-2.899103886;[0];-99.9375
-78.98334134;-2.899103451;[0];-100.0625
-78.98309854;-2.899103016;[0];-100.2500
-78.98285574;-2.899102581;[0];-100.4375
-78.98261294;-2.899102146;[0];-100.6250
-78.98237014;-2.899101711;[0];-100.8125
-78.98212734;-2.899101276;[0];-101.0000
-78.98188454;-2.899100841;[0];-101.1875
-78.98164174;-2.899100406;[0];-101.3750
-78.98139894;-2.899099971;[0];-101.5625
-78.98115615;-2.899099536;[0];-101.7500
-78.98091335;-2.899099101;[0];-101.9375
-79.01077829;-2.898908122;[0];-101.5625
-79.01053549;-2.898907693;[0];-101.0000
-79.01029269;-2.898907264;[0];-100.5000
-79.01004988;-2.898906835;[0];-99.9375
-79.00980708;-2.898906406;[0];-99.3750
-79.00956428;-2.898905977;[0];-98.8125
-79.00932148;-2.898905548;[0];-98.1250
-79.00907867;-2.898905119;[0];-97.5625
-79.00883587;-2.89890469;[0];-96.8750
-79.00859307;-2.89890426;[0];-96.1875
-79.00835026;-2.898903831;[0];-95.5625
-79.00810746;-2.898903402;[0];-94.8750
-79.00786466;-2.898902972;[0];-94.1250
-79.00762186;-2.898902543;[0];-93.3750
-79.00737905;-2.898902113;[0];-92.1875
-79.00713625;-2.898901684;[0];-91.4375
-79.00689345;-2.898901254;[0];-90.6250
-79.00665065;-2.898900824;[0];-89.8125
-79.00640784;-2.898900395;[0];-89.0000
-79.00616504;-2.898899965;[0];-88.1250
-79.00592224;-2.898899535;[0];-87.3125
-79.00567944;-2.898899105;[0];-86.4375
-79.00543663;-2.898898675;[0];-85.6250
-79.00519383;-2.898898245;[0];-84.7500
-79.00495103;-2.898897815;[0];-84.0625
-79.00470823;-2.898897385;[0];-83.3125
-79.00446542;-2.898896955;[0];-82.5625
-79.00422262;-2.898896525;[0];-81.9375
-79.00397982;-2.898896095;[0];-81.3750
-79.00373702;-2.898895664;[0];-80.8750
-79.00349422;-2.898895234;[0];-80.4375
-79.00325141;-2.898894803;[0];-80.0000
-79.00300861;-2.898894373;[0];-79.6875
-79.00276581;-2.898893943;[0];-79.3750
-79.00252301;-2.898893512;[0];-79.2500
-79.00228021;-2.898893081;[0];-79.1250
-79.00203740;-2.898892651;[0];-79.0000
-79.00179460;-2.89889222;[0];-79.0625
-79.0015518;-2.898891789;[0];-79.0625
-79.00130900;-2.898891358;[0];-79.1875
-79.00106620;-2.898890927;[0];-79.2500
-79.00082339;-2.898890497;[0];-79.5000
-79.00058059;-2.898890066;[0];-79.6250
-79.00033779;-2.898889635;[0];-79.8750
-79.00009499;-2.898889203;[0];-80.1250
-78.99985219;-2.898888772;[0];-80.4375
-78.99960939;-2.898888341;[0];-80.8125
-78.99936659;-2.89888791;[0];-81.0625
-78.99912378;-2.898887479;[0];-81.3750
-78.99888098;-2.898887047;[0];-81.7500
-78.99863818;-2.898886616;[0];-82.0625
-78.99839538;-2.898886184;[0];-82.4375
-78.99815258;-2.898885753;[0];-82.8125
-78.99790978;-2.898885321;[0];-83.1875
-78.99766698;-2.89888489;[0];-83.5625
-78.99742418;-2.898884458;[0];-83.9375
-78.99718137;-2.898884026;[0];-84.3125
-78.99693857;-2.898883595;[0];-84.6875
-78.99669577;-2.898883163;[0];-85.0625
-78.99645297;-2.898882731;[0];-85.4375
-78.99621017;-2.898882299;[0];-85.8125
-78.99596737;-2.898881867;[0];-86.1250
-78.99572457;-2.898881435;[0];-86.5000
-78.99548177;-2.898881003;[0];-86.8750
-78.99523897;-2.898880571;[0];-87.2500
-78.99499617;-2.898880139;[0];-87.5625
-78.99475336;-2.898879706;[0];-87.8750
-78.99451056;-2.898879274;[0];-88.1875
-78.99426776;-2.898878842;[0];-88.6250
-78.99402496;-2.898878409;[0];-88.9375
-78.99378216;-2.898877977;[0];-89.3125
-78.99353936;-2.898877544;[0];-89.6250
-78.99329656;-2.898877112;[0];-89.9375
-78.99305376;-2.898876679;[0];-90.2500
-78.99281096;-2.898876247;[0];-90.5625
-78.99256816;-2.898875814;[0];-90.8125
-78.99232536;-2.898875381;[0];-91.1250
-78.99208256;-2.898874948;[0];-91.4375
-78.99183976;-2.898874516;[0];-91.7500
-78.99159696;-2.898874083;[0];-92.0625
-78.99135416;-2.89887365;[0];-92.3750
-78.99111136;-2.898873217;[0];-92.6250
-78.99086856;-2.898872784;[0];-92.9375
-78.99062576;-2.89887235;[0];-93.1875
-78.99038296;-2.898871917;[0];-93.4375
-78.99014016;-2.898871484;[0];-93.6875
-78.98989736;-2.898871051;[0];-94.0000
-78.98965456;-2.898870617;[0];-94.2500
-78.98941176;-2.898870184;[0];-94.5625
-78.98916896;-2.898869751;[0];-94.8125
-78.98892616;-2.898869317;[0];-95.0625
-78.98868336;-2.898868884;[0];-95.2500
-78.98844056;-2.89886845;[0];-95.5000
-78.98819776;-2.898868016;[0];-95.7500
-78.98795496;-2.898867583;[0];-96.0000
-78.98771216;-2.898867149;[0];-96.2500
-78.98746936;-2.898866715;[0];-96.5000
-78.98722656;-2.898866281;[0];-96.7500
-78.98698376;-2.898865847;[0];-96.9375
-78.98674096;-2.898865413;[0];-97.1250
-78.98649816;-2.898864979;[0];-97.3750
-78.98625536;-2.898864545;[0];-97.5625
-78.98601256;-2.898864111;[0];-97.8125
-78.98576976;-2.898863677;[0];-98.0000
-78.98552696;-2.898863243;[0];-98.2500
-78.98528416;-2.898862809;[0];-98.4375
-78.98504136;-2.898862374;[0];-98.6875
-78.98479856;-2.89886194;[0];-98.8750
-78.98455576;-2.898861505;[0];-99.1250
-78.98431297;-2.898861071;[0];-99.3125
-78.98407017;-2.898860636;[0];-99.5000
-78.98382737;-2.898860202;[0];-99.6875
-78.98358457;-2.898859767;[0];-99.8750
-78.98334177;-2.898859332;[0];-100.0625
-78.98309897;-2.898858898;[0];-100.2500
-78.98285617;-2.898858463;[0];-100.4375
-78.98261337;-2.898858028;[0];-100.6250
-78.98237057;-2.898857593;[0];-100.7500
-78.98212777;-2.898857158;[0];-100.9375
-78.98188498;-2.898856723;[0];-101.1250
-78.98164218;-2.898856288;[0];-101.3125
-78.98139938;-2.898855853;[0];-101.5000
-78.98115658;-2.898855418;[0];-101.6875
-78.98091378;-2.898854983;[0];-101.8125
-78.98067098;-2.898854547;[0];-102.0000
-79.01077872;-2.898663999;[0];-101.5625
-79.01053592;-2.89866357;[0];-101.0625
-79.01029311;-2.898663142;[0];-100.5000
-79.01005031;-2.898662713;[0];-100.0000
-79.00980751;-2.898662284;[0];-99.4375
-79.00956471;-2.898661855;[0];-98.7500
-79.00932190;-2.898661426;[0];-98.1875
-79.00907910;-2.898660997;[0];-97.5625
-79.00883630;-2.898660567;[0];-96.9375
-79.00859349;-2.898660138;[0];-96.2500
-79.00835069;-2.898659709;[0];-95.6250
-79.00810789;-2.89865928;[0];-94.9375
-79.00786509;-2.89865885;[0];-94.1875
-79.00762228;-2.898658421;[0];-93.2500
-79.00737948;-2.898657991;[0];-92.3750
-79.00713668;-2.898657562;[0];-91.5625
-79.00689388;-2.898657132;[0];-90.8125
-79.00665107;-2.898656702;[0];-90.0000
-79.00640827;-2.898656273;[0];-89.2500
-79.00616547;-2.898655843;[0];-88.3750
-79.00592267;-2.898655413;[0];-87.6250
-79.00567986;-2.898654983;[0];-86.7500
-79.00543706;-2.898654554;[0];-86.0000
-79.00519426;-2.898654124;[0];-85.2500
-79.00495146;-2.898653694;[0];-84.5625
-79.00470865;-2.898653264;[0];-83.8125
-79.00446585;-2.898652833;[0];-83.1875
-79.00422305;-2.898652403;[0];-82.5625
-79.00398025;-2.898651973;[0];-82.0000
-79.00373745;-2.898651543;[0];-81.5000
-79.00349464;-2.898651112;[0];-81.0625
-79.00325184;-2.898650682;[0];-80.6875
-79.00300904;-2.898650252;[0];-80.3125
-79.00276624;-2.898649821;[0];-80.1250
-79.00252344;-2.898649391;[0];-79.8750
-79.00228063;-2.89864896;[0];-79.7500
-79.00203783;-2.898648529;[0];-79.6875
-79.00179503;-2.898648099;[0];-79.6250
-79.00155223;-2.898647668;[0];-79.6875
-79.00130943;-2.898647237;[0];-79.7500
-79.00106663;-2.898646806;[0];-79.8125
-79.00082382;-2.898646376;[0];-80.0000
-79.00058102;-2.898645945;[0];-80.1875
-79.00033822;-2.898645514;[0];-80.3125
-79.00009542;-2.898645083;[0];-80.6250
-78.99985262;-2.898644651;[0];-80.8125
-78.99960982;-2.89864422;[0];-81.1875
-78.99936701;-2.898643789;[0];-81.5000
-78.99912421;-2.898643358;[0];-81.7500
-78.99888141;-2.898642927;[0];-82.0625
-78.99863861;-2.898642495;[0];-82.3750
-78.99839581;-2.898642064;[0];-82.7500
-78.99815301;-2.898641632;[0];-83.0625
-78.99791021;-2.898641201;[0];-83.4375
-78.99766741;-2.898640769;[0];-83.7500
-78.99742460;-2.898640338;[0];-84.1250
-78.99718180;-2.898639906;[0];-84.5000
-78.99693900;-2.898639474;[0];-84.8750
-78.99669620;-2.898639042;[0];-85.1875
-78.9964534;-2.898638611;[0];-85.5625
-78.99621060;-2.898638179;[0];-85.9375
-78.99596780;-2.898637747;[0];-86.3125
-78.99572500;-2.898637315;[0];-86.6250
-78.99548220;-2.898636883;[0];-86.9375
-78.99523940;-2.898636451;[0];-87.3125
-78.99499660;-2.898636018;[0];-87.6875
-78.99475379;-2.898635586;[0];-88.0000
-78.99451099;-2.898635154;[0];-88.3125
-78.99426819;-2.898634722;[0];-88.6250
-78.99402539;-2.898634289;[0];-88.9375
-78.99378259;-2.898633857;[0];-89.3125
-78.99353979;-2.898633425;[0];-89.6250
-78.99329699;-2.898632992;[0];-89.9375
-78.99305419;-2.898632559;[0];-90.2500
-78.99281139;-2.898632127;[0];-90.5625
-78.99256859;-2.898631694;[0];-90.8750
-78.99232579;-2.898631261;[0];-91.1875
-78.99208299;-2.898630829;[0];-91.4375
-78.99184019;-2.898630396;[0];-91.7500
-78.99159739;-2.898629963;[0];-92.0000
-78.99135459;-2.89862953;[0];-92.3125
-78.99111179;-2.898629097;[0];-92.6250
-78.99086899;-2.898628664;[0];-92.9375
-78.99062619;-2.898628231;[0];-93.1875
-78.99038339;-2.898627798;[0];-93.4375
-78.99014059;-2.898627365;[0];-93.6875
-78.98989779;-2.898626931;[0];-93.9375
-78.98965499;-2.898626498;[0];-94.1875
-78.98941219;-2.898626065;[0];-94.4375
-78.98916939;-2.898625631;[0];-94.7500
-78.98892659;-2.898625198;[0];-95.0000
-78.98868379;-2.898624764;[0];-95.2500
-78.98844099;-2.898624331;[0];-95.5000
-78.98819819;-2.898623897;[0];-95.7500
-78.98795539;-2.898623464;[0];-95.9375
-78.98771259;-2.89862303;[0];-96.1875
-78.98746979;-2.898622596;[0];-96.4375
-78.98722699;-2.898622162;[0];-96.6875
-78.98698419;-2.898621728;[0];-96.9375
-78.98674139;-2.898621294;[0];-97.1250
-78.98649859;-2.89862086;[0];-97.3750
-78.98625579;-2.898620426;[0];-97.5625
-78.98601299;-2.898619992;[0];-97.7500
-78.98577019;-2.898619558;[0];-98.0000
-78.98552739;-2.898619124;[0];-98.1875
-78.98528459;-2.89861869;[0];-98.3750
-78.98504180;-2.898618256;[0];-98.6250
-78.98479900;-2.898617821;[0];-98.8125
-78.98455620;-2.898617387;[0];-99.0000
-78.98431340;-2.898616952;[0];-99.2500
-78.98407060;-2.898616518;[0];-99.4375
-78.98382780;-2.898616083;[0];-99.6250
-78.983585;-2.898615649;[0];-99.8125
-78.98334220;-2.898615214;[0];-100.0000
-78.98309940;-2.898614779;[0];-100.2500
-78.98285660;-2.898614345;[0];-100.4375
-78.98261380;-2.89861391;[0];-100.6250
-78.98237101;-2.898613475;[0];-100.7500
-78.98212821;-2.89861304;[0];-100.9375
-78.98188541;-2.898612605;[0];-101.1250
-78.98164261;-2.89861217;[0];-101.2500
-78.98139981;-2.898611735;[0];-101.4375
-78.98115701;-2.8986113;[0];-101.6250
-78.98091421;-2.898610865;[0];-101.7500
-78.98067141;-2.898610429;[0];-101.9375
-79.01077915;-2.898419877;[0];-101.5625
-79.01053634;-2.898419448;[0];-101.0625
-79.01029354;-2.898419019;[0];-100.5625
-79.01005074;-2.89841859;[0];-100.0000
-79.00980793;-2.898418161;[0];-99.3750
-79.00956513;-2.898417732;[0];-98.8125
-79.00932233;-2.898417303;[0];-98.1875
-79.00907953;-2.898416874;[0];-97.6250
-79.00883672;-2.898416445;[0];-96.9375
-79.00859392;-2.898416016;[0];-96.3750
-79.00835112;-2.898415587;[0];-95.6875
-79.00810832;-2.898415157;[0];-95.0000
-79.00786551;-2.898414728;[0];-94.3750
-79.00762271;-2.898414299;[0];-93.2500
-79.00737991;-2.898413869;[0];-92.5000
-79.00713711;-2.89841344;[0];-91.7500
-79.00689430;-2.89841301;[0];-91.0000
-79.0066515;-2.898412581;[0];-90.2500
-79.00640870;-2.898412151;[0];-89.5000
-79.00616590;-2.898411721;[0];-88.7500
-79.00592309;-2.898411291;[0];-87.9375
-79.00568029;-2.898410862;[0];-87.1250
-79.00543749;-2.898410432;[0];-86.3750
-79.00519469;-2.898410002;[0];-85.6875
-79.00495188;-2.898409572;[0];-85.0000
-79.00470908;-2.898409142;[0];-84.3125
-79.00446628;-2.898408712;[0];-83.7500
-79.00422348;-2.898408282;[0];-83.1250
-79.00398068;-2.898407852;[0];-82.6250
-79.00373787;-2.898407421;[0];-82.1250
-79.00349507;-2.898406991;[0];-81.7500
-79.00325227;-2.898406561;[0];-81.3125
-79.00300947;-2.89840613;[0];-81.0000
-79.00276667;-2.8984057;[0];-80.7500
-79.00252386;-2.898405269;[0];-80.5625
-79.00228106;-2.898404839;[0];-80.4375
-79.00203826;-2.898404408;[0];-80.3125
-79.00179546;-2.898403978;[0];-80.2500
-79.00155266;-2.898403547;[0];-80.2500
-79.00130986;-2.898403116;[0];-80.3125
-79.00106705;-2.898402685;[0];-80.3750
-79.00082425;-2.898402255;[0];-80.5000
-79.00058145;-2.898401824;[0];-80.6875
-79.00033865;-2.898401393;[0];-80.8125
-79.00009585;-2.898400962;[0];-81.0000
-78.99985305;-2.898400531;[0];-81.3125
-78.99961024;-2.898400099;[0];-81.5000
-78.99936744;-2.898399668;[0];-81.8125
-78.99912464;-2.898399237;[0];-82.1250
-78.99888184;-2.898398806;[0];-82.3750
-78.99863904;-2.898398374;[0];-82.7500
-78.99839624;-2.898397943;[0];-83.0625
-78.99815344;-2.898397512;[0];-83.3750
-78.99791064;-2.89839708;[0];-83.6875
-78.99766783;-2.898396649;[0];-84.0625
-78.99742503;-2.898396217;[0];-84.3750
-78.99718223;-2.898395785;[0];-84.6875
-78.99693943;-2.898395354;[0];-85.0625
-78.99669663;-2.898394922;[0];-85.3750
-78.99645383;-2.89839449;[0];-85.7500
-78.99621103;-2.898394058;[0];-86.0625
-78.99596823;-2.898393626;[0];-86.4375
-78.99572543;-2.898393194;[0];-86.7500
-78.99548263;-2.898392762;[0];-87.1250
-78.99523983;-2.89839233;[0];-87.3750
-78.99499702;-2.898391898;[0];-87.7500
-78.99475422;-2.898391466;[0];-88.0625
-78.99451142;-2.898391034;[0];-88.4375
-78.99426862;-2.898390602;[0];-88.7500
-78.99402582;-2.898390169;[0];-89.0625
-78.99378302;-2.898389737;[0];-89.3125
-78.99354022;-2.898389305;[0];-89.6250
-78.99329742;-2.898388872;[0];-90.0000
-78.99305462;-2.89838844;[0];-90.3125
-78.99281182;-2.898388007;[0];-90.6250
-78.99256902;-2.898387574;[0];-90.8750
-78.99232622;-2.898387142;[0];-91.1875
-78.99208342;-2.898386709;[0];-91.5000
-78.99184062;-2.898386276;[0];-91.7500
-78.99159782;-2.898385843;[0];-92.0625
-78.99135502;-2.89838541;[0];-92.3125
-78.99111222;-2.898384977;[0];-92.5625
-78.99086942;-2.898384544;[0];-92.8750
-78.99062662;-2.898384111;[0];-93.1875
-78.99038382;-2.898383678;[0];-93.4375
-78.99014102;-2.898383245;[0];-93.7500
-78.98989822;-2.898382812;[0];-94.0000
-78.98965542;-2.898382379;[0];-94.2500
-78.98941262;-2.898381945;[0];-94.4375
-78.98916982;-2.898381512;[0];-94.6875
-78.98892702;-2.898381079;[0];-94.9375
-78.98868422;-2.898380645;[0];-95.1875
-78.98844142;-2.898380212;[0];-95.4375
-78.98819862;-2.898379778;[0];-95.6875
-78.98795582;-2.898379344;[0];-95.9375
-78.98771302;-2.898378911;[0];-96.1875
-78.98747022;-2.898378477;[0];-96.3750
-78.98722742;-2.898378043;[0];-96.6250
-78.98698462;-2.898377609;[0];-96.8125
-78.98674182;-2.898377176;[0];-97.0625
-78.98649902;-2.898376742;[0];-97.3125
-78.98625622;-2.898376308;[0];-97.5000
-78.98601342;-2.898375874;[0];-97.7500
-78.98577062;-2.898375439;[0];-97.9375
-78.98552783;-2.898375005;[0];-98.1875
-78.98528503;-2.898374571;[0];-98.3750
-78.98504223;-2.898374137;[0];-98.5625
-78.98479943;-2.898373703;[0];-98.7500
-78.98455663;-2.898373268;[0];-98.9375
-78.98431383;-2.898372834;[0];-99.1250
-78.98407103;-2.898372399;[0];-99.3750
-78.98382823;-2.898371965;[0];-99.5625
-78.98358543;-2.89837153;[0];-99.7500
-78.98334263;-2.898371096;[0];-99.9375
-78.98309983;-2.898370661;[0];-100.1250
-78.98285704;-2.898370226;[0];-100.3125
-78.98261424;-2.898369792;[0];-100.5000
-78.98237144;-2.898369357;[0];-100.6875
-78.98212864;-2.898368922;[0];-100.8750
-78.98188584;-2.898368487;[0];-101.0625
-78.98164304;-2.898368052;[0];-101.2500
-78.98140024;-2.898367617;[0];-101.4375
-78.98115744;-2.898367182;[0];-101.5625
-78.98091465;-2.898366747;[0];-101.7500
-78.98067185;-2.898366311;[0];-101.9375
-79.01077957;-2.898175754;[0];-101.6250
-79.01053677;-2.898175325;[0];-101.1250
-79.01029397;-2.898174897;[0];-100.6250
-79.01005116;-2.898174468;[0];-100.0000
-79.00980836;-2.898174039;[0];-99.5000
-79.00956556;-2.89817361;[0];-98.8750
-79.00932276;-2.898173181;[0];-98.3125
-79.00907995;-2.898172752;[0];-97.6250
-79.00883715;-2.898172323;[0];-97.0625
-79.00859435;-2.898171894;[0];-96.4375
-79.00835154;-2.898171465;[0];-95.8125
-79.00810874;-2.898171035;[0];-95.1250
-79.00786594;-2.898170606;[0];-94.0625
-79.00762314;-2.898170177;[0];-93.3750
-79.00738033;-2.898169747;[0];-92.6250
-79.00713753;-2.898169318;[0];-91.9375
-79.00689473;-2.898168888;[0];-91.1875
-79.00665193;-2.898168459;[0];-90.5000
-79.00640912;-2.898168029;[0];-89.6875
-79.00616632;-2.898167599;[0];-89.0625
-79.00592352;-2.89816717;[0];-88.2500
-79.00568072;-2.89816674;[0];-87.5625
-79.00543792;-2.89816631;[0];-86.8125
-79.00519511;-2.89816588;[0];-86.1250
-79.00495231;-2.89816545;[0];-85.4375
-79.00470951;-2.89816502;[0];-84.8125
-79.00446671;-2.89816459;[0];-84.2500
-79.00422391;-2.89816416;[0];-83.6875
-79.00398110;-2.89816373;[0];-83.1875
-79.00373830;-2.8981633;[0];-82.7500
-79.00349550;-2.89816287;[0];-82.3125
-79.00325270;-2.898162439;[0];-81.9375
-79.00300990;-2.898162009;[0];-81.6250
-79.00276709;-2.898161579;[0];-81.4375
-79.00252429;-2.898161148;[0];-81.1250
-79.00228149;-2.898160718;[0];-81.0000
-79.00203869;-2.898160287;[0];-80.8750
-79.00179589;-2.898159856;[0];-80.8750
-79.00155309;-2.898159426;[0];-80.8125
-79.00131028;-2.898158995;[0];-80.8750
-79.00106748;-2.898158564;[0];-80.9375
-79.00082468;-2.898158133;[0];-81.0000
-79.00058188;-2.898157703;[0];-81.1250
-79.00033908;-2.898157272;[0];-81.3125
-79.00009628;-2.898156841;[0];-81.4375
-78.99985347;-2.89815641;[0];-81.6875
-78.99961067;-2.898155979;[0];-81.9375
-78.99936787;-2.898155547;[0];-82.1875
-78.99912507;-2.898155116;[0];-82.5000
-78.99888227;-2.898154685;[0];-82.7500
-78.99863947;-2.898154254;[0];-83.0625
-78.99839667;-2.898153822;[0];-83.3750
-78.99815387;-2.898153391;[0];-83.6250
-78.99791107;-2.89815296;[0];-83.9375
-78.99766826;-2.898152528;[0];-84.2500
-78.99742546;-2.898152097;[0];-84.6250
-78.99718266;-2.898151665;[0];-84.9375
-78.99693986;-2.898151233;[0];-85.2500
-78.99669706;-2.898150802;[0];-85.6250
-78.99645426;-2.89815037;[0];-85.8750
-78.99621146;-2.898149938;[0];-86.2500
-78.99596866;-2.898149506;[0];-86.5625
-78.99572586;-2.898149074;[0];-86.8750
-78.99548306;-2.898148642;[0];-87.2500
-78.99524026;-2.89814821;[0];-87.5625
-78.99499745;-2.898147778;[0];-87.8750
-78.99475465;-2.898147346;[0];-88.1250
-78.99451185;-2.898146914;[0];-88.5000
-78.99426905;-2.898146482;[0];-88.8125
-78.99402625;-2.898146049;[0];-89.1250
-78.99378345;-2.898145617;[0];-89.4375
-78.99354065;-2.898145185;[0];-89.7500
-78.99329785;-2.898144752;[0];-90.0000
-78.99305505;-2.89814432;[0];-90.3125
-78.99281225;-2.898143887;[0];-90.6250
-78.99256945;-2.898143455;[0];-90.9375
-78.99232665;-2.898143022;[0];-91.2500
-78.99208385;-2.898142589;[0];-91.5000
-78.99184105;-2.898142156;[0];-91.8125
-78.99159825;-2.898141724;[0];-92.0625
-78.99135545;-2.898141291;[0];-92.3125
-78.99111265;-2.898140858;[0];-92.6250
-78.99086985;-2.898140425;[0];-92.8750
-78.99062705;-2.898139992;[0];-93.1250
-78.99038425;-2.898139559;[0];-93.3750
-78.99014145;-2.898139126;[0];-93.6875
-78.98989865;-2.898138693;[0];-93.9375
-78.98965585;-2.898138259;[0];-94.2500
-78.98941305;-2.898137826;[0];-94.5000
-78.98917025;-2.898137393;[0];-94.6875
-78.98892745;-2.898136959;[0];-94.9375
-78.98868465;-2.898136526;[0];-95.1875
-78.98844185;-2.898136092;[0];-95.4375
-78.98819905;-2.898135659;[0];-95.6250
-78.98795625;-2.898135225;[0];-95.8750
-78.98771345;-2.898134792;[0];-96.1250
-78.98747065;-2.898134358;[0];-96.3750
-78.98722785;-2.898133924;[0];-96.6250
-78.98698505;-2.89813349;[0];-96.8125
-78.98674225;-2.898133057;[0];-97.0625
-78.98649945;-2.898132623;[0];-97.2500
-78.98625666;-2.898132189;[0];-97.4375
-78.98601386;-2.898131755;[0];-97.6875
-78.98577106;-2.898131321;[0];-97.9375
-78.98552826;-2.898130887;[0];-98.1250
-78.98528546;-2.898130452;[0];-98.3125
-78.98504266;-2.898130018;[0];-98.5625
-78.98479986;-2.898129584;[0];-98.7500
-78.98455706;-2.89812915;[0];-98.9375
-78.98431426;-2.898128715;[0];-99.1250
-78.98407146;-2.898128281;[0];-99.3125
-78.98382866;-2.898127846;[0];-99.5000
-78.98358586;-2.898127412;[0];-99.6875
-78.98334307;-2.898126977;[0];-99.8750
-78.98310027;-2.898126543;[0];-100.0625
-78.98285747;-2.898126108;[0];-100.2500
-78.98261467;-2.898125673;[0];-100.4375
-78.98237187;-2.898125238;[0];-100.6250
-78.98212907;-2.898124804;[0];-100.8125
-78.98188627;-2.898124369;[0];-101.0000
-78.98164347;-2.898123934;[0];-101.1875
-78.98140068;-2.898123499;[0];-101.3750
-78.98115788;-2.898123064;[0];-101.5625
-78.98091508;-2.898122629;[0];-101.7500
-78.98067228;-2.898122193;[0];-101.8750
-79.01078000;-2.897931632;[0];-101.6875
-79.01053720;-2.897931203;[0];-101.1875
-79.01029439;-2.897930774;[0];-100.5625
-79.01005159;-2.897930345;[0];-100.0625
-79.00980879;-2.897929917;[0];-99.5000
-79.00956599;-2.897929488;[0];-98.9375
-79.00932318;-2.897929059;[0];-98.3125
-79.00908038;-2.89792863;[0];-97.7500
-79.00883758;-2.897928201;[0];-97.1250
-79.00859477;-2.897927772;[0];-96.5625
-79.00835197;-2.897927342;[0];-95.8125
-79.00810917;-2.897926913;[0];-95.0625
-79.00786637;-2.897926484;[0];-94.2500
-79.00762356;-2.897926055;[0];-93.5000
-79.00738076;-2.897925625;[0];-92.8125
-79.00713796;-2.897925196;[0];-92.1250
-79.00689516;-2.897924766;[0];-91.3750
-79.00665235;-2.897924337;[0];-90.7500
-79.00640955;-2.897923907;[0];-90.0000
-79.00616675;-2.897923478;[0];-89.3125
-79.00592395;-2.897923048;[0];-88.5625
-79.00568115;-2.897922618;[0];-87.9375
-79.00543834;-2.897922188;[0];-87.1875
-79.00519554;-2.897921759;[0];-86.5625
-79.00495274;-2.897921329;[0];-85.9375
-79.00470994;-2.897920899;[0];-85.3125
-79.00446714;-2.897920469;[0];-84.7500
-79.00422433;-2.897920039;[0];-84.2500
-79.00398153;-2.897919609;[0];-83.7500
-79.00373873;-2.897919178;[0];-83.3125
-79.00349593;-2.897918748;[0];-82.9375
-79.00325313;-2.897918318;[0];-82.5625
-79.00301032;-2.897917888;[0];-82.2500
-79.00276752;-2.897917457;[0];-82.0000
-79.00252472;-2.897917027;[0];-81.7500
-79.00228192;-2.897916596;[0];-81.6250
-79.00203912;-2.897916166;[0];-81.5000
-79.00179632;-2.897915735;[0];-81.4375
-79.00155351;-2.897915305;[0];-81.3750
-79.00131071;-2.897914874;[0];-81.4375
-79.00106791;-2.897914443;[0];-81.4375
-79.00082511;-2.897914012;[0];-81.5625
-79.00058231;-2.897913582;[0];-81.6250
-79.00033951;-2.897913151;[0];-81.7500
-79.00009670;-2.89791272;[0];-81.9375
-78.99985390;-2.897912289;[0];-82.0625
-78.99961110;-2.897911858;[0];-82.3125
-78.9993683;-2.897911427;[0];-82.5625
-78.99912550;-2.897910995;[0];-82.8125
-78.99888270;-2.897910564;[0];-83.1250
-78.99863990;-2.897910133;[0];-83.3750
-78.99839710;-2.897909702;[0];-83.6250
-78.99815430;-2.89790927;[0];-83.9375
-78.99791149;-2.897908839;[0];-84.2500
-78.99766869;-2.897908408;[0];-84.5000
-78.99742589;-2.897907976;[0];-84.8125
-78.99718309;-2.897907544;[0];-85.1875
-78.99694029;-2.897907113;[0];-85.4375
-78.99669749;-2.897906681;[0];-85.7500
-78.99645469;-2.897906249;[0];-86.1250
-78.99621189;-2.897905818;[0];-86.3750
-78.99596909;-2.897905386;[0];-86.7500
-78.99572629;-2.897904954;[0];-87.0625
-78.99548349;-2.897904522;[0];-87.3125
-78.99524069;-2.89790409;[0];-87.6875
-78.99499788;-2.897903658;[0];-88.0000
-78.99475508;-2.897903226;[0];-88.3125
-78.99451228;-2.897902794;[0];-88.5625
-78.99426948;-2.897902362;[0];-88.8750
-78.99402668;-2.897901929;[0];-89.1875
-78.99378388;-2.897901497;[0];-89.5000
-78.99354108;-2.897901065;[0];-89.8125
-78.99329828;-2.897900632;[0];-90.1250
-78.99305548;-2.8979002;[0];-90.3750
-78.99281268;-2.897899767;[0];-90.6250
-78.99256988;-2.897899335;[0];-90.9375
-78.99232708;-2.897898902;[0];-91.2500
-78.99208428;-2.897898469;[0];-91.5625
-78.99184148;-2.897898037;[0];-91.8125
-78.99159868;-2.897897604;[0];-92.1250
-78.99135588;-2.897897171;[0];-92.3750
-78.99111308;-2.897896738;[0];-92.6250
-78.99087028;-2.897896305;[0];-92.8750
-78.99062748;-2.897895872;[0];-93.1250
-78.99038468;-2.897895439;[0];-93.4375
-78.99014188;-2.897895006;[0];-93.6875
-78.98989908;-2.897894573;[0];-93.9375
-78.98965628;-2.89789414;[0];-94.1875
-78.98941348;-2.897893707;[0];-94.4375
-78.98917068;-2.897893273;[0];-94.7500
-78.98892788;-2.89789284;[0];-94.9375
-78.98868508;-2.897892407;[0];-95.1875
-78.98844228;-2.897891973;[0];-95.4375
-78.98819948;-2.89789154;[0];-95.6250
-78.98795668;-2.897891106;[0];-95.8750
-78.98771388;-2.897890673;[0];-96.1250
-78.98747108;-2.897890239;[0];-96.3125
-78.98722828;-2.897889805;[0];-96.5625
-78.98698548;-2.897889372;[0];-96.8125
-78.98674269;-2.897888938;[0];-97.0000
-78.98649989;-2.897888504;[0];-97.2500
-78.98625709;-2.89788807;[0];-97.4375
-78.98601429;-2.897887636;[0];-97.6875
-78.98577149;-2.897887202;[0];-97.8750
-78.98552869;-2.897886768;[0];-98.0625
-78.98528589;-2.897886334;[0];-98.2500
-78.98504309;-2.8978859;[0];-98.5000
-78.98480029;-2.897885465;[0];-98.6875
-78.98455749;-2.897885031;[0];-98.9375
-78.98431469;-2.897884597;[0];-99.1250
-78.98407189;-2.897884162;[0];-99.3125
-78.98382910;-2.897883728;[0];-99.5000
-78.98358630;-2.897883293;[0];-99.6875
-78.98334350;-2.897882859;[0];-99.8125
-78.98310070;-2.897882424;[0];-100.0000
-78.9828579;-2.89788199;[0];-100.1875
-78.98261510;-2.897881555;[0];-100.3750
-78.98237230;-2.89788112;[0];-100.5625
-78.98212950;-2.897880685;[0];-100.7500
-78.98188671;-2.897880251;[0];-100.9375
-78.98164391;-2.897879816;[0];-101.1250
-78.98140111;-2.897879381;[0];-101.3125
-78.98115831;-2.897878946;[0];-101.5000
-78.98091551;-2.897878511;[0];-101.6875
-78.98067271;-2.897878075;[0];-101.8125
-78.98042991;-2.89787764;[0];-102.0000
-79.01078043;-2.897687509;[0];-101.7500
-79.01053762;-2.89768708;[0];-101.1250
-79.01029482;-2.897686652;[0];-100.6875
-79.01005202;-2.897686223;[0];-100.1250
-79.00980921;-2.897685794;[0];-99.5625
-79.00956641;-2.897685365;[0];-99.0000
-79.00932361;-2.897684936;[0];-98.4375
-79.00908081;-2.897684507;[0];-97.8750
-79.00883800;-2.897684078;[0];-97.3125
-79.00859520;-2.897683649;[0];-96.6250
-79.00835240;-2.89768322;[0];-96.0000
-79.00810960;-2.897682791;[0];-95.0000
-79.00786679;-2.897682362;[0];-94.3125
-79.00762399;-2.897681933;[0];-93.6250
-79.00738119;-2.897681503;[0];-93.0000
-79.00713839;-2.897681074;[0];-92.3125
-79.00689558;-2.897680644;[0];-91.6875
-79.00665278;-2.897680215;[0];-90.9375
-79.00640998;-2.897679785;[0];-90.3125
-79.00616718;-2.897679356;[0];-89.6250
-79.00592438;-2.897678926;[0];-88.8750
-79.00568157;-2.897678496;[0];-88.2500
-79.00543877;-2.897678067;[0];-87.5625
-79.00519597;-2.897677637;[0];-86.9375
-79.00495317;-2.897677207;[0];-86.3750
-79.00471036;-2.897676777;[0];-85.8125
-79.00446756;-2.897676347;[0];-85.2500
-79.00422476;-2.897675917;[0];-84.7500
-79.00398196;-2.897675487;[0];-84.3125
-79.00373916;-2.897675057;[0];-83.8750
-79.00349636;-2.897674627;[0];-83.5000
-79.00325355;-2.897674196;[0];-83.1250
-79.00301075;-2.897673766;[0];-82.8125
-79.00276795;-2.897673336;[0];-82.5000
-79.00252515;-2.897672906;[0];-82.3750
-79.00228235;-2.897672475;[0];-82.1875
-79.00203955;-2.897672045;[0];-82.0625
-79.00179674;-2.897671614;[0];-82.0000
-79.00155394;-2.897671183;[0];-81.9375
-79.00131114;-2.897670753;[0];-81.9375
-79.00106834;-2.897670322;[0];-82.0000
-79.00082554;-2.897669891;[0];-82.0625
-79.00058274;-2.897669461;[0];-82.1250
-79.00033993;-2.89766903;[0];-82.1875
-79.00009713;-2.897668599;[0];-82.4375
-78.99985433;-2.897668168;[0];-82.5625
-78.99961153;-2.897667737;[0];-82.6875
-78.99936873;-2.897667306;[0];-83.0000
-78.99912593;-2.897666875;[0];-83.1875
-78.99888313;-2.897666444;[0];-83.4375
-78.99864033;-2.897666012;[0];-83.7500
-78.99839753;-2.897665581;[0];-84.0000
-78.99815472;-2.89766515;[0];-84.2500
-78.99791192;-2.897664718;[0];-84.5625
-78.99766912;-2.897664287;[0];-84.8125
-78.99742632;-2.897663855;[0];-85.0625
-78.99718352;-2.897663424;[0];-85.3750
-78.99694072;-2.897662992;[0];-85.7500
-78.99669792;-2.897662561;[0];-86.0000
-78.99645512;-2.897662129;[0];-86.2500
-78.99621232;-2.897661697;[0];-86.6250
-78.99596952;-2.897661266;[0];-86.8750
-78.99572672;-2.897660834;[0];-87.1875
-78.99548392;-2.897660402;[0];-87.5000
-78.99524111;-2.89765997;[0];-87.7500
-78.99499831;-2.897659538;[0];-88.0625
-78.99475551;-2.897659106;[0];-88.4375
-78.99451271;-2.897658674;[0];-88.7500
-78.99426991;-2.897658242;[0];-89.0000
-78.99402711;-2.897657809;[0];-89.2500
-78.99378431;-2.897657377;[0];-89.5625
-78.99354151;-2.897656945;[0];-89.8750
-78.99329871;-2.897656512;[0];-90.1875
-78.99305591;-2.89765608;[0];-90.4375
-78.99281311;-2.897655647;[0];-90.7500
-78.99257031;-2.897655215;[0];-91.0000
-78.99232751;-2.897654782;[0];-91.2500
-78.99208471;-2.89765435;[0];-91.5625
-78.99184191;-2.897653917;[0];-91.8750
-78.99159911;-2.897653484;[0];-92.1250
-78.99135631;-2.897653052;[0];-92.3750
-78.99111351;-2.897652619;[0];-92.6875
-78.99087071;-2.897652186;[0];-92.9375
-78.99062791;-2.897651753;[0];-93.1875
-78.99038511;-2.89765132;[0];-93.4375
-78.99014231;-2.897650887;[0];-93.6875
-78.98989951;-2.897650454;[0];-93.9375
-78.98965671;-2.897650021;[0];-94.1875
-78.98941391;-2.897649587;[0];-94.4375
-78.98917111;-2.897649154;[0];-94.6875
-78.98892831;-2.897648721;[0];-94.9375
-78.98868551;-2.897648288;[0];-95.1875
-78.98844271;-2.897647854;[0];-95.4375
-78.98819991;-2.897647421;[0];-95.6875
-78.98795711;-2.897646987;[0];-95.8750
-78.98771431;-2.897646554;[0];-96.1250
-78.98747151;-2.89764612;[0];-96.3125
-78.98722872;-2.897645686;[0];-96.5625
-78.98698592;-2.897645253;[0];-96.7500
-78.98674312;-2.897644819;[0];-96.9375
-78.98650032;-2.897644385;[0];-97.1875
-78.98625752;-2.897643951;[0];-97.4375
-78.98601472;-2.897643517;[0];-97.6250
-78.98577192;-2.897643083;[0];-97.8750
-78.98552912;-2.897642649;[0];-98.0625
-78.98528632;-2.897642215;[0];-98.2500
-78.98504352;-2.897641781;[0];-98.4375
-78.98480072;-2.897641347;[0];-98.6250
-78.98455792;-2.897640912;[0];-98.8125
-78.98431513;-2.897640478;[0];-99.0625
-78.98407233;-2.897640044;[0];-99.2500
-78.98382953;-2.897639609;[0];-99.4375
-78.98358673;-2.897639175;[0];-99.6250
-78.98334393;-2.89763874;[0];-99.8125
-78.98310113;-2.897638306;[0];-100.0000
-78.98285833;-2.897637871;[0];-100.1875
-78.98261553;-2.897637437;[0];-100.3750
-78.98237274;-2.897637002;[0];-100.5625
-78.98212994;-2.897636567;[0];-100.6875
-78.98188714;-2.897636132;[0];-100.8750
-78.98164434;-2.897635697;[0];-101.0625
-78.98140154;-2.897635263;[0];-101.2500
-78.98115874;-2.897634828;[0];-101.4375
-78.98091594;-2.897634393;[0];-101.6250
-78.98067315;-2.897633957;[0];-101.7500
-78.98043035;-2.897633522;[0];-101.9375
-79.01078085;-2.897443387;[0];-101.6875
-79.01053805;-2.897442958;[0];-101.2500
-79.01029525;-2.897442529;[0];-100.7500
-79.01005244;-2.897442101;[0];-100.1875
-79.00980964;-2.897441672;[0];-99.6250
-79.00956684;-2.897441243;[0];-99.0625
-79.00932404;-2.897440814;[0];-98.5625
-79.00908123;-2.897440385;[0];-97.9375
-79.00883843;-2.897439956;[0];-97.3750
-79.00859563;-2.897439527;[0];-96.7500
-79.00835283;-2.897439098;[0];-95.7500
-79.00811002;-2.897438669;[0];-95.1250
-79.00786722;-2.89743824;[0];-94.4375
-79.00762442;-2.89743781;[0];-93.8125
-79.00738162;-2.897437381;[0];-93.1875
-79.00713881;-2.897436952;[0];-92.5000
-79.00689601;-2.897436522;[0];-91.8750
-79.00665321;-2.897436093;[0];-91.1875
-79.00641041;-2.897435663;[0];-90.5625
-79.00616760;-2.897435234;[0];-89.8750
-79.00592480;-2.897434804;[0];-89.2500
-79.005682;-2.897434375;[0];-88.6250
-79.00543920;-2.897433945;[0];-87.9375
-79.00519640;-2.897433515;[0];-87.3750
-79.00495359;-2.897433085;[0];-86.8125
-79.00471079;-2.897432655;[0];-86.3125
-79.00446799;-2.897432225;[0];-85.7500
-79.00422519;-2.897431796;[0];-85.2500
-79.00398239;-2.897431365;[0];-84.8750
-79.00373958;-2.897430935;[0];-84.3750
-79.00349678;-2.897430505;[0];-84.0625
-79.00325398;-2.897430075;[0];-83.6875
-79.00301118;-2.897429645;[0];-83.3750
-79.00276838;-2.897429215;[0];-83.1250
-79.00252558;-2.897428784;[0];-82.9375
-79.00228277;-2.897428354;[0];-82.7500
-79.00203997;-2.897427923;[0];-82.6250
-79.00179717;-2.897427493;[0];-82.5000
-79.00155437;-2.897427062;[0];-82.5000
-79.00131157;-2.897426632;[0];-82.4375
-79.00106877;-2.897426201;[0];-82.5000
-79.00082597;-2.89742577;[0];-82.5000
-79.00058316;-2.89742534;[0];-82.6250
-79.00034036;-2.897424909;[0];-82.6875
-79.00009756;-2.897424478;[0];-82.8125
-78.99985476;-2.897424047;[0];-83.0000
-78.99961196;-2.897423616;[0];-83.1250
-78.99936916;-2.897423185;[0];-83.3125
-78.99912636;-2.897422754;[0];-83.5625
-78.99888356;-2.897422323;[0];-83.7500
-78.99864076;-2.897421892;[0];-84.0625
-78.99839795;-2.89742146;[0];-84.3125
-78.99815515;-2.897421029;[0];-84.5625
-78.99791235;-2.897420598;[0];-84.8125
-78.99766955;-2.897420166;[0];-85.1250
-78.99742675;-2.897419735;[0];-85.3750
-78.99718395;-2.897419303;[0];-85.6250
-78.99694115;-2.897418872;[0];-85.8750
-78.99669835;-2.89741844;[0];-86.2500
-78.99645555;-2.897418009;[0];-86.5000
-78.99621275;-2.897417577;[0];-86.7500
-78.99596995;-2.897417145;[0];-87.0625
-78.99572715;-2.897416713;[0];-87.3750
-78.99548434;-2.897416282;[0];-87.6250
-78.99524154;-2.89741585;[0];-87.9375
-78.99499874;-2.897415418;[0];-88.2500
-78.99475594;-2.897414986;[0];-88.5000
-78.99451314;-2.897414554;[0];-88.8125
-78.99427034;-2.897414121;[0];-89.1250
-78.99402754;-2.897413689;[0];-89.4375
-78.99378474;-2.897413257;[0];-89.6875
-78.99354194;-2.897412825;[0];-89.9375
-78.99329914;-2.897412392;[0];-90.2500
-78.99305634;-2.89741196;[0];-90.5000
-78.99281354;-2.897411528;[0];-90.8125
-78.99257074;-2.897411095;[0];-91.0625
-78.99232794;-2.897410663;[0];-91.3750
-78.99208514;-2.89741023;[0];-91.5625
-78.99184234;-2.897409797;[0];-91.8125
-78.99159954;-2.897409365;[0];-92.1250
-78.99135674;-2.897408932;[0];-92.4375
-78.99111394;-2.897408499;[0];-92.6875
-78.99087114;-2.897408066;[0];-92.9375
-78.99062834;-2.897407633;[0];-93.1875
-78.99038554;-2.8974072;[0];-93.4375
-78.99014274;-2.897406767;[0];-93.6875
-78.98989994;-2.897406334;[0];-93.9375
-78.98965714;-2.897405901;[0];-94.1875
-78.98941434;-2.897405468;[0];-94.4375
-78.98917154;-2.897405035;[0];-94.6875
-78.98892874;-2.897404602;[0];-94.8750
-78.98868594;-2.897404168;[0];-95.1250
-78.98844314;-2.897403735;[0];-95.3750
-78.98820034;-2.897403302;[0];-95.6250
-78.98795754;-2.897402868;[0];-95.8750
-78.98771475;-2.897402434;[0];-96.1250
-78.98747195;-2.897402001;[0];-96.3125
-78.98722915;-2.897401567;[0];-96.5625
-78.98698635;-2.897401134;[0];-96.7500
-78.98674355;-2.8974007;[0];-96.9375
-78.98650075;-2.897400266;[0];-97.1875
-78.98625795;-2.897399832;[0];-97.3750
-78.98601515;-2.897399398;[0];-97.5625
-78.98577235;-2.897398964;[0];-97.8125
-78.98552955;-2.89739853;[0];-98.0000
-78.98528675;-2.897398096;[0];-98.2500
-78.98504395;-2.897397662;[0];-98.4375
-78.98480116;-2.897397228;[0];-98.6250
-78.98455836;-2.897396794;[0];-98.8125
-78.98431556;-2.89739636;[0];-99.0000
-78.98407276;-2.897395925;[0];-99.1875
-78.98382996;-2.897395491;[0];-99.3750
-78.98358716;-2.897395057;[0];-99.5625
-78.98334436;-2.897394622;[0];-99.8125
-78.98310156;-2.897394188;[0];-100.0000
-78.98285876;-2.897393753;[0];-100.1875
-78.98261597;-2.897393318;[0];-100.3750
-78.98237317;-2.897392884;[0];-100.5000
-78.98213037;-2.897392449;[0];-100.6875
-78.98188757;-2.897392014;[0];-100.8750
-78.98164477;-2.897391579;[0];-101.0000
-78.98140197;-2.897391144;[0];-101.1875
-78.98115918;-2.897390709;[0];-101.3750
-78.98091638;-2.897390274;[0];-101.5625
-78.98067358;-2.897389839;[0];-101.6875
-78.98043078;-2.897389404;[0];-101.8750
-79.01078128;-2.897199264;[0];-101.7500
-79.01053848;-2.897198835;[0];-101.3125
-79.01029567;-2.897198407;[0];-100.7500
-79.01005287;-2.897197978;[0];-100.2500
-79.00981007;-2.897197549;[0];-99.6875
-79.00956726;-2.897197121;[0];-99.1875
-79.00932446;-2.897196692;[0];-98.6250
-79.00908166;-2.897196263;[0];-98.0625
-79.00883886;-2.897195834;[0];-97.4375
-79.00859605;-2.897195405;[0];-96.7500
-79.00835325;-2.897194976;[0];-95.9375
-79.00811045;-2.897194547;[0];-95.2500
-79.00786765;-2.897194118;[0];-94.6250
-79.00762485;-2.897193688;[0];-94.0625
-79.00738204;-2.897193259;[0];-93.3750
-79.00713924;-2.89719283;[0];-92.7500
-79.00689644;-2.8971924;[0];-92.1250
-79.00665364;-2.897191971;[0];-91.4375
-79.00641083;-2.897191542;[0];-90.8750
-79.00616803;-2.897191112;[0];-90.1875
-79.00592523;-2.897190682;[0];-89.6250
-79.00568243;-2.897190253;[0];-88.9375
-79.00543963;-2.897189823;[0];-88.3750
-79.00519682;-2.897189393;[0];-87.8125
-79.00495402;-2.897188964;[0];-87.2500
-79.00471122;-2.897188534;[0];-86.7500
-79.00446842;-2.897188104;[0];-86.2500
-79.00422562;-2.897187674;[0];-85.7500
-79.00398281;-2.897187244;[0];-85.3750
-79.00374001;-2.897186814;[0];-84.8750
-79.00349721;-2.897186384;[0];-84.5625
-79.00325441;-2.897185954;[0];-84.2500
-79.00301161;-2.897185523;[0];-83.9375
-79.00276881;-2.897185093;[0];-83.6875
-79.00252600;-2.897184663;[0];-83.5000
-79.00228320;-2.897184233;[0];-83.2500
-79.00204040;-2.897183802;[0];-83.1250
-79.00179760;-2.897183372;[0];-83.0625
-79.00155480;-2.897182941;[0];-83.0000
-79.00131200;-2.897182511;[0];-82.9375
-79.00106920;-2.89718208;[0];-83.0000
-79.00082639;-2.897181649;[0];-83.0000
-79.00058359;-2.897181219;[0];-83.1250
-79.00034079;-2.897180788;[0];-83.1875
-79.00009799;-2.897180357;[0];-83.2500
-78.99985519;-2.897179926;[0];-83.4375
-78.99961239;-2.897179495;[0];-83.5625
-78.99936959;-2.897179064;[0];-83.6875
-78.99912679;-2.897178633;[0];-83.9375
-78.99888399;-2.897178202;[0];-84.1875
-78.99864118;-2.897177771;[0];-84.3750
-78.99839838;-2.89717734;[0];-84.6250
-78.99815558;-2.897176908;[0];-84.9375
-78.99791278;-2.897176477;[0];-85.1250
-78.99766998;-2.897176046;[0];-85.3750
-78.99742718;-2.897175614;[0];-85.6250
-78.99718438;-2.897175183;[0];-85.8750
-78.99694158;-2.897174751;[0];-86.1250
-78.99669878;-2.89717432;[0];-86.3750
-78.99645598;-2.897173888;[0];-86.6875
-78.99621318;-2.897173457;[0];-87.0000
-78.99597038;-2.897173025;[0];-87.2500
-78.99572757;-2.897172593;[0];-87.5000
-78.99548477;-2.897172161;[0];-87.8125
-78.99524197;-2.897171729;[0];-88.0625
-78.99499917;-2.897171297;[0];-88.3750
-78.99475637;-2.897170866;[0];-88.6875
-78.99451357;-2.897170433;[0];-88.9375
-78.99427077;-2.897170001;[0];-89.1875
-78.99402797;-2.897169569;[0];-89.5000
-78.99378517;-2.897169137;[0];-89.8125
-78.99354237;-2.897168705;[0];-90.0625
-78.99329957;-2.897168273;[0];-90.3125
-78.99305677;-2.89716784;[0];-90.5625
-78.99281397;-2.897167408;[0];-90.8750
-78.99257117;-2.897166975;[0];-91.1250
-78.99232837;-2.897166543;[0];-91.4375
-78.99208557;-2.89716611;[0];-91.6875
-78.99184277;-2.897165678;[0];-91.9375
-78.99159997;-2.897165245;[0];-92.1875
-78.99135717;-2.897164812;[0];-92.3750
-78.99111437;-2.89716438;[0];-92.6875
-78.99087157;-2.897163947;[0];-93.0000
-78.99062877;-2.897163514;[0];-93.2500
-78.99038597;-2.897163081;[0];-93.5000
-78.99014317;-2.897162648;[0];-93.7500
-78.98990037;-2.897162215;[0];-94.0000
-78.98965757;-2.897161782;[0];-94.2500
-78.98941477;-2.897161349;[0];-94.4375
-78.98917197;-2.897160916;[0];-94.6875
-78.98892917;-2.897160482;[0];-94.9375
-78.98868637;-2.897160049;[0];-95.1250
-78.98844357;-2.897159616;[0];-95.3750
-78.98820078;-2.897159182;[0];-95.6250
-78.98795798;-2.897158749;[0];-95.8125
-78.98771518;-2.897158315;[0];-96.0625
-78.98747238;-2.897157882;[0];-96.3125
-78.98722958;-2.897157448;[0];-96.5625
-78.98698678;-2.897157015;[0];-96.7500
-78.98674398;-2.897156581;[0];-97.0000
-78.98650118;-2.897156147;[0];-97.1875
-78.98625838;-2.897155713;[0];-97.3750
-78.98601558;-2.89715528;[0];-97.5625
-78.98577278;-2.897154846;[0];-97.7500
-78.98552998;-2.897154412;[0];-98.0000
-78.98528719;-2.897153978;[0];-98.1875
-78.98504439;-2.897153544;[0];-98.3750
-78.98480159;-2.897153109;[0];-98.6250
-78.98455879;-2.897152675;[0];-98.8125
-78.98431599;-2.897152241;[0];-99.0000
-78.98407319;-2.897151807;[0];-99.1875
-78.98383039;-2.897151372;[0];-99.3750
-78.98358759;-2.897150938;[0];-99.5625
-78.98334479;-2.897150504;[0];-99.7500
-78.98310200;-2.897150069;[0];-99.9375
-78.98285920;-2.897149635;[0];-100.1250
-78.98261640;-2.8971492;[0];-100.3125
-78.9823736;-2.897148765;[0];-100.5000
-78.98213080;-2.897148331;[0];-100.6875
-78.98188800;-2.897147896;[0];-100.8750
-78.98164520;-2.897147461;[0];-101.0000
-78.98140241;-2.897147026;[0];-101.1875
-78.98115961;-2.897146591;[0];-101.3750
-78.98091681;-2.897146156;[0];-101.5000
-78.98067401;-2.897145721;[0];-101.6875
-78.98043121;-2.897145286;[0];-101.8125
-78.98018841;-2.897144851;[0];-102.0000
-79.01078170;-2.896955142;[0];-101.8125
-79.01053890;-2.896954713;[0];-101.3125
-79.01029610;-2.896954284;[0];-100.8125
-79.01005330;-2.896953856;[0];-100.2500
-79.00981049;-2.896953427;[0];-99.8125
-79.00956769;-2.896952998;[0];-99.2500
-79.00932489;-2.896952569;[0];-98.7500
-79.00908209;-2.896952141;[0];-98.1250
-79.00883928;-2.896951712;[0];-97.6250
-79.00859648;-2.896951283;[0];-96.6250
-79.00835368;-2.896950854;[0];-96.0625
-79.00811088;-2.896950425;[0];-95.4375
-79.00786807;-2.896949996;[0];-94.8125
-79.00762527;-2.896949566;[0];-94.1875
-79.00738247;-2.896949137;[0];-93.5625
-79.00713967;-2.896948708;[0];-93.0000
-79.00689687;-2.896948279;[0];-92.3125
-79.00665406;-2.896947849;[0];-91.7500
-79.00641126;-2.89694742;[0];-91.1250
-79.00616846;-2.89694699;[0];-90.4375
-79.00592566;-2.896946561;[0];-89.9375
-79.00568286;-2.896946131;[0];-89.2500
-79.00544005;-2.896945701;[0];-88.7500
-79.00519725;-2.896945272;[0];-88.1875
-79.00495445;-2.896944842;[0];-87.6875
-79.00471165;-2.896944412;[0];-87.1875
-79.00446885;-2.896943982;[0];-86.6875
-79.00422604;-2.896943552;[0];-86.1875
-79.00398324;-2.896943122;[0];-85.8750
-79.00374044;-2.896942692;[0];-85.3750
-79.00349764;-2.896942262;[0];-85.0625
-79.00325484;-2.896941832;[0];-84.7500
-79.00301204;-2.896941402;[0];-84.5000
-79.00276923;-2.896940972;[0];-84.1875
-79.00252643;-2.896940542;[0];-84.0000
-79.00228363;-2.896940111;[0];-83.8125
-79.00204083;-2.896939681;[0];-83.6875
-79.00179803;-2.89693925;[0];-83.6250
-79.00155523;-2.89693882;[0];-83.5000
-79.00131243;-2.896938389;[0];-83.5000
-79.00106962;-2.896937959;[0];-83.4375
-79.00082682;-2.896937528;[0];-83.5000
-79.00058402;-2.896937098;[0];-83.5625
-79.00034122;-2.896936667;[0];-83.6250
-79.00009842;-2.896936236;[0];-83.7500
-78.99985562;-2.896935805;[0];-83.8125
-78.99961282;-2.896935374;[0];-84.0000
-78.99937002;-2.896934943;[0];-84.1250
-78.99912721;-2.896934512;[0];-84.2500
-78.99888441;-2.896934081;[0];-84.5000
-78.99864161;-2.89693365;[0];-84.7500
-78.99839881;-2.896933219;[0];-84.9375
-78.99815601;-2.896932788;[0];-85.1875
-78.99791321;-2.896932357;[0];-85.4375
-78.99767041;-2.896931925;[0];-85.6250
-78.99742761;-2.896931494;[0];-85.8750
-78.99718481;-2.896931062;[0];-86.1875
-78.99694201;-2.896930631;[0];-86.3750
-78.99669921;-2.896930199;[0];-86.6250
-78.99645641;-2.896929768;[0];-86.8750
-78.99621361;-2.896929336;[0];-87.1875
-78.99597080;-2.896928905;[0];-87.5000
-78.99572800;-2.896928473;[0];-87.6875
-78.99548520;-2.896928041;[0];-87.9375
-78.99524240;-2.896927609;[0];-88.2500
-78.99499960;-2.896927177;[0];-88.5625
-78.99475680;-2.896926745;[0];-88.8125
-78.99451400;-2.896926313;[0];-89.1250
-78.99427120;-2.896925881;[0];-89.3125
-78.99402840;-2.896925449;[0];-89.6250
-78.99378560;-2.896925017;[0];-89.8750
-78.99354280;-2.896924585;[0];-90.1875
-78.99330000;-2.896924153;[0];-90.4375
-78.99305720;-2.89692372;[0];-90.6875
-78.99281440;-2.896923288;[0];-90.9375
-78.99257160;-2.896922856;[0];-91.1875
-78.99232880;-2.896922423;[0];-91.5000
-78.99208600;-2.896921991;[0];-91.7500
-78.99184320;-2.896921558;[0];-92.0000
-78.99160040;-2.896921125;[0];-92.2500
-78.99135760;-2.896920693;[0];-92.5000
-78.99111480;-2.89692026;[0];-92.6875
-78.99087200;-2.896919827;[0];-92.9375
-78.99062920;-2.896919394;[0];-93.2500
-78.99038640;-2.896918961;[0];-93.5000
-78.99014360;-2.896918529;[0];-93.7500
-78.98990080;-2.896918096;[0];-94.0000
-78.98965800;-2.896917663;[0];-94.2500
-78.98941520;-2.896917229;[0];-94.5000
-78.98917240;-2.896916796;[0];-94.7500
-78.98892960;-2.896916363;[0];-94.9375
-78.98868681;-2.89691593;[0];-95.1875
-78.98844401;-2.896915497;[0];-95.3750
-78.98820121;-2.896915063;[0];-95.6250
-78.98795841;-2.89691463;[0];-95.8125
-78.98771561;-2.896914196;[0];-96.0625
-78.98747281;-2.896913763;[0];-96.2500
-78.98723001;-2.896913329;[0];-96.5000
-78.98698721;-2.896912896;[0];-96.7500
-78.98674441;-2.896912462;[0];-97.0000
-78.98650161;-2.896912028;[0];-97.1875
-78.98625881;-2.896911595;[0];-97.3750
-78.98601601;-2.896911161;[0];-97.5625
-78.98577321;-2.896910727;[0];-97.8125
-78.98553042;-2.896910293;[0];-98.0000
-78.98528762;-2.896909859;[0];-98.1875
-78.98504482;-2.896909425;[0];-98.3750
-78.98480202;-2.896908991;[0];-98.5625
-78.98455922;-2.896908557;[0];-98.7500
-78.98431642;-2.896908122;[0];-98.9375
-78.98407362;-2.896907688;[0];-99.1875
-78.98383082;-2.896907254;[0];-99.3750
-78.98358803;-2.89690682;[0];-99.5625
-78.98334523;-2.896906385;[0];-99.7500
-78.98310243;-2.896905951;[0];-99.9375
-78.98285963;-2.896905516;[0];-100.0625
-78.98261683;-2.896905082;[0];-100.2500
-78.98237403;-2.896904647;[0];-100.4375
-78.98213123;-2.896904212;[0];-100.6250
-78.98188844;-2.896903778;[0];-100.8125
-78.98164564;-2.896903343;[0];-101.0000
-78.98140284;-2.896902908;[0];-101.1875
-78.98116004;-2.896902473;[0];-101.3125
-78.98091724;-2.896902038;[0];-101.5000
-78.98067444;-2.896901603;[0];-101.6875
-78.98043165;-2.896901168;[0];-101.8125
-78.98018885;-2.896900733;[0];-102.0000
-79.01078213;-2.896711019;[0];-101.8125
-79.01053933;-2.89671059;[0];-101.3750
-79.01029653;-2.896710162;[0];-100.8750
-79.01005372;-2.896709733;[0];-100.3750
-79.00981092;-2.896709305;[0];-99.8750
-79.00956812;-2.896708876;[0];-99.3750
-79.00932532;-2.896708447;[0];-98.8125
-79.00908251;-2.896708018;[0];-98.2500
-79.00883971;-2.896707589;[0];-97.4375
-79.00859691;-2.896707161;[0];-96.8125
-79.00835411;-2.896706732;[0];-96.1875
-79.00811130;-2.896706303;[0];-95.5625
-79.00786850;-2.896705873;[0];-95.0000
-79.00762570;-2.896705444;[0];-94.3750
-79.00738290;-2.896705015;[0];-93.8125
-79.00714009;-2.896704586;[0];-93.2500
-79.00689729;-2.896704157;[0];-92.5625
-79.00665449;-2.896703727;[0];-92.0625
-79.00641169;-2.896703298;[0];-91.3750
-79.00616889;-2.896702868;[0];-90.7500
-79.00592608;-2.896702439;[0];-90.2500
-79.00568328;-2.896702009;[0];-89.6250
-79.00544048;-2.89670158;[0];-89.1250
-79.00519768;-2.89670115;[0];-88.5625
-79.00495488;-2.89670072;[0];-88.1250
-79.00471207;-2.896700291;[0];-87.6250
-79.00446927;-2.896699861;[0];-87.1250
-79.00422647;-2.896699431;[0];-86.6875
-79.00398367;-2.896699001;[0];-86.3125
-79.00374087;-2.896698571;[0];-85.8750
-79.00349807;-2.896698141;[0];-85.5625
-79.00325526;-2.896697711;[0];-85.2500
-79.00301246;-2.896697281;[0];-85.0000
-79.00276966;-2.896696851;[0];-84.7500
-79.00252686;-2.89669642;[0];-84.5000
-79.00228406;-2.89669599;[0];-84.3750
-79.00204126;-2.89669556;[0];-84.1875
-79.00179846;-2.896695129;[0];-84.1250
-79.00155565;-2.896694699;[0];-84.0000
-79.00131285;-2.896694268;[0];-84.0000
-79.00107005;-2.896693838;[0];-83.9375
-79.00082725;-2.896693407;[0];-84.0000
-79.00058445;-2.896692977;[0];-84.0625
-79.00034165;-2.896692546;[0];-84.1250
-79.00009885;-2.896692115;[0];-84.1875
-78.99985605;-2.896691684;[0];-84.2500
-78.99961325;-2.896691253;[0];-84.3750
-78.99937044;-2.896690823;[0];-84.5625
-78.99912764;-2.896690392;[0];-84.6875
-78.99888484;-2.896689961;[0];-84.8125
-78.99864204;-2.896689529;[0];-85.0625
-78.99839924;-2.896689098;[0];-85.2500
-78.99815644;-2.896688667;[0];-85.5000
-78.99791364;-2.896688236;[0];-85.7500
-78.99767084;-2.896687805;[0];-86.0000
-78.99742804;-2.896687373;[0];-86.1250
-78.99718524;-2.896686942;[0];-86.3750
-78.99694244;-2.896686511;[0];-86.6875
-78.99669964;-2.896686079;[0];-86.8750
-78.99645684;-2.896685647;[0];-87.1250
-78.99621403;-2.896685216;[0];-87.3750
-78.99597123;-2.896684784;[0];-87.6250
-78.99572843;-2.896684353;[0];-87.9375
-78.99548563;-2.896683921;[0];-88.1875
-78.99524283;-2.896683489;[0];-88.3750
-78.99500003;-2.896683057;[0];-88.6875
-78.99475723;-2.896682625;[0];-88.9375
-78.99451443;-2.896682193;[0];-89.1875
-78.99427163;-2.896681761;[0];-89.5000
-78.99402883;-2.896681329;[0];-89.7500
-78.99378603;-2.896680897;[0];-90.0000
-78.99354323;-2.896680465;[0];-90.2500
-78.99330043;-2.896680033;[0];-90.5625
-78.99305763;-2.8966796;[0];-90.8125
-78.99281483;-2.896679168;[0];-91.0625
-78.99257203;-2.896678736;[0];-91.2500
-78.99232923;-2.896678303;[0];-91.5625
-78.99208643;-2.896677871;[0];-91.8125
-78.99184363;-2.896677438;[0];-92.0625
-78.99160083;-2.896677006;[0];-92.3125
-78.99135803;-2.896676573;[0];-92.5625
-78.99111523;-2.89667614;[0];-92.8125
-78.99087243;-2.896675708;[0];-93.0625
-78.99062963;-2.896675275;[0];-93.2500
-78.99038683;-2.896674842;[0];-93.5000
-78.99014403;-2.896674409;[0];-93.7500
-78.98990123;-2.896673976;[0];-94.0625
-78.98965843;-2.896673543;[0];-94.3125
-78.98941563;-2.89667311;[0];-94.5000
-78.98917284;-2.896672677;[0];-94.7500
-78.98893004;-2.896672244;[0];-95.0000
-78.98868724;-2.896671811;[0];-95.1875
-78.98844444;-2.896671377;[0];-95.4375
-78.98820164;-2.896670944;[0];-95.6250
-78.98795884;-2.896670511;[0];-95.8750
-78.98771604;-2.896670077;[0];-96.0625
-78.98747324;-2.896669644;[0];-96.3125
-78.98723044;-2.89666921;[0];-96.5000
-78.98698764;-2.896668777;[0];-96.6875
-78.98674484;-2.896668343;[0];-96.9375
-78.98650204;-2.896667909;[0];-97.1875
-78.98625924;-2.896667476;[0];-97.3750
-78.98601645;-2.896667042;[0];-97.6250
-78.98577365;-2.896666608;[0];-97.8125
-78.98553085;-2.896666174;[0];-98.0000
-78.98528805;-2.89666574;[0];-98.1875
-78.98504525;-2.896665306;[0];-98.3750
-78.98480245;-2.896664872;[0];-98.5625
-78.98455965;-2.896664438;[0];-98.7500
-78.98431685;-2.896664004;[0];-98.9375
-78.98407405;-2.89666357;[0];-99.1250
-78.98383126;-2.896663135;[0];-99.3125
-78.98358846;-2.896662701;[0];-99.5000
-78.98334566;-2.896662267;[0];-99.6875
-78.98310286;-2.896661832;[0];-99.8750
-78.98286006;-2.896661398;[0];-100.0625
-78.98261726;-2.896660963;[0];-100.2500
-78.98237446;-2.896660529;[0];-100.4375
-78.98213167;-2.896660094;[0];-100.5625
-78.98188887;-2.89665966;[0];-100.7500
-78.98164607;-2.896659225;[0];-100.9375
-78.98140327;-2.89665879;[0];-101.1250
-78.98116047;-2.896658355;[0];-101.3125
-78.98091767;-2.89665792;[0];-101.4375
-78.98067488;-2.896657485;[0];-101.6250
-78.98043208;-2.89665705;[0];-101.8125
-78.98018928;-2.896656615;[0];-102.0000
-79.01078256;-2.896466896;[0];-101.9375
-79.01053975;-2.896466468;[0];-101.3750
-79.01029695;-2.896466039;[0];-100.9375
-79.01005415;-2.896465611;[0];-100.5000
-79.00981135;-2.896465182;[0];-100.0000
-79.00956854;-2.896464754;[0];-99.4375
-79.00932574;-2.896464325;[0];-98.8750
-79.00908294;-2.896463896;[0];-98.3125
-79.00884014;-2.896463467;[0];-97.4375
-79.00859733;-2.896463038;[0];-96.9375
-79.00835453;-2.896462609;[0];-96.3125
-79.00811173;-2.89646218;[0];-95.7500
-79.00786893;-2.896461751;[0];-95.1875
-79.00762613;-2.896461322;[0];-94.5625
-79.00738332;-2.896460893;[0];-94.0625
-79.00714052;-2.896460464;[0];-93.4375
-79.00689772;-2.896460035;[0];-92.8750
-79.00665492;-2.896459605;[0];-92.3125
-79.00641212;-2.896459176;[0];-91.6875
-79.00616931;-2.896458747;[0];-91.1250
-79.00592651;-2.896458317;[0];-90.5625
-79.00568371;-2.896457888;[0];-90.0000
-79.00544091;-2.896457458;[0];-89.5000
-79.00519811;-2.896457028;[0];-89.0000
-79.00495530;-2.896456599;[0];-88.5000
-79.00471250;-2.896456169;[0];-88.0625
-79.0044697;-2.896455739;[0];-87.5625
-79.00422690;-2.896455309;[0];-87.1250
-79.00398410;-2.896454879;[0];-86.8125
-79.00374130;-2.896454449;[0];-86.3750
-79.00349849;-2.89645402;[0];-86.0625
-79.00325569;-2.896453589;[0];-85.7500
-79.00301289;-2.896453159;[0];-85.5000
-79.00277009;-2.896452729;[0];-85.2500
-79.00252729;-2.896452299;[0];-85.0000
-79.00228449;-2.896451869;[0];-84.8750
-79.00204169;-2.896451438;[0];-84.6875
-79.00179888;-2.896451008;[0];-84.6250
-79.00155608;-2.896450578;[0];-84.5000
-79.00131328;-2.896450147;[0];-84.5000
-79.00107048;-2.896449717;[0];-84.4375
-79.00082768;-2.896449286;[0];-84.4375
-79.00058488;-2.896448856;[0];-84.5000
-79.00034208;-2.896448425;[0];-84.5625
-79.00009928;-2.896447994;[0];-84.6250
-78.99985647;-2.896447563;[0];-84.6875
-78.99961367;-2.896447133;[0];-84.7500
-78.99937087;-2.896446702;[0];-84.9375
-78.99912807;-2.896446271;[0];-85.0625
-78.99888527;-2.89644584;[0];-85.1875
-78.99864247;-2.896445409;[0];-85.3750
-78.99839967;-2.896444978;[0];-85.6250
-78.99815687;-2.896444547;[0];-85.7500
-78.99791407;-2.896444115;[0];-86.0000
-78.99767127;-2.896443684;[0];-86.2500
-78.99742847;-2.896443253;[0];-86.5000
-78.99718567;-2.896442821;[0];-86.6250
-78.99694287;-2.89644239;[0];-86.8750
-78.99670006;-2.896441959;[0];-87.1250
-78.99645726;-2.896441527;[0];-87.3750
-78.99621446;-2.896441096;[0];-87.6250
-78.99597166;-2.896440664;[0];-87.8125
-78.99572886;-2.896440232;[0];-88.1250
-78.99548606;-2.896439801;[0];-88.3750
-78.99524326;-2.896439369;[0];-88.6250
-78.99500046;-2.896438937;[0];-88.8125
-78.99475766;-2.896438505;[0];-89.1250
-78.99451486;-2.896438073;[0];-89.3750
-78.99427206;-2.896437641;[0];-89.6250
-78.99402926;-2.896437209;[0];-89.8750
-78.99378646;-2.896436777;[0];-90.1250
-78.99354366;-2.896436345;[0];-90.3750
-78.99330086;-2.896435913;[0];-90.6250
-78.99305806;-2.896435481;[0];-90.8750
-78.99281526;-2.896435048;[0];-91.1875
-78.99257246;-2.896434616;[0];-91.4375
-78.99232966;-2.896434184;[0];-91.6250
-78.99208686;-2.896433751;[0];-91.8750
-78.99184406;-2.896433319;[0];-92.1250
-78.99160126;-2.896432886;[0];-92.3750
-78.99135846;-2.896432453;[0];-92.6250
-78.99111566;-2.896432021;[0];-92.8750
-78.99087286;-2.896431588;[0];-93.1250
-78.99063006;-2.896431155;[0];-93.3750
-78.99038726;-2.896430723;[0];-93.5625
-78.99014446;-2.89643029;[0];-93.7500
-78.98990166;-2.896429857;[0];-94.0000
-78.98965886;-2.896429424;[0];-94.3125
-78.98941607;-2.896428991;[0];-94.5625
-78.98917327;-2.896428558;[0];-94.8125
-78.98893047;-2.896428125;[0];-95.0000
-78.98868767;-2.896427691;[0];-95.2500
-78.98844487;-2.896427258;[0];-95.4375
-78.98820207;-2.896426825;[0];-95.6875
-78.98795927;-2.896426392;[0];-95.8750
-78.98771647;-2.896425958;[0];-96.1250
-78.98747367;-2.896425525;[0];-96.3125
-78.98723087;-2.896425091;[0];-96.5000
-78.98698807;-2.896424658;[0];-96.7500
-78.98674527;-2.896424224;[0];-96.9375
-78.98650247;-2.896423791;[0];-97.1250
-78.98625968;-2.896423357;[0];-97.3125
-78.98601688;-2.896422923;[0];-97.5625
-78.98577408;-2.896422489;[0];-97.8125
-78.98553128;-2.896422055;[0];-98.0000
-78.98528848;-2.896421622;[0];-98.1875
-78.98504568;-2.896421188;[0];-98.3750
-78.98480288;-2.896420754;[0];-98.5625
-78.98456008;-2.896420319;[0];-98.7500
-78.98431729;-2.896419885;[0];-98.9375
-78.98407449;-2.896419451;[0];-99.1250
-78.98383169;-2.896419017;[0];-99.3125
-78.98358889;-2.896418583;[0];-99.5000
-78.98334609;-2.896418148;[0];-99.6875
-78.98310329;-2.896417714;[0];-99.8750
-78.98286049;-2.89641728;[0];-100.0625
-78.98261770;-2.896416845;[0];-100.2500
-78.98237490;-2.896416411;[0];-100.4375
-78.98213210;-2.896415976;[0];-100.5625
-78.9818893;-2.896415541;[0];-100.7500
-78.98164650;-2.896415107;[0];-100.9375
-78.98140370;-2.896414672;[0];-101.0625
-78.98116091;-2.896414237;[0];-101.2500
-78.98091811;-2.896413802;[0];-101.4375
-78.98067531;-2.896413367;[0];-101.5625
-78.98043251;-2.896412932;[0];-101.7500
-78.98018971;-2.896412497;[0];-101.9375
-79.01078298;-2.896222774;[0];-101.9375
-79.01054018;-2.896222345;[0];-101.5000
-79.01029738;-2.896221917;[0];-101.0625
-79.01005458;-2.896221488;[0];-100.5625
-79.00981177;-2.89622106;[0];-100.0625
-79.00956897;-2.896220631;[0];-99.5000
-79.00932617;-2.896220203;[0];-99.0625
-79.00908337;-2.896219774;[0];-98.0625
-79.00884056;-2.896219345;[0];-97.6250
-79.00859776;-2.896218916;[0];-97.0000
-79.00835496;-2.896218487;[0];-96.4375
-79.00811216;-2.896218058;[0];-95.9375
-79.00786935;-2.896217629;[0];-95.3750
-79.00762655;-2.8962172;[0];-94.8125
-79.00738375;-2.896216771;[0];-94.2500
-79.00714095;-2.896216342;[0];-93.6875
-79.00689815;-2.896215913;[0];-93.1875
-79.00665534;-2.896215483;[0];-92.5625
-79.00641254;-2.896215054;[0];-92.0000
-79.00616974;-2.896214625;[0];-91.5000
-79.00592694;-2.896214195;[0];-90.8750
-79.00568414;-2.896213766;[0];-90.3750
-79.00544133;-2.896213336;[0];-89.8750
-79.00519853;-2.896212907;[0];-89.3750
-79.00495573;-2.896212477;[0];-88.9375
-79.00471293;-2.896212047;[0];-88.4375
-79.00447013;-2.896211618;[0];-88.0000
-79.00422733;-2.896211188;[0];-87.6250
-79.00398452;-2.896210758;[0];-87.2500
-79.00374172;-2.896210328;[0];-86.8750
-79.00349892;-2.896209898;[0];-86.5625
-79.00325612;-2.896209468;[0];-86.2500
-79.00301332;-2.896209038;[0];-86.0000
-79.00277052;-2.896208608;[0];-85.7500
-79.00252772;-2.896208178;[0];-85.5000
-79.00228491;-2.896207748;[0];-85.3750
-79.00204211;-2.896207317;[0];-85.1875
-79.00179931;-2.896206887;[0];-85.1250
-79.00155651;-2.896206457;[0];-85.0625
-79.00131371;-2.896206026;[0];-84.9375
-79.00107091;-2.896205596;[0];-84.9375
-79.00082811;-2.896205165;[0];-84.8750
-79.00058531;-2.896204735;[0];-84.9375
-79.00034251;-2.896204304;[0];-85.0000
-79.00009970;-2.896203873;[0];-85.0625
-78.99985690;-2.896203442;[0];-85.1250
-78.99961410;-2.896203012;[0];-85.1875
-78.99937130;-2.896202581;[0];-85.3125
-78.9991285;-2.89620215;[0];-85.5000
-78.99888570;-2.896201719;[0];-85.5625
-78.99864290;-2.896201288;[0];-85.6875
-78.99840010;-2.896200857;[0];-85.8750
-78.99815730;-2.896200426;[0];-86.1250
-78.99791450;-2.896199995;[0];-86.2500
-78.99767170;-2.896199564;[0];-86.5000
-78.99742890;-2.896199132;[0];-86.7500
-78.99718610;-2.896198701;[0];-87.0000
-78.99694329;-2.89619827;[0];-87.1250
-78.99670049;-2.896197838;[0];-87.3750
-78.99645769;-2.896197407;[0];-87.6250
-78.99621489;-2.896196975;[0];-87.8750
-78.99597209;-2.896196544;[0];-88.0625
-78.99572929;-2.896196112;[0];-88.3125
-78.99548649;-2.89619568;[0];-88.5625
-78.99524369;-2.896195249;[0];-88.8125
-78.99500089;-2.896194817;[0];-89.0625
-78.99475809;-2.896194385;[0];-89.2500
-78.99451529;-2.896193953;[0];-89.5000
-78.99427249;-2.896193521;[0];-89.8125
-78.99402969;-2.896193089;[0];-90.0000
-78.99378689;-2.896192657;[0];-90.2500
-78.99354409;-2.896192225;[0];-90.5625
-78.99330129;-2.896191793;[0];-90.7500
-78.99305849;-2.896191361;[0];-91.0000
-78.99281569;-2.896190928;[0];-91.2500
-78.99257289;-2.896190496;[0];-91.5000
-78.99233009;-2.896190064;[0];-91.7500
-78.99208729;-2.896189631;[0];-92.0000
-78.99184449;-2.896189199;[0];-92.1875
-78.99160169;-2.896188766;[0];-92.4375
-78.99135889;-2.896188334;[0];-92.6875
-78.99111609;-2.896187901;[0];-92.9375
-78.99087329;-2.896187469;[0];-93.1875
-78.99063049;-2.896187036;[0];-93.4375
-78.99038769;-2.896186603;[0];-93.6875
-78.99014489;-2.89618617;[0];-93.8750
-78.98990209;-2.896185737;[0];-94.0625
-78.98965930;-2.896185304;[0];-94.2500
-78.98941650;-2.896184871;[0];-94.5000
-78.98917370;-2.896184438;[0];-94.8125
-78.98893090;-2.896184005;[0];-95.0625
-78.98868810;-2.896183572;[0];-95.2500
-78.98844530;-2.896183139;[0];-95.5000
-78.98820250;-2.896182706;[0];-95.6875
-78.9879597;-2.896182272;[0];-95.9375
-78.98771690;-2.896181839;[0];-96.1250
-78.98747410;-2.896181406;[0];-96.3125
-78.98723130;-2.896180972;[0];-96.5625
-78.98698850;-2.896180539;[0];-96.7500
-78.98674570;-2.896180105;[0];-96.9375
-78.98650291;-2.896179672;[0];-97.1250
-78.98626011;-2.896179238;[0];-97.3125
-78.98601731;-2.896178804;[0];-97.5625
-78.98577451;-2.89617837;[0];-97.7500
-78.98553171;-2.896177937;[0];-97.9375
-78.98528891;-2.896177503;[0];-98.1875
-78.98504611;-2.896177069;[0];-98.3750
-78.98480331;-2.896176635;[0];-98.5625
-78.98456052;-2.896176201;[0];-98.7500
-78.98431772;-2.896175767;[0];-98.9375
-78.98407492;-2.896175333;[0];-99.1250
-78.98383212;-2.896174898;[0];-99.3125
-78.98358932;-2.896174464;[0];-99.5000
-78.98334652;-2.89617403;[0];-99.6250
-78.98310372;-2.896173596;[0];-99.8125
-78.98286093;-2.896173161;[0];-100.0000
-78.98261813;-2.896172727;[0];-100.1875
-78.98237533;-2.896172292;[0];-100.3750
-78.98213253;-2.896171858;[0];-100.5625
-78.98188973;-2.896171423;[0];-100.7500
-78.98164693;-2.896170989;[0];-100.9375
-78.98140414;-2.896170554;[0];-101.0625
-78.98116134;-2.896170119;[0];-101.2500
-78.98091854;-2.896169684;[0];-101.3750
-78.98067574;-2.896169249;[0];-101.5625
-78.98043294;-2.896168814;[0];-101.6875
-78.98019015;-2.896168379;[0];-101.8750
-79.01078341;-2.895978651;[0];-102.0000
-79.01054061;-2.895978223;[0];-101.6250
-79.01029780;-2.895977795;[0];-101.1250
-79.01005500;-2.895977366;[0];-100.6875
-79.00981220;-2.895976937;[0];-100.1250
-79.00956940;-2.895976509;[0];-99.6250
-79.00932659;-2.89597608;[0];-98.9375
-79.00908379;-2.895975651;[0];-98.2500
-79.00884099;-2.895975223;[0];-97.7500
-79.00859819;-2.895974794;[0];-97.1250
-79.00835539;-2.895974365;[0];-96.6875
-79.00811258;-2.895973936;[0];-96.1250
-79.00786978;-2.895973507;[0];-95.5625
-79.00762698;-2.895973078;[0];-95.0625
-79.00738418;-2.895972649;[0];-94.5000
-79.00714138;-2.89597222;[0];-93.8750
-79.00689857;-2.895971791;[0];-93.4375
-79.00665577;-2.895971361;[0];-92.8125
-79.00641297;-2.895970932;[0];-92.2500
-79.00617017;-2.895970503;[0];-91.8125
-79.00592737;-2.895970073;[0];-91.1875
-79.00568456;-2.895969644;[0];-90.7500
-79.00544176;-2.895969214;[0];-90.2500
-79.00519896;-2.895968785;[0];-89.7500
-79.00495616;-2.895968355;[0];-89.3125
-79.00471336;-2.895967926;[0];-88.8750
-79.00447056;-2.895967496;[0];-88.4375
-79.00422775;-2.895967066;[0];-88.0625
-79.00398495;-2.895966636;[0];-87.7500
-79.00374215;-2.895966207;[0];-87.3125
-79.00349935;-2.895965777;[0];-87.0625
-79.00325655;-2.895965347;[0];-86.7500
-79.00301375;-2.895964917;[0];-86.5000
-79.00277095;-2.895964487;[0];-86.2500
-79.00252814;-2.895964056;[0];-86.0000
-79.00228534;-2.895963626;[0];-85.8750
-79.00204254;-2.895963196;[0];-85.6875
-79.00179974;-2.895962766;[0];-85.6250
-79.00155694;-2.895962335;[0];-85.5000
-79.00131414;-2.895961905;[0];-85.3750
-79.00107134;-2.895961475;[0];-85.3750
-79.00082854;-2.895961044;[0];-85.3125
-79.00058573;-2.895960614;[0];-85.3750
-79.00034293;-2.895960183;[0];-85.3750
-79.00010013;-2.895959752;[0];-85.4375
-78.99985733;-2.895959322;[0];-85.5000
-78.99961453;-2.895958891;[0];-85.6250
-78.99937173;-2.89595846;[0];-85.6875
-78.99912893;-2.895958029;[0];-85.8125
-78.99888613;-2.895957598;[0];-85.9375
-78.99864333;-2.895957167;[0];-86.0625
-78.99840053;-2.895956736;[0];-86.1875
-78.99815773;-2.895956305;[0];-86.3750
-78.99791493;-2.895955874;[0];-86.6250
-78.99767213;-2.895955443;[0];-86.7500
-78.99742932;-2.895955012;[0];-87.0000
-78.99718652;-2.89595458;[0];-87.2500
-78.99694372;-2.895954149;[0];-87.4375
-78.99670092;-2.895953718;[0];-87.6250
-78.99645812;-2.895953286;[0];-87.8125
-78.99621532;-2.895952855;[0];-88.0625
-78.99597252;-2.895952423;[0];-88.3125
-78.99572972;-2.895951992;[0];-88.5000
-78.99548692;-2.89595156;[0];-88.7500
-78.99524412;-2.895951128;[0];-88.9375
-78.99500132;-2.895950697;[0];-89.2500
-78.99475852;-2.895950265;[0];-89.4375
-78.99451572;-2.895949833;[0];-89.6875
-78.99427292;-2.895949401;[0];-89.8750
-78.99403012;-2.895948969;[0];-90.1875
-78.99378732;-2.895948537;[0];-90.4375
-78.99354452;-2.895948105;[0];-90.6250
-78.99330172;-2.895947673;[0];-90.8750
-78.99305892;-2.895947241;[0];-91.1250
-78.99281612;-2.895946809;[0];-91.3125
-78.99257332;-2.895946376;[0];-91.5625
-78.99233052;-2.895945944;[0];-91.8125
-78.99208772;-2.895945512;[0];-92.1250
-78.99184492;-2.895945079;[0];-92.3750
-78.99160212;-2.895944647;[0];-92.5625
-78.99135932;-2.895944214;[0];-92.7500
-78.99111652;-2.895943782;[0];-93.0000
-78.99087372;-2.895943349;[0];-93.2500
-78.99063092;-2.895942916;[0];-93.5000
-78.99038812;-2.895942484;[0];-93.6875
-78.99014532;-2.895942051;[0];-93.9375
-78.98990253;-2.895941618;[0];-94.1875
-78.98965973;-2.895941185;[0];-94.3750
-78.98941693;-2.895940752;[0];-94.5625
-78.98917413;-2.895940319;[0];-94.7500
-78.98893133;-2.895939886;[0];-95.0000
-78.98868853;-2.895939453;[0];-95.2500
-78.98844573;-2.89593902;[0];-95.5000
-78.98820293;-2.895938587;[0];-95.7500
-78.98796013;-2.895938153;[0];-95.9375
-78.98771733;-2.89593772;[0];-96.1250
-78.98747453;-2.895937287;[0];-96.3750
-78.98723173;-2.895936853;[0];-96.5625
-78.98698894;-2.89593642;[0];-96.7500
-78.98674614;-2.895935986;[0];-96.9375
-78.98650334;-2.895935553;[0];-97.1875
-78.98626054;-2.895935119;[0];-97.3750
-78.98601774;-2.895934685;[0];-97.5625
-78.98577494;-2.895934252;[0];-97.7500
-78.98553214;-2.895933818;[0];-97.9375
-78.98528934;-2.895933384;[0];-98.1250
-78.98504654;-2.89593295;[0];-98.3125
-78.98480375;-2.895932516;[0];-98.5625
-78.98456095;-2.895932082;[0];-98.7500
-78.98431815;-2.895931648;[0];-98.9375
-78.98407535;-2.895931214;[0];-99.1250
-78.98383255;-2.89593078;[0];-99.3125
-78.98358975;-2.895930346;[0];-99.5000
-78.98334695;-2.895929912;[0];-99.6875
-78.98310416;-2.895929477;[0];-99.8125
-78.98286136;-2.895929043;[0];-100.0000
-78.98261856;-2.895928608;[0];-100.1875
-78.98237576;-2.895928174;[0];-100.3125
-78.98213296;-2.89592774;[0];-100.5000
-78.98189016;-2.895927305;[0];-100.6875
-78.98164737;-2.89592687;[0];-100.8750
-78.98140457;-2.895926436;[0];-101.0625
-78.98116177;-2.895926001;[0];-101.2500
-78.98091897;-2.895925566;[0];-101.3750
-78.98067617;-2.895925131;[0];-101.5625
-78.98043338;-2.895924696;[0];-101.6875
-78.98019058;-2.895924262;[0];-101.8750
-78.97994778;-2.895923827;[0];-102.0000
-79.01054103;-2.895734101;[0];-101.6875
-79.01029823;-2.895733672;[0];-101.2500
-79.01005543;-2.895733244;[0];-100.7500
-79.00981263;-2.895732815;[0];-100.1875
-79.00956982;-2.895732387;[0];-99.6875
-79.00932702;-2.895731958;[0];-98.8750
-79.00908422;-2.895731529;[0];-98.3750
-79.00884142;-2.8957311;[0];-97.8125
-79.00859861;-2.895730672;[0];-97.3125
-79.00835581;-2.895730243;[0];-96.8125
-79.00811301;-2.895729814;[0];-96.2500
-79.00787021;-2.895729385;[0];-95.7500
-79.00762741;-2.895728956;[0];-95.2500
-79.00738460;-2.895728527;[0];-94.6875
-79.00714180;-2.895728098;[0];-94.1875
-79.006899;-2.895727669;[0];-93.6875
-79.00665620;-2.89572724;[0];-93.1250
-79.00641340;-2.89572681;[0];-92.5625
-79.00617059;-2.895726381;[0];-92.0625
-79.00592779;-2.895725952;[0];-91.5000
-79.00568499;-2.895725522;[0];-91.0625
-79.00544219;-2.895725093;[0];-90.6250
-79.00519939;-2.895724663;[0];-90.1250
-79.00495659;-2.895724234;[0];-89.6875
-79.00471378;-2.895723804;[0];-89.2500
-79.00447098;-2.895723374;[0];-88.8750
-79.00422818;-2.895722945;[0];-88.5000
-79.00398538;-2.895722515;[0];-88.1875
-79.00374258;-2.895722085;[0];-87.7500
-79.00349978;-2.895721655;[0];-87.5000
-79.00325698;-2.895721225;[0];-87.2500
-79.00301417;-2.895720795;[0];-86.9375
-79.00277137;-2.895720365;[0];-86.7500
-79.00252857;-2.895719935;[0];-86.5000
-79.00228577;-2.895719505;[0];-86.3125
-79.00204297;-2.895719075;[0];-86.1875
-79.00180017;-2.895718645;[0];-86.0625
-79.00155737;-2.895718214;[0];-85.9375
-79.00131457;-2.895717784;[0];-85.8750
-79.00107176;-2.895717353;[0];-85.8125
-79.00082896;-2.895716923;[0];-85.8125
-79.00058616;-2.895716493;[0];-85.7500
-79.00034336;-2.895716062;[0];-85.8125
-79.00010056;-2.895715631;[0];-85.8750
-78.99985776;-2.895715201;[0];-85.9375
-78.99961496;-2.89571477;[0];-86.0000
-78.99937216;-2.895714339;[0];-86.0625
-78.99912936;-2.895713908;[0];-86.1250
-78.99888656;-2.895713478;[0];-86.3125
-78.99864376;-2.895713047;[0];-86.4375
-78.99840096;-2.895712616;[0];-86.5625
-78.99815816;-2.895712185;[0];-86.6875
-78.99791535;-2.895711754;[0];-86.8750
-78.99767255;-2.895711322;[0];-87.0625
-78.99742975;-2.895710891;[0];-87.2500
-78.99718695;-2.89571046;[0];-87.5000
-78.99694415;-2.895710029;[0];-87.6875
-78.99670135;-2.895709597;[0];-87.9375
-78.99645855;-2.895709166;[0];-88.0625
-78.99621575;-2.895708734;[0];-88.3125
-78.99597295;-2.895708303;[0];-88.5000
-78.99573015;-2.895707871;[0];-88.7500
-78.99548735;-2.89570744;[0];-88.9375
-78.99524455;-2.895707008;[0];-89.1250
-78.99500175;-2.895706576;[0];-89.3750
-78.99475895;-2.895706145;[0];-89.6250
-78.99451615;-2.895705713;[0];-89.8750
-78.99427335;-2.895705281;[0];-90.0625
-78.99403055;-2.895704849;[0];-90.3125
-78.99378775;-2.895704417;[0];-90.5625
-78.99354495;-2.895703985;[0];-90.8125
-78.99330215;-2.895703553;[0];-91.0000
-78.99305935;-2.895703121;[0];-91.2500
-78.99281655;-2.895702689;[0];-91.5000
-78.99257375;-2.895702257;[0];-91.6875
-78.99233095;-2.895701824;[0];-91.9375
-78.99208815;-2.895701392;[0];-92.1875
-78.99184535;-2.89570096;[0];-92.4375
-78.99160255;-2.895700527;[0];-92.6875
-78.99135975;-2.895700095;[0];-92.8750
-78.99111695;-2.895699662;[0];-93.0625
-78.99087415;-2.895699229;[0];-93.3125
-78.99063135;-2.895698797;[0];-93.5000
-78.99038855;-2.895698364;[0];-93.7500
-78.99014576;-2.895697931;[0];-94.0000
-78.98990296;-2.895697499;[0];-94.2500
-78.98966016;-2.895697066;[0];-94.4375
-78.98941736;-2.895696633;[0];-94.6875
-78.98917456;-2.8956962;[0];-94.8750
-78.98893176;-2.895695767;[0];-95.0625
-78.98868896;-2.895695334;[0];-95.2500
-78.98844616;-2.895694901;[0];-95.5000
-78.98820336;-2.895694467;[0];-95.7500
-78.98796056;-2.895694034;[0];-96.0000
-78.98771776;-2.895693601;[0];-96.1875
-78.98747496;-2.895693168;[0];-96.3750
-78.98723217;-2.895692734;[0];-96.5625
-78.98698937;-2.895692301;[0];-96.8125
-78.98674657;-2.895691867;[0];-97.0000
-78.98650377;-2.895691434;[0];-97.1875
-78.98626097;-2.895691;[0];-97.3750
-78.98601817;-2.895690567;[0];-97.5625
-78.98577537;-2.895690133;[0];-97.7500
-78.98553257;-2.895689699;[0];-97.9375
-78.98528977;-2.895689265;[0];-98.1250
-78.98504698;-2.895688832;[0];-98.3125
-78.98480418;-2.895688398;[0];-98.5000
-78.98456138;-2.895687964;[0];-98.6875
-78.98431858;-2.89568753;[0];-98.9375
-78.98407578;-2.895687096;[0];-99.1250
-78.98383298;-2.895686662;[0];-99.3125
-78.98359018;-2.895686227;[0];-99.5000
-78.98334739;-2.895685793;[0];-99.6875
-78.98310459;-2.895685359;[0];-99.8125
-78.98286179;-2.895684925;[0];-100.0000
-78.98261899;-2.89568449;[0];-100.1875
-78.98237619;-2.895684056;[0];-100.3750
-78.98213340;-2.895683621;[0];-100.5000
-78.98189060;-2.895683187;[0];-100.6875
-78.98164780;-2.895682752;[0];-100.8125
-78.981405;-2.895682318;[0];-101.0000
-78.98116220;-2.895681883;[0];-101.1875
-78.98091940;-2.895681448;[0];-101.3750
-78.98067661;-2.895681013;[0];-101.5000
-78.98043381;-2.895680579;[0];-101.6875
-78.98019101;-2.895680144;[0];-101.8750
-78.97994821;-2.895679709;[0];-102.0000
-79.01054146;-2.895489978;[0];-101.7500
-79.01029866;-2.89548955;[0];-101.3125
-79.01005585;-2.895489121;[0];-100.8125
-79.00981305;-2.895488693;[0];-100.3750
-79.00957025;-2.895488264;[0];-99.5000
-79.00932745;-2.895487836;[0];-99.0000
-79.00908465;-2.895487407;[0];-98.5000
-79.00884184;-2.895486978;[0];-97.9375
-79.00859904;-2.895486549;[0];-97.5000
-79.00835624;-2.895486121;[0];-97.0000
-79.00811344;-2.895485692;[0];-96.4375
-79.00787063;-2.895485263;[0];-96.0000
-79.00762783;-2.895484834;[0];-95.4375
-79.00738503;-2.895484405;[0];-94.8750
-79.00714223;-2.895483976;[0];-94.4375
-79.00689943;-2.895483547;[0];-93.8750
-79.00665663;-2.895483118;[0];-93.3750
-79.00641382;-2.895482688;[0];-92.8750
-79.00617102;-2.895482259;[0];-92.3750
-79.00592822;-2.89548183;[0];-91.8125
-79.00568542;-2.8954814;[0];-91.4375
-79.00544262;-2.895480971;[0];-91.0000
-79.00519981;-2.895480542;[0];-90.5000
-79.00495701;-2.895480112;[0];-90.0625
-79.00471421;-2.895479682;[0];-89.6875
-79.00447141;-2.895479253;[0];-89.3125
-79.00422861;-2.895478823;[0];-88.8750
-79.00398581;-2.895478393;[0];-88.6250
-79.00374301;-2.895477964;[0];-88.1875
-79.00350020;-2.895477534;[0];-87.9375
-79.00325740;-2.895477104;[0];-87.6875
-79.00301460;-2.895476674;[0];-87.4375
-79.0027718;-2.895476244;[0];-87.1875
-79.00252900;-2.895475814;[0];-86.9375
-79.00228620;-2.895475384;[0];-86.7500
-79.00204340;-2.895474954;[0];-86.6875
-79.00180060;-2.895474523;[0];-86.5000
-79.00155780;-2.895474093;[0];-86.4375
-79.00131499;-2.895473663;[0];-86.3750
-79.00107219;-2.895473232;[0];-86.2500
-79.00082939;-2.895472802;[0];-86.2500
-79.00058659;-2.895472372;[0];-86.1875
-79.00034379;-2.895471941;[0];-86.2500
-79.00010099;-2.89547151;[0];-86.2500
-78.99985819;-2.89547108;[0];-86.3125
-78.99961539;-2.895470649;[0];-86.3750
-78.99937259;-2.895470218;[0];-86.4375
-78.99912979;-2.895469788;[0];-86.5000
-78.99888699;-2.895469357;[0];-86.6250
-78.99864419;-2.895468926;[0];-86.8125
-78.99840138;-2.895468495;[0];-86.8750
-78.99815858;-2.895468064;[0];-87.0000
-78.99791578;-2.895467633;[0];-87.1875
-78.99767298;-2.895467202;[0];-87.3750
-78.99743018;-2.895466771;[0];-87.5625
-78.99718738;-2.895466339;[0];-87.7500
-78.99694458;-2.895465908;[0];-87.9375
-78.99670178;-2.895465477;[0];-88.1875
-78.99645898;-2.895465046;[0];-88.3750
-78.99621618;-2.895464614;[0];-88.5000
-78.99597338;-2.895464183;[0];-88.7500
-78.99573058;-2.895463751;[0];-88.9375
-78.99548778;-2.89546332;[0];-89.1875
-78.99524498;-2.895462888;[0];-89.3750
-78.99500218;-2.895462456;[0];-89.5625
-78.99475938;-2.895462025;[0];-89.7500
-78.99451658;-2.895461593;[0];-90.0625
-78.99427378;-2.895461161;[0];-90.2500
-78.99403098;-2.895460729;[0];-90.5000
-78.99378818;-2.895460297;[0];-90.6875
-78.99354538;-2.895459865;[0];-90.9375
-78.99330258;-2.895459433;[0];-91.1875
-78.99305978;-2.895459001;[0];-91.3750
-78.99281698;-2.895458569;[0];-91.5625
-78.99257418;-2.895458137;[0];-91.8125
-78.99233138;-2.895457704;[0];-92.0625
-78.99208858;-2.895457272;[0];-92.2500
-78.99184578;-2.89545684;[0];-92.5000
-78.99160298;-2.895456407;[0];-92.7500
-78.99136018;-2.895455975;[0];-93.0000
-78.99111738;-2.895455542;[0];-93.1875
-78.99087458;-2.89545511;[0];-93.4375
-78.99063178;-2.895454677;[0];-93.6250
-78.99038899;-2.895454245;[0];-93.8125
-78.99014619;-2.895453812;[0];-94.0625
-78.98990339;-2.895453379;[0];-94.2500
-78.98966059;-2.895452946;[0];-94.5000
-78.98941779;-2.895452513;[0];-94.7500
-78.98917499;-2.895452081;[0];-94.9375
-78.98893219;-2.895451648;[0];-95.1875
-78.98868939;-2.895451215;[0];-95.3750
-78.98844659;-2.895450781;[0];-95.5000
-78.98820379;-2.895450348;[0];-95.6875
-78.98796099;-2.895449915;[0];-95.9375
-78.98771819;-2.895449482;[0];-96.1875
-78.98747540;-2.895449049;[0];-96.4375
-78.98723260;-2.895448615;[0];-96.6250
-78.98698980;-2.895448182;[0];-96.8125
-78.98674700;-2.895447748;[0];-97.0000
-78.98650420;-2.895447315;[0];-97.1875
-78.9862614;-2.895446881;[0];-97.3750
-78.98601860;-2.895446448;[0];-97.6250
-78.98577580;-2.895446014;[0];-97.8125
-78.98553300;-2.89544558;[0];-98.0000
-78.98529021;-2.895445147;[0];-98.1875
-78.98504741;-2.895444713;[0];-98.3750
-78.98480461;-2.895444279;[0];-98.5000
-78.98456181;-2.895443845;[0];-98.6875
-78.98431901;-2.895443411;[0];-98.8750
-78.98407621;-2.895442977;[0];-99.0625
-78.98383342;-2.895442543;[0];-99.2500
-78.98359062;-2.895442109;[0];-99.4375
-78.98334782;-2.895441675;[0];-99.6875
-78.98310502;-2.89544124;[0];-99.8750
-78.98286222;-2.895440806;[0];-100.0000
-78.98261942;-2.895440372;[0];-100.1875
-78.98237663;-2.895439937;[0];-100.3750
-78.98213383;-2.895439503;[0];-100.5000
-78.98189103;-2.895439069;[0];-100.6875
-78.98164823;-2.895438634;[0];-100.8125
-78.98140543;-2.895438199;[0];-101.0000
-78.98116263;-2.895437765;[0];-101.1875
-78.98091984;-2.89543733;[0];-101.3125
-78.98067704;-2.895436895;[0];-101.5000
-78.98043424;-2.895436461;[0];-101.6250
-78.98019144;-2.895436026;[0];-101.8125
-78.97994865;-2.895435591;[0];-102.0000
-79.01054188;-2.895245856;[0];-101.8750
-79.01029908;-2.895245427;[0];-101.3750
-79.01005628;-2.895244999;[0];-100.8750
-79.00981348;-2.89524457;[0];-100.2500
-79.00957068;-2.895244142;[0];-99.6250
-79.00932787;-2.895243713;[0];-99.1250
-79.00908507;-2.895243285;[0];-98.6250
-79.00884227;-2.895242856;[0];-98.1250
-79.00859947;-2.895242427;[0];-97.6875
-79.00835667;-2.895241999;[0];-97.1250
-79.00811386;-2.89524157;[0];-96.6250
-79.00787106;-2.895241141;[0];-96.1875
-79.00762826;-2.895240712;[0];-95.6250
-79.00738546;-2.895240283;[0];-95.1250
-79.00714266;-2.895239854;[0];-94.6875
-79.00689985;-2.895239425;[0];-94.1250
-79.00665705;-2.895238996;[0];-93.6250
-79.00641425;-2.895238567;[0];-93.1875
-79.00617145;-2.895238137;[0];-92.6875
-79.00592865;-2.895237708;[0];-92.1250
-79.00568585;-2.895237279;[0];-91.7500
-79.00544304;-2.895236849;[0];-91.3125
-79.00520024;-2.89523642;[0];-90.8750
-79.00495744;-2.89523599;[0];-90.4375
-79.00471464;-2.895235561;[0];-90.0625
-79.00447184;-2.895235131;[0];-89.6875
-79.00422904;-2.895234702;[0];-89.3125
-79.00398623;-2.895234272;[0];-89.0000
-79.00374343;-2.895233842;[0];-88.6250
-79.00350063;-2.895233412;[0];-88.3750
-79.00325783;-2.895232982;[0];-88.1250
-79.00301503;-2.895232552;[0];-87.8750
-79.00277223;-2.895232123;[0];-87.6250
-79.00252943;-2.895231693;[0];-87.4375
-79.00228663;-2.895231262;[0];-87.1875
-79.00204383;-2.895230832;[0];-87.1250
-79.00180102;-2.895230402;[0];-86.9375
-79.00155822;-2.895229972;[0];-86.8750
-79.00131542;-2.895229542;[0];-86.7500
-79.00107262;-2.895229111;[0];-86.6875
-79.00082982;-2.895228681;[0];-86.6875
-79.00058702;-2.89522825;[0];-86.6250
-79.00034422;-2.89522782;[0];-86.6250
-79.00010142;-2.895227389;[0];-86.6875
-78.99985862;-2.895226959;[0];-86.6875
-78.99961582;-2.895226528;[0];-86.7500
-78.99937302;-2.895226098;[0];-86.8125
-78.99913021;-2.895225667;[0];-86.8750
-78.99888741;-2.895225236;[0];-87.0000
-78.99864461;-2.895224805;[0];-87.1250
-78.99840181;-2.895224374;[0];-87.2500
-78.99815901;-2.895223943;[0];-87.3750
-78.99791621;-2.895223512;[0];-87.4375
-78.99767341;-2.895223081;[0];-87.6250
-78.99743061;-2.89522265;[0];-87.8750
-78.99718781;-2.895222219;[0];-88.0000
-78.99694501;-2.895221788;[0];-88.1875
-78.99670221;-2.895221356;[0];-88.3750
-78.99645941;-2.895220925;[0];-88.6250
-78.99621661;-2.895220494;[0];-88.8125
-78.99597381;-2.895220062;[0];-88.9375
-78.99573101;-2.895219631;[0];-89.1875
-78.99548821;-2.895219199;[0];-89.3750
-78.99524541;-2.895218768;[0];-89.5625
-78.99500261;-2.895218336;[0];-89.7500
-78.99475981;-2.895217904;[0];-90.0000
-78.99451701;-2.895217473;[0];-90.1875
-78.99427421;-2.895217041;[0];-90.4375
-78.99403141;-2.895216609;[0];-90.6875
-78.99378861;-2.895216177;[0];-90.8750
-78.99354581;-2.895215745;[0];-91.0625
-78.99330301;-2.895215313;[0];-91.2500
-78.99306021;-2.895214881;[0];-91.5000
-78.99281741;-2.895214449;[0];-91.7500
-78.99257461;-2.895214017;[0];-91.9375
-78.99233181;-2.895213585;[0];-92.1875
-78.99208901;-2.895213152;[0];-92.3750
-78.99184621;-2.89521272;[0];-92.5625
-78.99160341;-2.895212288;[0];-92.8125
-78.99136061;-2.895211855;[0];-93.0625
-78.99111781;-2.895211423;[0];-93.2500
-78.99087501;-2.89521099;[0];-93.5000
-78.99063221;-2.895210558;[0];-93.7500
-78.99038942;-2.895210125;[0];-93.9375
-78.99014662;-2.895209692;[0];-94.1250
-78.98990382;-2.89520926;[0];-94.3125
-78.98966102;-2.895208827;[0];-94.5625
-78.98941822;-2.895208394;[0];-94.7500
-78.98917542;-2.895207961;[0];-95.0000
-78.98893262;-2.895207528;[0];-95.1875
-78.98868982;-2.895207095;[0];-95.4375
-78.98844702;-2.895206662;[0];-95.6250
-78.98820422;-2.895206229;[0];-95.8125
-78.98796142;-2.895205796;[0];-96.0000
-78.98771862;-2.895205363;[0];-96.1250
-78.98747583;-2.89520493;[0];-96.3750
-78.98723303;-2.895204496;[0];-96.6250
-78.98699023;-2.895204063;[0];-96.8750
-78.98674743;-2.895203629;[0];-97.0625
-78.98650463;-2.895203196;[0];-97.2500
-78.98626183;-2.895202763;[0];-97.4375
-78.98601903;-2.895202329;[0];-97.6250
-78.98577623;-2.895201895;[0];-97.8125
-78.98553344;-2.895201462;[0];-98.0000
-78.98529064;-2.895201028;[0];-98.1875
-78.98504784;-2.895200594;[0];-98.3750
-78.98480504;-2.89520016;[0];-98.5625
-78.98456224;-2.895199726;[0];-98.7500
-78.98431944;-2.895199293;[0];-98.8750
-78.98407665;-2.895198859;[0];-99.0625
-78.98383385;-2.895198425;[0];-99.2500
-78.98359105;-2.89519799;[0];-99.4375
-78.98334825;-2.895197556;[0];-99.6250
-78.98310545;-2.895197122;[0];-99.8125
-78.98286265;-2.895196688;[0];-100.0000
-78.98261986;-2.895196254;[0];-100.1875
-78.98237706;-2.895195819;[0];-100.3750
-78.98213426;-2.895195385;[0];-100.5000
-78.98189146;-2.89519495;[0];-100.6875
-78.98164866;-2.895194516;[0];-100.8750
-78.98140587;-2.895194081;[0];-101.0000
-78.98116307;-2.895193647;[0];-101.1875
-78.98092027;-2.895193212;[0];-101.3125
-78.98067747;-2.895192777;[0];-101.5000
-78.98043467;-2.895192343;[0];-101.6250
-78.98019188;-2.895191908;[0];-101.7500
-78.97994908;-2.895191473;[0];-101.9375
-79.01054231;-2.895001733;[0];-101.8750
-79.01029951;-2.895001305;[0];-101.4375
-79.01005671;-2.895000876;[0];-101.0000
-79.00981390;-2.895000448;[0];-100.1250
-79.00957110;-2.895000019;[0];-99.7500
-79.00932830;-2.894999591;[0];-99.2500
-79.00908550;-2.894999162;[0];-98.7500
-79.00884270;-2.894998734;[0];-98.3125
-79.00859989;-2.894998305;[0];-97.8125
-79.00835709;-2.894997876;[0];-97.3125
-79.00811429;-2.894997448;[0];-96.8125
-79.00787149;-2.894997019;[0];-96.3750
-79.00762869;-2.89499659;[0];-95.8125
-79.00738588;-2.894996161;[0];-95.3750
-79.00714308;-2.894995732;[0];-94.8750
-79.00690028;-2.894995303;[0];-94.3750
-79.00665748;-2.894994874;[0];-93.8750
-79.00641468;-2.894994445;[0];-93.4375
-79.00617188;-2.894994015;[0];-92.9375
-79.00592907;-2.894993586;[0];-92.5000
-79.00568627;-2.894993157;[0];-92.0625
-79.00544347;-2.894992728;[0];-91.6250
-79.00520067;-2.894992298;[0];-91.2500
-79.00495787;-2.894991869;[0];-90.8125
-79.00471507;-2.894991439;[0];-90.4375
-79.00447226;-2.89499101;[0];-90.0625
-79.00422946;-2.89499058;[0];-89.6875
-79.00398666;-2.89499015;[0];-89.4375
-79.00374386;-2.894989721;[0];-89.0625
-79.00350106;-2.894989291;[0];-88.8125
-79.00325826;-2.894988861;[0];-88.5625
-79.00301546;-2.894988431;[0];-88.3125
-79.00277266;-2.894988001;[0];-88.0625
-79.00252985;-2.894987571;[0];-87.8750
-79.00228705;-2.894987141;[0];-87.6250
-79.00204425;-2.894986711;[0];-87.5000
-79.00180145;-2.894986281;[0];-87.3750
-79.00155865;-2.894985851;[0];-87.2500
-79.00131585;-2.894985421;[0];-87.1875
-79.00107305;-2.89498499;[0];-87.1250
-79.00083025;-2.89498456;[0];-87.0625
-79.00058745;-2.894984129;[0];-87.0625
-79.00034465;-2.894983699;[0];-87.0000
-79.00010185;-2.894983269;[0];-87.0625
-78.99985905;-2.894982838;[0];-87.0625
-78.99961624;-2.894982407;[0];-87.1250
-78.99937344;-2.894981977;[0];-87.1875
-78.99913064;-2.894981546;[0];-87.2500
-78.99888784;-2.894981115;[0];-87.3125
-78.99864504;-2.894980684;[0];-87.4375
-78.99840224;-2.894980254;[0];-87.5625
-78.99815944;-2.894979823;[0];-87.6875
-78.99791664;-2.894979392;[0];-87.8125
-78.99767384;-2.894978961;[0];-87.8750
-78.99743104;-2.89497853;[0];-88.1250
-78.99718824;-2.894978098;[0];-88.3125
-78.99694544;-2.894977667;[0];-88.4375
-78.99670264;-2.894977236;[0];-88.6250
-78.99645984;-2.894976805;[0];-88.8125
-78.99621704;-2.894976373;[0];-89.0625
-78.99597424;-2.894975942;[0];-89.1875
-78.99573144;-2.894975511;[0];-89.3750
-78.99548864;-2.894975079;[0];-89.5625
-78.99524584;-2.894974648;[0];-89.8125
-78.99500304;-2.894974216;[0];-90.0000
-78.99476024;-2.894973784;[0];-90.1875
-78.99451744;-2.894973353;[0];-90.3750
-78.99427464;-2.894972921;[0];-90.5625
-78.99403184;-2.894972489;[0];-90.8125
-78.99378904;-2.894972057;[0];-91.0625
-78.99354624;-2.894971625;[0];-91.2500
-78.99330344;-2.894971193;[0];-91.4375
-78.99306064;-2.894970761;[0];-91.6250
-78.99281784;-2.894970329;[0];-91.8750
-78.99257504;-2.894969897;[0];-92.0625
-78.99233224;-2.894969465;[0];-92.2500
-78.99208944;-2.894969033;[0];-92.5000
-78.99184664;-2.8949686;[0];-92.7500
-78.99160384;-2.894968168;[0];-92.9375
-78.99136104;-2.894967736;[0];-93.1250
-78.99111824;-2.894967303;[0];-93.3750
-78.99087544;-2.894966871;[0];-93.5625
-78.99063264;-2.894966438;[0];-93.8125
-78.99038985;-2.894966006;[0];-94.0625
-78.99014705;-2.894965573;[0];-94.2500
-78.98990425;-2.89496514;[0];-94.3750
-78.98966145;-2.894964708;[0];-94.6250
-78.98941865;-2.894964275;[0];-94.8125
-78.98917585;-2.894963842;[0];-95.0625
-78.98893305;-2.894963409;[0];-95.2500
-78.98869025;-2.894962976;[0];-95.4375
-78.98844745;-2.894962543;[0];-95.6875
-78.98820465;-2.89496211;[0];-95.8750
-78.98796185;-2.894961677;[0];-96.0625
-78.98771906;-2.894961244;[0];-96.2500
-78.98747626;-2.894960811;[0];-96.4375
-78.98723346;-2.894960377;[0];-96.5625
-78.98699066;-2.894959944;[0];-96.8125
-78.98674786;-2.894959511;[0];-97.0625
-78.98650506;-2.894959077;[0];-97.2500
-78.98626226;-2.894958644;[0];-97.4375
-78.98601946;-2.89495821;[0];-97.6250
-78.98577667;-2.894957777;[0];-97.8125
-78.98553387;-2.894957343;[0];-98.0000
-78.98529107;-2.894956909;[0];-98.1875
-78.98504827;-2.894956475;[0];-98.3750
-78.98480547;-2.894956042;[0];-98.5625
-78.98456267;-2.894955608;[0];-98.7500
-78.98431988;-2.894955174;[0];-98.9375
-78.98407708;-2.89495474;[0];-99.1250
-78.98383428;-2.894954306;[0];-99.2500
-78.98359148;-2.894953872;[0];-99.4375
-78.98334868;-2.894953438;[0];-99.6250
-78.98310588;-2.894953004;[0];-99.7500
-78.98286309;-2.89495257;[0];-99.9375
-78.98262029;-2.894952135;[0];-100.1250
-78.98237749;-2.894951701;[0];-100.3125
-78.98213469;-2.894951267;[0];-100.5000
-78.98189189;-2.894950832;[0];-100.6875
-78.98164910;-2.894950398;[0];-100.8750
-78.98140630;-2.894949963;[0];-101.0000
-78.98116350;-2.894949529;[0];-101.1875
-78.98092070;-2.894949094;[0];-101.3125
-78.98067790;-2.894948659;[0];-101.5000
-78.98043511;-2.894948225;[0];-101.6250
-78.98019231;-2.89494779;[0];-101.8125
-78.97994951;-2.894947355;[0];-101.9375
-79.01054274;-2.89475761;[0];-101.9375
-79.01029993;-2.894757182;[0];-101.5625
-79.01005713;-2.894756754;[0];-100.8125
-79.00981433;-2.894756326;[0];-100.3125
-79.00957153;-2.894755897;[0];-99.8125
-79.00932873;-2.894755469;[0];-99.3125
-79.00908592;-2.89475504;[0];-98.8750
-79.00884312;-2.894754611;[0];-98.4375
-79.00860032;-2.894754183;[0];-97.9375
-79.00835752;-2.894753754;[0];-97.4375
-79.00811472;-2.894753325;[0];-97.0625
-79.00787191;-2.894752897;[0];-96.5625
-79.00762911;-2.894752468;[0];-96.0625
-79.00738631;-2.894752039;[0];-95.6250
-79.00714351;-2.89475161;[0];-95.1250
-79.00690071;-2.894751181;[0];-94.6250
-79.00665791;-2.894750752;[0];-94.1250
-79.00641510;-2.894750323;[0];-93.7500
-79.00617230;-2.894749894;[0];-93.2500
-79.0059295;-2.894749464;[0];-92.8125
-79.00568670;-2.894749035;[0];-92.3750
-79.00544390;-2.894748606;[0];-92.0000
-79.00520110;-2.894748176;[0];-91.6250
-79.00495829;-2.894747747;[0];-91.1875
-79.00471549;-2.894747318;[0];-90.8125
-79.00447269;-2.894746888;[0];-90.4375
-79.00422989;-2.894746458;[0];-90.1250
-79.00398709;-2.894746029;[0];-89.8125
-79.00374429;-2.894745599;[0];-89.4375
-79.00350149;-2.894745169;[0];-89.1875
-79.00325869;-2.89474474;[0];-88.9375
-79.00301588;-2.89474431;[0];-88.7500
-79.00277308;-2.89474388;[0];-88.5000
-79.00253028;-2.89474345;[0];-88.3125
-79.00228748;-2.89474302;[0];-88.0625
-79.00204468;-2.89474259;[0];-87.9375
-79.00180188;-2.89474216;[0];-87.8125
-79.00155908;-2.89474173;[0];-87.6875
-79.00131628;-2.894741299;[0];-87.6250
-79.00107348;-2.894740869;[0];-87.5625
-79.00083068;-2.894740439;[0];-87.4375
-79.00058788;-2.894740008;[0];-87.5000
-79.00034507;-2.894739578;[0];-87.4375
-79.00010227;-2.894739148;[0];-87.4375
-78.99985947;-2.894738717;[0];-87.4375
-78.99961667;-2.894738287;[0];-87.5000
-78.99937387;-2.894737856;[0];-87.5625
-78.99913107;-2.894737425;[0];-87.6250
-78.99888827;-2.894736994;[0];-87.6875
-78.99864547;-2.894736564;[0];-87.7500
-78.99840267;-2.894736133;[0];-87.8750
-78.99815987;-2.894735702;[0];-88.0000
-78.99791707;-2.894735271;[0];-88.1250
-78.99767427;-2.89473484;[0];-88.1875
-78.99743147;-2.894734409;[0];-88.3125
-78.99718867;-2.894733978;[0];-88.5625
-78.99694587;-2.894733547;[0];-88.7500
-78.99670307;-2.894733116;[0];-88.8750
-78.99646027;-2.894732684;[0];-89.0625
-78.99621747;-2.894732253;[0];-89.2500
-78.99597467;-2.894731822;[0];-89.4375
-78.99573187;-2.89473139;[0];-89.6250
-78.99548907;-2.894730959;[0];-89.7500
-78.99524627;-2.894730527;[0];-90.0000
-78.99500347;-2.894730096;[0];-90.1875
-78.99476067;-2.894729664;[0];-90.3750
-78.99451787;-2.894729232;[0];-90.5625
-78.99427507;-2.894728801;[0];-90.7500
-78.99403227;-2.894728369;[0];-90.9375
-78.99378947;-2.894727937;[0];-91.1875
-78.99354667;-2.894727505;[0];-91.3750
-78.99330387;-2.894727073;[0];-91.5625
-78.99306107;-2.894726641;[0];-91.7500
-78.99281827;-2.894726209;[0];-91.9375
-78.99257547;-2.894725777;[0];-92.1875
-78.99233267;-2.894725345;[0];-92.4375
-78.99208987;-2.894724913;[0];-92.6250
-78.99184707;-2.894724481;[0];-92.8125
-78.99160427;-2.894724048;[0];-93.0625
-78.99136147;-2.894723616;[0];-93.2500
-78.99111867;-2.894723184;[0];-93.4375
-78.99087587;-2.894722751;[0];-93.6250
-78.99063308;-2.894722319;[0];-93.8750
-78.99039028;-2.894721886;[0];-94.1250
-78.99014748;-2.894721454;[0];-94.3125
-78.98990468;-2.894721021;[0];-94.5000
-78.98966188;-2.894720588;[0];-94.6875
-78.98941908;-2.894720155;[0];-94.8750
-78.98917628;-2.894719723;[0];-95.0625
-78.98893348;-2.89471929;[0];-95.3125
-78.98869068;-2.894718857;[0];-95.5000
-78.98844788;-2.894718424;[0];-95.6875
-78.98820508;-2.894717991;[0];-95.9375
-78.98796229;-2.894717558;[0];-96.1250
-78.98771949;-2.894717125;[0];-96.3125
-78.98747669;-2.894716691;[0];-96.5000
-78.98723389;-2.894716258;[0];-96.6875
-78.98699109;-2.894715825;[0];-96.8125
-78.98674829;-2.894715392;[0];-97.0000
-78.98650549;-2.894714958;[0];-97.2500
-78.98626269;-2.894714525;[0];-97.4375
-78.98601990;-2.894714091;[0];-97.6875
-78.98577710;-2.894713658;[0];-97.8750
-78.98553430;-2.894713224;[0];-98.0625
-78.9852915;-2.894712791;[0];-98.2500
-78.98504870;-2.894712357;[0];-98.4375
-78.98480590;-2.894711923;[0];-98.5625
-78.98456311;-2.894711489;[0];-98.7500
-78.98432031;-2.894711055;[0];-98.9375
-78.98407751;-2.894710621;[0];-99.1250
-78.98383471;-2.894710188;[0];-99.3125
-78.98359191;-2.894709754;[0];-99.4375
-78.98334911;-2.894709319;[0];-99.6250
-78.98310632;-2.894708885;[0];-99.8125
-78.98286352;-2.894708451;[0];-99.9375
-78.98262072;-2.894708017;[0];-100.1250
-78.98237792;-2.894707583;[0];-100.3125
-78.98213512;-2.894707148;[0];-100.5000
-78.98189233;-2.894706714;[0];-100.6875
-78.98164953;-2.89470628;[0];-100.8125
-78.98140673;-2.894705845;[0];-101.0000
-78.98116393;-2.89470541;[0];-101.1875
-78.98092113;-2.894704976;[0];-101.3125
-78.98067834;-2.894704541;[0];-101.5000
-78.98043554;-2.894704107;[0];-101.6250
-78.98019274;-2.894703672;[0];-101.8125
-78.97994994;-2.894703237;[0];-101.9375
-79.01030036;-2.89451306;[0];-101.5000
-79.01005756;-2.894512631;[0];-100.8125
-79.00981476;-2.894512203;[0];-100.4375
-79.00957195;-2.894511775;[0];-99.9375
-79.00932915;-2.894511346;[0];-99.4375
-79.00908635;-2.894510918;[0];-99.0625
-79.00884355;-2.894510489;[0];-98.5625
-79.00860075;-2.894510061;[0];-98.1250
-79.00835794;-2.894509632;[0];-97.6250
-79.00811514;-2.894509203;[0];-97.1875
-79.00787234;-2.894508775;[0];-96.7500
-79.00762954;-2.894508346;[0];-96.2500
-79.00738674;-2.894507917;[0];-95.8125
-79.00714394;-2.894507488;[0];-95.3750
-79.00690113;-2.894507059;[0];-94.8750
-79.00665833;-2.89450663;[0];-94.4375
-79.00641553;-2.894506201;[0];-94.0000
-79.00617273;-2.894505772;[0];-93.5000
-79.00592993;-2.894505343;[0];-93.1250
-79.00568713;-2.894504913;[0];-92.6875
-79.00544432;-2.894504484;[0];-92.3125
-79.00520152;-2.894504055;[0];-91.9375
-79.00495872;-2.894503625;[0];-91.5625
-79.00471592;-2.894503196;[0];-91.1250
-79.00447312;-2.894502766;[0];-90.8125
-79.00423032;-2.894502337;[0];-90.5000
-79.00398752;-2.894501907;[0];-90.1875
-79.00374472;-2.894501478;[0];-89.8750
-79.00350191;-2.894501048;[0];-89.6250
-79.00325911;-2.894500618;[0];-89.3750
-79.00301631;-2.894500188;[0];-89.1250
-79.00277351;-2.894499758;[0];-88.9375
-79.00253071;-2.894499329;[0];-88.6875
-79.00228791;-2.894498899;[0];-88.5000
-79.00204511;-2.894498469;[0];-88.3125
-79.00180231;-2.894498039;[0];-88.2500
-79.00155951;-2.894497608;[0];-88.0625
-79.00131671;-2.894497178;[0];-88.0625
-79.00107390;-2.894496748;[0];-87.9375
-79.00083110;-2.894496318;[0];-87.8750
-79.00058830;-2.894495887;[0];-87.8750
-79.00034550;-2.894495457;[0];-87.8125
-79.00010270;-2.894495027;[0];-87.8125
-78.99985990;-2.894494596;[0];-87.8125
-78.99961710;-2.894494166;[0];-87.8750
-78.9993743;-2.894493735;[0];-87.9375
-78.99913150;-2.894493304;[0];-88.0000
-78.99888870;-2.894492874;[0];-88.0625
-78.99864590;-2.894492443;[0];-88.1250
-78.99840310;-2.894492012;[0];-88.1875
-78.99816030;-2.894491581;[0];-88.3125
-78.99791750;-2.89449115;[0];-88.4375
-78.99767470;-2.894490719;[0];-88.5000
-78.99743190;-2.894490288;[0];-88.6250
-78.99718910;-2.894489857;[0];-88.7500
-78.99694630;-2.894489426;[0];-89.0000
-78.99670350;-2.894488995;[0];-89.1250
-78.99646070;-2.894488564;[0];-89.2500
-78.99621790;-2.894488133;[0];-89.4375
-78.99597510;-2.894487701;[0];-89.6875
-78.99573230;-2.89448727;[0];-89.8750
-78.99548950;-2.894486839;[0];-90.0000
-78.99524670;-2.894486407;[0];-90.1875
-78.99500390;-2.894485976;[0];-90.3750
-78.99476110;-2.894485544;[0];-90.5625
-78.99451830;-2.894485112;[0];-90.7500
-78.99427550;-2.894484681;[0];-90.9375
-78.99403270;-2.894484249;[0];-91.1250
-78.99378990;-2.894483817;[0];-91.3125
-78.99354710;-2.894483385;[0];-91.5000
-78.99330430;-2.894482953;[0];-91.7500
-78.99306150;-2.894482521;[0];-91.9375
-78.99281870;-2.89448209;[0];-92.1250
-78.9925759;-2.894481657;[0];-92.3125
-78.9923331;-2.894481225;[0];-92.5000
-78.99209030;-2.894480793;[0];-92.7500
-78.99184750;-2.894480361;[0];-92.9375
-78.99160470;-2.894479929;[0];-93.1250
-78.99136190;-2.894479496;[0];-93.3750
-78.99111910;-2.894479064;[0];-93.5625
-78.99087630;-2.894478632;[0];-93.7500
-78.99063351;-2.894478199;[0];-93.9375
-78.99039071;-2.894477767;[0];-94.1875
-78.99014791;-2.894477334;[0];-94.3750
-78.98990511;-2.894476901;[0];-94.6250
-78.98966231;-2.894476469;[0];-94.8125
-78.98941951;-2.894476036;[0];-95.0000
-78.98917671;-2.894475603;[0];-95.1875
-78.98893391;-2.89447517;[0];-95.3750
-78.98869111;-2.894474738;[0];-95.5625
-78.98844831;-2.894474305;[0];-95.7500
-78.98820552;-2.894473872;[0];-95.9375
-78.98796272;-2.894473439;[0];-96.1875
-78.98771992;-2.894473006;[0];-96.3750
-78.98747712;-2.894472572;[0];-96.5625
-78.98723432;-2.894472139;[0];-96.7500
-78.98699152;-2.894471706;[0];-96.9375
-78.98674872;-2.894471273;[0];-97.0625
-78.98650592;-2.894470839;[0];-97.2500
-78.98626313;-2.894470406;[0];-97.4375
-78.98602033;-2.894469972;[0];-97.6250
-78.98577753;-2.894469539;[0];-97.8750
-78.98553473;-2.894469105;[0];-98.0625
-78.98529193;-2.894468672;[0];-98.2500
-78.98504913;-2.894468238;[0];-98.4375
-78.98480633;-2.894467804;[0];-98.6250
-78.98456354;-2.894467371;[0];-98.8125
-78.98432074;-2.894466937;[0];-98.9375
-78.98407794;-2.894466503;[0];-99.1250
-78.98383514;-2.894466069;[0];-99.3125
-78.98359234;-2.894465635;[0];-99.5000
-78.98334955;-2.894465201;[0];-99.6250
-78.98310675;-2.894464767;[0];-99.8125
-78.98286395;-2.894464333;[0];-100.0000
-78.98262115;-2.894463899;[0];-100.1250
-78.98237835;-2.894463464;[0];-100.3125
-78.98213556;-2.89446303;[0];-100.4375
-78.98189276;-2.894462596;[0];-100.6250
-78.98164996;-2.894462161;[0];-100.8125
-78.98140716;-2.894461727;[0];-101.0000
-78.98116436;-2.894461292;[0];-101.1875
-78.98092157;-2.894460858;[0];-101.3125
-78.98067877;-2.894460423;[0];-101.5000
-78.98043597;-2.894459989;[0];-101.6250
-78.98019317;-2.894459554;[0];-101.8125
-78.97995038;-2.894459119;[0];-101.9375
-79.01030079;-2.894268937;[0];-101.3125
-79.01005798;-2.894268509;[0];-101.0000
-79.00981518;-2.894268081;[0];-100.5000
-79.00957238;-2.894267652;[0];-100.0625
-79.00932958;-2.894267224;[0];-99.6250
-79.00908678;-2.894266795;[0];-99.1875
-79.00884397;-2.894266367;[0];-98.7500
-79.00860117;-2.894265938;[0];-98.2500
-79.00835837;-2.89426551;[0];-97.8750
-79.00811557;-2.894265081;[0];-97.3750
-79.00787277;-2.894264652;[0];-96.8750
-79.00762997;-2.894264224;[0];-96.5000
-79.00738716;-2.894263795;[0];-96.0625
-79.00714436;-2.894263366;[0];-95.5625
-79.00690156;-2.894262937;[0];-95.0625
-79.00665876;-2.894262508;[0];-94.6875
-79.00641596;-2.894262079;[0];-94.2500
-79.00617316;-2.89426165;[0];-93.8125
-79.00593035;-2.894261221;[0];-93.4375
-79.00568755;-2.894260792;[0];-93.0000
-79.00544475;-2.894260362;[0];-92.6250
-79.00520195;-2.894259933;[0];-92.2500
-79.00495915;-2.894259504;[0];-91.8750
-79.00471635;-2.894259074;[0];-91.5000
-79.00447355;-2.894258645;[0];-91.1875
-79.00423075;-2.894258215;[0];-90.8750
-79.00398794;-2.894257786;[0];-90.5625
-79.00374514;-2.894257356;[0];-90.2500
-79.00350234;-2.894256926;[0];-90.0000
-79.00325954;-2.894256497;[0];-89.7500
-79.00301674;-2.894256067;[0];-89.5000
-79.00277394;-2.894255637;[0];-89.3125
-79.00253114;-2.894255207;[0];-89.1250
-79.00228834;-2.894254777;[0];-88.9375
-79.00204554;-2.894254347;[0];-88.7500
-79.00180274;-2.894253917;[0];-88.6875
-79.00155993;-2.894253487;[0];-88.5000
-79.00131713;-2.894253057;[0];-88.4375
-79.00107433;-2.894252627;[0];-88.3125
-79.00083153;-2.894252197;[0];-88.3125
-79.00058873;-2.894251766;[0];-88.1875
-79.00034593;-2.894251336;[0];-88.2500
-79.00010313;-2.894250906;[0];-88.1875
-78.99986033;-2.894250475;[0];-88.1875
-78.99961753;-2.894250045;[0];-88.2500
-78.99937473;-2.894249614;[0];-88.2500
-78.99913193;-2.894249184;[0];-88.3125
-78.99888913;-2.894248753;[0];-88.3750
-78.99864633;-2.894248322;[0];-88.4375
-78.99840353;-2.894247891;[0];-88.5000
-78.99816073;-2.894247461;[0];-88.5625
-78.99791793;-2.89424703;[0];-88.7500
-78.99767513;-2.894246599;[0];-88.8750
-78.99743233;-2.894246168;[0];-88.9375
-78.99718953;-2.894245737;[0];-89.0000
-78.99694673;-2.894245306;[0];-89.1875
-78.99670393;-2.894244875;[0];-89.3750
-78.99646113;-2.894244444;[0];-89.5000
-78.99621833;-2.894244012;[0];-89.6875
-78.99597553;-2.894243581;[0];-89.8750
-78.99573273;-2.89424315;[0];-90.0625
-78.99548993;-2.894242718;[0];-90.2500
-78.99524713;-2.894242287;[0];-90.3750
-78.99500433;-2.894241855;[0];-90.5625
-78.99476153;-2.894241424;[0];-90.7500
-78.99451873;-2.894240992;[0];-90.9375
-78.99427593;-2.894240561;[0];-91.1250
-78.99403313;-2.894240129;[0];-91.3125
-78.99379033;-2.894239697;[0];-91.5000
-78.99354753;-2.894239265;[0];-91.6875
-78.99330473;-2.894238834;[0];-91.8750
-78.99306193;-2.894238402;[0];-92.1250
-78.99281913;-2.89423797;[0];-92.3125
-78.99257633;-2.894237538;[0];-92.5000
-78.99233353;-2.894237106;[0];-92.6250
-78.99209073;-2.894236673;[0];-92.8750
-78.99184793;-2.894236241;[0];-93.0625
-78.99160513;-2.894235809;[0];-93.2500
-78.99136233;-2.894235377;[0];-93.4375
-78.99111953;-2.894234944;[0];-93.6875
-78.99087673;-2.894234512;[0];-93.8750
-78.99063394;-2.89423408;[0];-94.0625
-78.99039114;-2.894233647;[0];-94.2500
-78.99014834;-2.894233215;[0];-94.4375
-78.98990554;-2.894232782;[0];-94.6875
-78.98966274;-2.894232349;[0];-94.8750
-78.98941994;-2.894231917;[0];-95.0625
-78.98917714;-2.894231484;[0];-95.3125
-78.98893434;-2.894231051;[0];-95.4375
-78.98869154;-2.894230618;[0];-95.6250
-78.98844874;-2.894230185;[0];-95.8125
-78.98820595;-2.894229753;[0];-96.0000
-78.98796315;-2.89422932;[0];-96.1875
-78.98772035;-2.894228886;[0];-96.4375
-78.98747755;-2.894228453;[0];-96.6250
-78.98723475;-2.89422802;[0];-96.8125
-78.98699195;-2.894227587;[0];-97.0000
-78.98674915;-2.894227154;[0];-97.1875
-78.98650636;-2.89422672;[0];-97.3750
-78.98626356;-2.894226287;[0];-97.5000
-78.98602076;-2.894225854;[0];-97.6250
-78.98577796;-2.89422542;[0];-97.8125
-78.98553516;-2.894224987;[0];-98.0625
-78.98529236;-2.894224553;[0];-98.2500
-78.98504956;-2.894224119;[0];-98.4375
-78.98480677;-2.894223686;[0];-98.6250
-78.98456397;-2.894223252;[0];-98.8125
-78.98432117;-2.894222818;[0];-99.0000
-78.98407837;-2.894222384;[0];-99.1875
-78.98383557;-2.894221951;[0];-99.3125
-78.98359278;-2.894221517;[0];-99.5000
-78.98334998;-2.894221083;[0];-99.6875
-78.98310718;-2.894220649;[0];-99.8125
-78.98286438;-2.894220214;[0];-100.0000
-78.98262158;-2.89421978;[0];-100.1875
-78.98237879;-2.894219346;[0];-100.3125
-78.98213599;-2.894218912;[0];-100.5000
-78.98189319;-2.894218478;[0];-100.6250
-78.98165039;-2.894218043;[0];-100.8125
-78.98140759;-2.894217609;[0];-100.9375
-78.98116480;-2.894217174;[0];-101.1250
-78.98092200;-2.89421674;[0];-101.3125
-78.9806792;-2.894216305;[0];-101.4375
-78.98043640;-2.894215871;[0];-101.6250
-78.98019361;-2.894215436;[0];-101.8125
-78.97995081;-2.894215001;[0];-101.9375
-79.01054401;-2.894025243;[0];-102.0000
-79.01030121;-2.894024815;[0];-101.5000
-79.01005841;-2.894024387;[0];-101.0625
-79.00981561;-2.894023958;[0];-100.6250
-79.00957281;-2.89402353;[0];-100.1250
-79.00933000;-2.894023102;[0];-99.7500
-79.00908720;-2.894022673;[0];-99.3125
-79.0088444;-2.894022245;[0];-98.8750
-79.00860160;-2.894021816;[0];-98.4375
-79.00835880;-2.894021388;[0];-98.0000
-79.00811600;-2.894020959;[0];-97.5625
-79.00787319;-2.89402053;[0];-97.0625
-79.00763039;-2.894020102;[0];-96.7500
-79.00738759;-2.894019673;[0];-96.2500
-79.00714479;-2.894019244;[0];-95.8125
-79.00690199;-2.894018815;[0];-95.3125
-79.00665919;-2.894018386;[0];-94.9375
-79.00641638;-2.894017957;[0];-94.5000
-79.00617358;-2.894017528;[0];-94.0625
-79.00593078;-2.894017099;[0];-93.6875
-79.00568798;-2.89401667;[0];-93.3125
-79.00544518;-2.894016241;[0];-92.9375
-79.00520238;-2.894015811;[0];-92.5625
-79.00495958;-2.894015382;[0];-92.2500
-79.00471677;-2.894014953;[0];-91.8750
-79.00447397;-2.894014523;[0];-91.5000
-79.00423117;-2.894014094;[0];-91.1875
-79.00398837;-2.894013664;[0];-90.9375
-79.00374557;-2.894013235;[0];-90.6250
-79.00350277;-2.894012805;[0];-90.3750
-79.00325997;-2.894012375;[0];-90.1250
-79.00301717;-2.894011946;[0];-89.9375
-79.00277437;-2.894011516;[0];-89.6875
-79.00253157;-2.894011086;[0];-89.5000
-79.00228876;-2.894010656;[0];-89.3125
-79.00204596;-2.894010226;[0];-89.1250
-79.00180316;-2.894009796;[0];-89.0625
-79.00156036;-2.894009366;[0];-88.9375
-79.00131756;-2.894008936;[0];-88.8125
-79.00107476;-2.894008506;[0];-88.7500
-79.00083196;-2.894008076;[0];-88.6875
-79.00058916;-2.894007645;[0];-88.5625
-79.00034636;-2.894007215;[0];-88.5625
-79.00010356;-2.894006785;[0];-88.5625
-78.99986076;-2.894006354;[0];-88.5625
-78.99961796;-2.894005924;[0];-88.5625
-78.99937516;-2.894005493;[0];-88.6250
-78.99913236;-2.894005063;[0];-88.6250
-78.99888956;-2.894004632;[0];-88.6875
-78.99864676;-2.894004202;[0];-88.7500
-78.99840396;-2.894003771;[0];-88.8125
-78.99816116;-2.89400334;[0];-88.8750
-78.99791836;-2.894002909;[0];-89.0000
-78.99767555;-2.894002478;[0];-89.1250
-78.99743275;-2.894002047;[0];-89.2500
-78.99718995;-2.894001616;[0];-89.3125
-78.99694715;-2.894001185;[0];-89.4375
-78.99670435;-2.894000754;[0];-89.6250
-78.99646155;-2.894000323;[0];-89.8125
-78.99621875;-2.893999892;[0];-89.9375
-78.99597595;-2.893999461;[0];-90.0625
-78.99573315;-2.893999029;[0];-90.2500
-78.99549035;-2.893998598;[0];-90.4375
-78.99524756;-2.893998167;[0];-90.6250
-78.99500476;-2.893997735;[0];-90.7500
-78.99476196;-2.893997304;[0];-90.9375
-78.99451916;-2.893996872;[0];-91.1250
-78.99427636;-2.893996441;[0];-91.3125
-78.99403356;-2.893996009;[0];-91.5000
-78.99379076;-2.893995577;[0];-91.6875
-78.99354796;-2.893995145;[0];-91.8125
-78.99330516;-2.893994714;[0];-92.0000
-78.99306236;-2.893994282;[0];-92.1875
-78.99281956;-2.89399385;[0];-92.4375
-78.99257676;-2.893993418;[0];-92.6250
-78.99233396;-2.893992986;[0];-92.8125
-78.99209116;-2.893992554;[0];-93.0000
-78.99184836;-2.893992122;[0];-93.1875
-78.99160556;-2.893991689;[0];-93.3750
-78.99136276;-2.893991257;[0];-93.6250
-78.99111996;-2.893990825;[0];-93.7500
-78.99087716;-2.893990393;[0];-93.9375
-78.99063437;-2.89398996;[0];-94.1875
-78.99039157;-2.893989528;[0];-94.3750
-78.99014877;-2.893989095;[0];-94.5625
-78.98990597;-2.893988663;[0];-94.7500
-78.98966317;-2.89398823;[0];-94.9375
-78.98942037;-2.893987797;[0];-95.1250
-78.98917757;-2.893987365;[0];-95.3750
-78.98893477;-2.893986932;[0];-95.5625
-78.98869197;-2.893986499;[0];-95.7500
-78.98844918;-2.893986066;[0];-95.8750
-78.98820638;-2.893985633;[0];-96.0625
-78.98796358;-2.8939852;[0];-96.2500
-78.98772078;-2.893984767;[0];-96.4375
-78.98747798;-2.893984334;[0];-96.6250
-78.98723518;-2.893983901;[0];-96.8125
-78.98699238;-2.893983468;[0];-97.0000
-78.98674958;-2.893983035;[0];-97.1875
-78.98650679;-2.893982602;[0];-97.3750
-78.98626399;-2.893982168;[0];-97.5625
-78.98602119;-2.893981735;[0];-97.7500
-78.98577839;-2.893981301;[0];-97.8750
-78.98553559;-2.893980868;[0];-98.0625
-78.98529279;-2.893980434;[0];-98.2500
-78.98505000;-2.893980001;[0];-98.4375
-78.98480720;-2.893979567;[0];-98.6250
-78.98456440;-2.893979133;[0];-98.8125
-78.98432160;-2.8939787;[0];-99.0000
-78.98407880;-2.893978266;[0];-99.1875
-78.98383600;-2.893977832;[0];-99.3750
-78.98359321;-2.893977398;[0];-99.5000
-78.98335041;-2.893976964;[0];-99.6875
-78.98310761;-2.89397653;[0];-99.8750
-78.98286481;-2.893976096;[0];-100.0000
-78.98262201;-2.893975662;[0];-100.1875
-78.98237922;-2.893975228;[0];-100.3125
-78.98213642;-2.893974794;[0];-100.5000
-78.98189362;-2.893974359;[0];-100.6250
-78.98165082;-2.893973925;[0];-100.8125
-78.98140803;-2.893973491;[0];-100.9375
-78.98116523;-2.893973056;[0];-101.1250
-78.98092243;-2.893972622;[0];-101.2500
-78.98067963;-2.893972187;[0];-101.4375
-78.98043684;-2.893971753;[0];-101.6250
-78.98019404;-2.893971318;[0];-101.7500
-78.97995124;-2.893970883;[0];-101.9375
-79.01054444;-2.89378112;[0];-101.9375
-79.01030164;-2.893780692;[0];-101.6250
-79.01005884;-2.893780264;[0];-101.1250
-79.00981603;-2.893779836;[0];-100.6875
-79.00957323;-2.893779408;[0];-100.3125
-79.00933043;-2.893778979;[0];-99.9375
-79.00908763;-2.893778551;[0];-99.4375
-79.00884483;-2.893778122;[0];-99.0000
-79.00860203;-2.893777694;[0];-98.6250
-79.00835922;-2.893777265;[0];-98.1875
-79.00811642;-2.893776837;[0];-97.7500
-79.00787362;-2.893776408;[0];-97.3125
-79.00763082;-2.893775979;[0];-96.9375
-79.00738802;-2.893775551;[0];-96.4375
-79.00714522;-2.893775122;[0];-96.0000
-79.00690241;-2.893774693;[0];-95.5625
-79.00665961;-2.893774264;[0];-95.1875
-79.00641681;-2.893773835;[0];-94.7500
-79.00617401;-2.893773406;[0];-94.3125
-79.00593121;-2.893772977;[0];-94.0000
-79.00568841;-2.893772548;[0];-93.6250
-79.00544561;-2.893772119;[0];-93.2500
-79.00520280;-2.89377169;[0];-92.8750
-79.00496000;-2.89377126;[0];-92.5625
-79.00471720;-2.893770831;[0];-92.1875
-79.0044744;-2.893770402;[0];-91.8750
-79.00423160;-2.893769972;[0];-91.5625
-79.00398880;-2.893769543;[0];-91.3125
-79.00374600;-2.893769113;[0];-91.0000
-79.00350320;-2.893768684;[0];-90.7500
-79.00326040;-2.893768254;[0];-90.5000
-79.00301759;-2.893767824;[0];-90.3125
-79.00277479;-2.893767394;[0];-90.0625
-79.00253199;-2.893766965;[0];-89.8750
-79.00228919;-2.893766535;[0];-89.6875
-79.00204639;-2.893766105;[0];-89.5000
-79.00180359;-2.893765675;[0];-89.3750
-79.00156079;-2.893765245;[0];-89.3125
-79.00131799;-2.893764815;[0];-89.1250
-79.00107519;-2.893764385;[0];-89.1250
-79.00083239;-2.893763955;[0];-89.0000
-79.00058959;-2.893763524;[0];-88.9375
-79.00034679;-2.893763094;[0];-88.9375
-79.00010399;-2.893762664;[0];-88.9375
-78.99986119;-2.893762233;[0];-88.8750
-78.99961839;-2.893761803;[0];-88.9375
-78.99937559;-2.893761373;[0];-88.9375
-78.99913278;-2.893760942;[0];-89.0000
-78.99888998;-2.893760511;[0];-89.0625
-78.99864718;-2.893760081;[0];-89.0625
-78.99840438;-2.89375965;[0];-89.1250
-78.99816158;-2.893759219;[0];-89.1875
-78.99791878;-2.893758789;[0];-89.3125
-78.99767598;-2.893758358;[0];-89.4375
-78.99743318;-2.893757927;[0];-89.5625
-78.99719038;-2.893757496;[0];-89.6250
-78.99694758;-2.893757065;[0];-89.6875
-78.99670478;-2.893756634;[0];-89.8125
-78.99646198;-2.893756203;[0];-90.0000
-78.99621918;-2.893755772;[0];-90.1875
-78.99597638;-2.89375534;[0];-90.3125
-78.99573358;-2.893754909;[0];-90.5000
-78.99549078;-2.893754478;[0];-90.6875
-78.99524798;-2.893754046;[0];-90.8750
-78.99500518;-2.893753615;[0];-91.0000
-78.99476238;-2.893753184;[0];-91.1250
-78.99451959;-2.893752752;[0];-91.3125
-78.99427679;-2.89375232;[0];-91.5000
-78.99403399;-2.893751889;[0];-91.6875
-78.99379119;-2.893751457;[0];-91.8750
-78.99354839;-2.893751025;[0];-92.0000
-78.99330559;-2.893750594;[0];-92.1875
-78.99306279;-2.893750162;[0];-92.3750
-78.99281999;-2.89374973;[0];-92.5625
-78.99257719;-2.893749298;[0];-92.7500
-78.99233439;-2.893748866;[0];-93.0000
-78.99209159;-2.893748434;[0];-93.1250
-78.99184879;-2.893748002;[0];-93.3125
-78.99160599;-2.89374757;[0];-93.5000
-78.99136319;-2.893747138;[0];-93.6875
-78.99112039;-2.893746705;[0];-93.9375
-78.99087759;-2.893746273;[0];-94.0625
-78.99063480;-2.893745841;[0];-94.2500
-78.99039200;-2.893745408;[0];-94.4375
-78.99014920;-2.893744976;[0];-94.6875
-78.98990640;-2.893744543;[0];-94.8125
-78.98966360;-2.893744111;[0];-95.0000
-78.9894208;-2.893743678;[0];-95.1875
-78.98917800;-2.893743245;[0];-95.4375
-78.98893520;-2.893742813;[0];-95.6250
-78.98869240;-2.89374238;[0];-95.8125
-78.98844961;-2.893741947;[0];-96.0000
-78.98820681;-2.893741514;[0];-96.1875
-78.98796401;-2.893741081;[0];-96.3125
-78.98772121;-2.893740648;[0];-96.5000
-78.98747841;-2.893740215;[0];-96.6875
-78.98723561;-2.893739782;[0];-96.8750
-78.98699281;-2.893739349;[0];-97.0625
-78.98675002;-2.893738916;[0];-97.2500
-78.98650722;-2.893738483;[0];-97.4375
-78.98626442;-2.893738049;[0];-97.6250
-78.98602162;-2.893737616;[0];-97.8125
-78.98577882;-2.893737183;[0];-98.0000
-78.98553602;-2.893736749;[0];-98.1250
-78.98529323;-2.893736316;[0];-98.3125
-78.98505043;-2.893735882;[0];-98.4375
-78.98480763;-2.893735448;[0];-98.6250
-78.98456483;-2.893735015;[0];-98.8125
-78.98432203;-2.893734581;[0];-99.0000
-78.98407923;-2.893734147;[0];-99.1875
-78.98383644;-2.893733714;[0];-99.3750
-78.98359364;-2.89373328;[0];-99.5625
-78.98335084;-2.893732846;[0];-99.6875
-78.98310804;-2.893732412;[0];-99.8750
-78.98286524;-2.893731978;[0];-100.0625
-78.98262245;-2.893731544;[0];-100.1875
-78.98237965;-2.89373111;[0];-100.3750
-78.98213685;-2.893730675;[0];-100.5000
-78.98189405;-2.893730241;[0];-100.6875
-78.98165126;-2.893729807;[0];-100.8125
-78.98140846;-2.893729373;[0];-101.0000
-78.98116566;-2.893728938;[0];-101.1250
-78.98092286;-2.893728504;[0];-101.3125
-78.98068007;-2.893728069;[0];-101.4375
-78.98043727;-2.893727635;[0];-101.5625
-78.98019447;-2.8937272;[0];-101.7500
-78.97995167;-2.893726765;[0];-101.8750
-79.01030206;-2.89353657;[0];-101.6875
-79.01005926;-2.893536142;[0];-101.2500
-79.00981646;-2.893535714;[0];-100.8125
-79.00957366;-2.893535285;[0];-100.4375
-79.00933086;-2.893534857;[0];-100.0625
-79.00908805;-2.893534429;[0];-99.5625
-79.00884525;-2.893534;[0];-99.1875
-79.00860245;-2.893533572;[0];-98.8125
-79.00835965;-2.893533143;[0];-98.3750
-79.00811685;-2.893532715;[0];-97.9375
-79.00787405;-2.893532286;[0];-97.5625
-79.00763124;-2.893531857;[0];-97.1250
-79.00738844;-2.893531429;[0];-96.6875
-79.00714564;-2.893531;[0];-96.2500
-79.00690284;-2.893530571;[0];-95.8750
-79.00666004;-2.893530142;[0];-95.4375
-79.00641724;-2.893529713;[0];-95.0000
-79.00617444;-2.893529284;[0];-94.6250
-79.00593163;-2.893528855;[0];-94.2500
-79.00568883;-2.893528426;[0];-93.9375
-79.00544603;-2.893527997;[0];-93.5625
-79.00520323;-2.893527568;[0];-93.1875
-79.00496043;-2.893527139;[0];-92.8750
-79.00471763;-2.893526709;[0];-92.5000
-79.00447483;-2.89352628;[0];-92.1875
-79.00423203;-2.893525851;[0];-91.9375
-79.00398923;-2.893525421;[0];-91.6875
-79.00374642;-2.893524992;[0];-91.3750
-79.00350362;-2.893524562;[0];-91.1250
-79.00326082;-2.893524132;[0];-90.8750
-79.00301802;-2.893523703;[0];-90.6875
-79.00277522;-2.893523273;[0];-90.4375
-79.00253242;-2.893522843;[0];-90.2500
-79.00228962;-2.893522414;[0];-90.0625
-79.00204682;-2.893521984;[0];-89.9375
-79.00180402;-2.893521554;[0];-89.7500
-79.00156122;-2.893521124;[0];-89.6875
-79.00131842;-2.893520694;[0];-89.5625
-79.00107562;-2.893520264;[0];-89.5000
-79.00083282;-2.893519834;[0];-89.3750
-79.00059002;-2.893519403;[0];-89.3750
-79.00034721;-2.893518973;[0];-89.2500
-79.00010441;-2.893518543;[0];-89.3125
-78.99986161;-2.893518113;[0];-89.2500
-78.99961881;-2.893517682;[0];-89.2500
-78.99937601;-2.893517252;[0];-89.2500
-78.99913321;-2.893516821;[0];-89.3125
-78.99889041;-2.893516391;[0];-89.3750
-78.99864761;-2.89351596;[0];-89.4375
-78.99840481;-2.893515529;[0];-89.4375
-78.99816201;-2.893515099;[0];-89.5000
-78.99791921;-2.893514668;[0];-89.6250
-78.99767641;-2.893514237;[0];-89.6875
-78.99743361;-2.893513806;[0];-89.8125
-78.99719081;-2.893513375;[0];-89.9375
-78.99694801;-2.893512944;[0];-90.0000
-78.99670521;-2.893512513;[0];-90.0625
-78.99646241;-2.893512082;[0];-90.2500
-78.99621961;-2.893511651;[0];-90.4375
-78.99597681;-2.89351122;[0];-90.5625
-78.99573401;-2.893510789;[0];-90.6875
-78.99549121;-2.893510358;[0];-90.8750
-78.99524841;-2.893509926;[0];-91.0625
-78.99500561;-2.893509495;[0];-91.2500
-78.99476281;-2.893509063;[0];-91.3750
-78.99452001;-2.893508632;[0];-91.5000
-78.99427721;-2.8935082;[0];-91.6875
-78.99403442;-2.893507769;[0];-91.8750
-78.99379162;-2.893507337;[0];-92.0625
-78.99354882;-2.893506905;[0];-92.1875
-78.99330602;-2.893506474;[0];-92.3750
-78.99306322;-2.893506042;[0];-92.5625
-78.99282042;-2.89350561;[0];-92.6875
-78.99257762;-2.893505178;[0];-92.8750
-78.99233482;-2.893504746;[0];-93.1250
-78.99209202;-2.893504314;[0];-93.3125
-78.99184922;-2.893503882;[0];-93.4375
-78.99160642;-2.89350345;[0];-93.6250
-78.99136362;-2.893503018;[0];-93.8125
-78.99112082;-2.893502586;[0];-94.0000
-78.99087802;-2.893502153;[0];-94.1875
-78.99063523;-2.893501721;[0];-94.3750
-78.99039243;-2.893501289;[0];-94.5625
-78.99014963;-2.893500856;[0];-94.7500
-78.98990683;-2.893500424;[0];-94.9375
-78.98966403;-2.893499991;[0];-95.1250
-78.98942123;-2.893499559;[0];-95.3125
-78.98917843;-2.893499126;[0];-95.4375
-78.98893563;-2.893498693;[0];-95.6875
-78.98869283;-2.893498261;[0];-95.8750
-78.98845004;-2.893497828;[0];-96.0625
-78.98820724;-2.893497395;[0];-96.2500
-78.98796444;-2.893496962;[0];-96.4375
-78.98772164;-2.893496529;[0];-96.5625
-78.98747884;-2.893496096;[0];-96.7500
-78.98723604;-2.893495663;[0];-96.9375
-78.98699324;-2.89349523;[0];-97.1250
-78.98675045;-2.893494797;[0];-97.3125
-78.98650765;-2.893494364;[0];-97.5000
-78.98626485;-2.89349393;[0];-97.6875
-78.98602205;-2.893493497;[0];-97.8750
-78.98577925;-2.893493064;[0];-98.0000
-78.98553645;-2.89349263;[0];-98.1875
-78.98529366;-2.893492197;[0];-98.3750
-78.98505086;-2.893491763;[0];-98.5000
-78.98480806;-2.89349133;[0];-98.6875
-78.98456526;-2.893490896;[0];-98.8125
-78.98432246;-2.893490463;[0];-99.0000
-78.98407967;-2.893490029;[0];-99.1875
-78.98383687;-2.893489595;[0];-99.3750
-78.98359407;-2.893489161;[0];-99.5625
-78.98335127;-2.893488727;[0];-99.7500
-78.98310847;-2.893488293;[0];-99.8750
-78.98286568;-2.893487859;[0];-100.0625
-78.98262288;-2.893487425;[0];-100.2500
-78.98238008;-2.893486991;[0];-100.3750
-78.98213728;-2.893486557;[0];-100.5625
-78.98189449;-2.893486123;[0];-100.6875
-78.98165169;-2.893485689;[0];-100.8750
-78.98140889;-2.893485254;[0];-101.0000
-78.98116609;-2.89348482;[0];-101.1250
-78.98092329;-2.893484386;[0];-101.3125
-78.98068050;-2.893483951;[0];-101.4375
-78.98043770;-2.893483517;[0];-101.6250
-78.98019490;-2.893483082;[0];-101.7500
-78.97995210;-2.893482647;[0];-101.8750
-79.01030249;-2.893292447;[0];-101.7500
-79.01005969;-2.893292019;[0];-101.3750
-79.00981689;-2.893291591;[0];-100.9375
-79.00957408;-2.893291163;[0];-100.5625
-79.00933128;-2.893290735;[0];-100.1875
-79.00908848;-2.893290306;[0];-99.7500
-79.00884568;-2.893289878;[0];-99.3750
-79.00860288;-2.89328945;[0];-98.9375
-79.00836008;-2.893289021;[0];-98.5000
-79.00811727;-2.893288593;[0];-98.0625
-79.00787447;-2.893288164;[0];-97.7500
-79.00763167;-2.893287735;[0];-97.3125
-79.00738887;-2.893287307;[0];-96.8750
-79.00714607;-2.893286878;[0];-96.4375
-79.00690327;-2.893286449;[0];-96.1250
-79.00666047;-2.89328602;[0];-95.6875
-79.00641766;-2.893285591;[0];-95.2500
-79.00617486;-2.893285162;[0];-94.9375
-79.00593206;-2.893284733;[0];-94.5000
-79.00568926;-2.893284304;[0];-94.1875
-79.00544646;-2.893283875;[0];-93.8750
-79.00520366;-2.893283446;[0];-93.5000
-79.00496086;-2.893283017;[0];-93.1875
-79.00471806;-2.893282588;[0];-92.8750
-79.00447525;-2.893282158;[0];-92.5000
-79.00423245;-2.893281729;[0];-92.2500
-79.00398965;-2.8932813;[0];-92.0000
-79.00374685;-2.89328087;[0];-91.6875
-79.00350405;-2.893280441;[0];-91.4375
-79.00326125;-2.893280011;[0];-91.2500
-79.00301845;-2.893279581;[0];-91.0000
-79.00277565;-2.893279152;[0];-90.8125
-79.00253285;-2.893278722;[0];-90.6250
-79.00229005;-2.893278292;[0];-90.4375
-79.00204725;-2.893277862;[0];-90.3125
-79.00180445;-2.893277433;[0];-90.1250
-79.00156165;-2.893277003;[0];-90.0625
-79.00131884;-2.893276573;[0];-89.9375
-79.00107604;-2.893276143;[0];-89.8125
-79.00083324;-2.893275712;[0];-89.7500
-79.00059044;-2.893275282;[0];-89.6875
-79.00034764;-2.893274852;[0];-89.6250
-79.00010484;-2.893274422;[0];-89.6250
-78.99986204;-2.893273992;[0];-89.6250
-78.99961924;-2.893273561;[0];-89.5625
-78.99937644;-2.893273131;[0];-89.6250
-78.99913364;-2.8932727;[0];-89.6250
-78.99889084;-2.89327227;[0];-89.6875
-78.99864804;-2.893271839;[0];-89.7500
-78.99840524;-2.893271409;[0];-89.7500
-78.99816244;-2.893270978;[0];-89.8125
-78.99791964;-2.893270547;[0];-89.8750
-78.99767684;-2.893270117;[0];-89.9375
-78.99743404;-2.893269686;[0];-90.0625
-78.99719124;-2.893269255;[0];-90.1875
-78.99694844;-2.893268824;[0];-90.3125
-78.99670564;-2.893268393;[0];-90.3750
-78.99646284;-2.893267962;[0];-90.4375
-78.99622004;-2.893267531;[0];-90.6250
-78.99597724;-2.8932671;[0];-90.8125
-78.99573444;-2.893266669;[0];-90.9375
-78.99549164;-2.893266237;[0];-91.0625
-78.99524884;-2.893265806;[0];-91.2500
-78.99500604;-2.893265375;[0];-91.3750
-78.99476324;-2.893264943;[0];-91.5625
-78.99452044;-2.893264512;[0];-91.7500
-78.99427764;-2.89326408;[0];-91.8750
-78.99403484;-2.893263649;[0];-92.0000
-78.99379205;-2.893263217;[0];-92.1875
-78.99354925;-2.893262786;[0];-92.3750
-78.99330645;-2.893262354;[0];-92.5625
-78.99306365;-2.893261922;[0];-92.6875
-78.99282085;-2.89326149;[0];-92.8750
-78.99257805;-2.893261058;[0];-93.0625
-78.99233525;-2.893260626;[0];-93.1875
-78.99209245;-2.893260194;[0];-93.4375
-78.99184965;-2.893259762;[0];-93.6250
-78.99160685;-2.89325933;[0];-93.8125
-78.99136405;-2.893258898;[0];-93.9375
-78.99112125;-2.893258466;[0];-94.1250
-78.99087845;-2.893258034;[0];-94.3125
-78.99063566;-2.893257602;[0];-94.5000
-78.99039286;-2.893257169;[0];-94.6875
-78.99015006;-2.893256737;[0];-94.8125
-78.98990726;-2.893256304;[0];-95.0000
-78.98966446;-2.893255872;[0];-95.2500
-78.98942166;-2.893255439;[0];-95.4375
-78.98917886;-2.893255007;[0];-95.5625
-78.98893606;-2.893254574;[0];-95.7500
-78.98869327;-2.893254141;[0];-95.9375
-78.98845047;-2.893253709;[0];-96.1250
-78.98820767;-2.893253276;[0];-96.3125
-78.98796487;-2.893252843;[0];-96.5000
-78.98772207;-2.89325241;[0];-96.6875
-78.98747927;-2.893251977;[0];-96.8125
-78.98723647;-2.893251544;[0];-97.0000
-78.98699368;-2.893251111;[0];-97.1875
-78.98675088;-2.893250678;[0];-97.3125
-78.98650808;-2.893250245;[0];-97.5000
-78.98626528;-2.893249812;[0];-97.6875
-78.98602248;-2.893249378;[0];-97.8750
-78.98577968;-2.893248945;[0];-98.0625
-78.98553689;-2.893248512;[0];-98.2500
-78.98529409;-2.893248078;[0];-98.4375
-78.98505129;-2.893247645;[0];-98.5625
-78.98480849;-2.893247211;[0];-98.7500
-78.98456569;-2.893246778;[0];-98.8750
-78.98432290;-2.893246344;[0];-99.0000
-78.98408010;-2.89324591;[0];-99.1875
-78.98383730;-2.893245477;[0];-99.3750
-78.98359450;-2.893245043;[0];-99.5625
-78.98335170;-2.893244609;[0];-99.7500
-78.98310891;-2.893244175;[0];-99.9375
-78.98286611;-2.893243741;[0];-100.0625
-78.98262331;-2.893243307;[0];-100.2500
-78.98238051;-2.893242873;[0];-100.3750
-78.98213771;-2.893242439;[0];-100.5625
-78.98189492;-2.893242005;[0];-100.6875
-78.98165212;-2.89324157;[0];-100.8750
-78.98140932;-2.893241136;[0];-101.0000
-78.98116652;-2.893240702;[0];-101.1875
-78.98092373;-2.893240268;[0];-101.3125
-78.98068093;-2.893239833;[0];-101.5000
-78.98043813;-2.893239399;[0];-101.6250
-78.98019533;-2.893238964;[0];-101.7500
-78.97995254;-2.89323853;[0];-101.9375
-79.01030292;-2.893048325;[0];-101.8750
-79.01006011;-2.893047897;[0];-101.4375
-79.00981731;-2.893047469;[0];-101.1250
-79.00957451;-2.893047041;[0];-100.6875
-79.00933171;-2.893046612;[0];-100.3125
-79.00908891;-2.893046184;[0];-99.8750
-79.00884611;-2.893045756;[0];-99.5625
-79.00860330;-2.893045327;[0];-99.1250
-79.00836050;-2.893044899;[0];-98.6875
-79.0081177;-2.89304447;[0];-98.3125
-79.00787490;-2.893044042;[0];-97.9375
-79.00763210;-2.893043613;[0];-97.5000
-79.00738930;-2.893043185;[0];-97.0625
-79.00714649;-2.893042756;[0];-96.6875
-79.00690369;-2.893042327;[0];-96.3125
-79.00666089;-2.893041898;[0];-95.9375
-79.00641809;-2.893041469;[0];-95.5000
-79.00617529;-2.893041041;[0];-95.1875
-79.00593249;-2.893040612;[0];-94.8125
-79.00568969;-2.893040183;[0];-94.5000
-79.00544689;-2.893039754;[0];-94.1250
-79.00520408;-2.893039324;[0];-93.8125
-79.00496128;-2.893038895;[0];-93.5000
-79.00471848;-2.893038466;[0];-93.1875
-79.00447568;-2.893038037;[0];-92.8750
-79.00423288;-2.893037607;[0];-92.5625
-79.00399008;-2.893037178;[0];-92.3125
-79.00374728;-2.893036749;[0];-92.0625
-79.00350448;-2.893036319;[0];-91.8125
-79.00326168;-2.89303589;[0];-91.5625
-79.00301888;-2.89303546;[0];-91.3750
-79.00277608;-2.89303503;[0];-91.1875
-79.00253328;-2.893034601;[0];-91.0000
-79.00229047;-2.893034171;[0];-90.8125
-79.00204767;-2.893033741;[0];-90.6250
-79.00180487;-2.893033311;[0];-90.5000
-79.00156207;-2.893032881;[0];-90.3750
-79.00131927;-2.893032451;[0];-90.3125
-79.00107647;-2.893032021;[0];-90.1875
-79.00083367;-2.893031591;[0];-90.1250
-79.00059087;-2.893031161;[0];-90.0625
-79.00034807;-2.893030731;[0];-90.0000
-79.00010527;-2.893030301;[0];-89.9375
-78.99986247;-2.893029871;[0];-90.0000
-78.99961967;-2.89302944;[0];-89.9375
-78.99937687;-2.89302901;[0];-89.9375
-78.99913407;-2.89302858;[0];-89.9375
-78.99889127;-2.893028149;[0];-90.0000
-78.99864847;-2.893027719;[0];-90.0625
-78.99840567;-2.893027288;[0];-90.0625
-78.99816287;-2.893026857;[0];-90.1250
-78.99792007;-2.893026427;[0];-90.1875
-78.99767727;-2.893025996;[0];-90.2500
-78.99743447;-2.893025565;[0];-90.3125
-78.99719167;-2.893025134;[0];-90.4375
-78.99694887;-2.893024703;[0];-90.5625
-78.99670607;-2.893024273;[0];-90.6250
-78.99646327;-2.893023842;[0];-90.7500
-78.99622047;-2.89302341;[0];-90.8125
-78.99597767;-2.893022979;[0];-91.0000
-78.99573487;-2.893022548;[0];-91.1875
-78.99549207;-2.893022117;[0];-91.3125
-78.99524927;-2.893021686;[0];-91.4375
-78.99500647;-2.893021254;[0];-91.5625
-78.99476367;-2.893020823;[0];-91.7500
-78.99452087;-2.893020392;[0];-91.9375
-78.99427807;-2.89301996;[0];-92.0625
-78.99403527;-2.893019529;[0];-92.1875
-78.99379247;-2.893019097;[0];-92.3750
-78.99354968;-2.893018666;[0];-92.5625
-78.99330688;-2.893018234;[0];-92.7500
-78.99306408;-2.893017802;[0];-92.8750
-78.99282128;-2.89301737;[0];-93.0625
-78.99257848;-2.893016939;[0];-93.1875
-78.99233568;-2.893016507;[0];-93.3750
-78.99209288;-2.893016075;[0];-93.5000
-78.99185008;-2.893015643;[0];-93.7500
-78.99160728;-2.893015211;[0];-93.9375
-78.99136448;-2.893014779;[0];-94.0625
-78.99112168;-2.893014346;[0];-94.2500
-78.99087888;-2.893013914;[0];-94.4375
-78.99063609;-2.893013482;[0];-94.5625
-78.99039329;-2.89301305;[0];-94.8125
-78.99015049;-2.893012617;[0];-95.0000
-78.98990769;-2.893012185;[0];-95.1250
-78.98966489;-2.893011753;[0];-95.3125
-78.98942209;-2.89301132;[0];-95.5000
-78.98917929;-2.893010887;[0];-95.6875
-78.98893649;-2.893010455;[0];-95.8750
-78.98869370;-2.893010022;[0];-96.0000
-78.98845090;-2.893009589;[0];-96.1875
-78.98820810;-2.893009157;[0];-96.3750
-78.98796530;-2.893008724;[0];-96.5625
-78.98772250;-2.893008291;[0];-96.7500
-78.98747970;-2.893007858;[0];-96.9375
-78.98723690;-2.893007425;[0];-97.1250
-78.98699411;-2.893006992;[0];-97.2500
-78.98675131;-2.893006559;[0];-97.3750
-78.98650851;-2.893006126;[0];-97.5625
-78.98626571;-2.893005693;[0];-97.7500
-78.98602291;-2.893005259;[0];-97.9375
-78.98578011;-2.893004826;[0];-98.1250
-78.98553732;-2.893004393;[0];-98.2500
-78.98529452;-2.893003959;[0];-98.4375
-78.98505172;-2.893003526;[0];-98.6250
-78.98480892;-2.893003093;[0];-98.8125
-78.98456612;-2.893002659;[0];-98.9375
-78.98432333;-2.893002225;[0];-99.1250
-78.98408053;-2.893001792;[0];-99.2500
-78.98383773;-2.893001358;[0];-99.3750
-78.98359493;-2.893000924;[0];-99.5000
-78.98335214;-2.89300049;[0];-99.7500
-78.98310934;-2.893000057;[0];-99.9375
-78.98286654;-2.892999623;[0];-100.1250
-78.98262374;-2.892999189;[0];-100.2500
-78.98238094;-2.892998755;[0];-100.4375
-78.98213815;-2.892998321;[0];-100.5625
-78.98189535;-2.892997886;[0];-100.7500
-78.98165255;-2.892997452;[0];-100.8750
-78.98140975;-2.892997018;[0];-101.0625
-78.98116696;-2.892996584;[0];-101.1875
-78.98092416;-2.892996149;[0];-101.3125
-78.98068136;-2.892995715;[0];-101.5000
-78.98043856;-2.892995281;[0];-101.6250
-78.98019577;-2.892994846;[0];-101.8125
-78.97995297;-2.892994412;[0];-101.9375
-79.01030334;-2.892804202;[0];-101.9375
-79.01006054;-2.892803774;[0];-101.6250
-79.00981774;-2.892803346;[0];-101.2500
-79.00957494;-2.892802918;[0];-100.8125
-79.00933213;-2.89280249;[0];-100.4375
-79.00908933;-2.892802062;[0];-100.0625
-79.00884653;-2.892801633;[0];-99.6875
-79.00860373;-2.892801205;[0];-99.2500
-79.00836093;-2.892800777;[0];-98.8750
-79.00811813;-2.892800348;[0];-98.5000
-79.00787533;-2.89279992;[0];-98.1250
-79.00763252;-2.892799491;[0];-97.6875
-79.00738972;-2.892799063;[0];-97.3125
-79.00714692;-2.892798634;[0];-96.9375
-79.00690412;-2.892798205;[0];-96.5625
-79.00666132;-2.892797776;[0];-96.1250
-79.00641852;-2.892797348;[0];-95.7500
-79.00617572;-2.892796919;[0];-95.4375
-79.00593291;-2.89279649;[0];-95.0625
-79.00569011;-2.892796061;[0];-94.7500
-79.00544731;-2.892795632;[0];-94.4375
-79.00520451;-2.892795203;[0];-94.0625
-79.00496171;-2.892794774;[0];-93.8125
-79.00471891;-2.892794344;[0];-93.5000
-79.00447611;-2.892793915;[0];-93.1875
-79.00423331;-2.892793486;[0];-92.8750
-79.00399051;-2.892793057;[0];-92.6875
-79.00374771;-2.892792627;[0];-92.3750
-79.00350491;-2.892792198;[0];-92.1250
-79.00326210;-2.892791768;[0];-91.9375
-79.00301930;-2.892791339;[0];-91.7500
-79.00277650;-2.892790909;[0];-91.5625
-79.00253370;-2.892790479;[0];-91.3750
-79.00229090;-2.89279005;[0];-91.1875
-79.00204810;-2.89278962;[0];-91.0000
-79.0018053;-2.89278919;[0];-90.8750
-79.0015625;-2.89278876;[0];-90.7500
-79.00131970;-2.89278833;[0];-90.6250
-79.00107690;-2.8927879;[0];-90.5000
-79.00083410;-2.89278747;[0];-90.5000
-79.00059130;-2.89278704;[0];-90.3750
-79.00034850;-2.89278661;[0];-90.3750
-79.00010570;-2.89278618;[0];-90.2500
-78.99986290;-2.89278575;[0];-90.3125
-78.99962010;-2.892785319;[0];-90.2500
-78.99937730;-2.892784889;[0];-90.2500
-78.99913450;-2.892784459;[0];-90.2500
-78.99889170;-2.892784028;[0];-90.3125
-78.99864890;-2.892783598;[0];-90.3125
-78.99840610;-2.892783167;[0];-90.3750
-78.99816330;-2.892782737;[0];-90.4375
-78.99792050;-2.892782306;[0];-90.5000
-78.99767770;-2.892781875;[0];-90.5625
-78.99743490;-2.892781445;[0];-90.6250
-78.99719210;-2.892781014;[0];-90.6875
-78.99694930;-2.892780583;[0];-90.8750
-78.99670650;-2.892780152;[0];-90.9375
-78.99646370;-2.892779721;[0];-91.0000
-78.99622090;-2.89277929;[0];-91.0625
-78.99597810;-2.892778859;[0];-91.1875
-78.99573530;-2.892778428;[0];-91.3750
-78.99549250;-2.892777997;[0];-91.5625
-78.9952497;-2.892777566;[0];-91.6250
-78.9950069;-2.892777134;[0];-91.7500
-78.99476410;-2.892776703;[0];-91.9375
-78.99452130;-2.892776272;[0];-92.1250
-78.99427850;-2.89277584;[0];-92.3125
-78.99403570;-2.892775409;[0];-92.4375
-78.99379290;-2.892774977;[0];-92.5625
-78.99355010;-2.892774546;[0];-92.6875
-78.99330731;-2.892774114;[0];-92.8750
-78.99306451;-2.892773682;[0];-93.0625
-78.99282171;-2.892773251;[0];-93.1875
-78.99257891;-2.892772819;[0];-93.3750
-78.99233611;-2.892772387;[0];-93.5000
-78.99209331;-2.892771955;[0];-93.6875
-78.99185051;-2.892771523;[0];-93.8125
-78.99160771;-2.892771091;[0];-94.0000
-78.99136491;-2.892770659;[0];-94.2500
-78.99112211;-2.892770227;[0];-94.3750
-78.99087931;-2.892769795;[0];-94.5625
-78.99063652;-2.892769363;[0];-94.6875
-78.99039372;-2.89276893;[0];-94.8750
-78.99015092;-2.892768498;[0];-95.0625
-78.98990812;-2.892768066;[0];-95.2500
-78.98966532;-2.892767633;[0];-95.4375
-78.98942252;-2.892767201;[0];-95.5625
-78.98917972;-2.892766768;[0];-95.7500
-78.98893692;-2.892766336;[0];-95.9375
-78.98869413;-2.892765903;[0];-96.1250
-78.98845133;-2.89276547;[0];-96.2500
-78.98820853;-2.892765038;[0];-96.4375
-78.98796573;-2.892764605;[0];-96.6250
-78.98772293;-2.892764172;[0];-96.8125
-78.98748013;-2.892763739;[0];-97.0000
-78.98723734;-2.892763306;[0];-97.1875
-78.98699454;-2.892762873;[0];-97.3750
-78.98675174;-2.89276244;[0];-97.5000
-78.98650894;-2.892762007;[0];-97.6250
-78.98626614;-2.892761574;[0];-97.8125
-78.98602334;-2.892761141;[0];-97.9375
-78.98578055;-2.892760707;[0];-98.1250
-78.98553775;-2.892760274;[0];-98.3125
-78.98529495;-2.892759841;[0];-98.5000
-78.98505215;-2.892759407;[0];-98.6875
-78.98480935;-2.892758974;[0];-98.8125
-78.98456656;-2.89275854;[0];-99.0000
-78.98432376;-2.892758107;[0];-99.1875
-78.98408096;-2.892757673;[0];-99.3125
-78.98383816;-2.89275724;[0];-99.4375
-78.98359536;-2.892756806;[0];-99.6250
-78.98335257;-2.892756372;[0];-99.7500
-78.98310977;-2.892755938;[0];-99.8750
-78.98286697;-2.892755504;[0];-100.0625
-78.98262417;-2.89275507;[0];-100.2500
-78.98238138;-2.892754636;[0];-100.4375
-78.98213858;-2.892754202;[0];-100.6250
-78.98189578;-2.892753768;[0];-100.7500
-78.98165298;-2.892753334;[0];-100.9375
-78.98141019;-2.8927529;[0];-101.0625
-78.98116739;-2.892752466;[0];-101.1875
-78.98092459;-2.892752031;[0];-101.3750
-78.98068179;-2.892751597;[0];-101.5000
-78.98043900;-2.892751163;[0];-101.6250
-78.98019620;-2.892750728;[0];-101.8125
-78.97995340;-2.892750294;[0];-101.9375
-79.01006097;-2.892559652;[0];-101.7500
-79.00981816;-2.892559224;[0];-101.3750
-79.00957536;-2.892558796;[0];-100.9375
-79.00933256;-2.892558368;[0];-100.5625
-79.00908976;-2.892557939;[0];-100.2500
-79.00884696;-2.892557511;[0];-99.8125
-79.00860416;-2.892557083;[0];-99.4375
-79.00836135;-2.892556655;[0];-99.0000
-79.00811855;-2.892556226;[0];-98.6875
-79.00787575;-2.892555798;[0];-98.3125
-79.00763295;-2.892555369;[0];-97.8750
-79.00739015;-2.892554941;[0];-97.5000
-79.00714735;-2.892554512;[0];-97.1250
-79.00690455;-2.892554083;[0];-96.7500
-79.00666174;-2.892553654;[0];-96.3750
-79.00641894;-2.892553226;[0];-96.0000
-79.00617614;-2.892552797;[0];-95.6875
-79.00593334;-2.892552368;[0];-95.3750
-79.00569054;-2.892551939;[0];-95.0000
-79.00544774;-2.89255151;[0];-94.7500
-79.00520494;-2.892551081;[0];-94.3750
-79.00496214;-2.892550652;[0];-94.0625
-79.00471934;-2.892550223;[0];-93.8125
-79.00447654;-2.892549794;[0];-93.4375
-79.00423373;-2.892549364;[0];-93.1875
-79.00399093;-2.892548935;[0];-93.0000
-79.00374813;-2.892548506;[0];-92.7500
-79.00350533;-2.892548076;[0];-92.4375
-79.00326253;-2.892547647;[0];-92.2500
-79.00301973;-2.892547217;[0];-92.0625
-79.00277693;-2.892546788;[0];-91.8750
-79.00253413;-2.892546358;[0];-91.6875
-79.00229133;-2.892545928;[0];-91.5000
-79.00204853;-2.892545499;[0];-91.3750
-79.00180573;-2.892545069;[0];-91.1875
-79.00156293;-2.892544639;[0];-91.0625
-79.00132013;-2.892544209;[0];-91.0000
-79.00107733;-2.892543779;[0];-90.8750
-79.00083453;-2.892543349;[0];-90.8125
-79.00059173;-2.892542919;[0];-90.7500
-79.00034893;-2.892542489;[0];-90.6875
-79.00010613;-2.892542059;[0];-90.6250
-78.99986333;-2.892541629;[0];-90.6250
-78.99962053;-2.892541199;[0];-90.6250
-78.99937773;-2.892540768;[0];-90.5625
-78.99913493;-2.892540338;[0];-90.5625
-78.99889213;-2.892539908;[0];-90.6250
-78.99864933;-2.892539477;[0];-90.6250
-78.99840653;-2.892539047;[0];-90.6875
-78.99816373;-2.892538616;[0];-90.7500
-78.99792093;-2.892538185;[0];-90.7500
-78.99767813;-2.892537755;[0];-90.8125
-78.99743533;-2.892537324;[0];-90.8750
-78.99719253;-2.892536893;[0];-90.9375
-78.99694973;-2.892536463;[0];-91.0625
-78.99670693;-2.892536032;[0];-91.1875
-78.99646413;-2.892535601;[0];-91.2500
-78.99622133;-2.89253517;[0];-91.3750
-78.99597853;-2.892534739;[0];-91.4375
-78.99573573;-2.892534308;[0];-91.5625
-78.99549293;-2.892533877;[0];-91.7500
-78.99525013;-2.892533445;[0];-91.8750
-78.99500733;-2.892533014;[0];-92.0000
-78.99476453;-2.892532583;[0];-92.1250
-78.99452173;-2.892532151;[0];-92.3125
-78.99427893;-2.89253172;[0];-92.4375
-78.99403613;-2.892531289;[0];-92.6250
-78.99379333;-2.892530857;[0];-92.7500
-78.99355053;-2.892530426;[0];-92.8750
-78.99330773;-2.892529994;[0];-93.0625
-78.99306494;-2.892529562;[0];-93.1875
-78.99282214;-2.892529131;[0];-93.3750
-78.99257934;-2.892528699;[0];-93.5625
-78.99233654;-2.892528267;[0];-93.6875
-78.99209374;-2.892527835;[0];-93.8125
-78.99185094;-2.892527403;[0];-94.0000
-78.99160814;-2.892526971;[0];-94.1250
-78.99136534;-2.892526539;[0];-94.3125
-78.99112254;-2.892526107;[0];-94.5625
-78.99087974;-2.892525675;[0];-94.6875
-78.99063695;-2.892525243;[0];-94.8750
-78.99039415;-2.892524811;[0];-95.0000
-78.99015135;-2.892524378;[0];-95.1250
-78.98990855;-2.892523946;[0];-95.3125
-78.98966575;-2.892523514;[0];-95.5625
-78.98942295;-2.892523081;[0];-95.6875
-78.98918015;-2.892522649;[0];-95.8750
-78.98893735;-2.892522216;[0];-96.0000
-78.98869456;-2.892521784;[0];-96.1875
-78.98845176;-2.892521351;[0];-96.3750
-78.98820896;-2.892520918;[0];-96.5625
-78.98796616;-2.892520486;[0];-96.6875
-78.98772336;-2.892520053;[0];-96.8750
-78.98748056;-2.89251962;[0];-97.0625
-78.98723777;-2.892519187;[0];-97.2500
-78.98699497;-2.892518754;[0];-97.3750
-78.98675217;-2.892518321;[0];-97.5625
-78.98650937;-2.892517888;[0];-97.7500
-78.98626657;-2.892517455;[0];-97.8750
-78.98602377;-2.892517022;[0];-98.0000
-78.98578098;-2.892516589;[0];-98.1875
-78.98553818;-2.892516155;[0];-98.3750
-78.98529538;-2.892515722;[0];-98.5000
-78.98505258;-2.892515289;[0];-98.6875
-78.98480978;-2.892514855;[0];-98.8750
-78.98456699;-2.892514422;[0];-99.0625
-78.98432419;-2.892513988;[0];-99.1875
-78.98408139;-2.892513555;[0];-99.3750
-78.98383859;-2.892513121;[0];-99.5000
-78.98359580;-2.892512687;[0];-99.6875
-78.98335300;-2.892512254;[0];-99.8125
-78.9831102;-2.89251182;[0];-99.9375
-78.98286740;-2.892511386;[0];-100.0625
-78.98262461;-2.892510952;[0];-100.2500
-78.98238181;-2.892510518;[0];-100.4375
-78.98213901;-2.892510084;[0];-100.5625
-78.98189621;-2.89250965;[0];-100.7500
-78.98165342;-2.892509216;[0];-100.9375
-78.98141062;-2.892508782;[0];-101.0625
-78.98116782;-2.892508348;[0];-101.2500
-78.98092502;-2.892507913;[0];-101.3750
-78.98068223;-2.892507479;[0];-101.5000
-78.98043943;-2.892507045;[0];-101.6875
-78.98019663;-2.89250661;[0];-101.8125
-78.97995383;-2.892506176;[0];-101.9375
-79.01006139;-2.89231553;[0];-101.8750
-79.00981859;-2.892315102;[0];-101.5000
-79.00957579;-2.892314673;[0];-101.0625
-79.00933299;-2.892314245;[0];-100.6875
-79.00909018;-2.892313817;[0];-100.3750
-79.00884738;-2.892313389;[0];-100.0000
-79.00860458;-2.892312961;[0];-99.5625
-79.00836178;-2.892312532;[0];-99.2500
-79.00811898;-2.892312104;[0];-98.8750
-79.00787618;-2.892311676;[0];-98.5000
-79.00763338;-2.892311247;[0];-98.0625
-79.00739057;-2.892310818;[0];-97.6875
-79.00714777;-2.89231039;[0];-97.3750
-79.00690497;-2.892309961;[0];-97.0000
-79.00666217;-2.892309533;[0];-96.6250
-79.00641937;-2.892309104;[0];-96.2500
-79.00617657;-2.892308675;[0];-95.9375
-79.00593377;-2.892308246;[0];-95.6250
-79.00569097;-2.892307817;[0];-95.2500
-79.00544817;-2.892307388;[0];-95.0000
-79.00520537;-2.892306959;[0];-94.6875
-79.00496256;-2.89230653;[0];-94.3750
-79.00471976;-2.892306101;[0];-94.0625
-79.00447696;-2.892305672;[0];-93.7500
-79.00423416;-2.892305243;[0];-93.5000
-79.00399136;-2.892304813;[0];-93.3125
-79.00374856;-2.892304384;[0];-93.0625
-79.00350576;-2.892303955;[0];-92.8125
-79.00326296;-2.892303525;[0];-92.5625
-79.00302016;-2.892303096;[0];-92.3750
-79.00277736;-2.892302666;[0];-92.1875
-79.00253456;-2.892302237;[0];-92.0000
-79.00229176;-2.892301807;[0];-91.8750
-79.00204896;-2.892301377;[0];-91.6875
-79.00180616;-2.892300948;[0];-91.5625
-79.00156336;-2.892300518;[0];-91.3750
-79.00132056;-2.892300088;[0];-91.3750
-79.00107775;-2.892299658;[0];-91.2500
-79.00083495;-2.892299228;[0];-91.1250
-79.00059215;-2.892298798;[0];-91.0625
-79.00034935;-2.892298368;[0];-91.0000
-79.00010655;-2.892297938;[0];-90.9375
-78.99986375;-2.892297508;[0];-90.9375
-78.99962095;-2.892297078;[0];-90.9375
-78.99937815;-2.892296647;[0];-90.8750
-78.99913535;-2.892296217;[0];-90.8750
-78.99889255;-2.892295787;[0];-90.8750
-78.99864975;-2.892295356;[0];-90.9375
-78.99840695;-2.892294926;[0];-91.0000
-78.99816415;-2.892294495;[0];-91.0000
-78.99792135;-2.892294065;[0];-91.0625
-78.99767855;-2.892293634;[0];-91.1250
-78.99743575;-2.892293204;[0];-91.1875
-78.99719295;-2.892292773;[0];-91.2500
-78.99695015;-2.892292342;[0];-91.3125
-78.99670736;-2.892291911;[0];-91.4375
-78.99646456;-2.89229148;[0];-91.5625
-78.99622176;-2.892291049;[0];-91.6250
-78.99597896;-2.892290618;[0];-91.6875
-78.99573616;-2.892290187;[0];-91.7500
-78.99549336;-2.892289756;[0];-91.9375
-78.99525056;-2.892289325;[0];-92.0625
-78.99500776;-2.892288894;[0];-92.1875
-78.99476496;-2.892288463;[0];-92.3125
-78.99452216;-2.892288031;[0];-92.5000
-78.99427936;-2.8922876;[0];-92.6250
-78.99403656;-2.892287169;[0];-92.8125
-78.99379376;-2.892286737;[0];-92.9375
-78.99355096;-2.892286306;[0];-93.0625
-78.99330816;-2.892285874;[0];-93.1875
-78.99306536;-2.892285442;[0];-93.3750
-78.99282257;-2.892285011;[0];-93.5000
-78.99257977;-2.892284579;[0];-93.6875
-78.99233697;-2.892284147;[0];-93.8750
-78.99209417;-2.892283715;[0];-94.0000
-78.99185137;-2.892283284;[0];-94.1250
-78.99160857;-2.892282852;[0];-94.3125
-78.99136577;-2.89228242;[0];-94.4375
-78.99112297;-2.892281988;[0];-94.6250
-78.99088017;-2.892281556;[0];-94.8125
-78.99063738;-2.892281123;[0];-95.0000
-78.99039458;-2.892280691;[0];-95.1250
-78.99015178;-2.892280259;[0];-95.3125
-78.98990898;-2.892279827;[0];-95.4375
-78.98966618;-2.892279394;[0];-95.6250
-78.98942338;-2.892278962;[0];-95.8125
-78.98918058;-2.89227853;[0];-96.0000
-78.98893778;-2.892278097;[0];-96.1250
-78.98869499;-2.892277664;[0];-96.2500
-78.98845219;-2.892277232;[0];-96.4375
-78.98820939;-2.892276799;[0];-96.6250
-78.98796659;-2.892276367;[0];-96.8125
-78.98772379;-2.892275934;[0];-96.9375
-78.98748099;-2.892275501;[0];-97.0625
-78.98723820;-2.892275068;[0];-97.2500
-78.98699540;-2.892274635;[0];-97.4375
-78.9867526;-2.892274202;[0];-97.6250
-78.98650980;-2.892273769;[0];-97.8125
-78.98626700;-2.892273336;[0];-98.0000
-78.98602421;-2.892272903;[0];-98.1250
-78.98578141;-2.89227247;[0];-98.2500
-78.98553861;-2.892272037;[0];-98.3750
-78.98529581;-2.892271603;[0];-98.5625
-78.98505301;-2.89227117;[0];-98.7500
-78.98481022;-2.892270737;[0];-98.8750
-78.98456742;-2.892270303;[0];-99.0625
-78.98432462;-2.89226987;[0];-99.2500
-78.98408182;-2.892269436;[0];-99.3750
-78.98383902;-2.892269002;[0];-99.5625
-78.98359623;-2.892268569;[0];-99.6875
-78.98335343;-2.892268135;[0];-99.8750
-78.98311063;-2.892267701;[0];-100.0000
-78.98286783;-2.892267268;[0];-100.1875
-78.98262504;-2.892266834;[0];-100.3125
-78.98238224;-2.8922664;[0];-100.4375
-78.98213944;-2.892265966;[0];-100.5625
-78.98189664;-2.892265532;[0];-100.7500
-78.98165385;-2.892265098;[0];-100.9375
-78.98141105;-2.892264664;[0];-101.1250
-78.98116825;-2.89226423;[0];-101.2500
-78.98092545;-2.892263795;[0];-101.3750
-78.98068266;-2.892263361;[0];-101.5625
-78.98043986;-2.892262927;[0];-101.6875
-78.98019706;-2.892262492;[0];-101.8125
-78.97995427;-2.892262058;[0];-102.0000
-79.01006182;-2.892071407;[0];-102.0000
-79.00981901;-2.892070979;[0];-101.5625
-79.00957621;-2.892070551;[0];-101.1875
-79.00933341;-2.892070123;[0];-100.8750
-79.00909061;-2.892069695;[0];-100.5000
-79.00884781;-2.892069267;[0];-100.1250
-79.00860501;-2.892068838;[0];-99.7500
-79.00836221;-2.89206841;[0];-99.4375
-79.00811940;-2.892067982;[0];-99.0625
-79.00787660;-2.892067553;[0];-98.6875
-79.00763380;-2.892067125;[0];-98.2500
-79.00739100;-2.892066696;[0];-97.8750
-79.0071482;-2.892066268;[0];-97.6250
-79.00690540;-2.892065839;[0];-97.1875
-79.00666260;-2.892065411;[0];-96.8125
-79.00641980;-2.892064982;[0];-96.5000
-79.00617700;-2.892064553;[0];-96.1875
-79.00593419;-2.892064124;[0];-95.8750
-79.00569139;-2.892063695;[0];-95.5625
-79.00544859;-2.892063267;[0];-95.2500
-79.00520579;-2.892062838;[0];-94.9375
-79.00496299;-2.892062409;[0];-94.6875
-79.00472019;-2.892061979;[0];-94.3750
-79.00447739;-2.89206155;[0];-94.0625
-79.00423459;-2.892061121;[0];-93.8125
-79.00399179;-2.892060692;[0];-93.6250
-79.00374899;-2.892060263;[0];-93.3750
-79.00350619;-2.892059833;[0];-93.1250
-79.00326339;-2.892059404;[0];-92.9375
-79.00302059;-2.892058974;[0];-92.6875
-79.00277779;-2.892058545;[0];-92.5625
-79.00253498;-2.892058115;[0];-92.3750
-79.00229218;-2.892057686;[0];-92.1875
-79.00204938;-2.892057256;[0];-92.0625
-79.00180658;-2.892056827;[0];-91.8750
-79.00156378;-2.892056397;[0];-91.7500
-79.00132098;-2.892055967;[0];-91.6875
-79.00107818;-2.892055537;[0];-91.5625
-79.00083538;-2.892055107;[0];-91.4375
-79.00059258;-2.892054677;[0];-91.4375
-79.00034978;-2.892054247;[0];-91.3125
-79.00010698;-2.892053817;[0];-91.3125
-78.99986418;-2.892053387;[0];-91.1875
-78.99962138;-2.892052957;[0];-91.2500
-78.99937858;-2.892052527;[0];-91.2500
-78.99913578;-2.892052096;[0];-91.1875
-78.99889298;-2.892051666;[0];-91.1875
-78.99865018;-2.892051236;[0];-91.2500
-78.99840738;-2.892050805;[0];-91.2500
-78.99816458;-2.892050375;[0];-91.3125
-78.99792178;-2.892049944;[0];-91.3125
-78.99767898;-2.892049514;[0];-91.3750
-78.99743618;-2.892049083;[0];-91.4375
-78.99719338;-2.892048652;[0];-91.5000
-78.99695058;-2.892048222;[0];-91.5625
-78.99670778;-2.892047791;[0];-91.6250
-78.99646498;-2.89204736;[0];-91.8125
-78.99622218;-2.892046929;[0];-91.8750
-78.99597939;-2.892046498;[0];-91.9375
-78.99573659;-2.892046067;[0];-92.0000
-78.99549379;-2.892045636;[0];-92.1250
-78.99525099;-2.892045205;[0];-92.2500
-78.99500819;-2.892044774;[0];-92.4375
-78.99476539;-2.892044343;[0];-92.5625
-78.99452259;-2.892043911;[0];-92.6250
-78.99427979;-2.89204348;[0];-92.8125
-78.99403699;-2.892043049;[0];-93.0000
-78.99379419;-2.892042617;[0];-93.1250
-78.99355139;-2.892042186;[0];-93.3125
-78.99330859;-2.892041754;[0];-93.4375
-78.99306579;-2.892041323;[0];-93.5000
-78.99282299;-2.892040891;[0];-93.6875
-78.99258020;-2.892040459;[0];-93.8750
-78.99233740;-2.892040028;[0];-94.0000
-78.99209460;-2.892039596;[0];-94.1250
-78.99185180;-2.892039164;[0];-94.3125
-78.991609;-2.892038732;[0];-94.4375
-78.99136620;-2.8920383;[0];-94.5625
-78.99112340;-2.892037868;[0];-94.7500
-78.99088060;-2.892037436;[0];-94.9375
-78.99063781;-2.892037004;[0];-95.1250
-78.99039501;-2.892036572;[0];-95.2500
-78.99015221;-2.89203614;[0];-95.4375
-78.98990941;-2.892035707;[0];-95.5625
-78.98966661;-2.892035275;[0];-95.6875
-78.98942381;-2.892034843;[0];-95.8750
-78.98918101;-2.89203441;[0];-96.0625
-78.98893822;-2.892033978;[0];-96.2500
-78.98869542;-2.892033545;[0];-96.3750
-78.98845262;-2.892033113;[0];-96.5000
-78.98820982;-2.89203268;[0];-96.6875
-78.98796702;-2.892032247;[0];-96.8750
-78.98772422;-2.892031815;[0];-97.0625
-78.98748143;-2.892031382;[0];-97.1875
-78.98723863;-2.892030949;[0];-97.3125
-78.98699583;-2.892030516;[0];-97.5000
-78.98675303;-2.892030083;[0];-97.6875
-78.98651023;-2.89202965;[0];-97.8750
-78.98626743;-2.892029217;[0];-98.0000
-78.98602464;-2.892028784;[0];-98.1875
-78.98578184;-2.892028351;[0];-98.3750
-78.98553904;-2.892027918;[0];-98.5000
-78.98529624;-2.892027485;[0];-98.6250
-78.98505344;-2.892027051;[0];-98.7500
-78.98481065;-2.892026618;[0];-98.9375
-78.98456785;-2.892026184;[0];-99.1250
-78.98432505;-2.892025751;[0];-99.2500
-78.98408225;-2.892025318;[0];-99.4375
-78.98383946;-2.892024884;[0];-99.5625
-78.98359666;-2.89202445;[0];-99.7500
-78.98335386;-2.892024017;[0];-99.9375
-78.98311106;-2.892023583;[0];-100.0625
-78.98286827;-2.892023149;[0];-100.2500
-78.98262547;-2.892022715;[0];-100.3750
-78.98238267;-2.892022282;[0];-100.5000
-78.98213987;-2.892021848;[0];-100.6250
-78.98189708;-2.892021414;[0];-100.7500
-78.98165428;-2.89202098;[0];-100.8750
-78.98141148;-2.892020546;[0];-101.0625
-78.98116868;-2.892020111;[0];-101.2500
-78.98092589;-2.892019677;[0];-101.4375
-78.98068309;-2.892019243;[0];-101.5625
-78.98044029;-2.892018809;[0];-101.6875
-78.98019750;-2.892018374;[0];-101.8750
-78.97995470;-2.89201794;[0];-102.0000
-79.00981944;-2.891826857;[0];-101.6875
-79.00957664;-2.891826429;[0];-101.3750
-79.00933384;-2.891826001;[0];-101.0625
-79.00909104;-2.891825573;[0];-100.6875
-79.00884823;-2.891825144;[0];-100.2500
-79.00860543;-2.891824716;[0];-99.9375
-79.00836263;-2.891824288;[0];-99.6250
-79.00811983;-2.89182386;[0];-99.2500
-79.00787703;-2.891823431;[0];-98.8125
-79.00763423;-2.891823003;[0];-98.4375
-79.00739143;-2.891822574;[0];-98.1250
-79.00714863;-2.891822146;[0];-97.8125
-79.00690583;-2.891821717;[0];-97.4375
-79.00666302;-2.891821289;[0];-97.0625
-79.00642022;-2.89182086;[0];-96.7500
-79.00617742;-2.891820431;[0];-96.4375
-79.00593462;-2.891820002;[0];-96.1250
-79.00569182;-2.891819574;[0];-95.8125
-79.00544902;-2.891819145;[0];-95.5625
-79.00520622;-2.891818716;[0];-95.2500
-79.00496342;-2.891818287;[0];-94.9375
-79.00472062;-2.891817858;[0];-94.6875
-79.00447782;-2.891817429;[0];-94.3750
-79.00423502;-2.891817;[0];-94.1250
-79.00399221;-2.89181657;[0];-93.9375
-79.00374941;-2.891816141;[0];-93.6875
-79.00350661;-2.891815712;[0];-93.4375
-79.00326381;-2.891815282;[0];-93.2500
-79.00302101;-2.891814853;[0];-93.0625
-79.00277821;-2.891814424;[0];-92.8750
-79.00253541;-2.891813994;[0];-92.6875
-79.00229261;-2.891813565;[0];-92.5000
-79.00204981;-2.891813135;[0];-92.3750
-79.00180701;-2.891812705;[0];-92.1875
-79.00156421;-2.891812276;[0];-92.0625
-79.00132141;-2.891811846;[0];-91.9375
-79.00107861;-2.891811416;[0];-91.8750
-79.00083581;-2.891810986;[0];-91.7500
-79.00059301;-2.891810556;[0];-91.6875
-79.00035021;-2.891810126;[0];-91.6250
-79.00010741;-2.891809696;[0];-91.6250
-78.99986461;-2.891809266;[0];-91.5625
-78.99962181;-2.891808836;[0];-91.5000
-78.99937901;-2.891808406;[0];-91.5625
-78.99913621;-2.891807976;[0];-91.5000
-78.99889341;-2.891807545;[0];-91.5000
-78.99865061;-2.891807115;[0];-91.5000
-78.99840781;-2.891806685;[0];-91.5625
-78.99816501;-2.891806254;[0];-91.5625
-78.99792221;-2.891805824;[0];-91.6250
-78.99767941;-2.891805393;[0];-91.6875
-78.99743661;-2.891804962;[0];-91.6875
-78.99719381;-2.891804532;[0];-91.7500
-78.99695101;-2.891804101;[0];-91.8125
-78.99670821;-2.89180367;[0];-91.8750
-78.99646541;-2.891803239;[0];-92.0000
-78.99622261;-2.891802809;[0];-92.1250
-78.99597981;-2.891802378;[0];-92.1875
-78.99573701;-2.891801947;[0];-92.2500
-78.99549421;-2.891801516;[0];-92.3125
-78.99525142;-2.891801085;[0];-92.4375
-78.99500862;-2.891800654;[0];-92.6250
-78.99476582;-2.891800222;[0];-92.7500
-78.99452302;-2.891799791;[0];-92.8750
-78.99428022;-2.89179936;[0];-93.0000
-78.99403742;-2.891798929;[0];-93.1250
-78.99379462;-2.891798497;[0];-93.3125
-78.99355182;-2.891798066;[0];-93.4375
-78.99330902;-2.891797634;[0];-93.6250
-78.99306622;-2.891797203;[0];-93.7500
-78.99282342;-2.891796771;[0];-93.8125
-78.99258063;-2.891796339;[0];-94.0000
-78.99233783;-2.891795908;[0];-94.1250
-78.99209503;-2.891795476;[0];-94.3125
-78.99185223;-2.891795044;[0];-94.4375
-78.99160943;-2.891794612;[0];-94.6250
-78.99136663;-2.89179418;[0];-94.7500
-78.99112383;-2.891793748;[0];-94.8750
-78.99088103;-2.891793316;[0];-95.0000
-78.99063823;-2.891792884;[0];-95.1875
-78.99039544;-2.891792452;[0];-95.3750
-78.99015264;-2.89179202;[0];-95.5625
-78.98990984;-2.891791588;[0];-95.6875
-78.98966704;-2.891791156;[0];-95.8125
-78.98942424;-2.891790723;[0];-96.0000
-78.98918144;-2.891790291;[0];-96.1250
-78.98893865;-2.891789858;[0];-96.3125
-78.98869585;-2.891789426;[0];-96.5000
-78.98845305;-2.891788993;[0];-96.6250
-78.98821025;-2.891788561;[0];-96.8125
-78.98796745;-2.891788128;[0];-96.9375
-78.98772465;-2.891787696;[0];-97.1250
-78.98748186;-2.891787263;[0];-97.3125
-78.98723906;-2.89178683;[0];-97.4375
-78.98699626;-2.891786397;[0];-97.5625
-78.98675346;-2.891785964;[0];-97.7500
-78.98651066;-2.891785531;[0];-97.9375
-78.98626787;-2.891785098;[0];-98.0625
-78.98602507;-2.891784665;[0];-98.2500
-78.98578227;-2.891784232;[0];-98.4375
-78.98553947;-2.891783799;[0];-98.5625
-78.98529667;-2.891783366;[0];-98.7500
-78.98505388;-2.891782933;[0];-98.8750
-78.98481108;-2.891782499;[0];-99.0000
-78.98456828;-2.891782066;[0];-99.1250
-78.98432548;-2.891781632;[0];-99.3125
-78.98408268;-2.891781199;[0];-99.4375
-78.98383989;-2.891780765;[0];-99.6250
-78.98359709;-2.891780332;[0];-99.8125
-78.98335429;-2.891779898;[0];-99.9375
-78.98311149;-2.891779465;[0];-100.1250
-78.98286870;-2.891779031;[0];-100.2500
-78.98262590;-2.891778597;[0];-100.4375
-78.98238310;-2.891778163;[0];-100.5625
-78.98214030;-2.891777729;[0];-100.6875
-78.98189751;-2.891777295;[0];-100.8125
-78.98165471;-2.891776861;[0];-100.9375
-78.98141191;-2.891776427;[0];-101.0625
-78.98116912;-2.891775993;[0];-101.2500
-78.98092632;-2.891775559;[0];-101.3750
-78.98068352;-2.891775125;[0];-101.5625
-78.98044072;-2.891774691;[0];-101.7500
-78.98019793;-2.891774256;[0];-101.8750
-78.97995513;-2.891773822;[0];-102.0000
-79.00981987;-2.891582734;[0];-101.8125
-79.00957706;-2.891582306;[0];-101.5000
-79.00933426;-2.891581878;[0];-101.1875
-79.00909146;-2.89158145;[0];-100.8125
-79.00884866;-2.891581022;[0];-100.4375
-79.00860586;-2.891580594;[0];-100.1250
-79.00836306;-2.891580166;[0];-99.7500
-79.00812026;-2.891579737;[0];-99.3750
-79.00787746;-2.891579309;[0];-99.0000
-79.00763465;-2.891578881;[0];-98.6250
-79.00739185;-2.891578452;[0];-98.3750
-79.00714905;-2.891578024;[0];-98.0000
-79.00690625;-2.891577595;[0];-97.6250
-79.00666345;-2.891577167;[0];-97.2500
-79.00642065;-2.891576738;[0];-97.0000
-79.00617785;-2.891576309;[0];-96.6875
-79.00593505;-2.891575881;[0];-96.3750
-79.00569225;-2.891575452;[0];-96.0625
-79.00544945;-2.891575023;[0];-95.8125
-79.00520665;-2.891574594;[0];-95.5000
-79.00496384;-2.891574165;[0];-95.1875
-79.00472104;-2.891573736;[0];-94.9375
-79.00447824;-2.891573307;[0];-94.6250
-79.00423544;-2.891572878;[0];-94.4375
-79.00399264;-2.891572449;[0];-94.1875
-79.00374984;-2.89157202;[0];-94.0000
-79.00350704;-2.89157159;[0];-93.6875
-79.00326424;-2.891571161;[0];-93.5000
-79.00302144;-2.891570732;[0];-93.3750
-79.00277864;-2.891570302;[0];-93.1875
-79.00253584;-2.891569873;[0];-93.0000
-79.00229304;-2.891569443;[0];-92.8125
-79.00205024;-2.891569014;[0];-92.6875
-79.00180744;-2.891568584;[0];-92.5000
-79.00156464;-2.891568154;[0];-92.3750
-79.00132184;-2.891567725;[0];-92.2500
-79.00107904;-2.891567295;[0];-92.1875
-79.00083624;-2.891566865;[0];-92.1250
-79.00059344;-2.891566435;[0];-92.0000
-79.00035064;-2.891566005;[0];-91.9375
-79.00010784;-2.891565575;[0];-91.8750
-78.99986504;-2.891565145;[0];-91.8750
-78.99962224;-2.891564715;[0];-91.8125
-78.99937944;-2.891564285;[0];-91.8125
-78.99913664;-2.891563855;[0];-91.8125
-78.99889384;-2.891563424;[0];-91.7500
-78.99865104;-2.891562994;[0];-91.8125
-78.99840824;-2.891562564;[0];-91.8125
-78.99816544;-2.891562133;[0];-91.8750
-78.99792264;-2.891561703;[0];-91.8750
-78.99767984;-2.891561272;[0];-91.9375
-78.99743704;-2.891560842;[0];-92.0000
-78.99719424;-2.891560411;[0];-92.0625
-78.99695144;-2.891559981;[0];-92.0625
-78.99670864;-2.89155955;[0];-92.1250
-78.99646584;-2.891559119;[0];-92.1875
-78.99622304;-2.891558688;[0];-92.3750
-78.99598024;-2.891558257;[0];-92.4375
-78.99573744;-2.891557826;[0];-92.5000
-78.99549464;-2.891557395;[0];-92.5625
-78.99525184;-2.891556964;[0];-92.6875
-78.99500905;-2.891556533;[0];-92.8125
-78.99476625;-2.891556102;[0];-92.9375
-78.99452345;-2.891555671;[0];-93.1250
-78.99428065;-2.89155524;[0];-93.1875
-78.99403785;-2.891554808;[0];-93.3125
-78.99379505;-2.891554377;[0];-93.4375
-78.99355225;-2.891553946;[0];-93.6250
-78.99330945;-2.891553514;[0];-93.7500
-78.99306665;-2.891553083;[0];-93.9375
-78.99282385;-2.891552651;[0];-94.0000
-78.99258105;-2.89155222;[0];-94.1250
-78.99233826;-2.891551788;[0];-94.3125
-78.99209546;-2.891551356;[0];-94.4375
-78.99185266;-2.891550924;[0];-94.6250
-78.99160986;-2.891550493;[0];-94.7500
-78.99136706;-2.891550061;[0];-94.8750
-78.99112426;-2.891549629;[0];-95.0625
-78.99088146;-2.891549197;[0];-95.1875
-78.99063866;-2.891548765;[0];-95.3125
-78.99039587;-2.891548333;[0];-95.4375
-78.99015307;-2.891547901;[0];-95.6875
-78.98991027;-2.891547468;[0];-95.8125
-78.98966747;-2.891547036;[0];-96.0000
-78.98942467;-2.891546604;[0];-96.1250
-78.98918187;-2.891546172;[0];-96.2500
-78.98893908;-2.891545739;[0];-96.3750
-78.98869628;-2.891545307;[0];-96.5625
-78.98845348;-2.891544874;[0];-96.7500
-78.98821068;-2.891544442;[0];-96.9375
-78.98796788;-2.891544009;[0];-97.0625
-78.98772508;-2.891543576;[0];-97.1875
-78.98748229;-2.891543144;[0];-97.3750
-78.98723949;-2.891542711;[0];-97.5625
-78.98699669;-2.891542278;[0];-97.6875
-78.98675389;-2.891541845;[0];-97.8125
-78.98651109;-2.891541412;[0];-97.9375
-78.98626830;-2.891540979;[0];-98.1250
-78.98602550;-2.891540546;[0];-98.3125
-78.9857827;-2.891540113;[0];-98.4375
-78.98553990;-2.89153968;[0];-98.6250
-78.98529710;-2.891539247;[0];-98.8125
-78.98505431;-2.891538814;[0];-98.9375
-78.98481151;-2.891538381;[0];-99.0625
-78.98456871;-2.891537947;[0];-99.1875
-78.98432591;-2.891537514;[0];-99.3750
-78.98408312;-2.89153708;[0];-99.5000
-78.98384032;-2.891536647;[0];-99.6875
-78.98359752;-2.891536213;[0];-99.8125
-78.98335472;-2.89153578;[0];-100.0000
-78.98311193;-2.891535346;[0];-100.1250
-78.98286913;-2.891534912;[0];-100.3125
-78.98262633;-2.891534479;[0];-100.4375
-78.98238353;-2.891534045;[0];-100.5625
-78.98214074;-2.891533611;[0];-100.7500
-78.98189794;-2.891533177;[0];-100.8750
-78.98165514;-2.891532743;[0];-101.0000
-78.98141234;-2.891532309;[0];-101.1250
-78.98116955;-2.891531875;[0];-101.2500
-78.98092675;-2.891531441;[0];-101.3750
-78.98068395;-2.891531007;[0];-101.5625
-78.98044116;-2.891530573;[0];-101.6875
-78.98019836;-2.891530138;[0];-101.8750
-79.00982029;-2.891338612;[0];-101.9375
-79.00957749;-2.891338184;[0];-101.6875
-79.00933469;-2.891337756;[0];-101.3125
-79.00909189;-2.891337328;[0];-100.9375
-79.00884909;-2.8913369;[0];-100.5625
-79.00860629;-2.891336472;[0];-100.3125
-79.00836348;-2.891336044;[0];-99.9375
-79.00812068;-2.891335615;[0];-99.5625
-79.00787788;-2.891335187;[0];-99.1875
-79.00763508;-2.891334759;[0];-98.8125
-79.00739228;-2.89133433;[0];-98.5625
-79.00714948;-2.891333902;[0];-98.1875
-79.00690668;-2.891333473;[0];-97.8750
-79.00666388;-2.891333045;[0];-97.5000
-79.00642108;-2.891332616;[0];-97.2500
-79.00617827;-2.891332188;[0];-96.9375
-79.00593547;-2.891331759;[0];-96.6250
-79.00569267;-2.89133133;[0];-96.3125
-79.00544987;-2.891330901;[0];-96.0625
-79.00520707;-2.891330472;[0];-95.7500
-79.00496427;-2.891330043;[0];-95.5000
-79.00472147;-2.891329615;[0];-95.2500
-79.00447867;-2.891329186;[0];-94.9375
-79.00423587;-2.891328756;[0];-94.6875
-79.00399307;-2.891328327;[0];-94.5000
-79.00375027;-2.891327898;[0];-94.3125
-79.00350747;-2.891327469;[0];-94.0000
-79.00326467;-2.89132704;[0];-93.8125
-79.00302187;-2.89132661;[0];-93.6250
-79.00277907;-2.891326181;[0];-93.5000
-79.00253627;-2.891325751;[0];-93.3125
-79.00229347;-2.891325322;[0];-93.1250
-79.00205067;-2.891324892;[0];-93.0000
-79.00180787;-2.891324463;[0];-92.8750
-79.00156507;-2.891324033;[0];-92.6875
-79.00132226;-2.891323604;[0];-92.5625
-79.00107946;-2.891323174;[0];-92.5625
-79.00083666;-2.891322744;[0];-92.4375
-79.00059386;-2.891322314;[0];-92.3125
-79.00035106;-2.891321884;[0];-92.3125
-79.00010826;-2.891321454;[0];-92.1875
-78.99986546;-2.891321024;[0];-92.1875
-78.99962266;-2.891320594;[0];-92.1250
-78.99937987;-2.891320164;[0];-92.1250
-78.99913707;-2.891319734;[0];-92.1250
-78.99889427;-2.891319304;[0];-92.0625
-78.99865147;-2.891318873;[0];-92.0625
-78.99840867;-2.891318443;[0];-92.1250
-78.99816587;-2.891318013;[0];-92.1250
-78.99792307;-2.891317582;[0];-92.1875
-78.99768027;-2.891317152;[0];-92.1875
-78.99743747;-2.891316721;[0];-92.2500
-78.99719467;-2.891316291;[0];-92.3125
-78.99695187;-2.89131586;[0];-92.3750
-78.99670907;-2.891315429;[0];-92.3750
-78.99646627;-2.891314999;[0];-92.4375
-78.99622347;-2.891314568;[0];-92.5625
-78.99598067;-2.891314137;[0];-92.6875
-78.99573787;-2.891313706;[0];-92.7500
-78.99549507;-2.891313275;[0];-92.8125
-78.99525227;-2.891312844;[0];-92.8750
-78.99500947;-2.891312413;[0];-93.0000
-78.99476667;-2.891311982;[0];-93.1250
-78.99452388;-2.891311551;[0];-93.2500
-78.99428108;-2.89131112;[0];-93.4375
-78.99403828;-2.891310688;[0];-93.5000
-78.99379548;-2.891310257;[0];-93.6250
-78.99355268;-2.891309826;[0];-93.8125
-78.99330988;-2.891309394;[0];-93.9375
-78.99306708;-2.891308963;[0];-94.0625
-78.99282428;-2.891308531;[0];-94.2500
-78.99258148;-2.8913081;[0];-94.3125
-78.99233868;-2.891307668;[0];-94.4375
-78.99209589;-2.891307236;[0];-94.6250
-78.99185309;-2.891306805;[0];-94.7500
-78.99161029;-2.891306373;[0];-94.9375
-78.99136749;-2.891305941;[0];-95.0625
-78.99112469;-2.891305509;[0];-95.1875
-78.99088189;-2.891305077;[0];-95.3125
-78.99063909;-2.891304645;[0];-95.4375
-78.99039630;-2.891304213;[0];-95.6250
-78.99015350;-2.891303781;[0];-95.7500
-78.98991070;-2.891303349;[0];-95.9375
-78.9896679;-2.891302917;[0];-96.1250
-78.98942510;-2.891302485;[0];-96.2500
-78.98918230;-2.891302052;[0];-96.3750
-78.98893951;-2.89130162;[0];-96.5000
-78.98869671;-2.891301188;[0];-96.6250
-78.98845391;-2.891300755;[0];-96.8125
-78.98821111;-2.891300323;[0];-97.0000
-78.98796831;-2.89129989;[0];-97.1875
-78.98772551;-2.891299457;[0];-97.3125
-78.98748272;-2.891299025;[0];-97.4375
-78.98723992;-2.891298592;[0];-97.6250
-78.98699712;-2.891298159;[0];-97.7500
-78.98675432;-2.891297726;[0];-97.9375
-78.98651152;-2.891297294;[0];-98.0625
-78.98626873;-2.891296861;[0];-98.1875
-78.98602593;-2.891296428;[0];-98.3750
-78.98578313;-2.891295995;[0];-98.5000
-78.98554033;-2.891295561;[0];-98.6875
-78.98529754;-2.891295128;[0];-98.8125
-78.98505474;-2.891294695;[0];-99.0000
-78.98481194;-2.891294262;[0];-99.1875
-78.98456914;-2.891293829;[0];-99.3125
-78.98432634;-2.891293395;[0];-99.4375
-78.98408355;-2.891292962;[0];-99.5625
-78.98384075;-2.891292528;[0];-99.6875
-78.98359795;-2.891292095;[0];-99.8750
-78.98335515;-2.891291661;[0];-100.0000
-78.98311236;-2.891291228;[0];-100.1875
-78.98286956;-2.891290794;[0];-100.3125
-78.98262676;-2.89129036;[0];-100.5000
-78.98238397;-2.891289927;[0];-100.6250
-78.98214117;-2.891289493;[0];-100.7500
-78.98189837;-2.891289059;[0];-100.9375
-78.98165557;-2.891288625;[0];-101.0625
-78.98141278;-2.891288191;[0];-101.1875
-78.98116998;-2.891287757;[0];-101.3125
-78.98092718;-2.891287323;[0];-101.4375
-78.98068438;-2.891286889;[0];-101.5625
-78.98044159;-2.891286455;[0];-101.6875
-78.98019879;-2.89128602;[0];-101.8750
-78.97995599;-2.891285586;[0];-102.0000
-79.00957792;-2.891094062;[0];-101.8125
-79.00933511;-2.891093634;[0];-101.4375
-79.00909231;-2.891093206;[0];-101.0625
-79.00884951;-2.891092778;[0];-100.7500
-79.00860671;-2.89109235;[0];-100.4375
-79.00836391;-2.891091921;[0];-100.1250
-79.00812111;-2.891091493;[0];-99.7500
-79.00787831;-2.891091065;[0];-99.3750
-79.00763551;-2.891090637;[0];-99.0625
-79.00739271;-2.891090208;[0];-98.7500
-79.00714990;-2.89108978;[0];-98.4375
-79.00690710;-2.891089351;[0];-98.0625
-79.00666430;-2.891088923;[0];-97.7500
-79.00642150;-2.891088494;[0];-97.4375
-79.00617870;-2.891088066;[0];-97.1250
-79.0059359;-2.891087637;[0];-96.8750
-79.00569310;-2.891087208;[0];-96.5625
-79.00545030;-2.89108678;[0];-96.3125
-79.00520750;-2.891086351;[0];-96.0625
-79.00496470;-2.891085922;[0];-95.7500
-79.00472190;-2.891085493;[0];-95.5000
-79.00447910;-2.891085064;[0];-95.1875
-79.00423630;-2.891084635;[0];-95.0000
-79.00399350;-2.891084206;[0];-94.8125
-79.00375070;-2.891083777;[0];-94.5625
-79.00350789;-2.891083347;[0];-94.3125
-79.00326509;-2.891082918;[0];-94.1250
-79.00302229;-2.891082489;[0];-93.9375
-79.00277949;-2.89108206;[0];-93.7500
-79.00253669;-2.89108163;[0];-93.6250
-79.00229389;-2.891081201;[0];-93.4375
-79.00205109;-2.891080771;[0];-93.3125
-79.00180829;-2.891080342;[0];-93.1250
-79.00156549;-2.891079912;[0];-93.0000
-79.00132269;-2.891079482;[0];-92.8750
-79.00107989;-2.891079053;[0];-92.8125
-79.00083709;-2.891078623;[0];-92.7500
-79.00059429;-2.891078193;[0];-92.6250
-79.00035149;-2.891077763;[0];-92.5625
-79.00010869;-2.891077333;[0];-92.5000
-78.99986589;-2.891076903;[0];-92.5000
-78.99962309;-2.891076473;[0];-92.4375
-78.99938029;-2.891076043;[0];-92.3750
-78.99913749;-2.891075613;[0];-92.3750
-78.99889469;-2.891075183;[0];-92.3750
-78.99865189;-2.891074753;[0];-92.3125
-78.99840909;-2.891074322;[0];-92.3750
-78.99816629;-2.891073892;[0];-92.3750
-78.99792349;-2.891073462;[0];-92.4375
-78.99768070;-2.891073031;[0];-92.4375
-78.99743790;-2.891072601;[0];-92.5000
-78.99719510;-2.89107217;[0];-92.5625
-78.99695230;-2.89107174;[0];-92.6250
-78.99670950;-2.891071309;[0];-92.6250
-78.99646670;-2.891070878;[0];-92.6875
-78.99622390;-2.891070447;[0];-92.7500
-78.99598110;-2.891070017;[0];-92.8750
-78.9957383;-2.891069586;[0];-93.0000
-78.9954955;-2.891069155;[0];-93.0625
-78.99525270;-2.891068724;[0];-93.1250
-78.99500990;-2.891068293;[0];-93.1875
-78.99476710;-2.891067862;[0];-93.3125
-78.99452430;-2.891067431;[0];-93.4375
-78.99428151;-2.891067;[0];-93.6250
-78.99403871;-2.891066568;[0];-93.6875
-78.99379591;-2.891066137;[0];-93.8125
-78.99355311;-2.891065706;[0];-93.9375
-78.99331031;-2.891065274;[0];-94.0625
-78.99306751;-2.891064843;[0];-94.2500
-78.99282471;-2.891064411;[0];-94.3750
-78.99258191;-2.89106398;[0];-94.5625
-78.99233911;-2.891063548;[0];-94.6250
-78.99209632;-2.891063117;[0];-94.7500
-78.99185352;-2.891062685;[0];-94.8750
-78.99161072;-2.891062253;[0];-95.0625
-78.99136792;-2.891061821;[0];-95.1875
-78.99112512;-2.89106139;[0];-95.3125
-78.99088232;-2.891060958;[0];-95.4375
-78.99063952;-2.891060526;[0];-95.6250
-78.99039673;-2.891060094;[0];-95.7500
-78.99015393;-2.891059662;[0];-95.8750
-78.98991113;-2.89105923;[0];-96.0000
-78.98966833;-2.891058797;[0];-96.1875
-78.98942553;-2.891058365;[0];-96.3750
-78.98918273;-2.891057933;[0];-96.5000
-78.98893994;-2.891057501;[0];-96.6250
-78.98869714;-2.891057068;[0];-96.7500
-78.98845434;-2.891056636;[0];-96.9375
-78.98821154;-2.891056203;[0];-97.0625
-78.98796874;-2.891055771;[0];-97.2500
-78.98772594;-2.891055338;[0];-97.4375
-78.98748315;-2.891054906;[0];-97.5625
-78.98724035;-2.891054473;[0];-97.6875
-78.98699755;-2.89105404;[0];-97.8125
-78.98675475;-2.891053607;[0];-98.0000
-78.98651195;-2.891053175;[0];-98.1875
-78.98626916;-2.891052742;[0];-98.3125
-78.98602636;-2.891052309;[0];-98.4375
-78.98578356;-2.891051876;[0];-98.5625
-78.98554076;-2.891051443;[0];-98.7500
-78.98529797;-2.89105101;[0];-98.8750
-78.98505517;-2.891050576;[0];-99.0625
-78.98481237;-2.891050143;[0];-99.1875
-78.98456957;-2.89104971;[0];-99.3750
-78.98432678;-2.891049277;[0];-99.5000
-78.98408398;-2.891048843;[0];-99.6250
-78.98384118;-2.89104841;[0];-99.7500
-78.98359838;-2.891047976;[0];-99.8750
-78.98335559;-2.891047543;[0];-100.0625
-78.98311279;-2.891047109;[0];-100.1875
-78.98286999;-2.891046676;[0];-100.3750
-78.98262719;-2.891046242;[0];-100.5000
-78.98238440;-2.891045808;[0];-100.6250
-78.98214160;-2.891045375;[0];-100.8125
-78.98189880;-2.891044941;[0];-100.9375
-78.98165601;-2.891044507;[0];-101.1250
-78.98141321;-2.891044073;[0];-101.2500
-78.98117041;-2.891043639;[0];-101.3750
-78.98092761;-2.891043205;[0];-101.5000
-78.98068482;-2.891042771;[0];-101.6250
-78.98044202;-2.891042337;[0];-101.7500
-78.98019922;-2.891041902;[0];-101.8750
-78.97995643;-2.891041468;[0];-102.0000
-79.00957834;-2.890849939;[0];-101.9375
-79.00933554;-2.890849511;[0];-101.5625
-79.00909274;-2.890849083;[0];-101.2500
-79.00884994;-2.890848655;[0];-100.9375
-79.00860714;-2.890848227;[0];-100.6250
-79.00836434;-2.890847799;[0];-100.2500
-79.00812153;-2.890847371;[0];-99.8750
-79.00787873;-2.890846943;[0];-99.5625
-79.00763593;-2.890846515;[0];-99.2500
-79.00739313;-2.890846086;[0];-98.9375
-79.00715033;-2.890845658;[0];-98.6250
-79.00690753;-2.890845229;[0];-98.2500
-79.00666473;-2.890844801;[0];-97.9375
-79.00642193;-2.890844372;[0];-97.6875
-79.00617913;-2.890843944;[0];-97.3750
-79.00593633;-2.890843515;[0];-97.1250
-79.00569353;-2.890843086;[0];-96.8125
-79.00545073;-2.890842658;[0];-96.5625
-79.00520792;-2.890842229;[0];-96.3125
-79.00496512;-2.8908418;[0];-96.0000
-79.00472232;-2.890841371;[0];-95.7500
-79.00447952;-2.890840942;[0];-95.5000
-79.00423672;-2.890840513;[0];-95.2500
-79.00399392;-2.890840084;[0];-95.0625
-79.00375112;-2.890839655;[0];-94.8750
-79.00350832;-2.890839226;[0];-94.5625
-79.00326552;-2.890838797;[0];-94.4375
-79.00302272;-2.890838368;[0];-94.2500
-79.00277992;-2.890837938;[0];-94.0625
-79.00253712;-2.890837509;[0];-93.9375
-79.00229432;-2.890837079;[0];-93.7500
-79.00205152;-2.89083665;[0];-93.6250
-79.00180872;-2.89083622;[0];-93.4375
-79.00156592;-2.890835791;[0];-93.3125
-79.00132312;-2.890835361;[0];-93.1875
-79.00108032;-2.890834932;[0];-93.1250
-79.00083752;-2.890834502;[0];-93.0625
-79.00059472;-2.890834072;[0];-92.9375
-79.00035192;-2.890833642;[0];-92.8750
-79.00010912;-2.890833212;[0];-92.8125
-78.99986632;-2.890832782;[0];-92.7500
-78.99962352;-2.890832352;[0];-92.7500
-78.99938072;-2.890831922;[0];-92.6875
-78.99913792;-2.890831492;[0];-92.6875
-78.99889512;-2.890831062;[0];-92.6875
-78.99865232;-2.890830632;[0];-92.6250
-78.99840952;-2.890830202;[0];-92.6250
-78.99816672;-2.890829771;[0];-92.6875
-78.99792392;-2.890829341;[0];-92.6875
-78.99768112;-2.890828911;[0];-92.7500
-78.99743832;-2.89082848;[0];-92.7500
-78.99719552;-2.89082805;[0];-92.8125
-78.99695273;-2.890827619;[0];-92.8750
-78.99670993;-2.890827188;[0];-92.8750
-78.99646713;-2.890826758;[0];-92.9375
-78.99622433;-2.890826327;[0];-93.0000
-78.99598153;-2.890825896;[0];-93.0625
-78.99573873;-2.890825466;[0];-93.2500
-78.99549593;-2.890825035;[0];-93.3125
-78.99525313;-2.890824604;[0];-93.3750
-78.99501033;-2.890824173;[0];-93.4375
-78.99476753;-2.890823742;[0];-93.5000
-78.99452473;-2.890823311;[0];-93.6250
-78.99428193;-2.890822879;[0];-93.7500
-78.99403914;-2.890822448;[0];-93.9375
-78.99379634;-2.890822017;[0];-94.0000
-78.99355354;-2.890821586;[0];-94.1250
-78.99331074;-2.890821154;[0];-94.2500
-78.99306794;-2.890820723;[0];-94.3750
-78.99282514;-2.890820292;[0];-94.5625
-78.99258234;-2.89081986;[0];-94.6875
-78.99233954;-2.890819429;[0];-94.8125
-78.99209674;-2.890818997;[0];-94.9375
-78.99185395;-2.890818565;[0];-95.0625
-78.99161115;-2.890818134;[0];-95.1875
-78.99136835;-2.890817702;[0];-95.3125
-78.99112555;-2.89081727;[0];-95.5000
-78.99088275;-2.890816838;[0];-95.6250
-78.99063995;-2.890816406;[0];-95.7500
-78.99039716;-2.890815974;[0];-95.8750
-78.99015436;-2.890815542;[0];-96.0000
-78.98991156;-2.89081511;[0];-96.1250
-78.98966876;-2.890814678;[0];-96.2500
-78.98942596;-2.890814246;[0];-96.4375
-78.98918316;-2.890813814;[0];-96.6250
-78.98894037;-2.890813381;[0];-96.7500
-78.98869757;-2.890812949;[0];-96.8750
-78.98845477;-2.890812517;[0];-97.0625
-78.98821197;-2.890812084;[0];-97.1875
-78.98796917;-2.890811652;[0];-97.3125
-78.98772637;-2.890811219;[0];-97.5000
-78.98748358;-2.890810787;[0];-97.6250
-78.98724078;-2.890810354;[0];-97.8125
-78.98699798;-2.890809921;[0];-97.9375
-78.98675518;-2.890809488;[0];-98.0625
-78.98651239;-2.890809056;[0];-98.2500
-78.98626959;-2.890808623;[0];-98.3750
-78.98602679;-2.89080819;[0];-98.5625
-78.98578399;-2.890807757;[0];-98.6875
-78.98554119;-2.890807324;[0];-98.8125
-78.98529840;-2.890806891;[0];-98.9375
-78.98505560;-2.890806458;[0];-99.1250
-78.98481280;-2.890806025;[0];-99.2500
-78.98457000;-2.890805591;[0];-99.4375
-78.98432721;-2.890805158;[0];-99.5625
-78.98408441;-2.890804725;[0];-99.7500
-78.98384161;-2.890804291;[0];-99.8750
-78.98359881;-2.890803858;[0];-100.0000
-78.98335602;-2.890803425;[0];-100.1250
-78.98311322;-2.890802991;[0];-100.2500
-78.98287042;-2.890802557;[0];-100.3750
-78.98262763;-2.890802124;[0];-100.5625
-78.98238483;-2.89080169;[0];-100.6875
-78.98214203;-2.890801256;[0];-100.8125
-78.98189923;-2.890800823;[0];-101.0000
-78.98165644;-2.890800389;[0];-101.1250
-78.98141364;-2.890799955;[0];-101.2500
-78.98117084;-2.890799521;[0];-101.4375
-78.98092805;-2.890799087;[0];-101.5625
-78.98068525;-2.890798653;[0];-101.6875
-78.98044245;-2.890798219;[0];-101.8125
-78.98019965;-2.890797785;[0];-101.9375
-79.00933597;-2.890605389;[0];-101.6875
-79.00909316;-2.890604961;[0];-101.3750
-79.00885036;-2.890604533;[0];-101.1250
-79.00860756;-2.890604105;[0];-100.7500
-79.00836476;-2.890603677;[0];-100.4375
-79.00812196;-2.890603249;[0];-100.0625
-79.00787916;-2.890602821;[0];-99.7500
-79.00763636;-2.890602392;[0];-99.4375
-79.00739356;-2.890601964;[0];-99.1250
-79.00715076;-2.890601536;[0];-98.8125
-79.00690796;-2.890601107;[0];-98.4375
-79.00666516;-2.890600679;[0];-98.1875
-79.00642235;-2.89060025;[0];-97.8750
-79.00617955;-2.890599822;[0];-97.6250
-79.00593675;-2.890599393;[0];-97.3125
-79.00569395;-2.890598965;[0];-97.0625
-79.00545115;-2.890598536;[0];-96.8125
-79.00520835;-2.890598107;[0];-96.5625
-79.00496555;-2.890597678;[0];-96.2500
-79.00472275;-2.89059725;[0];-96.0625
-79.00447995;-2.890596821;[0];-95.7500
-79.00423715;-2.890596392;[0];-95.5625
-79.00399435;-2.890595963;[0];-95.3125
-79.00375155;-2.890595534;[0];-95.1250
-79.00350875;-2.890595105;[0];-94.8750
-79.00326595;-2.890594675;[0];-94.6875
-79.00302315;-2.890594246;[0];-94.5000
-79.00278035;-2.890593817;[0];-94.3750
-79.00253755;-2.890593388;[0];-94.1875
-79.00229475;-2.890592958;[0];-94.0625
-79.00205195;-2.890592529;[0];-93.8750
-79.00180915;-2.890592099;[0];-93.7500
-79.00156635;-2.89059167;[0];-93.6250
-79.00132355;-2.89059124;[0];-93.5000
-79.00108075;-2.89059081;[0];-93.3750
-79.00083795;-2.890590381;[0];-93.3125
-79.00059515;-2.890589951;[0];-93.2500
-79.00035235;-2.890589521;[0];-93.1250
-79.00010955;-2.890589091;[0];-93.1250
-78.99986675;-2.890588661;[0];-93.0000
-78.99962395;-2.890588232;[0];-93.0000
-78.99938115;-2.890587802;[0];-92.9375
-78.99913835;-2.890587371;[0];-92.9375
-78.99889555;-2.890586941;[0];-92.9375
-78.99865275;-2.890586511;[0];-92.9375
-78.99840995;-2.890586081;[0];-92.8750
-78.99816715;-2.890585651;[0];-92.9375
-78.99792435;-2.89058522;[0];-92.9375
-78.99768155;-2.89058479;[0];-93.0000
-78.99743875;-2.89058436;[0];-93.0000
-78.99719595;-2.890583929;[0];-93.0625
-78.99695315;-2.890583499;[0];-93.1250
-78.99671035;-2.890583068;[0];-93.1250
-78.99646755;-2.890582637;[0];-93.1875
-78.99622476;-2.890582207;[0];-93.2500
-78.99598196;-2.890581776;[0];-93.3125
-78.99573916;-2.890581345;[0];-93.4375
-78.99549636;-2.890580914;[0];-93.5625
-78.99525356;-2.890580483;[0];-93.6250
-78.99501076;-2.890580053;[0];-93.6875
-78.99476796;-2.890579622;[0];-93.7500
-78.99452516;-2.890579191;[0];-93.8125
-78.99428236;-2.890578759;[0];-93.9375
-78.99403956;-2.890578328;[0];-94.0625
-78.99379677;-2.890577897;[0];-94.2500
-78.99355397;-2.890577466;[0];-94.3125
-78.99331117;-2.890577034;[0];-94.4375
-78.99306837;-2.890576603;[0];-94.5625
-78.99282557;-2.890576172;[0];-94.6875
-78.99258277;-2.89057574;[0];-94.8125
-78.99233997;-2.890575309;[0];-95.0000
-78.99209717;-2.890574877;[0];-95.1250
-78.99185438;-2.890574446;[0];-95.1875
-78.99161158;-2.890574014;[0];-95.3125
-78.99136878;-2.890573582;[0];-95.4375
-78.99112598;-2.89057315;[0];-95.6250
-78.99088318;-2.890572719;[0];-95.7500
-78.99064038;-2.890572287;[0];-95.8750
-78.99039758;-2.890571855;[0];-96.0000
-78.99015479;-2.890571423;[0];-96.1250
-78.98991199;-2.890570991;[0];-96.2500
-78.98966919;-2.890570559;[0];-96.4375
-78.98942639;-2.890570127;[0];-96.5625
-78.98918359;-2.890569694;[0];-96.6875
-78.98894080;-2.890569262;[0];-96.8750
-78.98869800;-2.89056883;[0];-97.0000
-78.98845520;-2.890568397;[0];-97.1875
-78.98821240;-2.890567965;[0];-97.3125
-78.98796960;-2.890567533;[0];-97.4375
-78.98772681;-2.8905671;[0];-97.5625
-78.98748401;-2.890566668;[0];-97.6875
-78.98724121;-2.890566235;[0];-97.8750
-78.98699841;-2.890565802;[0];-98.0000
-78.98675561;-2.89056537;[0];-98.1250
-78.98651282;-2.890564937;[0];-98.3125
-78.98627002;-2.890564504;[0];-98.4375
-78.98602722;-2.890564071;[0];-98.6250
-78.98578442;-2.890563638;[0];-98.7500
-78.98554163;-2.890563205;[0];-98.8750
-78.98529883;-2.890562772;[0];-99.0000
-78.98505603;-2.890562339;[0];-99.1250
-78.98481323;-2.890561906;[0];-99.3125
-78.98457044;-2.890561473;[0];-99.4375
-78.98432764;-2.89056104;[0];-99.6250
-78.98408484;-2.890560606;[0];-99.7500
-78.98384204;-2.890560173;[0];-99.9375
-78.98359925;-2.89055974;[0];-100.0625
-78.98335645;-2.890559306;[0];-100.1875
-78.98311365;-2.890558873;[0];-100.3125
-78.98287085;-2.890558439;[0];-100.4375
-78.98262806;-2.890558005;[0];-100.5625
-78.98238526;-2.890557572;[0];-100.7500
-78.98214246;-2.890557138;[0];-100.8750
-78.98189967;-2.890556704;[0];-101.0000
-78.98165687;-2.890556271;[0];-101.1875
-78.98141407;-2.890555837;[0];-101.3125
-78.98117127;-2.890555403;[0];-101.4375
-78.98092848;-2.890554969;[0];-101.5625
-78.98068568;-2.890554535;[0];-101.7500
-78.98044288;-2.890554101;[0];-101.8750
-78.98020009;-2.890553667;[0];-102.0000
-79.00933639;-2.890361267;[0];-101.8750
-79.00909359;-2.890360839;[0];-101.5625
-79.00885079;-2.890360411;[0];-101.2500
-79.00860799;-2.890359983;[0];-100.9375
-79.00836519;-2.890359555;[0];-100.5625
-79.00812239;-2.890359127;[0];-100.2500
-79.00787959;-2.890358699;[0];-99.8750
-79.00763678;-2.89035827;[0];-99.6875
-79.00739398;-2.890357842;[0];-99.3125
-79.00715118;-2.890357414;[0];-99.0000
-79.00690838;-2.890356985;[0];-98.6875
-79.00666558;-2.890356557;[0];-98.4375
-79.00642278;-2.890356129;[0];-98.1250
-79.00617998;-2.8903557;[0];-97.8750
-79.00593718;-2.890355272;[0];-97.5625
-79.00569438;-2.890354843;[0];-97.3125
-79.00545158;-2.890354414;[0];-97.0000
-79.00520878;-2.890353986;[0];-96.8125
-79.00496598;-2.890353557;[0];-96.5000
-79.00472318;-2.890353128;[0];-96.3125
-79.00448038;-2.890352699;[0];-96.0000
-79.00423758;-2.89035227;[0];-95.8125
-79.00399478;-2.890351841;[0];-95.6250
-79.00375198;-2.890351412;[0];-95.4375
-79.00350918;-2.890350983;[0];-95.1250
-79.00326637;-2.890350554;[0];-95.0000
-79.00302357;-2.890350125;[0];-94.8125
-79.00278077;-2.890349695;[0];-94.6250
-79.00253797;-2.890349266;[0];-94.5000
-79.00229517;-2.890348837;[0];-94.3125
-79.00205237;-2.890348407;[0];-94.1875
-79.00180957;-2.890347978;[0];-94.0625
-79.00156677;-2.890347549;[0];-93.9375
-79.00132397;-2.890347119;[0];-93.8125
-79.00108117;-2.890346689;[0];-93.6875
-79.00083837;-2.89034626;[0];-93.6250
-79.00059557;-2.89034583;[0];-93.5000
-79.00035277;-2.8903454;[0];-93.4375
-79.00010998;-2.89034497;[0];-93.3750
-78.99986718;-2.890344541;[0];-93.3125
-78.99962438;-2.890344111;[0];-93.3125
-78.99938158;-2.890343681;[0];-93.2500
-78.99913878;-2.890343251;[0];-93.1875
-78.99889598;-2.890342821;[0];-93.1875
-78.99865318;-2.89034239;[0];-93.1875
-78.99841038;-2.89034196;[0];-93.1250
-78.99816758;-2.89034153;[0];-93.1875
-78.99792478;-2.8903411;[0];-93.1875
-78.99768198;-2.890340669;[0];-93.2500
-78.99743918;-2.890340239;[0];-93.2500
-78.99719638;-2.890339809;[0];-93.3125
-78.99695358;-2.890339378;[0];-93.3750
-78.99671078;-2.890338948;[0];-93.3750
-78.99646798;-2.890338517;[0];-93.4375
-78.99622518;-2.890338086;[0];-93.5000
-78.99598238;-2.890337656;[0];-93.5625
-78.99573959;-2.890337225;[0];-93.6250
-78.99549679;-2.890336794;[0];-93.7500
-78.99525399;-2.890336363;[0];-93.8125
-78.99501119;-2.890335932;[0];-93.8750
-78.99476839;-2.890335501;[0];-93.9375
-78.99452559;-2.89033507;[0];-94.0000
-78.99428279;-2.890334639;[0];-94.1250
-78.99403999;-2.890334208;[0];-94.2500
-78.99379719;-2.890333777;[0];-94.3750
-78.99355440;-2.890333346;[0];-94.5000
-78.99331160;-2.890332915;[0];-94.6250
-78.99306880;-2.890332483;[0];-94.6875
-78.99282600;-2.890332052;[0];-94.8750
-78.9925832;-2.89033162;[0];-95.0000
-78.99234040;-2.890331189;[0];-95.1250
-78.99209760;-2.890330757;[0];-95.2500
-78.99185480;-2.890330326;[0];-95.3750
-78.99161201;-2.890329894;[0];-95.5000
-78.99136921;-2.890329463;[0];-95.6250
-78.99112641;-2.890329031;[0];-95.7500
-78.99088361;-2.890328599;[0];-95.8750
-78.99064081;-2.890328167;[0];-96.0000
-78.99039801;-2.890327735;[0];-96.1875
-78.99015522;-2.890327303;[0];-96.3125
-78.98991242;-2.890326871;[0];-96.4375
-78.98966962;-2.890326439;[0];-96.5625
-78.98942682;-2.890326007;[0];-96.6875
-78.98918402;-2.890325575;[0];-96.8125
-78.98894123;-2.890325143;[0];-96.9375
-78.98869843;-2.890324711;[0];-97.1250
-78.98845563;-2.890324278;[0];-97.2500
-78.98821283;-2.890323846;[0];-97.4375
-78.98797003;-2.890323413;[0];-97.5625
-78.98772724;-2.890322981;[0];-97.6875
-78.98748444;-2.890322548;[0];-97.8125
-78.98724164;-2.890322116;[0];-97.9375
-78.98699884;-2.890321683;[0];-98.1250
-78.98675604;-2.890321251;[0];-98.2500
-78.98651325;-2.890320818;[0];-98.3750
-78.98627045;-2.890320385;[0];-98.5000
-78.98602765;-2.890319952;[0];-98.6875
-78.98578485;-2.890319519;[0];-98.8125
-78.98554206;-2.890319086;[0];-99.0000
-78.98529926;-2.890318653;[0];-99.1250
-78.98505646;-2.89031822;[0];-99.2500
-78.98481366;-2.890317787;[0];-99.3750
-78.98457087;-2.890317354;[0];-99.5000
-78.98432807;-2.890316921;[0];-99.6875
-78.98408527;-2.890316488;[0];-99.8125
-78.98384247;-2.890316054;[0];-99.9375
-78.98359968;-2.890315621;[0];-100.1250
-78.98335688;-2.890315188;[0];-100.2500
-78.98311408;-2.890314754;[0];-100.3750
-78.98287128;-2.890314321;[0];-100.5000
-78.98262849;-2.890313887;[0];-100.6250
-78.98238569;-2.890313453;[0];-100.7500
-78.98214289;-2.89031302;[0];-100.8750
-78.98190010;-2.890312586;[0];-101.0625
-78.98165730;-2.890312152;[0];-101.1875
-78.98141450;-2.890311718;[0];-101.3125
-78.98117171;-2.890311285;[0];-101.5000
-78.98092891;-2.890310851;[0];-101.6250
-78.98068611;-2.890310417;[0];-101.7500
-78.98044332;-2.890309983;[0];-101.8750
-79.00933682;-2.890117144;[0];-102.0000
-79.00909402;-2.890116716;[0];-101.6875
-79.00885122;-2.890116289;[0];-101.4375
-79.00860841;-2.890115861;[0];-101.0625
-79.00836561;-2.890115433;[0];-100.7500
-79.00812281;-2.890115005;[0];-100.4375
-79.00788001;-2.890114576;[0];-100.1250
-79.00763721;-2.890114148;[0];-99.8125
-79.00739441;-2.89011372;[0];-99.5000
-79.00715161;-2.890113292;[0];-99.1875
-79.00690881;-2.890112863;[0];-98.8750
-79.00666601;-2.890112435;[0];-98.6250
-79.00642321;-2.890112007;[0];-98.3125
-79.00618041;-2.890111578;[0];-98.1250
-79.00593761;-2.89011115;[0];-97.7500
-79.00569481;-2.890110721;[0];-97.5625
-79.00545200;-2.890110292;[0];-97.2500
-79.00520920;-2.890109864;[0];-97.0625
-79.00496640;-2.890109435;[0];-96.7500
-79.00472360;-2.890109006;[0];-96.5625
-79.00448080;-2.890108577;[0];-96.2500
-79.00423800;-2.890108149;[0];-96.0625
-79.00399520;-2.89010772;[0];-95.8750
-79.00375240;-2.890107291;[0];-95.6875
-79.00350960;-2.890106862;[0];-95.4375
-79.00326680;-2.890106432;[0];-95.2500
-79.00302400;-2.890106003;[0];-95.0625
-79.00278120;-2.890105574;[0];-94.9375
-79.00253840;-2.890105145;[0];-94.7500
-79.00229560;-2.890104716;[0];-94.6250
-79.00205280;-2.890104286;[0];-94.5000
-79.00181000;-2.890103857;[0];-94.3125
-79.00156720;-2.890103427;[0];-94.1875
-79.00132440;-2.890102998;[0];-94.0625
-79.00108160;-2.890102568;[0];-93.9375
-79.00083880;-2.890102139;[0];-93.9375
-79.00059600;-2.890101709;[0];-93.8125
-79.00035320;-2.890101279;[0];-93.6875
-79.00011040;-2.890100849;[0];-93.6875
-78.99986760;-2.89010042;[0];-93.6250
-78.99962480;-2.89009999;[0];-93.5625
-78.99938200;-2.89009956;[0];-93.5000
-78.99913920;-2.89009913;[0];-93.4375
-78.99889640;-2.8900987;[0];-93.5000
-78.99865361;-2.89009827;[0];-93.5000
-78.99841081;-2.89009784;[0];-93.4375
-78.99816801;-2.890097409;[0];-93.4375
-78.99792521;-2.890096979;[0];-93.4375
-78.99768241;-2.890096549;[0];-93.5000
-78.99743961;-2.890096118;[0];-93.5000
-78.99719681;-2.890095688;[0];-93.5625
-78.99695401;-2.890095258;[0];-93.6250
-78.99671121;-2.890094827;[0];-93.6250
-78.99646841;-2.890094397;[0];-93.6875
-78.99622561;-2.890093966;[0];-93.7500
-78.99598281;-2.890093535;[0];-93.8125
-78.99574001;-2.890093105;[0];-93.8125
-78.99549721;-2.890092674;[0];-93.9375
-78.99525442;-2.890092243;[0];-94.0625
-78.99501162;-2.890091812;[0];-94.1250
-78.99476882;-2.890091381;[0];-94.1875
-78.99452602;-2.89009095;[0];-94.2500
-78.99428322;-2.890090519;[0];-94.3125
-78.99404042;-2.890090088;[0];-94.4375
-78.99379762;-2.890089657;[0];-94.5625
-78.99355482;-2.890089226;[0];-94.6875
-78.99331203;-2.890088795;[0];-94.8125
-78.99306923;-2.890088363;[0];-94.8750
-78.99282643;-2.890087932;[0];-95.0000
-78.99258363;-2.890087501;[0];-95.1250
-78.99234083;-2.890087069;[0];-95.2500
-78.99209803;-2.890086638;[0];-95.4375
-78.99185523;-2.890086206;[0];-95.5625
-78.99161244;-2.890085775;[0];-95.6875
-78.99136964;-2.890085343;[0];-95.7500
-78.99112684;-2.890084911;[0];-95.8750
-78.99088404;-2.890084479;[0];-96.0000
-78.99064124;-2.890084048;[0];-96.1250
-78.99039844;-2.890083616;[0];-96.3125
-78.99015565;-2.890083184;[0];-96.4375
-78.98991285;-2.890082752;[0];-96.5625
-78.98967005;-2.89008232;[0];-96.6875
-78.98942725;-2.890081888;[0];-96.8125
-78.98918445;-2.890081456;[0];-96.9375
-78.98894166;-2.890081023;[0];-97.0625
-78.98869886;-2.890080591;[0];-97.1875
-78.98845606;-2.890080159;[0];-97.3750
-78.98821326;-2.890079727;[0];-97.5000
-78.98797046;-2.890079294;[0];-97.6250
-78.98772767;-2.890078862;[0];-97.7500
-78.98748487;-2.890078429;[0];-97.8750
-78.98724207;-2.890077997;[0];-98.0000
-78.98699927;-2.890077564;[0];-98.1875
-78.98675647;-2.890077132;[0];-98.3125
-78.98651368;-2.890076699;[0];-98.5000
-78.98627088;-2.890076266;[0];-98.6250
-78.98602808;-2.890075833;[0];-98.7500
-78.98578528;-2.890075401;[0];-98.8750
-78.98554249;-2.890074968;[0];-99.0625
-78.98529969;-2.890074535;[0];-99.1875
-78.98505689;-2.890074102;[0];-99.3125
-78.98481409;-2.890073669;[0];-99.4375
-78.98457130;-2.890073236;[0];-99.5625
-78.98432850;-2.890072802;[0];-99.6875
-78.98408570;-2.890072369;[0];-99.8750
-78.98384290;-2.890071936;[0];-100.0000
-78.98360011;-2.890071503;[0];-100.1875
-78.98335731;-2.890071069;[0];-100.3125
-78.98311451;-2.890070636;[0];-100.4375
-78.98287172;-2.890070202;[0];-100.6250
-78.98262892;-2.890069769;[0];-100.7500
-78.98238612;-2.890069335;[0];-100.8125
-78.98214332;-2.890068902;[0];-100.9375
-78.98190053;-2.890068468;[0];-101.0625
-78.98165773;-2.890068034;[0];-101.2500
-78.98141493;-2.8900676;[0];-101.3750
-78.98117214;-2.890067167;[0];-101.5000
-78.98092934;-2.890066733;[0];-101.6250
-78.98068654;-2.890066299;[0];-101.8125
-78.98044375;-2.890065865;[0];-101.9375
-79.00909444;-2.889872594;[0];-101.8750
-79.00885164;-2.889872166;[0];-101.5625
-79.00860884;-2.889871738;[0];-101.2500
-79.00836604;-2.88987131;[0];-100.8750
-79.00812324;-2.889870882;[0];-100.5625
-79.00788044;-2.889870454;[0];-100.3125
-79.00763764;-2.889870026;[0];-100.0000
-79.00739484;-2.889869598;[0];-99.6875
-79.00715203;-2.88986917;[0];-99.3750
-79.00690923;-2.889868741;[0];-99.0625
-79.00666643;-2.889868313;[0];-98.8125
-79.00642363;-2.889867885;[0];-98.5625
-79.00618083;-2.889867456;[0];-98.3125
-79.00593803;-2.889867028;[0];-98.0000
-79.00569523;-2.889866599;[0];-97.8125
-79.00545243;-2.889866171;[0];-97.5000
-79.00520963;-2.889865742;[0];-97.3125
-79.00496683;-2.889865313;[0];-97.0000
-79.00472403;-2.889864885;[0];-96.8125
-79.00448123;-2.889864456;[0];-96.5000
-79.00423843;-2.889864027;[0];-96.3125
-79.00399563;-2.889863598;[0];-96.1250
-79.00375283;-2.889863169;[0];-95.9375
-79.00351003;-2.88986274;[0];-95.6875
-79.00326723;-2.889862311;[0];-95.5000
-79.00302443;-2.889861882;[0];-95.3750
-79.00278163;-2.889861453;[0];-95.1875
-79.00253883;-2.889861024;[0];-95.0625
-79.00229603;-2.889860594;[0];-94.8750
-79.00205323;-2.889860165;[0];-94.7500
-79.00181043;-2.889859736;[0];-94.6250
-79.00156763;-2.889859306;[0];-94.5000
-79.00132483;-2.889858877;[0];-94.3750
-79.00108203;-2.889858447;[0];-94.2500
-79.00083923;-2.889858018;[0];-94.1875
-79.00059643;-2.889857588;[0];-94.1250
-79.00035363;-2.889857158;[0];-94.0000
-79.00011083;-2.889856728;[0];-93.9375
-78.99986803;-2.889856299;[0];-93.8750
-78.99962523;-2.889855869;[0];-93.8125
-78.99938243;-2.889855439;[0];-93.8125
-78.99913963;-2.889855009;[0];-93.7500
-78.99889683;-2.889854579;[0];-93.7500
-78.99865403;-2.889854149;[0];-93.7500
-78.99841123;-2.889853719;[0];-93.7500
-78.99816843;-2.889853289;[0];-93.6875
-78.99792563;-2.889852858;[0];-93.6875
-78.99768284;-2.889852428;[0];-93.7500
-78.99744004;-2.889851998;[0];-93.7500
-78.99719724;-2.889851568;[0];-93.8125
-78.99695444;-2.889851137;[0];-93.8125
-78.99671164;-2.889850707;[0];-93.8750
-78.99646884;-2.889850276;[0];-93.9375
-78.99622604;-2.889849846;[0];-93.9375
-78.99598324;-2.889849415;[0];-94.0000
-78.99574044;-2.889848984;[0];-94.0625
-78.99549764;-2.889848554;[0];-94.1250
-78.99525484;-2.889848123;[0];-94.2500
-78.99501205;-2.889847692;[0];-94.3125
-78.99476925;-2.889847261;[0];-94.3750
-78.99452645;-2.88984683;[0];-94.4375
-78.99428365;-2.889846399;[0];-94.5000
-78.99404085;-2.889845968;[0];-94.5625
-78.99379805;-2.889845537;[0];-94.6875
-78.99355525;-2.889845106;[0];-94.8750
-78.99331245;-2.889844675;[0];-95.0000
-78.99306966;-2.889844243;[0];-95.0625
-78.99282686;-2.889843812;[0];-95.1250
-78.99258406;-2.889843381;[0];-95.3125
-78.99234126;-2.889842949;[0];-95.4375
-78.99209846;-2.889842518;[0];-95.5625
-78.99185566;-2.889842086;[0];-95.6875
-78.99161286;-2.889841655;[0];-95.8125
-78.99137007;-2.889841223;[0];-95.9375
-78.99112727;-2.889840792;[0];-96.0000
-78.99088447;-2.88984036;[0];-96.1250
-78.99064167;-2.889839928;[0];-96.3125
-78.99039887;-2.889839496;[0];-96.4375
-78.99015608;-2.889839064;[0];-96.5625
-78.98991328;-2.889838632;[0];-96.6875
-78.98967048;-2.8898382;[0];-96.8125
-78.98942768;-2.889837768;[0];-96.9375
-78.98918488;-2.889837336;[0];-97.0625
-78.98894208;-2.889836904;[0];-97.1875
-78.98869929;-2.889836472;[0];-97.3125
-78.98845649;-2.88983604;[0];-97.4375
-78.98821369;-2.889835607;[0];-97.6250
-78.98797089;-2.889835175;[0];-97.7500
-78.98772810;-2.889834743;[0];-97.8750
-78.98748530;-2.88983431;[0];-98.0000
-78.9872425;-2.889833878;[0];-98.1250
-78.98699970;-2.889833445;[0];-98.2500
-78.98675690;-2.889833013;[0];-98.3750
-78.98651411;-2.88983258;[0];-98.5625
-78.98627131;-2.889832147;[0];-98.6875
-78.98602851;-2.889831715;[0];-98.8750
-78.98578571;-2.889831282;[0];-99.0000
-78.98554292;-2.889830849;[0];-99.0625
-78.98530012;-2.889830416;[0];-99.2500
-78.98505732;-2.889829983;[0];-99.3750
-78.98481452;-2.88982955;[0];-99.5625
-78.98457173;-2.889829117;[0];-99.6875
-78.98432893;-2.889828684;[0];-99.8125
-78.98408613;-2.889828251;[0];-99.8750
-78.98384334;-2.889827817;[0];-100.0625
-78.98360054;-2.889827384;[0];-100.1875
-78.98335774;-2.889826951;[0];-100.3750
-78.98311494;-2.889826517;[0];-100.5000
-78.98287215;-2.889826084;[0];-100.6250
-78.98262935;-2.88982565;[0];-100.8125
-78.98238655;-2.889825217;[0];-100.9375
-78.98214376;-2.889824783;[0];-101.0625
-78.98190096;-2.88982435;[0];-101.1250
-78.98165816;-2.889823916;[0];-101.2500
-78.98141537;-2.889823482;[0];-101.3750
-78.98117257;-2.889823048;[0];-101.5625
-78.98092977;-2.889822615;[0];-101.6875
-78.98068698;-2.889822181;[0];-101.8125
-78.98044418;-2.889821747;[0];-101.9375
-79.00885207;-2.889628044;[0];-101.6875
-79.00860927;-2.889627616;[0];-101.3750
-79.00836646;-2.889627188;[0];-101.0625
-79.00812366;-2.88962676;[0];-100.7500
-79.00788086;-2.889626332;[0];-100.5000
-79.00763806;-2.889625904;[0];-100.1875
-79.00739526;-2.889625476;[0];-99.8750
-79.00715246;-2.889625048;[0];-99.5625
-79.00690966;-2.889624619;[0];-99.3125
-79.00666686;-2.889624191;[0];-99.0625
-79.00642406;-2.889623763;[0];-98.7500
-79.00618126;-2.889623334;[0];-98.5000
-79.00593846;-2.889622906;[0];-98.2500
-79.00569566;-2.889622477;[0];-98.0000
-79.00545286;-2.889622049;[0];-97.7500
-79.00521006;-2.88962162;[0];-97.5000
-79.00496726;-2.889621192;[0];-97.2500
-79.00472446;-2.889620763;[0];-97.0625
-79.00448166;-2.889620334;[0];-96.7500
-79.00423886;-2.889619905;[0];-96.5625
-79.00399606;-2.889619477;[0];-96.3750
-79.00375326;-2.889619048;[0];-96.2500
-79.00351046;-2.889618619;[0];-95.9375
-79.00326766;-2.88961819;[0];-95.8125
-79.00302486;-2.889617761;[0];-95.6250
-79.00278206;-2.889617331;[0];-95.5000
-79.00253926;-2.889616902;[0];-95.3125
-79.00229646;-2.889616473;[0];-95.1875
-79.00205366;-2.889616044;[0];-95.0625
-79.00181086;-2.889615614;[0];-94.8750
-79.00156806;-2.889615185;[0];-94.7500
-79.00132526;-2.889614756;[0];-94.6250
-79.00108246;-2.889614326;[0];-94.5000
-79.00083966;-2.889613896;[0];-94.4375
-79.00059686;-2.889613467;[0];-94.3750
-79.00035406;-2.889613037;[0];-94.3125
-79.00011126;-2.889612608;[0];-94.1875
-78.99986846;-2.889612178;[0];-94.1875
-78.99962566;-2.889611748;[0];-94.0625
-78.99938286;-2.889611318;[0];-94.0625
-78.99914006;-2.889610888;[0];-94.0000
-78.99889726;-2.889610458;[0];-94.0000
-78.99865446;-2.889610028;[0];-94.0000
-78.99841166;-2.889609598;[0];-94.0000
-78.99816886;-2.889609168;[0];-93.9375
-78.99792606;-2.889608738;[0];-93.9375
-78.99768326;-2.889608308;[0];-94.0000
-78.99744046;-2.889607877;[0];-94.0000
-78.99719767;-2.889607447;[0];-94.0625
-78.99695487;-2.889607017;[0];-94.0625
-78.99671207;-2.889606586;[0];-94.1250
-78.99646927;-2.889606156;[0];-94.1250
-78.99622647;-2.889605725;[0];-94.1875
-78.99598367;-2.889605295;[0];-94.2500
-78.99574087;-2.889604864;[0];-94.3125
-78.99549807;-2.889604433;[0];-94.3750
-78.99525527;-2.889604003;[0];-94.3750
-78.99501247;-2.889603572;[0];-94.5000
-78.99476968;-2.889603141;[0];-94.6250
-78.99452688;-2.88960271;[0];-94.6875
-78.99428408;-2.889602279;[0];-94.7500
-78.99404128;-2.889601848;[0];-94.8125
-78.99379848;-2.889601417;[0];-94.8750
-78.99355568;-2.889600986;[0];-95.0000
-78.99331288;-2.889600555;[0];-95.1250
-78.99307008;-2.889600123;[0];-95.2500
-78.99282729;-2.889599692;[0];-95.3750
-78.99258449;-2.889599261;[0];-95.4375
-78.99234169;-2.88959883;[0];-95.5625
-78.99209889;-2.889598398;[0];-95.6875
-78.99185609;-2.889597967;[0];-95.8125
-78.99161329;-2.889597535;[0];-96.0000
-78.99137050;-2.889597104;[0];-96.1250
-78.99112770;-2.889596672;[0];-96.1875
-78.99088490;-2.88959624;[0];-96.3125
-78.99064210;-2.889595809;[0];-96.4375
-78.99039930;-2.889595377;[0];-96.5625
-78.99015650;-2.889594945;[0];-96.6875
-78.98991371;-2.889594513;[0];-96.8125
-78.98967091;-2.889594081;[0];-96.9375
-78.98942811;-2.889593649;[0];-97.0625
-78.98918531;-2.889593217;[0];-97.1875
-78.98894251;-2.889592785;[0];-97.3125
-78.98869972;-2.889592353;[0];-97.4375
-78.98845692;-2.889591921;[0];-97.5625
-78.98821412;-2.889591488;[0];-97.6875
-78.98797132;-2.889591056;[0];-97.8750
-78.98772853;-2.889590624;[0];-98.0000
-78.98748573;-2.889590191;[0];-98.1250
-78.98724293;-2.889589759;[0];-98.2500
-78.98700013;-2.889589326;[0];-98.3750
-78.98675734;-2.889588894;[0];-98.5000
-78.98651454;-2.889588461;[0];-98.6250
-78.98627174;-2.889588028;[0];-98.7500
-78.98602894;-2.889587596;[0];-98.9375
-78.98578614;-2.889587163;[0];-99.0625
-78.98554335;-2.88958673;[0];-99.1875
-78.98530055;-2.889586297;[0];-99.3125
-78.98505775;-2.889585864;[0];-99.4375
-78.98481496;-2.889585431;[0];-99.6250
-78.98457216;-2.889584998;[0];-99.7500
-78.98432936;-2.889584565;[0];-99.8750
-78.98408656;-2.889584132;[0];-100.0000
-78.98384377;-2.889583699;[0];-100.1250
-78.98360097;-2.889583266;[0];-100.2500
-78.98335817;-2.889582832;[0];-100.3750
-78.98311538;-2.889582399;[0];-100.5625
-78.98287258;-2.889581966;[0];-100.6875
-78.98262978;-2.889581532;[0];-100.8125
-78.98238698;-2.889581099;[0];-101.0000
-78.98214419;-2.889580665;[0];-101.1250
-78.98190139;-2.889580231;[0];-101.2500
-78.98165859;-2.889579798;[0];-101.3125
-78.98141580;-2.889579364;[0];-101.4375
-78.981173;-2.88957893;[0];-101.5625
-78.98093020;-2.889578496;[0];-101.6875
-78.98068741;-2.889578063;[0];-101.8750
-78.98044461;-2.889577629;[0];-102.0000
-79.00885249;-2.889383922;[0];-101.8750
-79.00860969;-2.889383494;[0];-101.5625
-79.00836689;-2.889383066;[0];-101.2500
-79.00812409;-2.889382638;[0];-100.9375
-79.00788129;-2.88938221;[0];-100.6875
-79.00763849;-2.889381782;[0];-100.3750
-79.00739569;-2.889381354;[0];-100.0625
-79.00715289;-2.889380926;[0];-99.7500
-79.00691009;-2.889380498;[0];-99.5000
-79.00666729;-2.889380069;[0];-99.2500
-79.00642449;-2.889379641;[0];-99.0000
-79.00618168;-2.889379213;[0];-98.7500
-79.00593888;-2.889378784;[0];-98.4375
-79.00569608;-2.889378356;[0];-98.2500
-79.00545328;-2.889377927;[0];-97.9375
-79.00521048;-2.889377499;[0];-97.7500
-79.00496768;-2.88937707;[0];-97.5000
-79.00472488;-2.889376641;[0];-97.2500
-79.00448208;-2.889376213;[0];-97.0000
-79.00423928;-2.889375784;[0];-96.8125
-79.00399648;-2.889375355;[0];-96.6250
-79.00375368;-2.889374926;[0];-96.5000
-79.00351088;-2.889374497;[0];-96.2500
-79.00326808;-2.889374068;[0];-96.0625
-79.00302528;-2.889373639;[0];-95.8750
-79.00278248;-2.88937321;[0];-95.7500
-79.00253968;-2.889372781;[0];-95.5625
-79.00229688;-2.889372352;[0];-95.4375
-79.00205408;-2.889371922;[0];-95.3125
-79.00181128;-2.889371493;[0];-95.1875
-79.00156848;-2.889371064;[0];-95.0625
-79.00132568;-2.889370634;[0];-94.9375
-79.00108288;-2.889370205;[0];-94.8125
-79.00084008;-2.889369775;[0];-94.6875
-79.00059728;-2.889369346;[0];-94.6875
-79.00035448;-2.889368916;[0];-94.5625
-79.00011168;-2.889368487;[0];-94.4375
-78.99986889;-2.889368057;[0];-94.4375
-78.99962609;-2.889367627;[0];-94.3750
-78.99938329;-2.889367197;[0];-94.3125
-78.99914049;-2.889366767;[0];-94.3125
-78.99889769;-2.889366337;[0];-94.2500
-78.99865489;-2.889365907;[0];-94.2500
-78.99841209;-2.889365477;[0];-94.2500
-78.99816929;-2.889365047;[0];-94.2500
-78.99792649;-2.889364617;[0];-94.1875
-78.99768369;-2.889364187;[0];-94.2500
-78.99744089;-2.889363757;[0];-94.2500
-78.99719809;-2.889363326;[0];-94.2500
-78.99695529;-2.889362896;[0];-94.3125
-78.99671249;-2.889362466;[0];-94.3750
-78.99646970;-2.889362035;[0];-94.3750
-78.99622690;-2.889361605;[0];-94.4375
-78.99598410;-2.889361174;[0];-94.5000
-78.99574130;-2.889360744;[0];-94.5000
-78.9954985;-2.889360313;[0];-94.5625
-78.99525570;-2.889359882;[0];-94.6250
-78.99501290;-2.889359452;[0];-94.6875
-78.99477010;-2.889359021;[0];-94.8125
-78.99452731;-2.88935859;[0];-94.8750
-78.99428451;-2.889358159;[0];-94.9375
-78.99404171;-2.889357728;[0];-95.0000
-78.99379891;-2.889357297;[0];-95.0625
-78.99355611;-2.889356866;[0];-95.1875
-78.99331331;-2.889356435;[0];-95.3125
-78.99307051;-2.889356004;[0];-95.4375
-78.99282772;-2.889355572;[0];-95.5625
-78.99258492;-2.889355141;[0];-95.6250
-78.99234212;-2.88935471;[0];-95.6875
-78.99209932;-2.889354278;[0];-95.8750
-78.99185652;-2.889353847;[0];-96.0000
-78.99161372;-2.889353415;[0];-96.1250
-78.99137093;-2.889352984;[0];-96.2500
-78.99112813;-2.889352552;[0];-96.3750
-78.99088533;-2.889352121;[0];-96.4375
-78.99064253;-2.889351689;[0];-96.5625
-78.99039973;-2.889351257;[0];-96.6875
-78.99015693;-2.889350825;[0];-96.8125
-78.98991414;-2.889350394;[0];-96.9375
-78.98967134;-2.889349962;[0];-97.0625
-78.98942854;-2.88934953;[0];-97.1875
-78.98918574;-2.889349098;[0];-97.3125
-78.98894294;-2.889348666;[0];-97.4375
-78.98870015;-2.889348234;[0];-97.5625
-78.98845735;-2.889347801;[0];-97.6875
-78.98821455;-2.889347369;[0];-97.8125
-78.98797175;-2.889346937;[0];-97.9375
-78.98772896;-2.889346505;[0];-98.0625
-78.98748616;-2.889346072;[0];-98.2500
-78.98724336;-2.88934564;[0];-98.3750
-78.98700056;-2.889345207;[0];-98.5000
-78.98675777;-2.889344775;[0];-98.6250
-78.98651497;-2.889344342;[0];-98.7500
-78.98627217;-2.88934391;[0];-98.8125
-78.98602937;-2.889343477;[0];-99.0000
-78.98578658;-2.889343044;[0];-99.1250
-78.98554378;-2.889342611;[0];-99.3125
-78.98530098;-2.889342178;[0];-99.4375
-78.98505818;-2.889341746;[0];-99.5000
-78.98481539;-2.889341313;[0];-99.6250
-78.98457259;-2.88934088;[0];-99.8125
-78.98432979;-2.889340447;[0];-99.9375
-78.98408699;-2.889340013;[0];-100.0625
-78.98384420;-2.88933958;[0];-100.1875
-78.9836014;-2.889339147;[0];-100.3125
-78.98335860;-2.889338714;[0];-100.4375
-78.98311581;-2.889338281;[0];-100.5625
-78.98287301;-2.889337847;[0];-100.7500
-78.98263021;-2.889337414;[0];-100.8750
-78.98238742;-2.88933698;[0];-101.0000
-78.98214462;-2.889336547;[0];-101.1250
-78.98190182;-2.889336113;[0];-101.3125
-78.98165903;-2.88933568;[0];-101.4375
-78.98141623;-2.889335246;[0];-101.5625
-78.98117343;-2.889334812;[0];-101.6250
-78.98093063;-2.889334378;[0];-101.7500
-78.98068784;-2.889333945;[0];-101.8750
-78.98044504;-2.889333511;[0];-102.0000
-79.00885292;-2.889139799;[0];-102.0000
-79.00861012;-2.889139372;[0];-101.6875
-79.00836732;-2.889138944;[0];-101.3750
-79.00812451;-2.889138516;[0];-101.1250
-79.00788171;-2.889138088;[0];-100.8750
-79.00763891;-2.88913766;[0];-100.5625
-79.00739611;-2.889137232;[0];-100.2500
-79.00715331;-2.889136804;[0];-99.9375
-79.00691051;-2.889136376;[0];-99.6875
-79.00666771;-2.889135947;[0];-99.4375
-79.00642491;-2.889135519;[0];-99.1875
-79.00618211;-2.889135091;[0];-98.9375
-79.00593931;-2.889134662;[0];-98.6875
-79.00569651;-2.889134234;[0];-98.4375
-79.00545371;-2.889133805;[0];-98.1875
-79.00521091;-2.889133377;[0];-98.0000
-79.00496811;-2.889132948;[0];-97.6875
-79.00472531;-2.88913252;[0];-97.5000
-79.00448251;-2.889132091;[0];-97.2500
-79.00423971;-2.889131662;[0];-97.0625
-79.00399691;-2.889131233;[0];-96.8750
-79.00375411;-2.889130805;[0];-96.7500
-79.00351131;-2.889130376;[0];-96.5000
-79.00326851;-2.889129947;[0];-96.3125
-79.00302571;-2.889129518;[0];-96.1250
-79.00278291;-2.889129089;[0];-96.0000
-79.00254011;-2.88912866;[0];-95.8750
-79.00229731;-2.88912823;[0];-95.6875
-79.00205451;-2.889127801;[0];-95.5625
-79.00181171;-2.889127372;[0];-95.4375
-79.00156891;-2.889126943;[0];-95.3125
-79.00132611;-2.889126513;[0];-95.1875
-79.00108331;-2.889126084;[0];-95.0625
-79.00084051;-2.889125654;[0];-94.9375
-79.00059771;-2.889125225;[0];-94.9375
-79.00035491;-2.889124795;[0];-94.8125
-79.00011211;-2.889124366;[0];-94.7500
-78.99986931;-2.889123936;[0];-94.6875
-78.99962651;-2.889123506;[0];-94.6250
-78.99938371;-2.889123076;[0];-94.5625
-78.99914091;-2.889122647;[0];-94.5625
-78.99889812;-2.889122217;[0];-94.5000
-78.99865532;-2.889121787;[0];-94.5000
-78.99841252;-2.889121357;[0];-94.5000
-78.99816972;-2.889120927;[0];-94.5000
-78.99792692;-2.889120497;[0];-94.4375
-78.99768412;-2.889120066;[0];-94.4375
-78.99744132;-2.889119636;[0];-94.5000
-78.99719852;-2.889119206;[0];-94.5000
-78.99695572;-2.889118776;[0];-94.5625
-78.99671292;-2.889118345;[0];-94.5625
-78.99647012;-2.889117915;[0];-94.6250
-78.99622733;-2.889117484;[0];-94.6250
-78.99598453;-2.889117054;[0];-94.6875
-78.99574173;-2.889116623;[0];-94.7500
-78.99549893;-2.889116193;[0];-94.8125
-78.99525613;-2.889115762;[0];-94.8125
-78.99501333;-2.889115331;[0];-94.8750
-78.99477053;-2.889114901;[0];-95.0000
-78.99452773;-2.88911447;[0];-95.1250
-78.99428494;-2.889114039;[0];-95.1875
-78.99404214;-2.889113608;[0];-95.1875
-78.99379934;-2.889113177;[0];-95.2500
-78.99355654;-2.889112746;[0];-95.3125
-78.99331374;-2.889112315;[0];-95.4375
-78.99307094;-2.889111884;[0];-95.5625
-78.99282814;-2.889111452;[0];-95.6875
-78.99258535;-2.889111021;[0];-95.8125
-78.99234255;-2.88911059;[0];-95.8750
-78.99209975;-2.889110159;[0];-96.0000
-78.99185695;-2.889109727;[0];-96.1250
-78.99161415;-2.889109296;[0];-96.2500
-78.99137135;-2.889108864;[0];-96.3750
-78.99112856;-2.889108433;[0];-96.5000
-78.99088576;-2.889108001;[0];-96.6250
-78.99064296;-2.889107569;[0];-96.6875
-78.99040016;-2.889107138;[0];-96.8125
-78.99015736;-2.889106706;[0];-96.9375
-78.98991457;-2.889106274;[0];-97.0625
-78.98967177;-2.889105842;[0];-97.1875
-78.98942897;-2.88910541;[0];-97.3125
-78.98918617;-2.889104978;[0];-97.4375
-78.98894337;-2.889104546;[0];-97.5625
-78.98870058;-2.889104114;[0];-97.6875
-78.98845778;-2.889103682;[0];-97.8125
-78.98821498;-2.88910325;[0];-97.9375
-78.98797218;-2.889102818;[0];-98.0000
-78.98772939;-2.889102385;[0];-98.1250
-78.98748659;-2.889101953;[0];-98.3125
-78.98724379;-2.889101521;[0];-98.5000
-78.98700099;-2.889101088;[0];-98.6250
-78.98675820;-2.889100656;[0];-98.6875
-78.98651540;-2.889100223;[0];-98.8125
-78.9862726;-2.889099791;[0];-98.9375
-78.98602980;-2.889099358;[0];-99.0625
-78.98578701;-2.889098925;[0];-99.1875
-78.98554421;-2.889098493;[0];-99.3750
-78.98530141;-2.88909806;[0];-99.5000
-78.98505861;-2.889097627;[0];-99.6250
-78.98481582;-2.889097194;[0];-99.7500
-78.98457302;-2.889096761;[0];-99.8750
-78.98433022;-2.889096328;[0];-100.0000
-78.98408743;-2.889095895;[0];-100.1250
-78.98384463;-2.889095462;[0];-100.3125
-78.98360183;-2.889095029;[0];-100.4375
-78.98335903;-2.889094595;[0];-100.5000
-78.98311624;-2.889094162;[0];-100.6250
-78.98287344;-2.889093729;[0];-100.7500
-78.98263064;-2.889093295;[0];-100.9375
-78.98238785;-2.889092862;[0];-101.0625
-78.98214505;-2.889092428;[0];-101.1875
-78.98190225;-2.889091995;[0];-101.3125
-78.98165946;-2.889091561;[0];-101.5000
-78.98141666;-2.889091128;[0];-101.6250
-78.98117386;-2.889090694;[0];-101.7500
-78.98093107;-2.88909026;[0];-101.8125
-78.98068827;-2.889089826;[0];-101.9375
-79.00861054;-2.888895249;[0];-101.8750
-79.00836774;-2.888894822;[0];-101.5625
-79.00812494;-2.888894394;[0];-101.3125
-79.00788214;-2.888893966;[0];-101.0000
-79.00763934;-2.888893538;[0];-100.7500
-79.00739654;-2.88889311;[0];-100.4375
-79.00715374;-2.888892682;[0];-100.1250
-79.00691094;-2.888892254;[0];-99.9375
-79.00666814;-2.888891825;[0];-99.6250
-79.00642534;-2.888891397;[0];-99.3750
-79.00618254;-2.888890969;[0];-99.1250
-79.00593974;-2.88889054;[0];-98.9375
-79.00569694;-2.888890112;[0];-98.6875
-79.00545414;-2.888889684;[0];-98.4375
-79.00521134;-2.888889255;[0];-98.1875
-79.00496854;-2.888888827;[0];-97.9375
-79.00472574;-2.888888398;[0];-97.7500
-79.00448294;-2.888887969;[0];-97.5000
-79.00424014;-2.888887541;[0];-97.3125
-79.00399734;-2.888887112;[0];-97.1250
-79.00375454;-2.888886683;[0];-97.0000
-79.00351174;-2.888886254;[0];-96.7500
-79.00326894;-2.888885825;[0];-96.5625
-79.00302614;-2.888885396;[0];-96.4375
-79.00278334;-2.888884967;[0];-96.2500
-79.00254054;-2.888884538;[0];-96.1250
-79.00229774;-2.888884109;[0];-96.0000
-79.00205494;-2.88888368;[0];-95.8125
-79.00181214;-2.888883251;[0];-95.6875
-79.00156934;-2.888882821;[0];-95.5625
-79.00132654;-2.888882392;[0];-95.4375
-79.00108374;-2.888881963;[0];-95.3125
-79.00084094;-2.888881533;[0];-95.2500
-79.00059814;-2.888881104;[0];-95.1875
-79.00035534;-2.888880674;[0];-95.1250
-79.00011254;-2.888880245;[0];-95.0000
-78.99986974;-2.888879815;[0];-94.9375
-78.99962694;-2.888879385;[0];-94.9375
-78.99938414;-2.888878956;[0];-94.8125
-78.99914134;-2.888878526;[0];-94.8125
-78.99889854;-2.888878096;[0];-94.7500
-78.99865574;-2.888877666;[0];-94.7500
-78.99841294;-2.888877236;[0];-94.7500
-78.99817015;-2.888876806;[0];-94.7500
-78.99792735;-2.888876376;[0];-94.6875
-78.99768455;-2.888875946;[0];-94.6875
-78.99744175;-2.888875516;[0];-94.6875
-78.99719895;-2.888875085;[0];-94.7500
-78.99695615;-2.888874655;[0];-94.7500
-78.99671335;-2.888874225;[0];-94.8125
-78.99647055;-2.888873794;[0];-94.8125
-78.99622775;-2.888873364;[0];-94.8750
-78.99598495;-2.888872934;[0];-94.9375
-78.99574216;-2.888872503;[0];-94.9375
-78.99549936;-2.888872072;[0];-95.0000
-78.99525656;-2.888871642;[0];-95.0625
-78.99501376;-2.888871211;[0];-95.1250
-78.99477096;-2.88887078;[0];-95.1875
-78.99452816;-2.88887035;[0];-95.3125
-78.99428536;-2.888869919;[0];-95.3750
-78.99404257;-2.888869488;[0];-95.4375
-78.99379977;-2.888869057;[0];-95.5000
-78.99355697;-2.888868626;[0];-95.5625
-78.99331417;-2.888868195;[0];-95.6250
-78.99307137;-2.888867764;[0];-95.7500
-78.99282857;-2.888867333;[0];-95.8750
-78.99258577;-2.888866901;[0];-96.0000
-78.99234298;-2.88886647;[0];-96.0625
-78.99210018;-2.888866039;[0];-96.1250
-78.99185738;-2.888865607;[0];-96.2500
-78.99161458;-2.888865176;[0];-96.3750
-78.99137178;-2.888864745;[0];-96.5000
-78.99112899;-2.888864313;[0];-96.6250
-78.99088619;-2.888863881;[0];-96.7500
-78.99064339;-2.88886345;[0];-96.8750
-78.99040059;-2.888863018;[0];-97.0000
-78.99015779;-2.888862586;[0];-97.0625
-78.98991500;-2.888862155;[0];-97.1875
-78.98967220;-2.888861723;[0];-97.3125
-78.98942940;-2.888861291;[0];-97.4375
-78.98918660;-2.888860859;[0];-97.5625
-78.98894380;-2.888860427;[0];-97.6875
-78.98870101;-2.888859995;[0];-97.8125
-78.98845821;-2.888859563;[0];-97.9375
-78.98821541;-2.888859131;[0];-98.0625
-78.98797261;-2.888858699;[0];-98.1250
-78.98772982;-2.888858266;[0];-98.2500
-78.98748702;-2.888857834;[0];-98.3750
-78.98724422;-2.888857402;[0];-98.5625
-78.98700142;-2.888856969;[0];-98.6875
-78.98675863;-2.888856537;[0];-98.8125
-78.98651583;-2.888856104;[0];-98.9375
-78.98627303;-2.888855672;[0];-99.0625
-78.98603023;-2.888855239;[0];-99.1875
-78.98578744;-2.888854806;[0];-99.3125
-78.98554464;-2.888854374;[0];-99.4375
-78.98530184;-2.888853941;[0];-99.5625
-78.98505904;-2.888853508;[0];-99.6875
-78.98481625;-2.888853075;[0];-99.8125
-78.98457345;-2.888852642;[0];-99.9375
-78.98433065;-2.888852209;[0];-100.0625
-78.98408786;-2.888851776;[0];-100.1875
-78.98384506;-2.888851343;[0];-100.3125
-78.98360226;-2.88885091;[0];-100.5000
-78.98335947;-2.888850477;[0];-100.6250
-78.98311667;-2.888850044;[0];-100.7500
-78.98287387;-2.88884961;[0];-100.8125
-78.98263107;-2.888849177;[0];-100.9375
-78.98238828;-2.888848744;[0];-101.1250
-78.98214548;-2.88884831;[0];-101.2500
-78.98190268;-2.888847877;[0];-101.3750
-78.98165989;-2.888847443;[0];-101.5000
-78.98141709;-2.88884701;[0];-101.6250
-78.98117429;-2.888846576;[0];-101.8125
-78.98093150;-2.888846142;[0];-101.9375
-78.98068870;-2.888845708;[0];-102.0000
-79.00861097;-2.888651127;[0];-102.0000
-79.00836817;-2.888650699;[0];-101.6875
-79.00812537;-2.888650272;[0];-101.5000
-79.00788257;-2.888649844;[0];-101.1875
-79.00763977;-2.888649416;[0];-100.8750
-79.00739696;-2.888648988;[0];-100.6250
-79.00715416;-2.88864856;[0];-100.3125
-79.00691136;-2.888648132;[0];-100.1250
-79.00666856;-2.888647703;[0];-99.8125
-79.00642576;-2.888647275;[0];-99.6250
-79.00618296;-2.888646847;[0];-99.3750
-79.00594016;-2.888646419;[0];-99.1250
-79.00569736;-2.88864599;[0];-98.8750
-79.00545456;-2.888645562;[0];-98.6250
-79.00521176;-2.888645133;[0];-98.4375
-79.00496896;-2.888644705;[0];-98.1875
-79.00472616;-2.888644276;[0];-98.0000
-79.00448336;-2.888643848;[0];-97.7500
-79.00424056;-2.888643419;[0];-97.5625
-79.00399776;-2.88864299;[0];-97.3750
-79.00375496;-2.888642562;[0];-97.2500
-79.00351216;-2.888642133;[0];-97.0000
-79.00326936;-2.888641704;[0];-96.8125
-79.00302656;-2.888641275;[0];-96.6875
-79.00278376;-2.888640846;[0];-96.5000
-79.00254096;-2.888640417;[0];-96.3750
-79.00229816;-2.888639988;[0];-96.2500
-79.00205536;-2.888639559;[0];-96.1250
-79.00181256;-2.888639129;[0];-95.9375
-79.00156976;-2.8886387;[0];-95.8125
-79.00132696;-2.888638271;[0];-95.6875
-79.00108416;-2.888637842;[0];-95.6250
-79.00084137;-2.888637412;[0];-95.5000
-79.00059857;-2.888636983;[0];-95.4375
-79.00035577;-2.888636553;[0];-95.3750
-79.00011297;-2.888636124;[0];-95.2500
-78.99987017;-2.888635694;[0];-95.1875
-78.99962737;-2.888635264;[0];-95.1875
-78.99938457;-2.888634835;[0];-95.1250
-78.99914177;-2.888634405;[0];-95.0625
-78.99889897;-2.888633975;[0];-95.0625
-78.99865617;-2.888633545;[0];-94.9375
-78.99841337;-2.888633115;[0];-95.0000
-78.99817057;-2.888632685;[0];-95.0000
-78.99792777;-2.888632255;[0];-95.0000
-78.99768497;-2.888631825;[0];-94.9375
-78.99744218;-2.888631395;[0];-94.9375
-78.99719938;-2.888630965;[0];-95.0000
-78.99695658;-2.888630535;[0];-95.0000
-78.99671378;-2.888630104;[0];-95.0000
-78.99647098;-2.888629674;[0];-95.0625
-78.99622818;-2.888629244;[0];-95.1250
-78.99598538;-2.888628813;[0];-95.1250
-78.99574258;-2.888628383;[0];-95.1875
-78.99549979;-2.888627952;[0];-95.2500
-78.99525699;-2.888627522;[0];-95.2500
-78.99501419;-2.888627091;[0];-95.3125
-78.99477139;-2.88862666;[0];-95.3750
-78.99452859;-2.888626229;[0];-95.4375
-78.99428579;-2.888625799;[0];-95.5625
-78.99404299;-2.888625368;[0];-95.6250
-78.99380020;-2.888624937;[0];-95.6875
-78.99355740;-2.888624506;[0];-95.7500
-78.99331460;-2.888624075;[0];-95.8125
-78.99307180;-2.888623644;[0];-95.8750
-78.99282900;-2.888623213;[0];-96.0000
-78.99258620;-2.888622782;[0];-96.1250
-78.99234341;-2.88862235;[0];-96.2500
-78.99210061;-2.888621919;[0];-96.3125
-78.99185781;-2.888621488;[0];-96.3750
-78.99161501;-2.888621056;[0];-96.5000
-78.99137221;-2.888620625;[0];-96.6250
-78.99112941;-2.888620193;[0];-96.7500
-78.99088662;-2.888619762;[0];-96.8750
-78.99064382;-2.88861933;[0];-97.0000
-78.99040102;-2.888618899;[0];-97.1250
-78.99015822;-2.888618467;[0];-97.2500
-78.98991542;-2.888618035;[0];-97.3125
-78.98967263;-2.888617603;[0];-97.4375
-78.98942983;-2.888617172;[0];-97.5625
-78.98918703;-2.88861674;[0];-97.6875
-78.98894423;-2.888616308;[0];-97.8125
-78.98870144;-2.888615876;[0];-97.9375
-78.98845864;-2.888615444;[0];-98.0625
-78.98821584;-2.888615012;[0];-98.1250
-78.98797304;-2.888614579;[0];-98.2500
-78.98773025;-2.888614147;[0];-98.3750
-78.98748745;-2.888613715;[0];-98.5000
-78.98724465;-2.888613283;[0];-98.6250
-78.98700185;-2.88861285;[0];-98.7500
-78.98675906;-2.888612418;[0];-98.9375
-78.98651626;-2.888611985;[0];-99.0625
-78.98627346;-2.888611553;[0];-99.1875
-78.98603066;-2.88861112;[0];-99.2500
-78.98578787;-2.888610688;[0];-99.3750
-78.98554507;-2.888610255;[0];-99.5000
-78.98530227;-2.888609822;[0];-99.6250
-78.98505947;-2.888609389;[0];-99.7500
-78.98481668;-2.888608957;[0];-99.9375
-78.98457388;-2.888608524;[0];-100.0625
-78.98433108;-2.888608091;[0];-100.1875
-78.98408829;-2.888607658;[0];-100.2500
-78.98384549;-2.888607225;[0];-100.3750
-78.98360269;-2.888606792;[0];-100.5625
-78.98335990;-2.888606358;[0];-100.6875
-78.98311710;-2.888605925;[0];-100.8125
-78.98287430;-2.888605492;[0];-100.9375
-78.98263151;-2.888605059;[0];-101.0625
-78.98238871;-2.888604625;[0];-101.1250
-78.98214591;-2.888604192;[0];-101.2500
-78.98190312;-2.888603758;[0];-101.4375
-78.98166032;-2.888603325;[0];-101.5625
-78.98141752;-2.888602891;[0];-101.6875
-78.98117473;-2.888602458;[0];-101.8125
-78.98093193;-2.888602024;[0];-101.9375
-79.00836859;-2.888406577;[0];-101.8750
-79.00812579;-2.888406149;[0];-101.6250
-79.00788299;-2.888405721;[0];-101.3750
-79.00764019;-2.888405294;[0];-101.0625
-79.00739739;-2.888404866;[0];-100.7500
-79.00715459;-2.888404438;[0];-100.5000
-79.00691179;-2.88840401;[0];-100.3125
-79.00666899;-2.888403581;[0];-100.0000
-79.00642619;-2.888403153;[0];-99.8125
-79.00618339;-2.888402725;[0];-99.5625
-79.00594059;-2.888402297;[0];-99.3125
-79.00569779;-2.888401868;[0];-99.0625
-79.00545499;-2.88840144;[0];-98.8750
-79.00521219;-2.888401012;[0];-98.6250
-79.00496939;-2.888400583;[0];-98.4375
-79.00472659;-2.888400155;[0];-98.1875
-79.00448379;-2.888399726;[0];-97.9375
-79.00424099;-2.888399297;[0];-97.8125
-79.00399819;-2.888398869;[0];-97.6250
-79.00375539;-2.88839844;[0];-97.4375
-79.00351259;-2.888398011;[0];-97.2500
-79.00326979;-2.888397582;[0];-97.0625
-79.00302699;-2.888397153;[0];-96.9375
-79.00278419;-2.888396725;[0];-96.7500
-79.00254139;-2.888396296;[0];-96.6250
-79.00229859;-2.888395866;[0];-96.5000
-79.00205579;-2.888395437;[0];-96.3750
-79.00181299;-2.888395008;[0];-96.2500
-79.00157019;-2.888394579;[0];-96.1250
-79.00132739;-2.88839415;[0];-96.0000
-79.00108459;-2.88839372;[0];-95.8750
-79.00084179;-2.888393291;[0];-95.7500
-79.00059899;-2.888392862;[0];-95.6875
-79.00035619;-2.888392432;[0];-95.6250
-79.00011339;-2.888392003;[0];-95.5625
-78.99987059;-2.888391573;[0];-95.4375
-78.99962780;-2.888391143;[0];-95.3750
-78.99938500;-2.888390714;[0];-95.3750
-78.99914220;-2.888390284;[0];-95.3125
-78.99889940;-2.888389854;[0];-95.3125
-78.99865660;-2.888389424;[0];-95.2500
-78.99841380;-2.888388995;[0];-95.1875
-78.998171;-2.888388565;[0];-95.2500
-78.99792820;-2.888388135;[0];-95.2500
-78.99768540;-2.888387705;[0];-95.1875
-78.99744260;-2.888387275;[0];-95.1875
-78.99719980;-2.888386844;[0];-95.1875
-78.99695701;-2.888386414;[0];-95.2500
-78.99671421;-2.888385984;[0];-95.2500
-78.99647141;-2.888385554;[0];-95.3125
-78.99622861;-2.888385123;[0];-95.3125
-78.99598581;-2.888384693;[0];-95.3750
-78.99574301;-2.888384262;[0];-95.3750
-78.99550021;-2.888383832;[0];-95.4375
-78.99525741;-2.888383401;[0];-95.5000
-78.99501462;-2.888382971;[0];-95.5000
-78.99477182;-2.88838254;[0];-95.5625
-78.99452902;-2.888382109;[0];-95.6250
-78.99428622;-2.888381679;[0];-95.7500
-78.99404342;-2.888381248;[0];-95.8125
-78.99380062;-2.888380817;[0];-95.8750
-78.99355783;-2.888380386;[0];-95.9375
-78.99331503;-2.888379955;[0];-96.0000
-78.99307223;-2.888379524;[0];-96.0625
-78.99282943;-2.888379093;[0];-96.1250
-78.99258663;-2.888378662;[0];-96.2500
-78.99234383;-2.888378231;[0];-96.3750
-78.99210104;-2.888377799;[0];-96.5000
-78.99185824;-2.888377368;[0];-96.5625
-78.99161544;-2.888376937;[0];-96.6875
-78.99137264;-2.888376505;[0];-96.7500
-78.99112984;-2.888376074;[0];-96.8750
-78.99088705;-2.888375642;[0];-97.0000
-78.99064425;-2.888375211;[0];-97.1250
-78.99040145;-2.888374779;[0];-97.2500
-78.99015865;-2.888374348;[0];-97.3750
-78.98991585;-2.888373916;[0];-97.4375
-78.98967306;-2.888373484;[0];-97.5625
-78.98943026;-2.888373052;[0];-97.6875
-78.98918746;-2.88837262;[0];-97.8125
-78.98894466;-2.888372188;[0];-97.9375
-78.98870187;-2.888371756;[0];-98.0625
-78.98845907;-2.888371324;[0];-98.1875
-78.98821627;-2.888370892;[0];-98.2500
-78.98797347;-2.88837046;[0];-98.3750
-78.98773068;-2.888370028;[0];-98.5000
-78.98748788;-2.888369596;[0];-98.6250
-78.98724508;-2.888369164;[0];-98.7500
-78.98700228;-2.888368731;[0];-98.8125
-78.98675949;-2.888368299;[0];-99.0000
-78.98651669;-2.888367866;[0];-99.1250
-78.98627389;-2.888367434;[0];-99.2500
-78.98603109;-2.888367001;[0];-99.3750
-78.98578830;-2.888366569;[0];-99.5000
-78.98554550;-2.888366136;[0];-99.6250
-78.98530270;-2.888365703;[0];-99.6875
-78.98505991;-2.888365271;[0];-99.8125
-78.98481711;-2.888364838;[0];-99.9375
-78.98457431;-2.888364405;[0];-100.1250
-78.98433151;-2.888363972;[0];-100.2500
-78.98408872;-2.888363539;[0];-100.3750
-78.98384592;-2.888363106;[0];-100.5000
-78.98360312;-2.888362673;[0];-100.5625
-78.98336033;-2.88836224;[0];-100.7500
-78.98311753;-2.888361807;[0];-100.8750
-78.98287473;-2.888361374;[0];-101.0000
-78.98263194;-2.88836094;[0];-101.1250
-78.98238914;-2.888360507;[0];-101.2500
-78.98214634;-2.888360074;[0];-101.3125
-78.98190355;-2.88835964;[0];-101.4375
-78.98166075;-2.888359207;[0];-101.5625
-78.98141795;-2.888358773;[0];-101.7500
-78.98117516;-2.88835834;[0];-101.8750
-78.98093236;-2.888357906;[0];-102.0000
-79.00812622;-2.888162027;[0];-101.8125
-79.00788342;-2.888161599;[0];-101.5000
-79.00764062;-2.888161171;[0];-101.2500
-79.00739782;-2.888160744;[0];-100.9375
-79.00715502;-2.888160316;[0];-100.7500
-79.00691222;-2.888159888;[0];-100.5000
-79.00666941;-2.888159459;[0];-100.2500
-79.00642661;-2.888159031;[0];-100.0000
-79.00618381;-2.888158603;[0];-99.7500
-79.00594101;-2.888158175;[0];-99.5625
-79.00569821;-2.888157747;[0];-99.3125
-79.00545541;-2.888157318;[0];-99.0625
-79.00521261;-2.88815689;[0];-98.8750
-79.00496981;-2.888156461;[0];-98.6250
-79.00472701;-2.888156033;[0];-98.4375
-79.00448421;-2.888155604;[0];-98.1875
-79.00424141;-2.888155176;[0];-98.0000
-79.00399861;-2.888154747;[0];-97.8750
-79.00375581;-2.888154318;[0];-97.6875
-79.00351301;-2.88815389;[0];-97.5000
-79.00327021;-2.888153461;[0];-97.3125
-79.00302742;-2.888153032;[0];-97.1250
-79.00278462;-2.888152603;[0];-97.0000
-79.00254182;-2.888152174;[0];-96.8750
-79.00229902;-2.888151745;[0];-96.7500
-79.00205622;-2.888151316;[0];-96.6250
-79.00181342;-2.888150887;[0];-96.5000
-79.00157062;-2.888150458;[0];-96.3750
-79.00132782;-2.888150029;[0];-96.2500
-79.00108502;-2.888149599;[0];-96.1250
-79.00084222;-2.88814917;[0];-96.0000
-79.00059942;-2.888148741;[0];-95.8750
-79.00035662;-2.888148311;[0];-95.8750
-79.00011382;-2.888147882;[0];-95.8125
-78.99987102;-2.888147452;[0];-95.6875
-78.99962822;-2.888147023;[0];-95.6250
-78.99938542;-2.888146593;[0];-95.6250
-78.99914262;-2.888146163;[0];-95.5625
-78.99889983;-2.888145733;[0];-95.5000
-78.99865703;-2.888145304;[0];-95.5000
-78.99841423;-2.888144874;[0];-95.4375
-78.99817143;-2.888144444;[0];-95.4375
-78.99792863;-2.888144014;[0];-95.4375
-78.99768583;-2.888143584;[0];-95.4375
-78.99744303;-2.888143154;[0];-95.3750
-78.99720023;-2.888142724;[0];-95.4375
-78.99695743;-2.888142294;[0];-95.4375
-78.99671463;-2.888141863;[0];-95.5000
-78.99647184;-2.888141433;[0];-95.5000
-78.99622904;-2.888141003;[0];-95.5625
-78.99598624;-2.888140573;[0];-95.5625
-78.99574344;-2.888140142;[0];-95.6250
-78.99550064;-2.888139712;[0];-95.6250
-78.99525784;-2.888139281;[0];-95.6875
-78.99501504;-2.888138851;[0];-95.7500
-78.99477225;-2.88813842;[0];-95.7500
-78.99452945;-2.888137989;[0];-95.8125
-78.99428665;-2.888137558;[0];-95.8750
-78.99404385;-2.888137128;[0];-96.0000
-78.99380105;-2.888136697;[0];-96.0625
-78.99355825;-2.888136266;[0];-96.1250
-78.99331546;-2.888135835;[0];-96.1875
-78.99307266;-2.888135404;[0];-96.2500
-78.99282986;-2.888134973;[0];-96.3125
-78.99258706;-2.888134542;[0];-96.4375
-78.99234426;-2.888134111;[0];-96.5000
-78.99210146;-2.88813368;[0];-96.6250
-78.99185867;-2.888133248;[0];-96.7500
-78.99161587;-2.888132817;[0];-96.8125
-78.99137307;-2.888132386;[0];-96.9375
-78.99113027;-2.888131954;[0];-97.0625
-78.99088747;-2.888131523;[0];-97.1875
-78.99064468;-2.888131091;[0];-97.2500
-78.99040188;-2.88813066;[0];-97.3750
-78.99015908;-2.888130228;[0];-97.5000
-78.98991628;-2.888129796;[0];-97.6250
-78.98967349;-2.888129365;[0];-97.6875
-78.98943069;-2.888128933;[0];-97.8125
-78.98918789;-2.888128501;[0];-97.9375
-78.98894509;-2.888128069;[0];-98.0625
-78.98870230;-2.888127637;[0];-98.1875
-78.98845950;-2.888127205;[0];-98.3125
-78.9882167;-2.888126773;[0];-98.3750
-78.98797390;-2.888126341;[0];-98.5000
-78.98773111;-2.888125909;[0];-98.6250
-78.98748831;-2.888125477;[0];-98.7500
-78.98724551;-2.888125045;[0];-98.8125
-78.98700271;-2.888124612;[0];-98.9375
-78.98675992;-2.88812418;[0];-99.0625
-78.98651712;-2.888123748;[0];-99.1875
-78.98627432;-2.888123315;[0];-99.3750
-78.98603152;-2.888122883;[0];-99.5000
-78.98578873;-2.88812245;[0];-99.6250
-78.98554593;-2.888122017;[0];-99.6875
-78.98530313;-2.888121585;[0];-99.8125
-78.98506034;-2.888121152;[0];-99.9375
-78.98481754;-2.888120719;[0];-100.0625
-78.98457474;-2.888120286;[0];-100.1875
-78.98433194;-2.888119854;[0];-100.3125
-78.98408915;-2.888119421;[0];-100.4375
-78.98384635;-2.888118988;[0];-100.5625
-78.98360355;-2.888118555;[0];-100.6875
-78.98336076;-2.888118122;[0];-100.8125
-78.98311796;-2.888117688;[0];-100.9375
-78.98287516;-2.888117255;[0];-101.0625
-78.98263237;-2.888116822;[0];-101.1875
-78.98238957;-2.888116389;[0];-101.3125
-78.98214677;-2.888115955;[0];-101.4375
-78.98190398;-2.888115522;[0];-101.5000
-78.98166118;-2.888115089;[0];-101.6250
-78.98141838;-2.888114655;[0];-101.7500
-78.98117559;-2.888114222;[0];-101.8750
-79.00812664;-2.887917905;[0];-102.0000
-79.00788384;-2.887917477;[0];-101.6875
-79.00764104;-2.887917049;[0];-101.3750
-79.00739824;-2.887916622;[0];-101.1250
-79.00715544;-2.887916194;[0];-100.9375
-79.00691264;-2.887915766;[0];-100.6875
-79.00666984;-2.887915338;[0];-100.4375
-79.00642704;-2.887914909;[0];-100.1875
-79.00618424;-2.887914481;[0];-99.9375
-79.00594144;-2.887914053;[0];-99.7500
-79.00569864;-2.887913625;[0];-99.5000
-79.00545584;-2.887913197;[0];-99.3125
-79.00521304;-2.887912768;[0];-99.0625
-79.00497024;-2.88791234;[0];-98.8750
-79.00472744;-2.887911911;[0];-98.6875
-79.00448464;-2.887911483;[0];-98.4375
-79.00424184;-2.887911054;[0];-98.2500
-79.00399904;-2.887910626;[0];-98.1250
-79.00375624;-2.887910197;[0];-97.9375
-79.00351344;-2.887909768;[0];-97.7500
-79.00327064;-2.887909339;[0];-97.5625
-79.00302784;-2.887908911;[0];-97.3750
-79.00278504;-2.887908482;[0];-97.2500
-79.00254224;-2.887908053;[0];-97.1250
-79.00229944;-2.887907624;[0];-97.0000
-79.00205664;-2.887907195;[0];-96.8750
-79.00181384;-2.887906766;[0];-96.7500
-79.00157104;-2.887906337;[0];-96.6250
-79.00132824;-2.887905907;[0];-96.5000
-79.00108545;-2.887905478;[0];-96.3750
-79.00084265;-2.887905049;[0];-96.2500
-79.00059985;-2.88790462;[0];-96.1250
-79.00035705;-2.88790419;[0];-96.1250
-79.00011425;-2.887903761;[0];-96.0625
-78.99987145;-2.887903331;[0];-95.9375
-78.99962865;-2.887902902;[0];-95.8750
-78.99938585;-2.887902472;[0];-95.8750
-78.99914305;-2.887902042;[0];-95.8125
-78.99890025;-2.887901613;[0];-95.7500
-78.99865745;-2.887901183;[0];-95.7500
-78.99841465;-2.887900753;[0];-95.6875
-78.99817186;-2.887900323;[0];-95.6875
-78.99792906;-2.887899893;[0];-95.6875
-78.99768626;-2.887899463;[0];-95.6875
-78.99744346;-2.887899033;[0];-95.6250
-78.99720066;-2.887898603;[0];-95.6250
-78.99695786;-2.887898173;[0];-95.6875
-78.99671506;-2.887897743;[0];-95.6875
-78.99647226;-2.887897313;[0];-95.6875
-78.99622947;-2.887896882;[0];-95.7500
-78.99598667;-2.887896452;[0];-95.8125
-78.99574387;-2.887896022;[0];-95.8125
-78.99550107;-2.887895591;[0];-95.8750
-78.99525827;-2.887895161;[0];-95.8750
-78.99501547;-2.88789473;[0];-95.9375
-78.99477267;-2.8878943;[0];-96.0000
-78.99452988;-2.887893869;[0];-96.0000
-78.99428708;-2.887893438;[0];-96.0625
-78.99404428;-2.887893008;[0];-96.1875
-78.99380148;-2.887892577;[0];-96.2500
-78.99355868;-2.887892146;[0];-96.3125
-78.99331588;-2.887891715;[0];-96.3750
-78.99307309;-2.887891284;[0];-96.4375
-78.99283029;-2.887890853;[0];-96.5000
-78.99258749;-2.887890422;[0];-96.5625
-78.99234469;-2.887889991;[0];-96.6875
-78.99210189;-2.88788956;[0];-96.8125
-78.99185910;-2.887889129;[0];-96.9375
-78.99161630;-2.887888697;[0];-97.0000
-78.99137350;-2.887888266;[0];-97.0625
-78.99113070;-2.887887835;[0];-97.1875
-78.99088790;-2.887887403;[0];-97.3125
-78.99064511;-2.887886972;[0];-97.4375
-78.99040231;-2.88788654;[0];-97.5000
-78.99015951;-2.887886109;[0];-97.6250
-78.98991671;-2.887885677;[0];-97.7500
-78.98967392;-2.887885245;[0];-97.8750
-78.98943112;-2.887884813;[0];-97.9375
-78.98918832;-2.887884382;[0];-98.0625
-78.98894552;-2.88788395;[0];-98.1250
-78.98870272;-2.887883518;[0];-98.2500
-78.98845993;-2.887883086;[0];-98.3750
-78.98821713;-2.887882654;[0];-98.5000
-78.98797433;-2.887882222;[0];-98.6250
-78.98773154;-2.88788179;[0];-98.7500
-78.98748874;-2.887881358;[0];-98.8750
-78.98724594;-2.887880926;[0];-98.9375
-78.98700314;-2.887880493;[0];-99.0625
-78.98676035;-2.887880061;[0];-99.1875
-78.98651755;-2.887879629;[0];-99.2500
-78.98627475;-2.887879196;[0];-99.4375
-78.98603195;-2.887878764;[0];-99.5625
-78.98578916;-2.887878331;[0];-99.6875
-78.98554636;-2.887877899;[0];-99.8125
-78.98530356;-2.887877466;[0];-99.9375
-78.98506077;-2.887877033;[0];-100.0000
-78.98481797;-2.887876601;[0];-100.1250
-78.98457517;-2.887876168;[0];-100.2500
-78.98433238;-2.887875735;[0];-100.3750
-78.98408958;-2.887875302;[0];-100.5000
-78.98384678;-2.887874869;[0];-100.6250
-78.98360399;-2.887874436;[0];-100.7500
-78.98336119;-2.887874003;[0];-100.8750
-78.98311839;-2.88787357;[0];-101.0000
-78.98287559;-2.887873137;[0];-101.1250
-78.98263280;-2.887872704;[0];-101.2500
-78.98239000;-2.88787227;[0];-101.3750
-78.98214721;-2.887871837;[0];-101.5000
-78.98190441;-2.887871404;[0];-101.6250
-78.98166161;-2.88787097;[0];-101.6875
-78.98141882;-2.887870537;[0];-101.8125
-78.98117602;-2.887870103;[0];-101.9375
-79.00788427;-2.887673355;[0];-101.8750
-79.00764147;-2.887672927;[0];-101.5625
-79.00739867;-2.887672499;[0];-101.3125
-79.00715587;-2.887672072;[0];-101.1250
-79.00691307;-2.887671644;[0];-100.8125
-79.00667027;-2.887671216;[0];-100.6250
-79.00642747;-2.887670788;[0];-100.3750
-79.00618467;-2.887670359;[0];-100.1250
-79.00594187;-2.887669931;[0];-99.9375
-79.00569907;-2.887669503;[0];-99.6875
-79.00545627;-2.887669075;[0];-99.5000
-79.00521347;-2.887668646;[0];-99.3125
-79.00497067;-2.887668218;[0];-99.0625
-79.00472787;-2.88766779;[0];-98.8750
-79.00448507;-2.887667361;[0];-98.6250
-79.00424227;-2.887666933;[0];-98.5000
-79.00399947;-2.887666504;[0];-98.3125
-79.00375667;-2.887666075;[0];-98.1875
-79.00351387;-2.887665647;[0];-97.9375
-79.00327107;-2.887665218;[0];-97.7500
-79.00302827;-2.887664789;[0];-97.6250
-79.00278547;-2.88766436;[0];-97.5000
-79.00254267;-2.887663932;[0];-97.3750
-79.00229987;-2.887663503;[0];-97.2500
-79.00205707;-2.887663074;[0];-97.0625
-79.00181427;-2.887662645;[0];-96.9375
-79.00157147;-2.887662215;[0];-96.8750
-79.00132867;-2.887661786;[0];-96.7500
-79.00108587;-2.887661357;[0];-96.6250
-79.00084307;-2.887660928;[0];-96.5000
-79.00060027;-2.887660499;[0];-96.3750
-79.00035747;-2.887660069;[0];-96.3125
-79.00011468;-2.88765964;[0];-96.3125
-78.99987188;-2.88765921;[0];-96.1875
-78.99962908;-2.887658781;[0];-96.1250
-78.99938628;-2.887658351;[0];-96.0625
-78.99914348;-2.887657922;[0];-96.0625
-78.99890068;-2.887657492;[0];-96.0000
-78.99865788;-2.887657062;[0];-96.0000
-78.99841508;-2.887656632;[0];-95.9375
-78.99817228;-2.887656203;[0];-95.8750
-78.99792948;-2.887655773;[0];-95.9375
-78.99768669;-2.887655343;[0];-95.9375
-78.99744389;-2.887654913;[0];-95.8750
-78.99720109;-2.887654483;[0];-95.8750
-78.99695829;-2.887654053;[0];-95.8750
-78.99671549;-2.887653623;[0];-95.8750
-78.99647269;-2.887653192;[0];-95.9375
-78.99622989;-2.887652762;[0];-95.9375
-78.99598709;-2.887652332;[0];-96.0000
-78.99574430;-2.887651901;[0];-96.0000
-78.99550150;-2.887651471;[0];-96.0625
-78.99525870;-2.887651041;[0];-96.1250
-78.9950159;-2.88765061;[0];-96.1250
-78.99477310;-2.88765018;[0];-96.1875
-78.99453030;-2.887649749;[0];-96.2500
-78.99428751;-2.887649318;[0];-96.2500
-78.99404471;-2.887648888;[0];-96.3125
-78.99380191;-2.887648457;[0];-96.4375
-78.99355911;-2.887648026;[0];-96.5000
-78.99331631;-2.887647595;[0];-96.5625
-78.99307351;-2.887647164;[0];-96.6250
-78.99283072;-2.887646733;[0];-96.6875
-78.99258792;-2.887646302;[0];-96.7500
-78.99234512;-2.887645871;[0];-96.8125
-78.99210232;-2.88764544;[0];-96.9375
-78.99185952;-2.887645009;[0];-97.0625
-78.99161673;-2.887644578;[0];-97.1875
-78.99137393;-2.887644146;[0];-97.2500
-78.99113113;-2.887643715;[0];-97.3125
-78.99088833;-2.887643284;[0];-97.4375
-78.99064554;-2.887642852;[0];-97.5625
-78.99040274;-2.887642421;[0];-97.6250
-78.99015994;-2.887641989;[0];-97.7500
-78.98991714;-2.887641557;[0];-97.8750
-78.98967434;-2.887641126;[0];-98.0000
-78.98943155;-2.887640694;[0];-98.1250
-78.98918875;-2.887640262;[0];-98.1875
-78.98894595;-2.887639831;[0];-98.2500
-78.98870315;-2.887639399;[0];-98.3750
-78.98846036;-2.887638967;[0];-98.5000
-78.98821756;-2.887638535;[0];-98.6250
-78.98797476;-2.887638103;[0];-98.7500
-78.98773196;-2.887637671;[0];-98.8750
-78.98748917;-2.887637239;[0];-98.9375
-78.98724637;-2.887636806;[0];-99.0625
-78.98700357;-2.887636374;[0];-99.1875
-78.98676078;-2.887635942;[0];-99.3125
-78.98651798;-2.88763551;[0];-99.3750
-78.98627518;-2.887635077;[0];-99.5000
-78.98603238;-2.887634645;[0];-99.6250
-78.98578959;-2.887634212;[0];-99.7500
-78.98554679;-2.88763378;[0];-99.9375
-78.98530399;-2.887633347;[0];-100.0000
-78.98506120;-2.887632915;[0];-100.1250
-78.98481840;-2.887632482;[0];-100.2500
-78.98457560;-2.887632049;[0];-100.3125
-78.98433281;-2.887631616;[0];-100.4375
-78.98409001;-2.887631184;[0];-100.5625
-78.98384721;-2.887630751;[0];-100.6875
-78.98360442;-2.887630318;[0];-100.8125
-78.98336162;-2.887629885;[0];-101.0000
-78.98311882;-2.887629452;[0];-101.0625
-78.98287603;-2.887629019;[0];-101.1875
-78.98263323;-2.887628585;[0];-101.3125
-78.98239043;-2.887628152;[0];-101.4375
-78.98214764;-2.887627719;[0];-101.5625
-78.98190484;-2.887627286;[0];-101.6875
-78.98166204;-2.887626852;[0];-101.8125
-78.98141925;-2.887626419;[0];-101.8750
-78.98117645;-2.887625985;[0];-102.0000
-79.00788469;-2.887429233;[0];-102.0000
-79.00764189;-2.887428805;[0];-101.7500
-79.00739909;-2.887428377;[0];-101.5000
-79.00715629;-2.88742795;[0];-101.3125
-79.00691349;-2.887427522;[0];-101.0000
-79.00667069;-2.887427094;[0];-100.8125
-79.00642789;-2.887426666;[0];-100.5625
-79.00618509;-2.887426238;[0];-100.3750
-79.00594229;-2.887425809;[0];-100.1875
-79.00569949;-2.887425381;[0];-99.8750
-79.00545669;-2.887424953;[0];-99.7500
-79.00521389;-2.887424525;[0];-99.5000
-79.00497109;-2.887424096;[0];-99.3125
-79.00472829;-2.887423668;[0];-99.0625
-79.00448549;-2.88742324;[0];-98.8750
-79.00424269;-2.887422811;[0];-98.6875
-79.00399989;-2.887422383;[0];-98.5625
-79.00375709;-2.887421954;[0];-98.3750
-79.00351429;-2.887421525;[0];-98.1875
-79.00327149;-2.887421097;[0];-98.0000
-79.00302869;-2.887420668;[0];-97.8750
-79.00278590;-2.887420239;[0];-97.7500
-79.00254310;-2.88741981;[0];-97.5625
-79.00230030;-2.887419381;[0];-97.4375
-79.00205750;-2.887418952;[0];-97.3125
-79.00181470;-2.887418523;[0];-97.1875
-79.00157190;-2.887418094;[0];-97.0625
-79.00132910;-2.887417665;[0];-97.0000
-79.00108630;-2.887417236;[0];-96.8750
-79.0008435;-2.887416807;[0];-96.7500
-79.0006007;-2.887416377;[0];-96.6250
-79.00035790;-2.887415948;[0];-96.5625
-79.00011510;-2.887415519;[0];-96.5625
-78.99987230;-2.887415089;[0];-96.4375
-78.99962950;-2.88741466;[0];-96.3750
-78.99938671;-2.88741423;[0];-96.3125
-78.99914391;-2.887413801;[0];-96.3125
-78.99890111;-2.887413371;[0];-96.2500
-78.99865831;-2.887412941;[0];-96.1875
-78.99841551;-2.887412512;[0];-96.1875
-78.99817271;-2.887412082;[0];-96.1250
-78.99792991;-2.887411652;[0];-96.1250
-78.99768711;-2.887411222;[0];-96.1250
-78.99744431;-2.887410792;[0];-96.1250
-78.99720152;-2.887410362;[0];-96.0625
-78.99695872;-2.887409932;[0];-96.1250
-78.99671592;-2.887409502;[0];-96.1250
-78.99647312;-2.887409072;[0];-96.1250
-78.99623032;-2.887408642;[0];-96.1875
-78.99598752;-2.887408211;[0];-96.1875
-78.99574472;-2.887407781;[0];-96.2500
-78.99550193;-2.887407351;[0];-96.2500
-78.99525913;-2.88740692;[0];-96.3125
-78.99501633;-2.88740649;[0];-96.3125
-78.99477353;-2.887406059;[0];-96.3750
-78.99453073;-2.887405629;[0];-96.4375
-78.99428793;-2.887405198;[0];-96.4375
-78.99404514;-2.887404767;[0];-96.5000
-78.99380234;-2.887404337;[0];-96.5625
-78.99355954;-2.887403906;[0];-96.6875
-78.99331674;-2.887403475;[0];-96.7500
-78.99307394;-2.887403044;[0];-96.8125
-78.99283115;-2.887402613;[0];-96.8750
-78.99258835;-2.887402182;[0];-96.9375
-78.99234555;-2.887401751;[0];-97.0000
-78.99210275;-2.88740132;[0];-97.0625
-78.99185995;-2.887400889;[0];-97.1875
-78.99161716;-2.887400458;[0];-97.3125
-78.99137436;-2.887400027;[0];-97.4375
-78.99113156;-2.887399595;[0];-97.5000
-78.99088876;-2.887399164;[0];-97.5625
-78.99064596;-2.887398733;[0];-97.6875
-78.99040317;-2.887398301;[0];-97.7500
-78.99016037;-2.88739787;[0];-97.8750
-78.98991757;-2.887397438;[0];-98.0000
-78.98967477;-2.887397006;[0];-98.1250
-78.98943198;-2.887396575;[0];-98.2500
-78.98918918;-2.887396143;[0];-98.3125
-78.98894638;-2.887395711;[0];-98.3750
-78.98870358;-2.887395279;[0];-98.5000
-78.98846079;-2.887394848;[0];-98.6250
-78.98821799;-2.887394416;[0];-98.7500
-78.98797519;-2.887393984;[0];-98.8750
-78.98773239;-2.887393552;[0];-99.0000
-78.98748960;-2.88739312;[0];-99.0625
-78.9872468;-2.887392687;[0];-99.1875
-78.98700400;-2.887392255;[0];-99.3125
-78.98676121;-2.887391823;[0];-99.3750
-78.98651841;-2.887391391;[0];-99.5000
-78.98627561;-2.887390958;[0];-99.6250
-78.98603281;-2.887390526;[0];-99.6875
-78.98579002;-2.887390094;[0];-99.8125
-78.98554722;-2.887389661;[0];-100.0000
-78.98530442;-2.887389228;[0];-100.1250
-78.98506163;-2.887388796;[0];-100.2500
-78.98481883;-2.887388363;[0];-100.3125
-78.98457603;-2.887387931;[0];-100.4375
-78.98433324;-2.887387498;[0];-100.5625
-78.98409044;-2.887387065;[0];-100.6250
-78.98384764;-2.887386632;[0];-100.7500
-78.98360485;-2.887386199;[0];-100.8750
-78.98336205;-2.887385766;[0];-101.0000
-78.98311925;-2.887385333;[0];-101.1875
-78.98287646;-2.8873849;[0];-101.2500
-78.98263366;-2.887384467;[0];-101.3750
-78.98239086;-2.887384034;[0];-101.5000
-78.98214807;-2.887383601;[0];-101.6250
-78.98190527;-2.887383167;[0];-101.7500
-78.98166247;-2.887382734;[0];-101.8750
-78.98141968;-2.887382301;[0];-102.0000
-79.00764232;-2.887184683;[0];-101.8750
-79.00739952;-2.887184255;[0];-101.6875
-79.00715672;-2.887183827;[0];-101.4375
-79.00691392;-2.8871834;[0];-101.1875
-79.00667112;-2.887182972;[0];-101.0000
-79.00642832;-2.887182544;[0];-100.7500
-79.00618552;-2.887182116;[0];-100.5625
-79.00594272;-2.887181688;[0];-100.3750
-79.00569992;-2.887181259;[0];-100.1250
-79.00545712;-2.887180831;[0];-99.9375
-79.00521432;-2.887180403;[0];-99.6875
-79.00497152;-2.887179975;[0];-99.5000
-79.00472872;-2.887179546;[0];-99.3125
-79.00448592;-2.887179118;[0];-99.0625
-79.00424312;-2.887178689;[0];-98.9375
-79.00400032;-2.887178261;[0];-98.7500
-79.00375752;-2.887177832;[0];-98.6250
-79.00351472;-2.887177404;[0];-98.4375
-79.00327192;-2.887176975;[0];-98.2500
-79.00302912;-2.887176546;[0];-98.0625
-79.00278632;-2.887176118;[0];-97.9375
-79.00254352;-2.887175689;[0];-97.8125
-79.00230072;-2.88717526;[0];-97.6875
-79.00205792;-2.887174831;[0];-97.5625
-79.00181512;-2.887174402;[0];-97.4375
-79.00157232;-2.887173973;[0];-97.3125
-79.00132953;-2.887173544;[0];-97.1875
-79.00108673;-2.887173115;[0];-97.1250
-79.00084393;-2.887172686;[0];-97.0000
-79.00060113;-2.887172256;[0];-96.8750
-79.00035833;-2.887171827;[0];-96.8125
-79.00011553;-2.887171398;[0];-96.7500
-78.99987273;-2.887170968;[0];-96.6875
-78.99962993;-2.887170539;[0];-96.6250
-78.99938713;-2.887170109;[0];-96.5625
-78.99914433;-2.88716968;[0];-96.5625
-78.99890153;-2.88716925;[0];-96.4375
-78.99865874;-2.887168821;[0];-96.4375
-78.99841594;-2.887168391;[0];-96.4375
-78.99817314;-2.887167961;[0];-96.3750
-78.99793034;-2.887167531;[0];-96.3750
-78.99768754;-2.887167102;[0];-96.3750
-78.99744474;-2.887166672;[0];-96.3750
-78.99720194;-2.887166242;[0];-96.3125
-78.99695914;-2.887165812;[0];-96.3125
-78.99671635;-2.887165382;[0];-96.3125
-78.99647355;-2.887164951;[0];-96.3750
-78.99623075;-2.887164521;[0];-96.3750
-78.99598795;-2.887164091;[0];-96.3750
-78.99574515;-2.887163661;[0];-96.4375
-78.99550235;-2.88716323;[0];-96.4375
-78.99525956;-2.8871628;[0];-96.5000
-78.99501676;-2.88716237;[0];-96.5625
-78.99477396;-2.887161939;[0];-96.5625
-78.99453116;-2.887161509;[0];-96.6250
-78.99428836;-2.887161078;[0];-96.6875
-78.99404556;-2.887160647;[0];-96.6875
-78.99380277;-2.887160217;[0];-96.7500
-78.99355997;-2.887159786;[0];-96.8750
-78.99331717;-2.887159355;[0];-96.9375
-78.99307437;-2.887158924;[0];-97.0000
-78.99283157;-2.887158493;[0];-97.0625
-78.99258878;-2.887158062;[0];-97.1250
-78.99234598;-2.887157631;[0];-97.1875
-78.99210318;-2.8871572;[0];-97.2500
-78.99186038;-2.887156769;[0];-97.3125
-78.99161758;-2.887156338;[0];-97.4375
-78.99137479;-2.887155907;[0];-97.5625
-78.99113199;-2.887155476;[0];-97.6875
-78.99088919;-2.887155044;[0];-97.7500
-78.99064639;-2.887154613;[0];-97.8125
-78.99040360;-2.887154182;[0];-97.8750
-78.99016080;-2.88715375;[0];-98.0000
-78.989918;-2.887153319;[0];-98.1250
-78.98967520;-2.887152887;[0];-98.2500
-78.98943241;-2.887152455;[0];-98.3750
-78.98918961;-2.887152024;[0];-98.5000
-78.98894681;-2.887151592;[0];-98.5625
-78.98870401;-2.88715116;[0];-98.6250
-78.98846122;-2.887150728;[0];-98.7500
-78.98821842;-2.887150296;[0];-98.8125
-78.98797562;-2.887149865;[0];-98.9375
-78.98773282;-2.887149433;[0];-99.0625
-78.98749003;-2.887149;[0];-99.1875
-78.98724723;-2.887148568;[0];-99.3125
-78.98700443;-2.887148136;[0];-99.3750
-78.98676164;-2.887147704;[0];-99.5000
-78.98651884;-2.887147272;[0];-99.6250
-78.98627604;-2.887146839;[0];-99.6875
-78.98603324;-2.887146407;[0];-99.8125
-78.98579045;-2.887145975;[0];-99.9375
-78.98554765;-2.887145542;[0];-100.0625
-78.98530485;-2.88714511;[0];-100.1875
-78.98506206;-2.887144677;[0];-100.3125
-78.98481926;-2.887144245;[0];-100.4375
-78.98457646;-2.887143812;[0];-100.5625
-78.98433367;-2.887143379;[0];-100.6250
-78.98409087;-2.887142946;[0];-100.7500
-78.98384807;-2.887142514;[0];-100.8750
-78.98360528;-2.887142081;[0];-100.9375
-78.98336248;-2.887141648;[0];-101.0625
-78.98311968;-2.887141215;[0];-101.1875
-78.98287689;-2.887140782;[0];-101.3125
-78.98263409;-2.887140349;[0];-101.4375
-78.98239129;-2.887139916;[0];-101.5625
-78.98214850;-2.887139482;[0];-101.6875
-78.98190570;-2.887139049;[0];-101.7500
-78.98166291;-2.887138616;[0];-101.8750
-79.00739994;-2.886940133;[0];-101.8750
-79.00715714;-2.886939705;[0];-101.6250
-79.00691434;-2.886939278;[0];-101.3750
-79.00667154;-2.88693885;[0];-101.1875
-79.00642874;-2.886938422;[0];-100.9375
-79.00618594;-2.886937994;[0];-100.7500
-79.00594314;-2.886937566;[0];-100.5625
-79.00570034;-2.886937138;[0];-100.3125
-79.00545754;-2.886936709;[0];-100.1250
-79.00521474;-2.886936281;[0];-99.8750
-79.00497194;-2.886935853;[0];-99.6875
-79.00472914;-2.886935425;[0];-99.5000
-79.00448634;-2.886934996;[0];-99.3125
-79.00424355;-2.886934568;[0];-99.1250
-79.00400075;-2.886934139;[0];-99.0000
-79.00375795;-2.886933711;[0];-98.8125
-79.00351515;-2.886933282;[0];-98.6250
-79.00327235;-2.886932854;[0];-98.4375
-79.00302955;-2.886932425;[0];-98.3125
-79.00278675;-2.886931996;[0];-98.1875
-79.00254395;-2.886931567;[0];-98.0625
-79.00230115;-2.886931139;[0];-97.9375
-79.00205835;-2.88693071;[0];-97.8125
-79.00181555;-2.886930281;[0];-97.6875
-79.00157275;-2.886929852;[0];-97.5625
-79.00132995;-2.886929423;[0];-97.4375
-79.00108715;-2.886928994;[0];-97.3125
-79.00084435;-2.886928565;[0];-97.2500
-79.00060155;-2.886928135;[0];-97.1250
-79.00035876;-2.886927706;[0];-97.0000
-79.00011596;-2.886927277;[0];-97.0000
-78.99987316;-2.886926847;[0];-96.9375
-78.99963036;-2.886926418;[0];-96.8750
-78.99938756;-2.886925989;[0];-96.7500
-78.99914476;-2.886925559;[0];-96.7500
-78.99890196;-2.88692513;[0];-96.6875
-78.99865916;-2.8869247;[0];-96.6250
-78.99841636;-2.88692427;[0];-96.6250
-78.99817357;-2.886923841;[0];-96.5625
-78.99793077;-2.886923411;[0];-96.5625
-78.99768797;-2.886922981;[0];-96.5625
-78.99744517;-2.886922551;[0];-96.5625
-78.99720237;-2.886922121;[0];-96.5625
-78.99695957;-2.886921691;[0];-96.5000
-78.99671677;-2.886921261;[0];-96.5625
-78.99647398;-2.886920831;[0];-96.5625
-78.99623118;-2.886920401;[0];-96.5625
-78.99598838;-2.886919971;[0];-96.6250
-78.99574558;-2.88691954;[0];-96.6250
-78.99550278;-2.88691911;[0];-96.6875
-78.99525998;-2.88691868;[0];-96.6875
-78.99501719;-2.886918249;[0];-96.7500
-78.99477439;-2.886917819;[0];-96.7500
-78.99453159;-2.886917388;[0];-96.8125
-78.99428879;-2.886916958;[0];-96.8750
-78.99404599;-2.886916527;[0];-96.8750
-78.99380319;-2.886916097;[0];-96.9375
-78.99356040;-2.886915666;[0];-97.0000
-78.99331760;-2.886915235;[0];-97.1250
-78.9930748;-2.886914804;[0];-97.1875
-78.99283200;-2.886914374;[0];-97.2500
-78.99258920;-2.886913943;[0];-97.3125
-78.99234641;-2.886913512;[0];-97.3125
-78.99210361;-2.886913081;[0];-97.3750
-78.99186081;-2.88691265;[0];-97.4375
-78.99161801;-2.886912218;[0];-97.5625
-78.99137522;-2.886911787;[0];-97.6875
-78.99113242;-2.886911356;[0];-97.8125
-78.99088962;-2.886910925;[0];-97.8750
-78.99064682;-2.886910493;[0];-97.9375
-78.99040402;-2.886910062;[0];-98.0000
-78.99016123;-2.886909631;[0];-98.1250
-78.98991843;-2.886909199;[0];-98.2500
-78.98967563;-2.886908768;[0];-98.3750
-78.98943283;-2.886908336;[0];-98.5000
-78.98919004;-2.886907904;[0];-98.6250
-78.98894724;-2.886907473;[0];-98.6875
-78.98870444;-2.886907041;[0];-98.8125
-78.98846165;-2.886906609;[0];-98.8750
-78.98821885;-2.886906177;[0];-98.9375
-78.98797605;-2.886905745;[0];-99.0625
-78.98773325;-2.886905313;[0];-99.1875
-78.98749046;-2.886904881;[0];-99.3125
-78.98724766;-2.886904449;[0];-99.4375
-78.98700486;-2.886904017;[0];-99.5000
-78.98676207;-2.886903585;[0];-99.6250
-78.98651927;-2.886903153;[0];-99.6875
-78.98627647;-2.886902721;[0];-99.8125
-78.98603367;-2.886902288;[0];-99.9375
-78.98579088;-2.886901856;[0];-100.0000
-78.98554808;-2.886901423;[0];-100.1250
-78.98530528;-2.886900991;[0];-100.2500
-78.98506249;-2.886900558;[0];-100.3750
-78.98481969;-2.886900126;[0];-100.5000
-78.98457689;-2.886899693;[0];-100.6250
-78.98433410;-2.886899261;[0];-100.7500
-78.9840913;-2.886898828;[0];-100.8125
-78.98384850;-2.886898395;[0];-100.9375
-78.98360571;-2.886897962;[0];-101.0625
-78.98336291;-2.886897529;[0];-101.1250
-78.98312011;-2.886897096;[0];-101.2500
-78.98287732;-2.886896663;[0];-101.3750
-78.98263452;-2.88689623;[0];-101.5000
-78.98239173;-2.886895797;[0];-101.6250
-78.98214893;-2.886895364;[0];-101.7500
-78.98190613;-2.886894931;[0];-101.8750
-78.98166334;-2.886894498;[0];-101.9375
-79.00740037;-2.886696011;[0];-102.0000
-79.00715757;-2.886695583;[0];-101.8125
-79.00691477;-2.886695156;[0];-101.5625
-79.00667197;-2.886694728;[0];-101.3750
-79.00642917;-2.8866943;[0];-101.1250
-79.00618637;-2.886693872;[0];-100.9375
-79.00594357;-2.886693444;[0];-100.7500
-79.00570077;-2.886693016;[0];-100.5000
-79.00545797;-2.886692588;[0];-100.3125
-79.00521517;-2.886692159;[0];-100.1250
-79.00497237;-2.886691731;[0];-99.9375
-79.00472957;-2.886691303;[0];-99.7500
-79.00448677;-2.886690875;[0];-99.5000
-79.00424397;-2.886690446;[0];-99.3750
-79.00400117;-2.886690018;[0];-99.1875
-79.00375837;-2.886689589;[0];-99.0625
-79.00351557;-2.886689161;[0];-98.8750
-79.00327277;-2.886688732;[0];-98.6875
-79.00302997;-2.886688304;[0];-98.5625
-79.00278717;-2.886687875;[0];-98.4375
-79.00254438;-2.886687446;[0];-98.2500
-79.00230158;-2.886687017;[0];-98.1250
-79.00205878;-2.886686588;[0];-98.0000
-79.00181598;-2.88668616;[0];-97.9375
-79.00157318;-2.886685731;[0];-97.8125
-79.00133038;-2.886685302;[0];-97.6875
-79.00108758;-2.886684873;[0];-97.5625
-79.00084478;-2.886684443;[0];-97.4375
-79.00060198;-2.886684014;[0];-97.3750
-79.00035918;-2.886683585;[0];-97.2500
-79.00011638;-2.886683156;[0];-97.1875
-78.99987358;-2.886682727;[0];-97.1875
-78.99963079;-2.886682297;[0];-97.0625
-78.99938799;-2.886681868;[0];-97.0000
-78.99914519;-2.886681438;[0];-96.9375
-78.99890239;-2.886681009;[0];-96.9375
-78.99865959;-2.886680579;[0];-96.8750
-78.99841679;-2.88668015;[0];-96.8750
-78.99817399;-2.88667972;[0];-96.8125
-78.99793119;-2.88667929;[0];-96.7500
-78.99768840;-2.88667886;[0];-96.7500
-78.99744560;-2.88667843;[0];-96.8125
-78.99720280;-2.886678001;[0];-96.8125
-78.99696;-2.886677571;[0];-96.7500
-78.99671720;-2.886677141;[0];-96.7500
-78.99647440;-2.886676711;[0];-96.7500
-78.99623160;-2.886676281;[0];-96.8125
-78.99598881;-2.88667585;[0];-96.8125
-78.99574601;-2.88667542;[0];-96.8125
-78.99550321;-2.88667499;[0];-96.8750
-78.99526041;-2.88667456;[0];-96.8750
-78.99501761;-2.886674129;[0];-96.9375
-78.99477482;-2.886673699;[0];-96.9375
-78.99453202;-2.886673268;[0];-97.0000
-78.99428922;-2.886672838;[0];-97.0625
-78.99404642;-2.886672407;[0];-97.0625
-78.99380362;-2.886671977;[0];-97.1250
-78.99356082;-2.886671546;[0];-97.1875
-78.99331803;-2.886671115;[0];-97.2500
-78.99307523;-2.886670684;[0];-97.3750
-78.99283243;-2.886670254;[0];-97.4375
-78.99258963;-2.886669823;[0];-97.4375
-78.99234684;-2.886669392;[0];-97.5000
-78.99210404;-2.886668961;[0];-97.5625
-78.99186124;-2.88666853;[0];-97.6250
-78.99161844;-2.886668099;[0];-97.6875
-78.99137564;-2.886667668;[0];-97.8125
-78.99113285;-2.886667236;[0];-97.9375
-78.99089005;-2.886666805;[0];-98.0000
-78.99064725;-2.886666374;[0];-98.1250
-78.99040445;-2.886665943;[0];-98.1875
-78.99016166;-2.886665511;[0];-98.2500
-78.98991886;-2.88666508;[0];-98.3750
-78.98967606;-2.886664648;[0];-98.5000
-78.98943326;-2.886664217;[0];-98.6250
-78.98919047;-2.886663785;[0];-98.6875
-78.98894767;-2.886663353;[0];-98.8125
-78.98870487;-2.886662922;[0];-98.9375
-78.98846208;-2.88666249;[0];-99.0000
-78.98821928;-2.886662058;[0];-99.0625
-78.98797648;-2.886661626;[0];-99.1875
-78.98773368;-2.886661194;[0];-99.3125
-78.98749089;-2.886660762;[0];-99.3750
-78.98724809;-2.88666033;[0];-99.5000
-78.98700529;-2.886659898;[0];-99.6250
-78.98676250;-2.886659466;[0];-99.7500
-78.98651970;-2.886659034;[0];-99.8125
-78.98627690;-2.886658602;[0];-99.9375
-78.98603410;-2.886658169;[0];-100.0000
-78.98579131;-2.886657737;[0];-100.1250
-78.98554851;-2.886657305;[0];-100.2500
-78.98530571;-2.886656872;[0];-100.3125
-78.98506292;-2.88665644;[0];-100.4375
-78.98482012;-2.886656007;[0];-100.5625
-78.98457732;-2.886655575;[0];-100.6875
-78.98433453;-2.886655142;[0];-100.8125
-78.98409173;-2.886654709;[0];-100.9375
-78.98384893;-2.886654276;[0];-101.0625
-78.98360614;-2.886653844;[0];-101.1250
-78.98336334;-2.886653411;[0];-101.2500
-78.98312055;-2.886652978;[0];-101.3125
-78.98287775;-2.886652545;[0];-101.4375
-78.98263495;-2.886652112;[0];-101.5625
-78.98239216;-2.886651679;[0];-101.6875
-78.98214936;-2.886651246;[0];-101.8125
-78.98190656;-2.886650813;[0];-101.9375
-79.00715799;-2.886451461;[0];-102.0000
-79.00691519;-2.886451034;[0];-101.7500
-79.00667239;-2.886450606;[0];-101.5625
-79.00642959;-2.886450178;[0];-101.3125
-79.00618679;-2.88644975;[0];-101.1250
-79.00594400;-2.886449322;[0];-100.9375
-79.00570120;-2.886448894;[0];-100.6875
-79.00545840;-2.886448466;[0];-100.5625
-79.00521560;-2.886448038;[0];-100.3125
-79.00497280;-2.88644761;[0];-100.1250
-79.00473000;-2.886447181;[0];-99.9375
-79.00448720;-2.886446753;[0];-99.6875
-79.00424440;-2.886446325;[0];-99.5625
-79.00400160;-2.886445896;[0];-99.4375
-79.00375880;-2.886445468;[0];-99.2500
-79.00351600;-2.886445039;[0];-99.1250
-79.00327320;-2.886444611;[0];-98.8750
-79.0030304;-2.886444182;[0];-98.7500
-79.0027876;-2.886443754;[0];-98.6250
-79.00254480;-2.886443325;[0];-98.5000
-79.00230200;-2.886442896;[0];-98.3750
-79.00205920;-2.886442467;[0];-98.2500
-79.00181640;-2.886442038;[0];-98.1250
-79.00157360;-2.886441609;[0];-98.0000
-79.00133081;-2.88644118;[0];-97.9375
-79.00108801;-2.886440751;[0];-97.8125
-79.00084521;-2.886440322;[0];-97.6875
-79.00060241;-2.886439893;[0];-97.6250
-79.00035961;-2.886439464;[0];-97.5000
-79.00011681;-2.886439035;[0];-97.4375
-78.99987401;-2.886438606;[0];-97.4375
-78.99963121;-2.886438176;[0];-97.3125
-78.99938841;-2.886437747;[0];-97.2500
-78.99914562;-2.886437317;[0];-97.1875
-78.99890282;-2.886436888;[0];-97.1875
-78.99866002;-2.886436458;[0];-97.1250
-78.99841722;-2.886436029;[0];-97.0625
-78.99817442;-2.886435599;[0];-97.0625
-78.99793162;-2.886435169;[0];-97.0000
-78.99768882;-2.88643474;[0];-97.0000
-78.99744602;-2.88643431;[0];-97.0000
-78.99720323;-2.88643388;[0];-97.0000
-78.99696043;-2.88643345;[0];-96.9375
-78.99671763;-2.88643302;[0];-96.9375
-78.99647483;-2.88643259;[0];-96.9375
-78.99623203;-2.88643216;[0];-97.0000
-78.99598923;-2.88643173;[0];-97.0000
-78.99574644;-2.8864313;[0];-97.0625
-78.99550364;-2.88643087;[0];-97.0625
-78.99526084;-2.886430439;[0];-97.0625
-78.99501804;-2.886430009;[0];-97.1250
-78.99477524;-2.886429579;[0];-97.1875
-78.99453245;-2.886429148;[0];-97.1875
-78.99428965;-2.886428718;[0];-97.2500
-78.99404685;-2.886428287;[0];-97.2500
-78.99380405;-2.886427857;[0];-97.3125
-78.99356125;-2.886427426;[0];-97.3750
-78.99331846;-2.886426995;[0];-97.3750
-78.99307566;-2.886426565;[0];-97.5000
-78.99283286;-2.886426134;[0];-97.6250
-78.99259006;-2.886425703;[0];-97.6250
-78.99234726;-2.886425272;[0];-97.6875
-78.99210447;-2.886424841;[0];-97.7500
-78.99186167;-2.88642441;[0];-97.8125
-78.99161887;-2.886423979;[0];-97.8750
-78.99137607;-2.886423548;[0];-97.9375
-78.99113328;-2.886423117;[0];-98.0625
-78.99089048;-2.886422686;[0];-98.1875
-78.99064768;-2.886422254;[0];-98.2500
-78.99040488;-2.886421823;[0];-98.3125
-78.99016209;-2.886421392;[0];-98.3750
-78.98991929;-2.88642096;[0];-98.5000
-78.98967649;-2.886420529;[0];-98.6250
-78.98943369;-2.886420097;[0];-98.6875
-78.98919090;-2.886419666;[0];-98.8125
-78.98894810;-2.886419234;[0];-98.9375
-78.98870530;-2.886418802;[0];-99.0625
-78.98846250;-2.886418371;[0];-99.1250
-78.98821971;-2.886417939;[0];-99.2500
-78.98797691;-2.886417507;[0];-99.3125
-78.98773411;-2.886417075;[0];-99.3750
-78.98749132;-2.886416643;[0];-99.5000
-78.98724852;-2.886416211;[0];-99.6250
-78.98700572;-2.886415779;[0];-99.7500
-78.98676293;-2.886415347;[0];-99.8125
-78.98652013;-2.886414915;[0];-99.9375
-78.98627733;-2.886414483;[0];-100.0625
-78.98603453;-2.886414051;[0];-100.1250
-78.98579174;-2.886413618;[0];-100.2500
-78.98554894;-2.886413186;[0];-100.3125
-78.98530614;-2.886412753;[0];-100.4375
-78.98506335;-2.886412321;[0];-100.5625
-78.98482055;-2.886411889;[0];-100.6250
-78.98457775;-2.886411456;[0];-100.7500
-78.98433496;-2.886411023;[0];-100.8750
-78.98409216;-2.886410591;[0];-101.0625
-78.98384936;-2.886410158;[0];-101.1250
-78.98360657;-2.886409725;[0];-101.2500
-78.98336377;-2.886409292;[0];-101.3125
-78.98312098;-2.886408859;[0];-101.4375
-78.98287818;-2.886408427;[0];-101.5000
-78.98263538;-2.886407994;[0];-101.6250
-78.98239259;-2.886407561;[0];-101.7500
-78.98214979;-2.886407127;[0];-101.8750
-78.98190699;-2.886406694;[0];-102.0000
-79.00691562;-2.886206912;[0];-101.9375
-79.00667282;-2.886206484;[0];-101.7500
-79.00643002;-2.886206056;[0];-101.5000
-79.00618722;-2.886205628;[0];-101.3125
-79.00594442;-2.8862052;[0];-101.1250
-79.00570162;-2.886204772;[0];-100.8750
-79.00545882;-2.886204344;[0];-100.7500
-79.00521602;-2.886203916;[0];-100.5000
-79.00497322;-2.886203488;[0];-100.3125
-79.00473042;-2.88620306;[0];-100.1250
-79.00448762;-2.886202631;[0];-99.9375
-79.00424482;-2.886202203;[0];-99.7500
-79.00400202;-2.886201775;[0];-99.6250
-79.00375922;-2.886201346;[0];-99.5000
-79.00351643;-2.886200918;[0];-99.3125
-79.00327363;-2.886200489;[0];-99.1250
-79.00303083;-2.886200061;[0];-99.0000
-79.00278803;-2.886199632;[0];-98.8750
-79.00254523;-2.886199203;[0];-98.7500
-79.00230243;-2.886198775;[0];-98.6250
-79.00205963;-2.886198346;[0];-98.5000
-79.00181683;-2.886197917;[0];-98.3750
-79.00157403;-2.886197488;[0];-98.2500
-79.00133123;-2.886197059;[0];-98.1250
-79.00108843;-2.88619663;[0];-98.0000
-79.00084563;-2.886196201;[0];-97.9375
-79.00060284;-2.886195772;[0];-97.8125
-79.00036004;-2.886195343;[0];-97.7500
-79.00011724;-2.886194914;[0];-97.6250
-78.99987444;-2.886194485;[0];-97.6250
-78.99963164;-2.886194055;[0];-97.5625
-78.99938884;-2.886193626;[0];-97.5000
-78.99914604;-2.886193197;[0];-97.3750
-78.99890324;-2.886192767;[0];-97.3750
-78.99866045;-2.886192338;[0];-97.3125
-78.99841765;-2.886191908;[0];-97.2500
-78.99817485;-2.886191478;[0];-97.3125
-78.99793205;-2.886191049;[0];-97.2500
-78.99768925;-2.886190619;[0];-97.1875
-78.99744645;-2.886190189;[0];-97.1875
-78.99720365;-2.886189759;[0];-97.1875
-78.99696086;-2.88618933;[0];-97.1875
-78.99671806;-2.8861889;[0];-97.1250
-78.99647526;-2.88618847;[0];-97.1875
-78.99623246;-2.88618804;[0];-97.1875
-78.99598966;-2.88618761;[0];-97.1875
-78.99574686;-2.886187179;[0];-97.2500
-78.99550407;-2.886186749;[0];-97.2500
-78.99526127;-2.886186319;[0];-97.3125
-78.99501847;-2.886185889;[0];-97.3125
-78.99477567;-2.886185458;[0];-97.3750
-78.99453287;-2.886185028;[0];-97.3750
-78.99429008;-2.886184598;[0];-97.4375
-78.99404728;-2.886184167;[0];-97.4375
-78.99380448;-2.886183737;[0];-97.5000
-78.99356168;-2.886183306;[0];-97.5625
-78.99331888;-2.886182875;[0];-97.5625
-78.99307609;-2.886182445;[0];-97.6250
-78.99283329;-2.886182014;[0];-97.7500
-78.99259049;-2.886181583;[0];-97.8125
-78.99234769;-2.886181152;[0];-97.8750
-78.99210489;-2.886180721;[0];-97.9375
-78.99186210;-2.88618029;[0];-98.0000
-78.99161930;-2.886179859;[0];-98.0000
-78.99137650;-2.886179428;[0];-98.0625
-78.99113370;-2.886178997;[0];-98.1875
-78.99089091;-2.886178566;[0];-98.3125
-78.99064811;-2.886178135;[0];-98.3750
-78.99040531;-2.886177703;[0];-98.5000
-78.99016251;-2.886177272;[0];-98.5625
-78.98991972;-2.886176841;[0];-98.6250
-78.98967692;-2.886176409;[0];-98.7500
-78.98943412;-2.886175978;[0];-98.8125
-78.98919133;-2.886175546;[0];-98.9375
-78.98894853;-2.886175115;[0];-99.0625
-78.98870573;-2.886174683;[0];-99.1875
-78.98846293;-2.886174251;[0];-99.2500
-78.98822014;-2.88617382;[0];-99.3750
-78.98797734;-2.886173388;[0];-99.4375
-78.98773454;-2.886172956;[0];-99.5000
-78.98749175;-2.886172524;[0];-99.6250
-78.98724895;-2.886172092;[0];-99.6875
-78.98700615;-2.88617166;[0];-99.8125
-78.98676335;-2.886171228;[0];-99.9375
-78.98652056;-2.886170796;[0];-100.0625
-78.98627776;-2.886170364;[0];-100.1250
-78.98603496;-2.886169932;[0];-100.2500
-78.98579217;-2.886169499;[0];-100.3125
-78.98554937;-2.886169067;[0];-100.4375
-78.98530657;-2.886168635;[0];-100.5625
-78.98506378;-2.886168202;[0];-100.6250
-78.98482098;-2.88616777;[0];-100.7500
-78.98457818;-2.886167337;[0];-100.8125
-78.98433539;-2.886166905;[0];-100.9375
-78.98409259;-2.886166472;[0];-101.0625
-78.98384980;-2.886166039;[0];-101.2500
-78.98360700;-2.886165607;[0];-101.3125
-78.98336420;-2.886165174;[0];-101.4375
-78.98312141;-2.886164741;[0];-101.5000
-78.98287861;-2.886164308;[0];-101.6250
-78.98263581;-2.886163875;[0];-101.6875
-78.98239302;-2.886163442;[0];-101.8125
-78.98215022;-2.886163009;[0];-101.9375
-79.00667325;-2.885962362;[0];-101.9375
-79.00643045;-2.885961934;[0];-101.6875
-79.00618765;-2.885961506;[0];-101.5000
-79.00594485;-2.885961078;[0];-101.3125
-79.00570205;-2.88596065;[0];-101.0625
-79.00545925;-2.885960222;[0];-100.9375
-79.00521645;-2.885959794;[0];-100.6875
-79.00497365;-2.885959366;[0];-100.5000
-79.00473085;-2.885958938;[0];-100.3125
-79.00448805;-2.88595851;[0];-100.1250
-79.00424525;-2.885958081;[0];-100.0000
-79.00400245;-2.885957653;[0];-99.8125
-79.00375965;-2.885957225;[0];-99.6875
-79.00351685;-2.885956796;[0];-99.5000
-79.00327405;-2.885956368;[0];-99.3125
-79.00303125;-2.885955939;[0];-99.1875
-79.00278845;-2.885955511;[0];-99.0625
-79.00254565;-2.885955082;[0];-98.9375
-79.00230286;-2.885954653;[0];-98.8125
-79.00206006;-2.885954225;[0];-98.6875
-79.00181726;-2.885953796;[0];-98.5625
-79.00157446;-2.885953367;[0];-98.5000
-79.00133166;-2.885952938;[0];-98.3750
-79.00108886;-2.885952509;[0];-98.2500
-79.00084606;-2.88595208;[0];-98.1250
-79.00060326;-2.885951651;[0];-98.0625
-79.00036046;-2.885951222;[0];-97.9375
-79.00011766;-2.885950793;[0];-97.8750
-78.99987487;-2.885950364;[0];-97.8125
-78.99963207;-2.885949934;[0];-97.8125
-78.99938927;-2.885949505;[0];-97.6875
-78.99914647;-2.885949076;[0];-97.6250
-78.99890367;-2.885948646;[0];-97.5625
-78.99866087;-2.885948217;[0];-97.5625
-78.99841807;-2.885947787;[0];-97.5000
-78.99817528;-2.885947358;[0];-97.5000
-78.99793248;-2.885946928;[0];-97.4375
-78.99768968;-2.885946498;[0];-97.3750
-78.99744688;-2.885946069;[0];-97.3750
-78.99720408;-2.885945639;[0];-97.4375
-78.99696128;-2.885945209;[0];-97.4375
-78.99671848;-2.885944779;[0];-97.3750
-78.99647569;-2.885944349;[0];-97.3750
-78.99623289;-2.885943919;[0];-97.3750
-78.99599009;-2.885943489;[0];-97.3750
-78.99574729;-2.885943059;[0];-97.4375
-78.99550449;-2.885942629;[0];-97.4375
-78.99526170;-2.885942199;[0];-97.5000
-78.99501890;-2.885941769;[0];-97.5000
-78.99477610;-2.885941338;[0];-97.5625
-78.99453330;-2.885940908;[0];-97.5625
-78.99429050;-2.885940478;[0];-97.6250
-78.99404771;-2.885940047;[0];-97.6250
-78.99380491;-2.885939617;[0];-97.6875
-78.99356211;-2.885939186;[0];-97.7500
-78.99331931;-2.885938755;[0];-97.7500
-78.99307651;-2.885938325;[0];-97.8125
-78.99283372;-2.885937894;[0];-97.8750
-78.99259092;-2.885937463;[0];-98.0000
-78.99234812;-2.885937032;[0];-98.0625
-78.99210532;-2.885936602;[0];-98.0625
-78.99186253;-2.885936171;[0];-98.1250
-78.99161973;-2.88593574;[0];-98.1875
-78.99137693;-2.885935309;[0];-98.2500
-78.99113413;-2.885934878;[0];-98.3125
-78.99089134;-2.885934446;[0];-98.4375
-78.99064854;-2.885934015;[0];-98.5000
-78.99040574;-2.885933584;[0];-98.6250
-78.99016294;-2.885933153;[0];-98.7500
-78.98992015;-2.885932721;[0];-98.8125
-78.98967735;-2.88593229;[0];-98.8125
-78.98943455;-2.885931858;[0];-98.9375
-78.98919175;-2.885931427;[0];-99.0625
-78.98894896;-2.885930995;[0];-99.1875
-78.98870616;-2.885930564;[0];-99.2500
-78.98846336;-2.885930132;[0];-99.3750
-78.98822057;-2.8859297;[0];-99.5000
-78.98797777;-2.885929269;[0];-99.5625
-78.98773497;-2.885928837;[0];-99.6250
-78.98749218;-2.885928405;[0];-99.6875
-78.98724938;-2.885927973;[0];-99.8125
-78.98700658;-2.885927541;[0];-99.9375
-78.98676378;-2.885927109;[0];-100.0625
-78.98652099;-2.885926677;[0];-100.1250
-78.98627819;-2.885926245;[0];-100.2500
-78.98603539;-2.885925813;[0];-100.3750
-78.98579260;-2.885925381;[0];-100.4375
-78.98554980;-2.885924948;[0];-100.5625
-78.98530700;-2.885924516;[0];-100.6250
-78.98506421;-2.885924084;[0];-100.7500
-78.98482141;-2.885923651;[0];-100.8125
-78.98457861;-2.885923219;[0];-100.9375
-78.98433582;-2.885922786;[0];-101.0000
-78.98409302;-2.885922354;[0];-101.1250
-78.98385023;-2.885921921;[0];-101.2500
-78.98360743;-2.885921488;[0];-101.4375
-78.98336463;-2.885921055;[0];-101.5000
-78.98312184;-2.885920623;[0];-101.6250
-78.98287904;-2.88592019;[0];-101.6875
-78.98263624;-2.885919757;[0];-101.8125
-78.98239345;-2.885919324;[0];-101.8750
-78.98215065;-2.885918891;[0];-102.0000
-79.00643087;-2.885717812;[0];-101.8750
-79.00618807;-2.885717384;[0];-101.6875
-79.00594527;-2.885716956;[0];-101.4375
-79.00570247;-2.885716529;[0];-101.2500
-79.00545967;-2.885716101;[0];-101.1250
-79.00521687;-2.885715673;[0];-100.8750
-79.00497407;-2.885715244;[0];-100.6875
-79.00473127;-2.885714816;[0];-100.5000
-79.00448847;-2.885714388;[0];-100.3125
-79.00424568;-2.88571396;[0];-100.1875
-79.00400288;-2.885713532;[0];-100.0625
-79.00376008;-2.885713103;[0];-99.8750
-79.00351728;-2.885712675;[0];-99.7500
-79.00327448;-2.885712246;[0];-99.5000
-79.00303168;-2.885711818;[0];-99.3750
-79.00278888;-2.885711389;[0];-99.2500
-79.00254608;-2.885710961;[0];-99.1250
-79.00230328;-2.885710532;[0];-99.0000
-79.00206048;-2.885710103;[0];-98.9375
-79.00181768;-2.885709675;[0];-98.8125
-79.00157488;-2.885709246;[0];-98.6875
-79.00133209;-2.885708817;[0];-98.5625
-79.00108929;-2.885708388;[0];-98.5000
-79.00084649;-2.885707959;[0];-98.3750
-79.00060369;-2.88570753;[0];-98.2500
-79.00036089;-2.885707101;[0];-98.1875
-79.00011809;-2.885706672;[0];-98.0625
-78.99987529;-2.885706243;[0];-98.0625
-78.99963249;-2.885705814;[0];-98.0000
-78.99938970;-2.885705384;[0];-97.9375
-78.99914690;-2.885704955;[0];-97.8125
-78.99890410;-2.885704526;[0];-97.8125
-78.99866130;-2.885704096;[0];-97.8125
-78.9984185;-2.885703667;[0];-97.6875
-78.99817570;-2.885703237;[0];-97.6875
-78.99793290;-2.885702807;[0];-97.6875
-78.99769011;-2.885702378;[0];-97.6250
-78.99744731;-2.885701948;[0];-97.6250
-78.99720451;-2.885701518;[0];-97.6250
-78.99696171;-2.885701089;[0];-97.6250
-78.99671891;-2.885700659;[0];-97.6250
-78.99647611;-2.885700229;[0];-97.5625
-78.99623332;-2.885699799;[0];-97.5625
-78.99599052;-2.885699369;[0];-97.5625
-78.99574772;-2.885698939;[0];-97.6250
-78.99550492;-2.885698509;[0];-97.6250
-78.99526212;-2.885698079;[0];-97.6875
-78.99501933;-2.885697648;[0];-97.6875
-78.99477653;-2.885697218;[0];-97.7500
-78.99453373;-2.885696788;[0];-97.7500
-78.99429093;-2.885696357;[0];-97.8125
-78.99404813;-2.885695927;[0];-97.8125
-78.99380534;-2.885695497;[0];-97.8750
-78.99356254;-2.885695066;[0];-97.8750
-78.99331974;-2.885694635;[0];-97.9375
-78.99307694;-2.885694205;[0];-98.0000
-78.99283414;-2.885693774;[0];-98.0000
-78.99259135;-2.885693343;[0];-98.1250
-78.99234855;-2.885692913;[0];-98.1875
-78.99210575;-2.885692482;[0];-98.2500
-78.99186295;-2.885692051;[0];-98.3125
-78.99162016;-2.88569162;[0];-98.3750
-78.99137736;-2.885691189;[0];-98.4375
-78.99113456;-2.885690758;[0];-98.4375
-78.99089176;-2.885690327;[0];-98.5625
-78.99064897;-2.885689896;[0];-98.6250
-78.99040617;-2.885689464;[0];-98.7500
-78.99016337;-2.885689033;[0];-98.8750
-78.98992058;-2.885688602;[0];-98.9375
-78.98967778;-2.885688171;[0];-99.0000
-78.98943498;-2.885687739;[0];-99.0625
-78.98919218;-2.885687308;[0];-99.1875
-78.98894939;-2.885686876;[0];-99.2500
-78.98870659;-2.885686445;[0];-99.3750
-78.98846379;-2.885686013;[0];-99.5000
-78.98822100;-2.885685581;[0];-99.6250
-78.98797820;-2.88568515;[0];-99.6875
-78.98773540;-2.885684718;[0];-99.8125
-78.98749260;-2.885684286;[0];-99.8750
-78.98724981;-2.885683854;[0];-99.9375
-78.98700701;-2.885683422;[0];-100.0000
-78.98676421;-2.88568299;[0];-100.1250
-78.98652142;-2.885682558;[0];-100.2500
-78.98627862;-2.885682126;[0];-100.3750
-78.98603582;-2.885681694;[0];-100.4375
-78.98579303;-2.885681262;[0];-100.5625
-78.98555023;-2.885680829;[0];-100.6250
-78.98530743;-2.885680397;[0];-100.7500
-78.98506464;-2.885679965;[0];-100.8125
-78.98482184;-2.885679532;[0];-100.9375
-78.98457905;-2.8856791;[0];-101.0625
-78.98433625;-2.885678668;[0];-101.1250
-78.98409345;-2.885678235;[0];-101.2500
-78.98385066;-2.885677802;[0];-101.3125
-78.98360786;-2.88567737;[0];-101.4375
-78.98336506;-2.885676937;[0];-101.6250
-78.98312227;-2.885676504;[0];-101.6875
-78.98287947;-2.885676071;[0];-101.8125
-78.98263667;-2.885675639;[0];-101.8750
-78.98239388;-2.885675206;[0];-102.0000
-79.00618850;-2.885473262;[0];-101.8750
-79.00594570;-2.885472835;[0];-101.6250
-79.00570290;-2.885472407;[0];-101.4375
-79.00546010;-2.885471979;[0];-101.3125
-79.00521730;-2.885471551;[0];-101.0625
-79.00497450;-2.885471123;[0];-100.9375
-79.0047317;-2.885470695;[0];-100.6875
-79.0044889;-2.885470266;[0];-100.5000
-79.00424610;-2.885469838;[0];-100.3750
-79.00400330;-2.88546941;[0];-100.2500
-79.00376050;-2.885468982;[0];-100.1250
-79.00351770;-2.885468553;[0];-99.9375
-79.00327490;-2.885468125;[0];-99.7500
-79.00303211;-2.885467696;[0];-99.6250
-79.00278931;-2.885467268;[0];-99.5000
-79.00254651;-2.885466839;[0];-99.3750
-79.00230371;-2.885466411;[0];-99.2500
-79.00206091;-2.885465982;[0];-99.1250
-79.00181811;-2.885465553;[0];-99.0000
-79.00157531;-2.885465125;[0];-98.8750
-79.00133251;-2.885464696;[0];-98.8125
-79.00108971;-2.885464267;[0];-98.6875
-79.00084691;-2.885463838;[0];-98.5625
-79.00060412;-2.885463409;[0];-98.5000
-79.00036132;-2.88546298;[0];-98.3750
-79.00011852;-2.885462551;[0];-98.3125
-78.99987572;-2.885462122;[0];-98.2500
-78.99963292;-2.885461693;[0];-98.2500
-78.99939012;-2.885461263;[0];-98.1250
-78.99914732;-2.885460834;[0];-98.0625
-78.99890452;-2.885460405;[0];-98.0000
-78.99866173;-2.885459975;[0];-98.0000
-78.99841893;-2.885459546;[0];-97.9375
-78.99817613;-2.885459116;[0];-97.8750
-78.99793333;-2.885458687;[0];-97.8750
-78.99769053;-2.885458257;[0];-97.8125
-78.99744773;-2.885457828;[0];-97.8125
-78.99720494;-2.885457398;[0];-97.8125
-78.99696214;-2.885456968;[0];-97.8125
-78.99671934;-2.885456538;[0];-97.8125
-78.99647654;-2.885456108;[0];-97.7500
-78.99623374;-2.885455678;[0];-97.7500
-78.99599095;-2.885455249;[0];-97.8125
-78.99574815;-2.885454819;[0];-97.8125
-78.99550535;-2.885454388;[0];-97.8125
-78.99526255;-2.885453958;[0];-97.8750
-78.99501975;-2.885453528;[0];-97.8750
-78.99477696;-2.885453098;[0];-97.9375
-78.99453416;-2.885452668;[0];-97.9375
-78.99429136;-2.885452237;[0];-98.0000
-78.99404856;-2.885451807;[0];-98.0000
-78.99380576;-2.885451376;[0];-98.0625
-78.99356297;-2.885450946;[0];-98.0625
-78.99332017;-2.885450515;[0];-98.1250
-78.99307737;-2.885450085;[0];-98.1875
-78.99283457;-2.885449654;[0];-98.1875
-78.99259178;-2.885449224;[0];-98.2500
-78.99234898;-2.885448793;[0];-98.3750
-78.99210618;-2.885448362;[0];-98.4375
-78.99186338;-2.885447931;[0];-98.5000
-78.99162059;-2.8854475;[0];-98.5000
-78.99137779;-2.885447069;[0];-98.5625
-78.99113499;-2.885446638;[0];-98.6250
-78.99089219;-2.885446207;[0];-98.6875
-78.99064940;-2.885445776;[0];-98.7500
-78.99040660;-2.885445345;[0];-98.8750
-78.99016380;-2.885444914;[0];-99.0000
-78.98992100;-2.885444482;[0];-99.0625
-78.98967821;-2.885444051;[0];-99.1250
-78.98943541;-2.88544362;[0];-99.1875
-78.98919261;-2.885443188;[0];-99.3125
-78.98894982;-2.885442757;[0];-99.3750
-78.98870702;-2.885442325;[0];-99.5000
-78.98846422;-2.885441894;[0];-99.6250
-78.98822142;-2.885441462;[0];-99.6875
-78.98797863;-2.88544103;[0];-99.8125
-78.98773583;-2.885440599;[0];-99.9375
-78.98749303;-2.885440167;[0];-100.0000
-78.98725024;-2.885439735;[0];-100.0625
-78.98700744;-2.885439303;[0];-100.1250
-78.98676464;-2.885438871;[0];-100.2500
-78.98652185;-2.885438439;[0];-100.3125
-78.98627905;-2.885438007;[0];-100.4375
-78.98603625;-2.885437575;[0];-100.5625
-78.98579346;-2.885437143;[0];-100.6875
-78.98555066;-2.885436711;[0];-100.7500
-78.98530786;-2.885436278;[0];-100.8750
-78.98506507;-2.885435846;[0];-100.9375
-78.98482227;-2.885435414;[0];-101.0625
-78.98457948;-2.885434981;[0];-101.1250
-78.98433668;-2.885434549;[0];-101.2500
-78.98409388;-2.885434116;[0];-101.3125
-78.98385109;-2.885433684;[0];-101.4375
-78.98360829;-2.885433251;[0];-101.5000
-78.98336549;-2.885432819;[0];-101.6250
-78.98312270;-2.885432386;[0];-101.7500
-78.98287990;-2.885431953;[0];-101.8750
-78.98263711;-2.88543152;[0];-102.0000
-79.00594612;-2.885228713;[0];-101.8125
-79.00570332;-2.885228285;[0];-101.6250
-79.00546052;-2.885227857;[0];-101.4375
-79.00521772;-2.885227429;[0];-101.2500
-79.00497493;-2.885227001;[0];-101.1250
-79.00473213;-2.885226573;[0];-100.8750
-79.00448933;-2.885226145;[0];-100.6875
-79.00424653;-2.885225717;[0];-100.5625
-79.00400373;-2.885225288;[0];-100.4375
-79.00376093;-2.88522486;[0];-100.3125
-79.00351813;-2.885224432;[0];-100.1250
-79.00327533;-2.885224003;[0];-99.9375
-79.00303253;-2.885223575;[0];-99.8125
-79.00278973;-2.885223147;[0];-99.6875
-79.00254693;-2.885222718;[0];-99.5625
-79.00230413;-2.885222289;[0];-99.4375
-79.00206134;-2.885221861;[0];-99.3125
-79.00181854;-2.885221432;[0];-99.2500
-79.00157574;-2.885221003;[0];-99.1250
-79.00133294;-2.885220575;[0];-99.0000
-79.00109014;-2.885220146;[0];-98.8750
-79.00084734;-2.885219717;[0];-98.8125
-79.00060454;-2.885219288;[0];-98.6875
-79.00036174;-2.885218859;[0];-98.6250
-79.00011894;-2.88521843;[0];-98.5000
-78.99987615;-2.885218001;[0];-98.4375
-78.99963335;-2.885217572;[0];-98.4375
-78.99939055;-2.885217142;[0];-98.3750
-78.99914775;-2.885216713;[0];-98.3125
-78.99890495;-2.885216284;[0];-98.1875
-78.99866215;-2.885215855;[0];-98.1875
-78.99841936;-2.885215425;[0];-98.1875
-78.99817656;-2.885214996;[0];-98.0625
-78.99793376;-2.885214566;[0];-98.0625
-78.99769096;-2.885214137;[0];-98.0625
-78.99744816;-2.885213707;[0];-98.0000
-78.99720536;-2.885213277;[0];-98.0000
-78.99696257;-2.885212848;[0];-98.0000
-78.99671977;-2.885212418;[0];-98.0000
-78.99647697;-2.885211988;[0];-98.0000
-78.99623417;-2.885211558;[0];-97.9375
-78.99599137;-2.885211128;[0];-98.0000
-78.99574857;-2.885210698;[0];-98.0000
-78.99550578;-2.885210268;[0];-98.0000
-78.99526298;-2.885209838;[0];-98.0625
-78.99502018;-2.885209408;[0];-98.0625
-78.99477738;-2.885208978;[0];-98.0625
-78.99453459;-2.885208547;[0];-98.1250
-78.99429179;-2.885208117;[0];-98.1250
-78.99404899;-2.885207687;[0];-98.1875
-78.99380619;-2.885207256;[0];-98.2500
-78.99356339;-2.885206826;[0];-98.2500
-78.99332060;-2.885206395;[0];-98.3125
-78.99307780;-2.885205965;[0];-98.3125
-78.99283500;-2.885205534;[0];-98.3750
-78.99259220;-2.885205104;[0];-98.4375
-78.99234941;-2.885204673;[0];-98.5000
-78.99210661;-2.885204242;[0];-98.6250
-78.99186381;-2.885203811;[0];-98.6250
-78.99162101;-2.88520338;[0];-98.6875
-78.99137822;-2.88520295;[0];-98.7500
-78.99113542;-2.885202519;[0];-98.8125
-78.99089262;-2.885202088;[0];-98.8125
-78.99064982;-2.885201657;[0];-98.8750
-78.99040703;-2.885201225;[0];-99.0000
-78.99016423;-2.885200794;[0];-99.0625
-78.98992143;-2.885200363;[0];-99.1875
-78.98967864;-2.885199932;[0];-99.3125
-78.98943584;-2.8851995;[0];-99.3750
-78.98919304;-2.885199069;[0];-99.4375
-78.98895025;-2.885198638;[0];-99.5000
-78.98870745;-2.885198206;[0];-99.6250
-78.98846465;-2.885197774;[0];-99.6875
-78.98822185;-2.885197343;[0];-99.8125
-78.98797906;-2.885196911;[0];-99.9375
-78.98773626;-2.88519648;[0];-100.0000
-78.98749346;-2.885196048;[0];-100.1250
-78.98725067;-2.885195616;[0];-100.1875
-78.98700787;-2.885195184;[0];-100.2500
-78.98676507;-2.885194752;[0];-100.3125
-78.98652228;-2.88519432;[0];-100.4375
-78.98627948;-2.885193888;[0];-100.5625
-78.98603668;-2.885193456;[0];-100.6250
-78.98579389;-2.885193024;[0];-100.7500
-78.98555109;-2.885192592;[0];-100.8750
-78.98530829;-2.88519216;[0];-100.9375
-78.98506550;-2.885191727;[0];-101.0625
-78.98482270;-2.885191295;[0];-101.1250
-78.98457991;-2.885190863;[0];-101.2500
-78.98433711;-2.88519043;[0];-101.3125
-78.98409431;-2.885189998;[0];-101.4375
-78.98385152;-2.885189565;[0];-101.5000
-78.98360872;-2.885189133;[0];-101.6250
-78.98336592;-2.8851887;[0];-101.6875
-78.98312313;-2.885188267;[0];-101.8125
-78.98288033;-2.885187835;[0];-101.9375
-79.00594655;-2.884984591;[0];-102.0000
-79.00570375;-2.884984163;[0];-101.8125
-79.00546095;-2.884983735;[0];-101.6250
-79.00521815;-2.884983307;[0];-101.4375
-79.00497535;-2.884982879;[0];-101.3125
-79.00473255;-2.884982451;[0];-101.0625
-79.00448975;-2.884982023;[0];-100.8750
-79.00424695;-2.884981595;[0];-100.7500
-79.00400415;-2.884981167;[0];-100.6250
-79.00376135;-2.884980739;[0];-100.5000
-79.00351856;-2.88498031;[0];-100.3750
-79.00327576;-2.884979882;[0];-100.1250
-79.00303296;-2.884979454;[0];-100.0000
-79.00279016;-2.884979025;[0];-99.8750
-79.00254736;-2.884978597;[0];-99.7500
-79.00230456;-2.884978168;[0];-99.6875
-79.00206176;-2.88497774;[0];-99.5625
-79.00181896;-2.884977311;[0];-99.4375
-79.00157616;-2.884976882;[0];-99.3125
-79.00133337;-2.884976453;[0];-99.2500
-79.00109057;-2.884976025;[0];-99.1250
-79.00084777;-2.884975596;[0];-99.0000
-79.00060497;-2.884975167;[0];-98.9375
-79.00036217;-2.884974738;[0];-98.8125
-79.00011937;-2.884974309;[0];-98.7500
-78.99987657;-2.88497388;[0];-98.6250
-78.99963377;-2.884973451;[0];-98.6250
-78.99939098;-2.884973022;[0];-98.5625
-78.99914818;-2.884972592;[0];-98.5000
-78.99890538;-2.884972163;[0];-98.4375
-78.99866258;-2.884971734;[0];-98.3750
-78.99841978;-2.884971304;[0];-98.3750
-78.99817698;-2.884970875;[0];-98.3125
-78.99793419;-2.884970445;[0];-98.2500
-78.99769139;-2.884970016;[0];-98.2500
-78.99744859;-2.884969586;[0];-98.1875
-78.99720579;-2.884969157;[0];-98.1875
-78.99696299;-2.884968727;[0];-98.1875
-78.99672019;-2.884968297;[0];-98.1875
-78.99647740;-2.884967868;[0];-98.1875
-78.99623460;-2.884967438;[0];-98.1250
-78.9959918;-2.884967008;[0];-98.1875
-78.99574900;-2.884966578;[0];-98.1875
-78.99550620;-2.884966148;[0];-98.1875
-78.99526341;-2.884965718;[0];-98.2500
-78.99502061;-2.884965288;[0];-98.2500
-78.99477781;-2.884964858;[0];-98.2500
-78.99453501;-2.884964427;[0];-98.3125
-78.99429222;-2.884963997;[0];-98.3125
-78.99404942;-2.884963567;[0];-98.3750
-78.99380662;-2.884963136;[0];-98.3750
-78.99356382;-2.884962706;[0];-98.4375
-78.99332102;-2.884962276;[0];-98.4375
-78.99307823;-2.884961845;[0];-98.5000
-78.99283543;-2.884961414;[0];-98.5625
-78.99259263;-2.884960984;[0];-98.5625
-78.99234983;-2.884960553;[0];-98.6250
-78.99210704;-2.884960122;[0];-98.7500
-78.99186424;-2.884959692;[0];-98.8125
-78.99162144;-2.884959261;[0];-98.8750
-78.99137865;-2.88495883;[0];-98.8750
-78.99113585;-2.884958399;[0];-98.9375
-78.99089305;-2.884957968;[0];-99.0000
-78.99065025;-2.884957537;[0];-99.0625
-78.99040746;-2.884957106;[0];-99.1250
-78.99016466;-2.884956675;[0];-99.1875
-78.98992186;-2.884956244;[0];-99.3125
-78.98967907;-2.884955812;[0];-99.4375
-78.98943627;-2.884955381;[0];-99.5000
-78.98919347;-2.88495495;[0];-99.5625
-78.98895067;-2.884954518;[0];-99.6250
-78.98870788;-2.884954087;[0];-99.6875
-78.98846508;-2.884953655;[0];-99.8125
-78.98822228;-2.884953224;[0];-99.9375
-78.98797949;-2.884952792;[0];-100.0000
-78.98773669;-2.88495236;[0];-100.1250
-78.98749389;-2.884951929;[0];-100.2500
-78.98725110;-2.884951497;[0];-100.3125
-78.98700830;-2.884951065;[0];-100.3750
-78.98676550;-2.884950633;[0];-100.4375
-78.98652271;-2.884950201;[0];-100.5625
-78.98627991;-2.884949769;[0];-100.6250
-78.98603711;-2.884949337;[0];-100.7500
-78.98579432;-2.884948905;[0];-100.8750
-78.98555152;-2.884948473;[0];-100.9375
-78.98530872;-2.884948041;[0];-101.0625
-78.98506593;-2.884947609;[0];-101.1250
-78.98482313;-2.884947176;[0];-101.2500
-78.98458034;-2.884946744;[0];-101.3125
-78.98433754;-2.884946312;[0];-101.4375
-78.98409474;-2.884945879;[0];-101.5000
-78.98385195;-2.884945447;[0];-101.6250
-78.98360915;-2.884945014;[0];-101.6875
-78.98336635;-2.884944582;[0];-101.8125
-78.98312356;-2.884944149;[0];-101.8750
-78.98288076;-2.884943716;[0];-102.0000
-79.00570417;-2.884740041;[0];-102.0000
-79.00546138;-2.884739613;[0];-101.8125
-79.00521858;-2.884739186;[0];-101.6250
-79.00497578;-2.884738758;[0];-101.5000
-79.00473298;-2.88473833;[0];-101.2500
-79.00449018;-2.884737902;[0];-101.1250
-79.00424738;-2.884737473;[0];-100.9375
-79.00400458;-2.884737045;[0];-100.8125
-79.00376178;-2.884736617;[0];-100.6875
-79.00351898;-2.884736189;[0];-100.5625
-79.00327618;-2.884735761;[0];-100.3750
-79.00303338;-2.884735332;[0];-100.1875
-79.00279058;-2.884734904;[0];-100.1250
-79.00254779;-2.884734475;[0];-100.0000
-79.00230499;-2.884734047;[0];-99.8750
-79.00206219;-2.884733618;[0];-99.7500
-79.00181939;-2.88473319;[0];-99.6250
-79.00157659;-2.884732761;[0];-99.5625
-79.00133379;-2.884732332;[0];-99.4375
-79.00109099;-2.884731904;[0];-99.3125
-79.00084819;-2.884731475;[0];-99.2500
-79.00060540;-2.884731046;[0];-99.1250
-79.00036260;-2.884730617;[0];-99.0625
-79.00011980;-2.884730188;[0];-98.9375
-78.99987700;-2.884729759;[0];-98.8750
-78.99963420;-2.88472933;[0];-98.8125
-78.99939140;-2.884728901;[0];-98.8125
-78.99914860;-2.884728472;[0];-98.6875
-78.99890581;-2.884728042;[0];-98.6250
-78.99866301;-2.884727613;[0];-98.5625
-78.99842021;-2.884727184;[0];-98.5625
-78.99817741;-2.884726754;[0];-98.5000
-78.99793461;-2.884726325;[0];-98.5000
-78.99769181;-2.884725895;[0];-98.5000
-78.99744902;-2.884725466;[0];-98.4375
-78.99720622;-2.884725036;[0];-98.3750
-78.99696342;-2.884724607;[0];-98.3750
-78.99672062;-2.884724177;[0];-98.3750
-78.99647782;-2.884723747;[0];-98.4375
-78.99623503;-2.884723317;[0];-98.3750
-78.99599223;-2.884722887;[0];-98.3750
-78.99574943;-2.884722458;[0];-98.3750
-78.99550663;-2.884722028;[0];-98.3750
-78.99526383;-2.884721598;[0];-98.3750
-78.99502104;-2.884721167;[0];-98.4375
-78.99477824;-2.884720737;[0];-98.4375
-78.99453544;-2.884720307;[0];-98.5000
-78.99429264;-2.884719877;[0];-98.5000
-78.99404985;-2.884719447;[0];-98.5625
-78.99380705;-2.884719016;[0];-98.5625
-78.99356425;-2.884718586;[0];-98.6250
-78.99332145;-2.884718156;[0];-98.6250
-78.99307866;-2.884717725;[0];-98.6875
-78.99283586;-2.884717295;[0];-98.6875
-78.99259306;-2.884716864;[0];-98.7500
-78.99235026;-2.884716433;[0];-98.8125
-78.99210747;-2.884716003;[0];-98.8750
-78.99186467;-2.884715572;[0];-98.9375
-78.99162187;-2.884715141;[0];-99.0000
-78.99137907;-2.88471471;[0];-99.0625
-78.99113628;-2.884714279;[0];-99.1250
-78.99089348;-2.884713848;[0];-99.1875
-78.99065068;-2.884713417;[0];-99.1875
-78.99040789;-2.884712986;[0];-99.2500
-78.99016509;-2.884712555;[0];-99.3125
-78.98992229;-2.884712124;[0];-99.4375
-78.98967949;-2.884711693;[0];-99.5000
-78.98943670;-2.884711262;[0];-99.6250
-78.9891939;-2.88471083;[0];-99.7500
-78.98895110;-2.884710399;[0];-99.7500
-78.98870831;-2.884709967;[0];-99.8125
-78.98846551;-2.884709536;[0];-99.9375
-78.98822271;-2.884709104;[0];-100.0000
-78.98797992;-2.884708673;[0];-100.1250
-78.98773712;-2.884708241;[0];-100.2500
-78.98749432;-2.88470781;[0];-100.3125
-78.98725153;-2.884707378;[0];-100.4375
-78.98700873;-2.884706946;[0];-100.5625
-78.98676593;-2.884706514;[0];-100.6250
-78.98652314;-2.884706082;[0];-100.6875
-78.98628034;-2.88470565;[0];-100.7500
-78.98603754;-2.884705218;[0];-100.8125
-78.98579475;-2.884704786;[0];-100.9375
-78.98555195;-2.884704354;[0];-101.0625
-78.98530915;-2.884703922;[0];-101.1250
-78.98506636;-2.88470349;[0];-101.2500
-78.98482356;-2.884703058;[0];-101.3125
-78.98458077;-2.884702625;[0];-101.4375
-78.98433797;-2.884702193;[0];-101.5000
-78.98409517;-2.884701761;[0];-101.6250
-78.98385238;-2.884701328;[0];-101.6875
-78.98360958;-2.884700896;[0];-101.8125
-78.98336678;-2.884700463;[0];-101.8750
-78.98312399;-2.88470003;[0];-102.0000
-79.0054618;-2.884495492;[0];-102.0000
-79.00521900;-2.884495064;[0];-101.8125
-79.00497620;-2.884494636;[0];-101.6875
-79.00473340;-2.884494208;[0];-101.4375
-79.00449060;-2.88449378;[0];-101.3125
-79.00424780;-2.884493352;[0];-101.1250
-79.00400501;-2.884492924;[0];-101.0000
-79.00376221;-2.884492496;[0];-100.8750
-79.00351941;-2.884492067;[0];-100.7500
-79.00327661;-2.884491639;[0];-100.5625
-79.00303381;-2.884491211;[0];-100.4375
-79.00279101;-2.884490782;[0];-100.3125
-79.00254821;-2.884490354;[0];-100.1875
-79.00230541;-2.884489926;[0];-100.0625
-79.00206261;-2.884489497;[0];-99.9375
-79.00181982;-2.884489068;[0];-99.8125
-79.00157702;-2.88448864;[0];-99.7500
-79.00133422;-2.884488211;[0];-99.6250
-79.00109142;-2.884487782;[0];-99.5625
-79.00084862;-2.884487354;[0];-99.4375
-79.00060582;-2.884486925;[0];-99.3125
-79.00036302;-2.884486496;[0];-99.2500
-79.00012022;-2.884486067;[0];-99.1250
-78.99987743;-2.884485638;[0];-99.0625
-78.99963463;-2.884485209;[0];-99.0000
-78.99939183;-2.88448478;[0];-99.0000
-78.99914903;-2.884484351;[0];-98.9375
-78.99890623;-2.884483921;[0];-98.8750
-78.99866343;-2.884483492;[0];-98.7500
-78.99842064;-2.884483063;[0];-98.7500
-78.99817784;-2.884482634;[0];-98.7500
-78.99793504;-2.884482204;[0];-98.6875
-78.99769224;-2.884481775;[0];-98.6875
-78.99744944;-2.884481345;[0];-98.6250
-78.99720665;-2.884480916;[0];-98.5625
-78.99696385;-2.884480486;[0];-98.5625
-78.99672105;-2.884480056;[0];-98.5625
-78.99647825;-2.884479627;[0];-98.6250
-78.99623545;-2.884479197;[0];-98.5625
-78.99599266;-2.884478767;[0];-98.5000
-78.99574986;-2.884478337;[0];-98.5625
-78.99550706;-2.884477907;[0];-98.5625
-78.99526426;-2.884477477;[0];-98.5625
-78.99502146;-2.884477047;[0];-98.6250
-78.99477867;-2.884476617;[0];-98.6250
-78.99453587;-2.884476187;[0];-98.6250
-78.99429307;-2.884475757;[0];-98.6875
-78.99405027;-2.884475327;[0];-98.6875
-78.99380748;-2.884474896;[0];-98.7500
-78.99356468;-2.884474466;[0];-98.7500
-78.99332188;-2.884474036;[0];-98.8125
-78.99307908;-2.884473605;[0];-98.8125
-78.99283629;-2.884473175;[0];-98.8750
-78.99259349;-2.884472744;[0];-98.9375
-78.99235069;-2.884472313;[0];-98.9375
-78.99210789;-2.884471883;[0];-99.0000
-78.99186510;-2.884471452;[0];-99.0625
-78.99162230;-2.884471021;[0];-99.1875
-78.99137950;-2.884470591;[0];-99.2500
-78.99113671;-2.88447016;[0];-99.2500
-78.99089391;-2.884469729;[0];-99.3125
-78.99065111;-2.884469298;[0];-99.3750
-78.99040831;-2.884468867;[0];-99.4375
-78.99016552;-2.884468436;[0];-99.4375
-78.98992272;-2.884468005;[0];-99.5625
-78.98967992;-2.884467573;[0];-99.6250
-78.98943713;-2.884467142;[0];-99.7500
-78.98919433;-2.884466711;[0];-99.8125
-78.98895153;-2.88446628;[0];-99.9375
-78.98870874;-2.884465848;[0];-100.0000
-78.98846594;-2.884465417;[0];-100.0625
-78.98822314;-2.884464985;[0];-100.1250
-78.98798035;-2.884464554;[0];-100.2500
-78.98773755;-2.884464122;[0];-100.3125
-78.98749475;-2.884463691;[0];-100.4375
-78.98725196;-2.884463259;[0];-100.5625
-78.98700916;-2.884462827;[0];-100.6250
-78.98676636;-2.884462395;[0];-100.7500
-78.98652357;-2.884461963;[0];-100.8125
-78.98628077;-2.884461532;[0];-100.8750
-78.98603797;-2.8844611;[0];-100.9375
-78.98579518;-2.884460668;[0];-101.0625
-78.98555238;-2.884460235;[0];-101.1250
-78.98530958;-2.884459803;[0];-101.2500
-78.98506679;-2.884459371;[0];-101.3125
-78.98482399;-2.884458939;[0];-101.4375
-78.98458120;-2.884458507;[0];-101.5000
-78.98433840;-2.884458074;[0];-101.6250
-78.98409560;-2.884457642;[0];-101.6875
-78.98385281;-2.88445721;[0];-101.8125
-78.98361001;-2.884456777;[0];-101.8750
-78.98336721;-2.884456345;[0];-102.0000
-79.00521943;-2.884250942;[0];-102.0000
-79.00497663;-2.884250514;[0];-101.8125
-79.00473383;-2.884250086;[0];-101.6250
-79.00449103;-2.884249658;[0];-101.4375
-79.00424823;-2.88424923;[0];-101.3125
-79.00400543;-2.884248802;[0];-101.1875
-79.00376263;-2.884248374;[0];-101.0625
-79.00351983;-2.884247946;[0];-100.9375
-79.00327703;-2.884247518;[0];-100.7500
-79.00303424;-2.884247089;[0];-100.6250
-79.00279144;-2.884246661;[0];-100.5000
-79.00254864;-2.884246233;[0];-100.3750
-79.00230584;-2.884245804;[0];-100.2500
-79.00206304;-2.884245376;[0];-100.1250
-79.00182024;-2.884244947;[0];-100.0625
-79.00157744;-2.884244519;[0];-99.9375
-79.00133464;-2.88424409;[0];-99.8125
-79.00109185;-2.884243661;[0];-99.7500
-79.00084905;-2.884243233;[0];-99.6250
-79.00060625;-2.884242804;[0];-99.5625
-79.00036345;-2.884242375;[0];-99.4375
-79.00012065;-2.884241946;[0];-99.3750
-78.99987785;-2.884241517;[0];-99.2500
-78.99963505;-2.884241088;[0];-99.1875
-78.99939226;-2.884240659;[0];-99.1875
-78.99914946;-2.88424023;[0];-99.1250
-78.99890666;-2.884239801;[0];-99.0625
-78.99866386;-2.884239371;[0];-99.0000
-78.99842106;-2.884238942;[0];-98.9375
-78.99817827;-2.884238513;[0];-98.9375
-78.99793547;-2.884238084;[0];-98.8750
-78.99769267;-2.884237654;[0];-98.8750
-78.99744987;-2.884237225;[0];-98.8750
-78.99720707;-2.884236795;[0];-98.8125
-78.99696427;-2.884236366;[0];-98.7500
-78.99672148;-2.884235936;[0];-98.7500
-78.99647868;-2.884235506;[0];-98.8125
-78.99623588;-2.884235076;[0];-98.8125
-78.99599308;-2.884234647;[0];-98.7500
-78.99575029;-2.884234217;[0];-98.7500
-78.99550749;-2.884233787;[0];-98.7500
-78.99526469;-2.884233357;[0];-98.7500
-78.99502189;-2.884232927;[0];-98.8125
-78.99477909;-2.884232497;[0];-98.8125
-78.99453630;-2.884232067;[0];-98.8125
-78.99429350;-2.884231637;[0];-98.8750
-78.99405070;-2.884231207;[0];-98.8750
-78.99380790;-2.884230776;[0];-98.9375
-78.99356511;-2.884230346;[0];-98.9375
-78.99332231;-2.884229916;[0];-99.0000
-78.99307951;-2.884229485;[0];-99.0000
-78.99283671;-2.884229055;[0];-99.0625
-78.99259392;-2.884228624;[0];-99.0625
-78.99235112;-2.884228194;[0];-99.1250
-78.99210832;-2.884227763;[0];-99.1875
-78.99186553;-2.884227332;[0];-99.1875
-78.99162273;-2.884226902;[0];-99.3125
-78.99137993;-2.884226471;[0];-99.3750
-78.99113713;-2.88422604;[0];-99.4375
-78.99089434;-2.884225609;[0];-99.5000
-78.99065154;-2.884225178;[0];-99.5000
-78.99040874;-2.884224747;[0];-99.5625
-78.99016595;-2.884224316;[0];-99.6250
-78.98992315;-2.884223885;[0];-99.6875
-78.98968035;-2.884223454;[0];-99.7500
-78.98943755;-2.884223023;[0];-99.8750
-78.98919476;-2.884222592;[0];-99.9375
-78.98895196;-2.88422216;[0];-100.0625
-78.98870916;-2.884221729;[0];-100.1250
-78.98846637;-2.884221298;[0];-100.1875
-78.98822357;-2.884220866;[0];-100.2500
-78.98798077;-2.884220435;[0];-100.3125
-78.98773798;-2.884220003;[0];-100.4375
-78.98749518;-2.884219571;[0];-100.5625
-78.98725238;-2.88421914;[0];-100.6250
-78.98700959;-2.884218708;[0];-100.7500
-78.98676679;-2.884218276;[0];-100.8125
-78.98652400;-2.884217844;[0];-100.9375
-78.98628120;-2.884217413;[0];-101.0000
-78.98603840;-2.884216981;[0];-101.0625
-78.98579561;-2.884216549;[0];-101.1250
-78.98555281;-2.884216117;[0];-101.2500
-78.98531001;-2.884215685;[0];-101.3125
-78.98506722;-2.884215252;[0];-101.4375
-78.98482442;-2.88421482;[0];-101.5000
-78.98458163;-2.884214388;[0];-101.6250
-78.98433883;-2.884213956;[0];-101.6875
-78.98409603;-2.884213523;[0];-101.8125
-78.98385324;-2.884213091;[0];-101.8750
-78.98361044;-2.884212659;[0];-102.0000
-79.00497705;-2.884006392;[0];-102.0000
-79.00473425;-2.884005965;[0];-101.8125
-79.00449146;-2.884005537;[0];-101.6250
-79.00424866;-2.884005109;[0];-101.5000
-79.00400586;-2.884004681;[0];-101.3750
-79.00376306;-2.884004253;[0];-101.2500
-79.00352026;-2.884003824;[0];-101.1250
-79.00327746;-2.884003396;[0];-100.9375
-79.00303466;-2.884002968;[0];-100.8125
-79.00279186;-2.88400254;[0];-100.6875
-79.00254906;-2.884002111;[0];-100.5625
-79.00230627;-2.884001683;[0];-100.4375
-79.00206347;-2.884001254;[0];-100.3750
-79.00182067;-2.884000826;[0];-100.2500
-79.00157787;-2.884000397;[0];-100.1250
-79.00133507;-2.883999969;[0];-100.0625
-79.00109227;-2.88399954;[0];-99.9375
-79.00084947;-2.883999111;[0];-99.8125
-79.00060668;-2.883998683;[0];-99.7500
-79.00036388;-2.883998254;[0];-99.6250
-79.00012108;-2.883997825;[0];-99.5625
-78.99987828;-2.883997396;[0];-99.5000
-78.99963548;-2.883996967;[0];-99.3750
-78.99939268;-2.883996538;[0];-99.3750
-78.99914988;-2.883996109;[0];-99.3125
-78.99890709;-2.88399568;[0];-99.2500
-78.99866429;-2.883995251;[0];-99.1875
-78.99842149;-2.883994821;[0];-99.1250
-78.99817869;-2.883994392;[0];-99.1250
-78.99793589;-2.883993963;[0];-99.0625
-78.99769310;-2.883993533;[0];-99.0625
-78.99745030;-2.883993104;[0];-99.0625
-78.99720750;-2.883992675;[0];-99.0000
-78.99696470;-2.883992245;[0];-98.9375
-78.99672190;-2.883991815;[0];-98.9375
-78.99647911;-2.883991386;[0];-98.9375
-78.99623631;-2.883990956;[0];-99.0000
-78.99599351;-2.883990526;[0];-98.9375
-78.99575071;-2.883990096;[0];-98.8750
-78.99550792;-2.883989667;[0];-98.9375
-78.99526512;-2.883989237;[0];-98.9375
-78.99502232;-2.883988807;[0];-98.9375
-78.99477952;-2.883988377;[0];-99.0000
-78.99453672;-2.883987947;[0];-99.0000
-78.99429393;-2.883987517;[0];-99.0000
-78.99405113;-2.883987086;[0];-99.0625
-78.99380833;-2.883986656;[0];-99.0625
-78.99356553;-2.883986226;[0];-99.1250
-78.99332274;-2.883985796;[0];-99.1250
-78.99307994;-2.883985365;[0];-99.1875
-78.99283714;-2.883984935;[0];-99.1875
-78.99259435;-2.883984504;[0];-99.2500
-78.99235155;-2.883984074;[0];-99.3125
-78.99210875;-2.883983643;[0];-99.3125
-78.99186595;-2.883983213;[0];-99.3750
-78.99162316;-2.883982782;[0];-99.4375
-78.99138036;-2.883982351;[0];-99.5000
-78.99113756;-2.88398192;[0];-99.5625
-78.99089477;-2.88398149;[0];-99.6250
-78.99065197;-2.883981059;[0];-99.6875
-78.99040917;-2.883980628;[0];-99.7500
-78.99016637;-2.883980197;[0];-99.7500
-78.98992358;-2.883979766;[0];-99.8125
-78.98968078;-2.883979335;[0];-99.8750
-78.98943798;-2.883978903;[0];-100.0000
-78.98919519;-2.883978472;[0];-100.0625
-78.98895239;-2.883978041;[0];-100.1875
-78.98870959;-2.88397761;[0];-100.2500
-78.98846680;-2.883977178;[0];-100.3125
-78.988224;-2.883976747;[0];-100.3750
-78.98798120;-2.883976315;[0];-100.4375
-78.98773841;-2.883975884;[0];-100.5625
-78.98749561;-2.883975452;[0];-100.6250
-78.98725281;-2.883975021;[0];-100.7500
-78.98701002;-2.883974589;[0];-100.8125
-78.98676722;-2.883974157;[0];-100.9375
-78.98652442;-2.883973726;[0];-101.0625
-78.98628163;-2.883973294;[0];-101.1250
-78.98603883;-2.883972862;[0];-101.1875
-78.98579604;-2.88397243;[0];-101.2500
-78.98555324;-2.883971998;[0];-101.3125
-78.98531044;-2.883971566;[0];-101.4375
-78.98506765;-2.883971134;[0];-101.5000
-78.98482485;-2.883970702;[0];-101.6250
-78.98458206;-2.883970269;[0];-101.6875
-78.98433926;-2.883969837;[0];-101.8125
-78.98409646;-2.883969405;[0];-101.8750
-78.98385367;-2.883968973;[0];-102.0000
-79.00473468;-2.883761843;[0];-102.0000
-79.00449188;-2.883761415;[0];-101.8125
-79.00424908;-2.883760987;[0];-101.6875
-79.00400628;-2.883760559;[0];-101.5625
-79.00376348;-2.883760131;[0];-101.4375
-79.00352069;-2.883759703;[0];-101.3125
-79.00327789;-2.883759275;[0];-101.1250
-79.00303509;-2.883758847;[0];-101.0000
-79.00279229;-2.883758418;[0];-100.8750
-79.00254949;-2.88375799;[0];-100.7500
-79.00230669;-2.883757562;[0];-100.6250
-79.00206389;-2.883757133;[0];-100.5625
-79.00182109;-2.883756705;[0];-100.4375
-79.00157830;-2.883756276;[0];-100.3125
-79.00133550;-2.883755848;[0];-100.2500
-79.00109270;-2.883755419;[0];-100.1250
-79.00084990;-2.88375499;[0];-100.0625
-79.00060710;-2.883754562;[0];-99.9375
-79.00036430;-2.883754133;[0];-99.8750
-79.00012150;-2.883753704;[0];-99.7500
-78.99987871;-2.883753275;[0];-99.6875
-78.99963591;-2.883752846;[0];-99.6250
-78.99939311;-2.883752417;[0];-99.5625
-78.99915031;-2.883751988;[0];-99.5625
-78.99890751;-2.883751559;[0];-99.4375
-78.99866472;-2.88375113;[0];-99.3750
-78.99842192;-2.883750701;[0];-99.3125
-78.99817912;-2.883750271;[0];-99.3125
-78.99793632;-2.883749842;[0];-99.3125
-78.99769352;-2.883749413;[0];-99.2500
-78.99745073;-2.883748983;[0];-99.2500
-78.99720793;-2.883748554;[0];-99.1875
-78.99696513;-2.883748124;[0];-99.1250
-78.99672233;-2.883747695;[0];-99.1250
-78.99647953;-2.883747265;[0];-99.1250
-78.99623674;-2.883746836;[0];-99.1250
-78.99599394;-2.883746406;[0];-99.1250
-78.99575114;-2.883745976;[0];-99.1250
-78.99550834;-2.883745546;[0];-99.1250
-78.99526554;-2.883745116;[0];-99.1250
-78.99502275;-2.883744687;[0];-99.1250
-78.99477995;-2.883744257;[0];-99.1250
-78.99453715;-2.883743827;[0];-99.1875
-78.99429435;-2.883743396;[0];-99.1875
-78.99405156;-2.883742966;[0];-99.2500
-78.99380876;-2.883742536;[0];-99.2500
-78.99356596;-2.883742106;[0];-99.3125
-78.99332317;-2.883741676;[0];-99.3125
-78.99308037;-2.883741245;[0];-99.3125
-78.99283757;-2.883740815;[0];-99.3750
-78.99259477;-2.883740384;[0];-99.4375
-78.99235198;-2.883739954;[0];-99.4375
-78.99210918;-2.883739523;[0];-99.5000
-78.99186638;-2.883739093;[0];-99.5000
-78.99162358;-2.883738662;[0];-99.5625
-78.99138079;-2.883738232;[0];-99.6250
-78.99113799;-2.883737801;[0];-99.7500
-78.99089519;-2.88373737;[0];-99.8125
-78.99065240;-2.883736939;[0];-99.8125
-78.99040960;-2.883736508;[0];-99.8750
-78.99016680;-2.883736077;[0];-99.9375
-78.98992401;-2.883735646;[0];-99.9375
-78.98968121;-2.883735215;[0];-100.0000
-78.98943841;-2.883734784;[0];-100.0625
-78.98919562;-2.883734353;[0];-100.1875
-78.98895282;-2.883733922;[0];-100.2500
-78.98871002;-2.88373349;[0];-100.3750
-78.98846723;-2.883733059;[0];-100.4375
-78.98822443;-2.883732628;[0];-100.5000
-78.98798163;-2.883732196;[0];-100.5625
-78.98773884;-2.883731765;[0];-100.6250
-78.98749604;-2.883731333;[0];-100.7500
-78.98725324;-2.883730902;[0];-100.8125
-78.98701045;-2.88373047;[0];-100.9375
-78.98676765;-2.883730038;[0];-101.0625
-78.98652485;-2.883729607;[0];-101.1250
-78.98628206;-2.883729175;[0];-101.2500
-78.98603926;-2.883728743;[0];-101.3125
-78.98579647;-2.883728311;[0];-101.3750
-78.98555367;-2.883727879;[0];-101.4375
-78.98531087;-2.883727447;[0];-101.5000
-78.98506808;-2.883727015;[0];-101.6250
-78.98482528;-2.883726583;[0];-101.6875
-78.98458248;-2.883726151;[0];-101.8125
-78.98433969;-2.883725719;[0];-101.8750
-78.98409689;-2.883725286;[0];-102.0000
-79.00449231;-2.883517293;[0];-102.0000
-79.00424951;-2.883516865;[0];-101.8750
-79.00400671;-2.883516437;[0];-101.7500
-79.00376391;-2.883516009;[0];-101.6250
-79.00352111;-2.883515581;[0];-101.5000
-79.00327831;-2.883515153;[0];-101.3125
-79.00303551;-2.883514725;[0];-101.1875
-79.00279271;-2.883514297;[0];-101.0625
-79.00254992;-2.883513869;[0];-100.9375
-79.00230712;-2.88351344;[0];-100.8125
-79.00206432;-2.883513012;[0];-100.7500
-79.00182152;-2.883512583;[0];-100.6250
-79.00157872;-2.883512155;[0];-100.5000
-79.00133592;-2.883511726;[0];-100.4375
-79.00109312;-2.883511298;[0];-100.3125
-79.00085033;-2.883510869;[0];-100.2500
-79.00060753;-2.883510441;[0];-100.1250
-79.00036473;-2.883510012;[0];-100.0625
-79.00012193;-2.883509583;[0];-99.9375
-78.99987913;-2.883509154;[0];-99.8750
-78.99963633;-2.883508725;[0];-99.8125
-78.99939354;-2.883508296;[0];-99.7500
-78.99915074;-2.883507867;[0];-99.7500
-78.99890794;-2.883507438;[0];-99.6875
-78.99866514;-2.883507009;[0];-99.5625
-78.99842234;-2.88350658;[0];-99.5000
-78.99817955;-2.883506151;[0];-99.5000
-78.99793675;-2.883505722;[0];-99.5000
-78.99769395;-2.883505292;[0];-99.4375
-78.99745115;-2.883504863;[0];-99.3750
-78.99720835;-2.883504433;[0];-99.3750
-78.99696556;-2.883504004;[0];-99.3750
-78.99672276;-2.883503574;[0];-99.3125
-78.99647996;-2.883503145;[0];-99.3125
-78.99623716;-2.883502715;[0];-99.3125
-78.99599437;-2.883502286;[0];-99.3125
-78.99575157;-2.883501856;[0];-99.3125
-78.99550877;-2.883501426;[0];-99.2500
-78.99526597;-2.883500996;[0];-99.3125
-78.99502317;-2.883500566;[0];-99.3125
-78.99478038;-2.883500136;[0];-99.3125
-78.99453758;-2.883499706;[0];-99.3750
-78.99429478;-2.883499276;[0];-99.3750
-78.99405199;-2.883498846;[0];-99.3750
-78.99380919;-2.883498416;[0];-99.4375
-78.99356639;-2.883497986;[0];-99.4375
-78.99332359;-2.883497556;[0];-99.5000
-78.99308080;-2.883497125;[0];-99.5000
-78.99283800;-2.883496695;[0];-99.5625
-78.99259520;-2.883496265;[0];-99.5625
-78.99235240;-2.883495834;[0];-99.6250
-78.99210961;-2.883495404;[0];-99.6250
-78.99186681;-2.883494973;[0];-99.6875
-78.99162401;-2.883494542;[0];-99.6875
-78.99138122;-2.883494112;[0];-99.7500
-78.99113842;-2.883493681;[0];-99.8750
-78.99089562;-2.88349325;[0];-99.9375
-78.99065283;-2.88349282;[0];-100.0000
-78.99041003;-2.883492389;[0];-100.0000
-78.99016723;-2.883491958;[0];-100.0625
-78.98992443;-2.883491527;[0];-100.1250
-78.98968164;-2.883491096;[0];-100.1875
-78.98943884;-2.883490665;[0];-100.1875
-78.98919604;-2.883490234;[0];-100.3125
-78.98895325;-2.883489802;[0];-100.3750
-78.98871045;-2.883489371;[0];-100.5000
-78.98846765;-2.88348894;[0];-100.5625
-78.98822486;-2.883488508;[0];-100.6250
-78.98798206;-2.883488077;[0];-100.6875
-78.98773927;-2.883487646;[0];-100.7500
-78.98749647;-2.883487214;[0];-100.8750
-78.98725367;-2.883486783;[0];-100.9375
-78.98701088;-2.883486351;[0];-101.0625
-78.98676808;-2.883485919;[0];-101.1250
-78.98652528;-2.883485488;[0];-101.2500
-78.98628249;-2.883485056;[0];-101.3125
-78.98603969;-2.883484624;[0];-101.4375
-78.98579690;-2.883484192;[0];-101.5000
-78.98555410;-2.88348376;[0];-101.5625
-78.98531130;-2.883483328;[0];-101.6250
-78.98506851;-2.883482896;[0];-101.6875
-78.98482571;-2.883482464;[0];-101.8125
-78.98458291;-2.883482032;[0];-101.8750
-78.98434012;-2.8834816;[0];-102.0000
-79.00400713;-2.883272316;[0];-101.9375
-79.00376434;-2.883271888;[0];-101.8125
-79.00352154;-2.88327146;[0];-101.6875
-79.00327874;-2.883271032;[0];-101.5000
-79.00303594;-2.883270604;[0];-101.3750
-79.00279314;-2.883270175;[0];-101.2500
-79.00255034;-2.883269747;[0];-101.1250
-79.00230754;-2.883269319;[0];-101.0625
-79.00206474;-2.883268891;[0];-100.9375
-79.00182195;-2.883268462;[0];-100.8125
-79.00157915;-2.883268034;[0];-100.7500
-79.00133635;-2.883267605;[0];-100.6250
-79.00109355;-2.883267177;[0];-100.5000
-79.00085075;-2.883266748;[0];-100.4375
-79.00060795;-2.883266319;[0];-100.3125
-79.00036516;-2.883265891;[0];-100.2500
-79.00012236;-2.883265462;[0];-100.1875
-78.99987956;-2.883265033;[0];-100.0625
-78.99963676;-2.883264604;[0];-100.0000
-78.99939396;-2.883264175;[0];-99.9375
-78.99915116;-2.883263746;[0];-99.9375
-78.99890837;-2.883263317;[0];-99.8750
-78.99866557;-2.883262888;[0];-99.8125
-78.99842277;-2.883262459;[0];-99.6875
-78.99817997;-2.88326203;[0];-99.6875
-78.99793717;-2.883261601;[0];-99.6875
-78.99769438;-2.883261172;[0];-99.6250
-78.99745158;-2.883260742;[0];-99.5625
-78.99720878;-2.883260313;[0];-99.5625
-78.99696598;-2.883259883;[0];-99.5625
-78.99672319;-2.883259454;[0];-99.5000
-78.99648039;-2.883259024;[0];-99.5000
-78.99623759;-2.883258595;[0];-99.5000
-78.99599479;-2.883258165;[0];-99.5000
-78.99575200;-2.883257735;[0];-99.5000
-78.99550920;-2.883257306;[0];-99.4375
-78.9952664;-2.883256876;[0];-99.4375
-78.99502360;-2.883256446;[0];-99.5000
-78.99478081;-2.883256016;[0];-99.5000
-78.99453801;-2.883255586;[0];-99.5000
-78.99429521;-2.883255156;[0];-99.5625
-78.99405241;-2.883254726;[0];-99.5625
-78.99380962;-2.883254296;[0];-99.5625
-78.99356682;-2.883253866;[0];-99.6250
-78.99332402;-2.883253436;[0];-99.6250
-78.99308122;-2.883253005;[0];-99.6875
-78.99283843;-2.883252575;[0];-99.6875
-78.99259563;-2.883252145;[0];-99.7500
-78.99235283;-2.883251714;[0];-99.7500
-78.99211004;-2.883251284;[0];-99.8125
-78.99186724;-2.883250853;[0];-99.8125
-78.99162444;-2.883250423;[0];-99.8750
-78.99138164;-2.883249992;[0];-99.9375
-78.99113885;-2.883249561;[0];-100.0000
-78.99089605;-2.883249131;[0];-100.0625
-78.99065325;-2.8832487;[0];-100.1250
-78.99041046;-2.883248269;[0];-100.1875
-78.99016766;-2.883247838;[0];-100.1875
-78.98992486;-2.883247407;[0];-100.2500
-78.98968207;-2.883246976;[0];-100.3125
-78.98943927;-2.883246545;[0];-100.3750
-78.98919647;-2.883246114;[0];-100.3750
-78.98895368;-2.883245683;[0];-100.5000
-78.98871088;-2.883245252;[0];-100.5625
-78.98846808;-2.883244821;[0];-100.6875
-78.98822529;-2.883244389;[0];-100.7500
-78.98798249;-2.883243958;[0];-100.8750
-78.98773969;-2.883243526;[0];-100.8750
-78.98749690;-2.883243095;[0];-100.9375
-78.98725410;-2.883242664;[0];-101.0625
-78.98701131;-2.883242232;[0];-101.1250
-78.98676851;-2.8832418;[0];-101.2500
-78.98652571;-2.883241369;[0];-101.3125
-78.98628292;-2.883240937;[0];-101.4375
-78.98604012;-2.883240505;[0];-101.5000
-78.98579732;-2.883240073;[0];-101.6250
-78.98555453;-2.883239641;[0];-101.6875
-78.98531173;-2.88323921;[0];-101.7500
-78.98506894;-2.883238778;[0];-101.8125
-78.98482614;-2.883238346;[0];-101.8750
-78.98458334;-2.883237913;[0];-102.0000
-79.00376476;-2.883027766;[0];-102.0000
-79.00352196;-2.883027338;[0];-101.8750
-79.00327916;-2.88302691;[0];-101.6875
-79.00303637;-2.883026482;[0];-101.5625
-79.00279357;-2.883026054;[0];-101.4375
-79.00255077;-2.883025626;[0];-101.3125
-79.00230797;-2.883025198;[0];-101.1875
-79.00206517;-2.883024769;[0];-101.1250
-79.00182237;-2.883024341;[0];-101.0000
-79.00157957;-2.883023913;[0];-100.9375
-79.00133678;-2.883023484;[0];-100.8125
-79.00109398;-2.883023056;[0];-100.6875
-79.00085118;-2.883022627;[0];-100.6250
-79.00060838;-2.883022198;[0];-100.5000
-79.00036558;-2.88302177;[0];-100.4375
-79.00012278;-2.883021341;[0];-100.3750
-78.99987999;-2.883020912;[0];-100.2500
-78.99963719;-2.883020483;[0];-100.1875
-78.99939439;-2.883020055;[0];-100.1250
-78.99915159;-2.883019626;[0];-100.1250
-78.99890879;-2.883019197;[0];-100.0625
-78.99866600;-2.883018768;[0];-100.0000
-78.99842320;-2.883018338;[0];-99.9375
-78.99818040;-2.883017909;[0];-99.8750
-78.99793760;-2.88301748;[0];-99.8750
-78.99769480;-2.883017051;[0];-99.8125
-78.99745201;-2.883016622;[0];-99.7500
-78.99720921;-2.883016192;[0];-99.7500
-78.99696641;-2.883015763;[0];-99.7500
-78.99672361;-2.883015333;[0];-99.6875
-78.99648082;-2.883014904;[0];-99.6875
-78.99623802;-2.883014474;[0];-99.6875
-78.99599522;-2.883014045;[0];-99.6875
-78.99575242;-2.883013615;[0];-99.6875
-78.99550963;-2.883013185;[0];-99.6250
-78.99526683;-2.883012756;[0];-99.6250
-78.99502403;-2.883012326;[0];-99.6250
-78.99478123;-2.883011896;[0];-99.6875
-78.99453844;-2.883011466;[0];-99.6875
-78.99429564;-2.883011036;[0];-99.6875
-78.99405284;-2.883010606;[0];-99.7500
-78.99381004;-2.883010176;[0];-99.7500
-78.99356725;-2.883009746;[0];-99.7500
-78.99332445;-2.883009316;[0];-99.8125
-78.99308165;-2.883008885;[0];-99.8125
-78.99283885;-2.883008455;[0];-99.8750
-78.99259606;-2.883008025;[0];-99.8750
-78.99235326;-2.883007595;[0];-99.9375
-78.99211046;-2.883007164;[0];-99.9375
-78.99186767;-2.883006734;[0];-100.0000
-78.99162487;-2.883006303;[0];-100.0000
-78.99138207;-2.883005872;[0];-100.0625
-78.99113928;-2.883005442;[0];-100.1250
-78.99089648;-2.883005011;[0];-100.1875
-78.99065368;-2.88300458;[0];-100.2500
-78.99041089;-2.88300415;[0];-100.3125
-78.99016809;-2.883003719;[0];-100.3750
-78.98992529;-2.883003288;[0];-100.4375
-78.98968250;-2.883002857;[0];-100.4375
-78.98943970;-2.883002426;[0];-100.5000
-78.98919690;-2.883001995;[0];-100.5625
-78.98895411;-2.883001564;[0];-100.6250
-78.98871131;-2.883001133;[0];-100.6875
-78.98846851;-2.883000701;[0];-100.8125
-78.98822572;-2.88300027;[0];-100.8750
-78.98798292;-2.882999839;[0];-101.0000
-78.98774012;-2.882999407;[0];-101.0625
-78.98749733;-2.882998976;[0];-101.0625
-78.98725453;-2.882998544;[0];-101.1250
-78.98701173;-2.882998113;[0];-101.2500
-78.98676894;-2.882997681;[0];-101.3125
-78.98652614;-2.88299725;[0];-101.4375
-78.98628335;-2.882996818;[0];-101.5000
-78.98604055;-2.882996386;[0];-101.6250
-78.98579775;-2.882995955;[0];-101.6875
-78.98555496;-2.882995523;[0];-101.8125
-78.98531216;-2.882995091;[0];-101.8750
-78.98506937;-2.882994659;[0];-101.9375
-78.98482657;-2.882994227;[0];-102.0000
-79.00327959;-2.882782789;[0];-101.8750
-79.00303679;-2.882782361;[0];-101.7500
-79.00279399;-2.882781933;[0];-101.6250
-79.00255119;-2.882781504;[0];-101.5000
-79.00230840;-2.882781076;[0];-101.3750
-79.00206560;-2.882780648;[0];-101.3125
-79.00182280;-2.88278022;[0];-101.1875
-79.00158;-2.882779791;[0];-101.1250
-79.00133720;-2.882779363;[0];-101.0000
-79.00109440;-2.882778934;[0];-100.8750
-79.00085161;-2.882778506;[0];-100.8125
-79.00060881;-2.882778077;[0];-100.7500
-79.00036601;-2.882777649;[0];-100.6250
-79.00012321;-2.88277722;[0];-100.5625
-78.99988041;-2.882776791;[0];-100.4375
-78.99963761;-2.882776362;[0];-100.3750
-78.99939482;-2.882775934;[0];-100.3125
-78.99915202;-2.882775505;[0];-100.2500
-78.99890922;-2.882775076;[0];-100.2500
-78.99866642;-2.882774647;[0];-100.1875
-78.99842362;-2.882774218;[0];-100.1250
-78.99818083;-2.882773789;[0];-100.0625
-78.99793803;-2.882773359;[0];-100.0625
-78.99769523;-2.88277293;[0];-100.0000
-78.99745243;-2.882772501;[0];-99.9375
-78.99720964;-2.882772072;[0];-99.9375
-78.99696684;-2.882771642;[0];-99.9375
-78.99672404;-2.882771213;[0];-99.8750
-78.99648124;-2.882770783;[0];-99.8125
-78.99623844;-2.882770354;[0];-99.8750
-78.99599565;-2.882769924;[0];-99.8750
-78.99575285;-2.882769495;[0];-99.8750
-78.99551005;-2.882769065;[0];-99.8125
-78.99526725;-2.882768635;[0];-99.8125
-78.99502446;-2.882768206;[0];-99.8125
-78.99478166;-2.882767776;[0];-99.8125
-78.99453886;-2.882767346;[0];-99.8750
-78.99429607;-2.882766916;[0];-99.8750
-78.99405327;-2.882766486;[0];-99.8750
-78.99381047;-2.882766056;[0];-99.9375
-78.99356767;-2.882765626;[0];-99.9375
-78.99332488;-2.882765196;[0];-99.9375
-78.99308208;-2.882764766;[0];-100.0000
-78.99283928;-2.882764335;[0];-100.0000
-78.99259649;-2.882763905;[0];-100.0625
-78.99235369;-2.882763475;[0];-100.0625
-78.99211089;-2.882763044;[0];-100.1250
-78.99186809;-2.882762614;[0];-100.1250
-78.99162530;-2.882762183;[0];-100.1875
-78.9913825;-2.882761753;[0];-100.1875
-78.99113970;-2.882761322;[0];-100.2500
-78.99089691;-2.882760891;[0];-100.3125
-78.99065411;-2.882760461;[0];-100.3750
-78.99041131;-2.88276003;[0];-100.5000
-78.99016852;-2.882759599;[0];-100.5000
-78.98992572;-2.882759168;[0];-100.5625
-78.98968292;-2.882758737;[0];-100.6250
-78.98944013;-2.882758306;[0];-100.6250
-78.98919733;-2.882757875;[0];-100.6875
-78.98895453;-2.882757444;[0];-100.7500
-78.98871174;-2.882757013;[0];-100.8125
-78.98846894;-2.882756582;[0];-100.8750
-78.98822615;-2.882756151;[0];-101.0000
-78.98798335;-2.88275572;[0];-101.0625
-78.98774055;-2.882755288;[0];-101.1875
-78.98749776;-2.882754857;[0];-101.2500
-78.98725496;-2.882754425;[0];-101.2500
-78.98701216;-2.882753994;[0];-101.3125
-78.98676937;-2.882753562;[0];-101.4375
-78.98652657;-2.882753131;[0];-101.5000
-78.98628378;-2.882752699;[0];-101.6250
-78.98604098;-2.882752267;[0];-101.6875
-78.98579818;-2.882751836;[0];-101.8125
-78.98555539;-2.882751404;[0];-101.8750
-78.98531259;-2.882750972;[0];-102.0000
-79.00303722;-2.882538239;[0];-101.9375
-79.00279442;-2.882537811;[0];-101.8125
-79.00255162;-2.882537383;[0];-101.6875
-79.00230882;-2.882536955;[0];-101.5625
-79.00206602;-2.882536527;[0];-101.5000
-79.00182322;-2.882536098;[0];-101.3750
-79.00158043;-2.88253567;[0];-101.3125
-79.00133763;-2.882535242;[0];-101.1875
-79.00109483;-2.882534813;[0];-101.0625
-79.00085203;-2.882534385;[0];-101.0000
-79.00060923;-2.882533956;[0];-100.9375
-79.00036644;-2.882533528;[0];-100.8125
-79.00012364;-2.882533099;[0];-100.7500
-78.99988084;-2.88253267;[0];-100.6250
-78.99963804;-2.882532242;[0];-100.5625
-78.99939524;-2.882531813;[0];-100.5000
-78.99915244;-2.882531384;[0];-100.4375
-78.99890965;-2.882530955;[0];-100.4375
-78.99866685;-2.882530526;[0];-100.3750
-78.99842405;-2.882530097;[0];-100.3125
-78.99818125;-2.882529668;[0];-100.2500
-78.99793846;-2.882529239;[0];-100.1875
-78.99769566;-2.88252881;[0];-100.1875
-78.99745286;-2.88252838;[0];-100.1250
-78.99721006;-2.882527951;[0];-100.1250
-78.99696726;-2.882527522;[0];-100.1250
-78.99672447;-2.882527092;[0];-100.0625
-78.99648167;-2.882526663;[0];-100.0000
-78.99623887;-2.882526234;[0];-100.0000
-78.99599607;-2.882525804;[0];-100.0000
-78.99575328;-2.882525374;[0];-100.0625
-78.99551048;-2.882524945;[0];-100.0000
-78.99526768;-2.882524515;[0];-100.0000
-78.99502489;-2.882524085;[0];-100.0000
-78.99478209;-2.882523656;[0];-100.0000
-78.99453929;-2.882523226;[0];-100.0000
-78.99429649;-2.882522796;[0];-100.0625
-78.99405370;-2.882522366;[0];-100.0625
-78.99381090;-2.882521936;[0];-100.0625
-78.99356810;-2.882521506;[0];-100.1250
-78.99332530;-2.882521076;[0];-100.1250
-78.99308251;-2.882520646;[0];-100.1250
-78.99283971;-2.882520215;[0];-100.1875
-78.99259691;-2.882519785;[0];-100.1875
-78.99235412;-2.882519355;[0];-100.2500
-78.99211132;-2.882518924;[0];-100.2500
-78.99186852;-2.882518494;[0];-100.3125
-78.99162573;-2.882518064;[0];-100.3125
-78.99138293;-2.882517633;[0];-100.3750
-78.99114013;-2.882517203;[0];-100.3750
-78.99089734;-2.882516772;[0];-100.4375
-78.99065454;-2.882516341;[0];-100.5000
-78.99041174;-2.88251591;[0];-100.6250
-78.99016895;-2.88251548;[0];-100.6875
-78.98992615;-2.882515049;[0];-100.6875
-78.98968335;-2.882514618;[0];-100.7500
-78.98944056;-2.882514187;[0];-100.8125
-78.98919776;-2.882513756;[0];-100.8125
-78.98895496;-2.882513325;[0];-100.8750
-78.98871217;-2.882512894;[0];-100.9375
-78.98846937;-2.882512463;[0];-101.0000
-78.98822657;-2.882512032;[0];-101.0625
-78.98798378;-2.8825116;[0];-101.1875
-78.98774098;-2.882511169;[0];-101.2500
-78.98749819;-2.882510738;[0];-101.3750
-78.98725539;-2.882510306;[0];-101.3750
-78.98701259;-2.882509875;[0];-101.4375
-78.98676980;-2.882509443;[0];-101.5000
-78.986527;-2.882509012;[0];-101.6250
-78.98628420;-2.88250858;[0];-101.6875
-78.98604141;-2.882508149;[0];-101.8125
-78.98579861;-2.882507717;[0];-101.8750
-78.98555582;-2.882507285;[0];-102.0000
-79.00279484;-2.88229369;[0];-102.0000
-79.00255205;-2.882293262;[0];-101.8750
-79.00230925;-2.882292834;[0];-101.7500
-79.00206645;-2.882292405;[0];-101.6875
-79.00182365;-2.882291977;[0];-101.5625
-79.00158085;-2.882291549;[0];-101.4375
-79.00133805;-2.882291121;[0];-101.3750
-79.00109526;-2.882290692;[0];-101.2500
-79.00085246;-2.882290264;[0];-101.1875
-79.00060966;-2.882289835;[0];-101.1250
-79.00036686;-2.882289407;[0];-101.0000
-79.00012406;-2.882288978;[0];-100.9375
-78.99988127;-2.882288549;[0];-100.8125
-78.99963847;-2.882288121;[0];-100.7500
-78.99939567;-2.882287692;[0];-100.6875
-78.99915287;-2.882287263;[0];-100.6250
-78.99891007;-2.882286834;[0];-100.6250
-78.99866728;-2.882286405;[0];-100.5625
-78.99842448;-2.882285976;[0];-100.5000
-78.99818168;-2.882285547;[0];-100.4375
-78.99793888;-2.882285118;[0];-100.3750
-78.99769608;-2.882284689;[0];-100.3750
-78.99745329;-2.88228426;[0];-100.3125
-78.99721049;-2.882283831;[0];-100.2500
-78.99696769;-2.882283401;[0];-100.2500
-78.99672489;-2.882282972;[0];-100.2500
-78.99648210;-2.882282543;[0];-100.1875
-78.99623930;-2.882282113;[0];-100.1875
-78.99599650;-2.882281684;[0];-100.1875
-78.99575370;-2.882281254;[0];-100.1875
-78.99551091;-2.882280825;[0];-100.1875
-78.99526811;-2.882280395;[0];-100.1875
-78.99502531;-2.882279965;[0];-100.1250
-78.99478252;-2.882279535;[0];-100.1875
-78.99453972;-2.882279106;[0];-100.1875
-78.99429692;-2.882278676;[0];-100.1875
-78.99405412;-2.882278246;[0];-100.1875
-78.99381133;-2.882277816;[0];-100.2500
-78.99356853;-2.882277386;[0];-100.2500
-78.99332573;-2.882276956;[0];-100.3125
-78.99308294;-2.882276526;[0];-100.3125
-78.99284014;-2.882276095;[0];-100.3125
-78.99259734;-2.882275665;[0];-100.3750
-78.99235454;-2.882275235;[0];-100.3750
-78.99211175;-2.882274805;[0];-100.4375
-78.99186895;-2.882274374;[0];-100.4375
-78.99162615;-2.882273944;[0];-100.5000
-78.99138336;-2.882273513;[0];-100.5000
-78.99114056;-2.882273083;[0];-100.5625
-78.99089776;-2.882272652;[0];-100.5625
-78.99065497;-2.882272222;[0];-100.6250
-78.99041217;-2.882271791;[0];-100.7500
-78.99016937;-2.88227136;[0];-100.8125
-78.98992658;-2.882270929;[0];-100.8125
-78.98968378;-2.882270499;[0];-100.8750
-78.98944098;-2.882270068;[0];-100.9375
-78.98919819;-2.882269637;[0];-100.9375
-78.98895539;-2.882269206;[0];-101.0000
-78.98871260;-2.882268775;[0];-101.0625
-78.98846980;-2.882268344;[0];-101.1250
-78.98822700;-2.882267912;[0];-101.1875
-78.98798421;-2.882267481;[0];-101.3125
-78.98774141;-2.88226705;[0];-101.3750
-78.98749861;-2.882266619;[0];-101.4375
-78.98725582;-2.882266187;[0];-101.5625
-78.98701302;-2.882265756;[0];-101.5625
-78.98677023;-2.882265324;[0];-101.6250
-78.98652743;-2.882264893;[0];-101.6875
-78.98628463;-2.882264461;[0];-101.8125
-78.98604184;-2.88226403;[0];-101.8750
-78.98579904;-2.882263598;[0];-102.0000
-79.00230967;-2.882048712;[0];-101.9375
-79.00206687;-2.882048284;[0];-101.8125
-79.00182408;-2.882047856;[0];-101.7500
-79.00158128;-2.882047428;[0];-101.6250
-79.00133848;-2.882046999;[0];-101.5625
-79.00109568;-2.882046571;[0];-101.4375
-79.00085288;-2.882046143;[0];-101.3750
-79.00061009;-2.882045714;[0];-101.2500
-79.00036729;-2.882045286;[0];-101.1875
-79.00012449;-2.882044857;[0];-101.1250
-78.99988169;-2.882044428;[0];-101.0000
-78.99963889;-2.882044;[0];-100.9375
-78.99939610;-2.882043571;[0];-100.8750
-78.99915330;-2.882043142;[0];-100.8125
-78.9989105;-2.882042713;[0];-100.8125
-78.99866770;-2.882042284;[0];-100.7500
-78.99842490;-2.882041856;[0];-100.6875
-78.99818211;-2.882041427;[0];-100.6250
-78.99793931;-2.882040997;[0];-100.5625
-78.99769651;-2.882040568;[0];-100.5625
-78.99745371;-2.882040139;[0];-100.5000
-78.99721092;-2.88203971;[0];-100.4375
-78.99696812;-2.882039281;[0];-100.4375
-78.99672532;-2.882038851;[0];-100.4375
-78.99648252;-2.882038422;[0];-100.3750
-78.99623973;-2.882037993;[0];-100.3750
-78.99599693;-2.882037563;[0];-100.3750
-78.99575413;-2.882037134;[0];-100.3750
-78.99551133;-2.882036704;[0];-100.3750
-78.99526854;-2.882036275;[0];-100.3750
-78.99502574;-2.882035845;[0];-100.3125
-78.99478294;-2.882035415;[0];-100.3125
-78.99454015;-2.882034985;[0];-100.3125
-78.99429735;-2.882034556;[0];-100.3750
-78.99405455;-2.882034126;[0];-100.3750
-78.99381175;-2.882033696;[0];-100.3750
-78.99356896;-2.882033266;[0];-100.4375
-78.99332616;-2.882032836;[0];-100.4375
-78.99308336;-2.882032406;[0];-100.4375
-78.99284057;-2.882031976;[0];-100.5000
-78.99259777;-2.882031545;[0];-100.5000
-78.99235497;-2.882031115;[0];-100.5625
-78.99211218;-2.882030685;[0];-100.5625
-78.99186938;-2.882030255;[0];-100.6250
-78.99162658;-2.882029824;[0];-100.6250
-78.99138379;-2.882029394;[0];-100.6875
-78.99114099;-2.882028963;[0];-100.6875
-78.99089819;-2.882028533;[0];-100.7500
-78.99065540;-2.882028102;[0];-100.7500
-78.99041260;-2.882027671;[0];-100.8125
-78.99016980;-2.882027241;[0];-100.9375
-78.98992701;-2.88202681;[0];-101.0000
-78.98968421;-2.882026379;[0];-101.0000
-78.98944141;-2.882025948;[0];-101.0625
-78.98919862;-2.882025517;[0];-101.1250
-78.98895582;-2.882025086;[0];-101.1250
-78.98871302;-2.882024655;[0];-101.1875
-78.98847023;-2.882024224;[0];-101.2500
-78.98822743;-2.882023793;[0];-101.3125
-78.98798464;-2.882023362;[0];-101.3750
-78.98774184;-2.882022931;[0];-101.5000
-78.98749904;-2.8820225;[0];-101.5625
-78.98725625;-2.882022068;[0];-101.6250
-78.98701345;-2.882021637;[0];-101.6875
-78.98677066;-2.882021205;[0];-101.7500
-78.98652786;-2.882020774;[0];-101.8125
-78.98628506;-2.882020342;[0];-101.8750
-78.98604227;-2.882019911;[0];-102.0000
-79.0020673;-2.881804163;[0];-102.0000
-79.00182450;-2.881803735;[0];-101.9375
-79.00158170;-2.881803306;[0];-101.8125
-79.00133891;-2.881802878;[0];-101.7500
-79.00109611;-2.88180245;[0];-101.6250
-79.00085331;-2.881802021;[0];-101.5625
-79.00061051;-2.881801593;[0];-101.4375
-79.00036771;-2.881801165;[0];-101.3750
-79.00012492;-2.881800736;[0];-101.3125
-78.99988212;-2.881800307;[0];-101.1875
-78.99963932;-2.881799879;[0];-101.1250
-78.99939652;-2.88179945;[0];-101.0625
-78.99915372;-2.881799021;[0];-101.0000
-78.99891093;-2.881798593;[0];-100.9375
-78.99866813;-2.881798164;[0];-100.9375
-78.99842533;-2.881797735;[0];-100.8750
-78.99818253;-2.881797306;[0];-100.8125
-78.99793974;-2.881796877;[0];-100.7500
-78.99769694;-2.881796448;[0];-100.6875
-78.99745414;-2.881796019;[0];-100.6875
-78.99721134;-2.881795589;[0];-100.6250
-78.99696855;-2.88179516;[0];-100.6250
-78.99672575;-2.881794731;[0];-100.6250
-78.99648295;-2.881794302;[0];-100.5625
-78.99624015;-2.881793872;[0];-100.5000
-78.99599736;-2.881793443;[0];-100.5000
-78.99575456;-2.881793013;[0];-100.5625
-78.99551176;-2.881792584;[0];-100.5625
-78.99526896;-2.881792154;[0];-100.5625
-78.99502617;-2.881791725;[0];-100.5000
-78.99478337;-2.881791295;[0];-100.5000
-78.99454057;-2.881790865;[0];-100.5000
-78.99429778;-2.881790435;[0];-100.5000
-78.99405498;-2.881790006;[0];-100.5625
-78.99381218;-2.881789576;[0];-100.5625
-78.99356938;-2.881789146;[0];-100.5625
-78.99332659;-2.881788716;[0];-100.6250
-78.99308379;-2.881788286;[0];-100.6250
-78.99284099;-2.881787856;[0];-100.6250
-78.99259820;-2.881787426;[0];-100.6875
-78.9923554;-2.881786995;[0];-100.6875
-78.99211260;-2.881786565;[0];-100.7500
-78.99186981;-2.881786135;[0];-100.7500
-78.99162701;-2.881785704;[0];-100.8125
-78.99138421;-2.881785274;[0];-100.8125
-78.99114142;-2.881784844;[0];-100.8750
-78.99089862;-2.881784413;[0];-100.8750
-78.99065582;-2.881783982;[0];-100.9375
-78.99041303;-2.881783552;[0];-100.9375
-78.99017023;-2.881783121;[0];-101.0625
-78.98992743;-2.88178269;[0];-101.1250
-78.98968464;-2.88178226;[0];-101.1875
-78.98944184;-2.881781829;[0];-101.1875
-78.98919905;-2.881781398;[0];-101.2500
-78.98895625;-2.881780967;[0];-101.3125
-78.98871345;-2.881780536;[0];-101.3125
-78.98847066;-2.881780105;[0];-101.3750
-78.98822786;-2.881779674;[0];-101.4375
-78.98798506;-2.881779243;[0];-101.5000
-78.98774227;-2.881778812;[0];-101.5625
-78.98749947;-2.88177838;[0];-101.6875
-78.98725668;-2.881777949;[0];-101.7500
-78.98701388;-2.881777518;[0];-101.8125
-78.98677108;-2.881777086;[0];-101.8750
-78.98652829;-2.881776655;[0];-101.9375
-78.98628549;-2.881776223;[0];-102.0000
-79.00158213;-2.881559185;[0];-102.0000
-79.00133933;-2.881558757;[0];-101.9375
-79.00109653;-2.881558329;[0];-101.8125
-79.00085374;-2.8815579;[0];-101.7500
-79.00061094;-2.881557472;[0];-101.6250
-79.00036814;-2.881557043;[0];-101.5625
-79.00012534;-2.881556615;[0];-101.5000
-78.99988254;-2.881556186;[0];-101.3750
-78.99963975;-2.881555758;[0];-101.3125
-78.99939695;-2.881555329;[0];-101.2500
-78.99915415;-2.8815549;[0];-101.1875
-78.99891135;-2.881554472;[0];-101.1250
-78.99866856;-2.881554043;[0];-101.1250
-78.99842576;-2.881553614;[0];-101.0625
-78.99818296;-2.881553185;[0];-101.0000
-78.99794016;-2.881552756;[0];-100.9375
-78.99769736;-2.881552327;[0];-100.8750
-78.99745457;-2.881551898;[0];-100.8750
-78.99721177;-2.881551469;[0];-100.8125
-78.99696897;-2.88155104;[0];-100.7500
-78.99672618;-2.881550611;[0];-100.7500
-78.99648338;-2.881550181;[0];-100.7500
-78.99624058;-2.881549752;[0];-100.6875
-78.99599778;-2.881549323;[0];-100.6875
-78.99575499;-2.881548893;[0];-100.6875
-78.99551219;-2.881548464;[0];-100.6875
-78.99526939;-2.881548034;[0];-100.6875
-78.99502659;-2.881547604;[0];-100.6875
-78.99478380;-2.881547175;[0];-100.6250
-78.994541;-2.881546745;[0];-100.6250
-78.99429820;-2.881546315;[0];-100.6875
-78.99405541;-2.881545886;[0];-100.6875
-78.99381261;-2.881545456;[0];-100.6875
-78.99356981;-2.881545026;[0];-100.7500
-78.99332702;-2.881544596;[0];-100.7500
-78.99308422;-2.881544166;[0];-100.7500
-78.99284142;-2.881543736;[0];-100.8125
-78.99259863;-2.881543306;[0];-100.8125
-78.99235583;-2.881542875;[0];-100.8750
-78.99211303;-2.881542445;[0];-100.8750
-78.99187023;-2.881542015;[0];-100.8750
-78.99162744;-2.881541585;[0];-100.9375
-78.99138464;-2.881541154;[0];-100.9375
-78.99114185;-2.881540724;[0];-101.0000
-78.99089905;-2.881540293;[0];-101.0000
-78.99065625;-2.881539863;[0];-101.0625
-78.99041346;-2.881539432;[0];-101.1250
-78.99017066;-2.881539002;[0];-101.1250
-78.98992786;-2.881538571;[0];-101.2500
-78.98968507;-2.88153814;[0];-101.3125
-78.98944227;-2.881537709;[0];-101.3750
-78.98919947;-2.881537279;[0];-101.3750
-78.98895668;-2.881536848;[0];-101.4375
-78.98871388;-2.881536417;[0];-101.4375
-78.98847109;-2.881535986;[0];-101.5000
-78.98822829;-2.881535555;[0];-101.5625
-78.98798549;-2.881535124;[0];-101.6250
-78.98774270;-2.881534693;[0];-101.6875
-78.98749990;-2.881534261;[0];-101.7500
-78.98725711;-2.88153383;[0];-101.8750
-78.98701431;-2.881533399;[0];-101.9375
-78.98677151;-2.881532967;[0];-102.0000
-79.00109696;-2.881314208;[0];-102.0000
-79.00085416;-2.881313779;[0];-101.8750
-79.00061136;-2.881313351;[0];-101.8125
-79.00036857;-2.881312922;[0];-101.7500
-79.00012577;-2.881312494;[0];-101.6250
-78.99988297;-2.881312065;[0];-101.5625
-78.99964017;-2.881311637;[0];-101.5000
-78.99939737;-2.881311208;[0];-101.4375
-78.99915458;-2.88131078;[0];-101.3125
-78.99891178;-2.881310351;[0];-101.3125
-78.99866898;-2.881309922;[0];-101.2500
-78.99842618;-2.881309493;[0];-101.2500
-78.99818339;-2.881309064;[0];-101.1875
-78.99794059;-2.881308635;[0];-101.0625
-78.99769779;-2.881308206;[0];-101.0625
-78.99745499;-2.881307777;[0];-101.0625
-78.99721220;-2.881307348;[0];-101.0000
-78.99696940;-2.881306919;[0];-100.9375
-78.99672660;-2.88130649;[0];-100.9375
-78.99648380;-2.881306061;[0];-100.9375
-78.99624101;-2.881305631;[0];-100.8750
-78.99599821;-2.881305202;[0];-100.8750
-78.99575541;-2.881304773;[0];-100.8750
-78.99551262;-2.881304343;[0];-100.8750
-78.99526982;-2.881303914;[0];-100.8750
-78.99502702;-2.881303484;[0];-100.8750
-78.99478422;-2.881303055;[0];-100.8125
-78.99454143;-2.881302625;[0];-100.8125
-78.99429863;-2.881302195;[0];-100.8125
-78.99405583;-2.881301765;[0];-100.8750
-78.99381304;-2.881301336;[0];-100.8750
-78.99357024;-2.881300906;[0];-100.8750
-78.99332744;-2.881300476;[0];-100.8750
-78.99308465;-2.881300046;[0];-100.9375
-78.99284185;-2.881299616;[0];-100.9375
-78.99259905;-2.881299186;[0];-101.0000
-78.99235626;-2.881298756;[0];-101.0000
-78.99211346;-2.881298325;[0];-101.0000
-78.99187066;-2.881297895;[0];-101.0625
-78.99162787;-2.881297465;[0];-101.0625
-78.99138507;-2.881297035;[0];-101.1250
-78.99114227;-2.881296604;[0];-101.1250
-78.99089948;-2.881296174;[0];-101.1875
-78.99065668;-2.881295743;[0];-101.1875
-78.99041388;-2.881295313;[0];-101.2500
-78.99017109;-2.881294882;[0];-101.2500
-78.98992829;-2.881294452;[0];-101.3750
-78.98968550;-2.881294021;[0];-101.4375
-78.98944270;-2.88129359;[0];-101.5000
-78.98919990;-2.881293159;[0];-101.5000
-78.98895711;-2.881292728;[0];-101.5625
-78.98871431;-2.881292298;[0];-101.6250
-78.98847151;-2.881291867;[0];-101.6250
-78.98822872;-2.881291436;[0];-101.6875
-78.98798592;-2.881291004;[0];-101.7500
-78.98774313;-2.881290573;[0];-101.8125
-78.98750033;-2.881290142;[0];-101.8750
-78.98725753;-2.881289711;[0];-101.9375
-79.00061179;-2.88106923;[0];-102.0000
-79.00036899;-2.881068801;[0];-101.9375
-79.00012619;-2.881068373;[0];-101.8125
-78.99988340;-2.881067944;[0];-101.7500
-78.99964060;-2.881067516;[0];-101.6875
-78.99939780;-2.881067087;[0];-101.5625
-78.99915500;-2.881066659;[0];-101.5000
-78.99891221;-2.88106623;[0];-101.4375
-78.99866941;-2.881065801;[0];-101.4375
-78.99842661;-2.881065373;[0];-101.3750
-78.99818381;-2.881064944;[0];-101.3125
-78.99794102;-2.881064515;[0];-101.2500
-78.99769822;-2.881064086;[0];-101.1875
-78.99745542;-2.881063657;[0];-101.1875
-78.99721262;-2.881063228;[0];-101.1875
-78.99696983;-2.881062799;[0];-101.1250
-78.99672703;-2.88106237;[0];-101.1250
-78.99648423;-2.88106194;[0];-101.1250
-78.99624143;-2.881061511;[0];-101.0625
-78.99599864;-2.881061082;[0];-101.0000
-78.99575584;-2.881060652;[0];-101.0000
-78.99551304;-2.881060223;[0];-101.0000
-78.99527025;-2.881059793;[0];-101.0625
-78.99502745;-2.881059364;[0];-101.0625
-78.99478465;-2.881058934;[0];-101.0000
-78.99454186;-2.881058505;[0];-100.9375
-78.99429906;-2.881058075;[0];-101.0000
-78.99405626;-2.881057645;[0];-101.0000
-78.99381346;-2.881057216;[0];-101.0000
-78.99357067;-2.881056786;[0];-101.0625
-78.99332787;-2.881056356;[0];-101.0625
-78.99308507;-2.881055926;[0];-101.0625
-78.99284228;-2.881055496;[0];-101.1250
-78.99259948;-2.881055066;[0];-101.1250
-78.99235668;-2.881054636;[0];-101.1250
-78.99211389;-2.881054206;[0];-101.1875
-78.99187109;-2.881053775;[0];-101.1875
-78.99162829;-2.881053345;[0];-101.2500
-78.99138550;-2.881052915;[0];-101.2500
-78.99114270;-2.881052485;[0];-101.3125
-78.99089990;-2.881052054;[0];-101.3125
-78.99065711;-2.881051624;[0];-101.3750
-78.99041431;-2.881051193;[0];-101.3750
-78.99017152;-2.881050763;[0];-101.4375
-78.98992872;-2.881050332;[0];-101.4375
-78.98968592;-2.881049901;[0];-101.5625
-78.98944313;-2.881049471;[0];-101.6250
-78.98920033;-2.88104904;[0];-101.6875
-78.98895753;-2.881048609;[0];-101.6875
-78.98871474;-2.881048178;[0];-101.7500
-78.98847194;-2.881047747;[0];-101.7500
-78.98822915;-2.881047316;[0];-101.8125
-78.98798635;-2.881046885;[0];-101.8750
-78.98774355;-2.881046454;[0];-101.8750
-78.98750076;-2.881046023;[0];-101.9375
-79.00012662;-2.880824252;[0];-102.0000
-78.99988382;-2.880823824;[0];-101.9375
-78.99964103;-2.880823395;[0];-101.8125
-78.99939823;-2.880822966;[0];-101.7500
-78.99915543;-2.880822538;[0];-101.6875
-78.99891263;-2.880822109;[0];-101.6250
-78.99866983;-2.880821681;[0];-101.6250
-78.99842704;-2.880821252;[0];-101.5625
-78.99818424;-2.880820823;[0];-101.5000
-78.99794144;-2.880820394;[0];-101.4375
-78.99769865;-2.880819965;[0];-101.3750
-78.99745585;-2.880819536;[0];-101.3750
-78.99721305;-2.880819107;[0];-101.3750
-78.99697025;-2.880818678;[0];-101.3125
-78.99672746;-2.880818249;[0];-101.2500
-78.99648466;-2.88081782;[0];-101.2500
-78.99624186;-2.880817391;[0];-101.2500
-78.99599906;-2.880816961;[0];-101.1875
-78.99575627;-2.880816532;[0];-101.1875
-78.99551347;-2.880816103;[0];-101.1875
-78.99527067;-2.880815673;[0];-101.1875
-78.99502788;-2.880815244;[0];-101.1875
-78.99478508;-2.880814814;[0];-101.1875
-78.99454228;-2.880814385;[0];-101.1250
-78.99429949;-2.880813955;[0];-101.1250
-78.99405669;-2.880813525;[0];-101.1250
-78.99381389;-2.880813096;[0];-101.1875
-78.99357110;-2.880812666;[0];-101.1875
-78.99332830;-2.880812236;[0];-101.1875
-78.99308550;-2.880811806;[0];-101.2500
-78.99284270;-2.880811376;[0];-101.2500
-78.99259991;-2.880810946;[0];-101.2500
-78.99235711;-2.880810516;[0];-101.3125
-78.99211432;-2.880810086;[0];-101.3125
-78.99187152;-2.880809656;[0];-101.3750
-78.99162872;-2.880809225;[0];-101.3750
-78.99138593;-2.880808795;[0];-101.3750
-78.99114313;-2.880808365;[0];-101.4375
-78.99090033;-2.880807935;[0];-101.4375
-78.99065754;-2.880807504;[0];-101.5000
-78.99041474;-2.880807074;[0];-101.5000
-78.99017194;-2.880806643;[0];-101.5625
-78.98992915;-2.880806213;[0];-101.5625
-78.98968635;-2.880805782;[0];-101.6250
-78.98944356;-2.880805351;[0];-101.7500
-78.98920076;-2.880804921;[0];-101.8125
-78.98895796;-2.88080449;[0];-101.8125
-78.98871517;-2.880804059;[0];-101.8750
-78.98847237;-2.880803628;[0];-101.9375
-78.98822958;-2.880803197;[0];-101.9375
-78.98798678;-2.880802766;[0];-102.0000
-78.99964145;-2.880579274;[0];-102.0000
-78.99939865;-2.880578846;[0];-101.9375
-78.99915586;-2.880578417;[0];-101.8750
-78.99891306;-2.880577988;[0];-101.8125
-78.99867026;-2.88057756;[0];-101.7500
-78.99842746;-2.880577131;[0];-101.7500
-78.99818467;-2.880576702;[0];-101.6875
-78.99794187;-2.880576273;[0];-101.6250
-78.99769907;-2.880575845;[0];-101.5625
-78.99745627;-2.880575416;[0];-101.5000
-78.99721348;-2.880574987;[0];-101.5000
-78.99697068;-2.880574558;[0];-101.5000
-78.99672788;-2.880574129;[0];-101.4375
-78.99648509;-2.880573699;[0];-101.4375
-78.99624229;-2.88057327;[0];-101.4375
-78.99599949;-2.880572841;[0];-101.3750
-78.99575669;-2.880572412;[0];-101.3125
-78.99551390;-2.880571982;[0];-101.3125
-78.9952711;-2.880571553;[0];-101.3750
-78.99502830;-2.880571123;[0];-101.3750
-78.99478551;-2.880570694;[0];-101.3750
-78.99454271;-2.880570264;[0];-101.3125
-78.99429991;-2.880569835;[0];-101.3125
-78.99405712;-2.880569405;[0];-101.3125
-78.99381432;-2.880568975;[0];-101.3125
-78.99357152;-2.880568546;[0];-101.3125
-78.99332873;-2.880568116;[0];-101.3750
-78.99308593;-2.880567686;[0];-101.3750
-78.99284313;-2.880567256;[0];-101.3750
-78.99260034;-2.880566826;[0];-101.4375
-78.99235754;-2.880566396;[0];-101.4375
-78.99211474;-2.880565966;[0];-101.4375
-78.99187195;-2.880565536;[0];-101.5000
-78.99162915;-2.880565106;[0];-101.5000
-78.99138635;-2.880564676;[0];-101.5625
-78.99114356;-2.880564245;[0];-101.5625
-78.99090076;-2.880563815;[0];-101.6250
-78.99065796;-2.880563385;[0];-101.6250
-78.99041517;-2.880562954;[0];-101.6875
-78.99017237;-2.880562524;[0];-101.6875
-78.98992958;-2.880562093;[0];-101.7500
-78.98968678;-2.880561663;[0];-101.7500
-78.98944398;-2.880561232;[0];-101.8125
-78.98920119;-2.880560801;[0];-101.9375
-78.98895839;-2.88056037;[0];-101.9375
-78.98871560;-2.88055994;[0];-102.0000
-78.99891348;-2.880333868;[0];-101.9375
-78.99867069;-2.880333439;[0];-101.9375
-78.99842789;-2.88033301;[0];-101.9375
-78.99818509;-2.880332582;[0];-101.8750
-78.99794230;-2.880332153;[0];-101.8125
-78.99769950;-2.880331724;[0];-101.7500
-78.9974567;-2.880331295;[0];-101.6875
-78.99721390;-2.880330866;[0];-101.6875
-78.99697111;-2.880330437;[0];-101.6875
-78.99672831;-2.880330008;[0];-101.6250
-78.99648551;-2.880329579;[0];-101.5625
-78.99624272;-2.88032915;[0];-101.5625
-78.99599992;-2.880328721;[0];-101.5625
-78.99575712;-2.880328291;[0];-101.5000
-78.99551432;-2.880327862;[0];-101.5000
-78.99527153;-2.880327433;[0];-101.5000
-78.99502873;-2.880327003;[0];-101.5000
-78.99478593;-2.880326574;[0];-101.5000
-78.99454314;-2.880326144;[0];-101.5000
-78.99430034;-2.880325715;[0];-101.4375
-78.99405754;-2.880325285;[0];-101.4375
-78.99381475;-2.880324855;[0];-101.5000
-78.99357195;-2.880324426;[0];-101.5000
-78.99332915;-2.880323996;[0];-101.5000
-78.99308636;-2.880323566;[0];-101.5000
-78.99284356;-2.880323136;[0];-101.5625
-78.99260076;-2.880322706;[0];-101.5625
-78.99235797;-2.880322276;[0];-101.5625
-78.99211517;-2.880321846;[0];-101.6250
-78.99187237;-2.880321416;[0];-101.6250
-78.99162958;-2.880320986;[0];-101.6875
-78.99138678;-2.880320556;[0];-101.6875
-78.99114399;-2.880320126;[0];-101.6875
-78.99090119;-2.880319695;[0];-101.7500
-78.99065839;-2.880319265;[0];-101.7500
-78.99041560;-2.880318835;[0];-101.8125
-78.9901728;-2.880318404;[0];-101.8125
-78.98993000;-2.880317974;[0];-101.8750
-78.98968721;-2.880317543;[0];-101.8750
-78.98944441;-2.880317112;[0];-101.9375
-78.98920162;-2.880316682;[0];-102.0000
-78.99794272;-2.880088032;[0];-102.0000
-78.99769992;-2.880087603;[0];-101.9375
-78.99745713;-2.880087174;[0];-101.8750
-78.99721433;-2.880086745;[0];-101.8125
-78.99697153;-2.880086317;[0];-101.8125
-78.99672874;-2.880085888;[0];-101.7500
-78.99648594;-2.880085458;[0];-101.7500
-78.99624314;-2.880085029;[0];-101.7500
-78.99600035;-2.8800846;[0];-101.7500
-78.99575755;-2.880084171;[0];-101.6875
-78.99551475;-2.880083742;[0];-101.6250
-78.99527195;-2.880083312;[0];-101.6250
-78.99502916;-2.880082883;[0];-101.6875
-78.99478636;-2.880082454;[0];-101.6875
-78.99454356;-2.880082024;[0];-101.6875
-78.99430077;-2.880081595;[0];-101.6250
-78.99405797;-2.880081165;[0];-101.6250
-78.99381517;-2.880080735;[0];-101.6250
-78.99357238;-2.880080306;[0];-101.6250
-78.99332958;-2.880079876;[0];-101.6250
-78.99308678;-2.880079446;[0];-101.6875
-78.99284399;-2.880079016;[0];-101.6875
-78.99260119;-2.880078586;[0];-101.6875
-78.99235839;-2.880078156;[0];-101.7500
-78.99211560;-2.880077726;[0];-101.7500
-78.99187280;-2.880077296;[0];-101.7500
-78.99163001;-2.880076866;[0];-101.8125
-78.99138721;-2.880076436;[0];-101.8125
-78.99114441;-2.880076006;[0];-101.8750
-78.99090162;-2.880075576;[0];-101.8750
-78.99065882;-2.880075145;[0];-101.9375
-78.99041602;-2.880074715;[0];-101.9375
-78.99017323;-2.880074285;[0];-101.9375
-78.98993043;-2.880073854;[0];-102.0000
-78.99745755;-2.879843054;[0];-102.0000
-78.99721476;-2.879842625;[0];-102.0000
-78.99697196;-2.879842196;[0];-102.0000
-78.99672916;-2.879841767;[0];-101.9375
-78.99648637;-2.879841338;[0];-101.8750
-78.99624357;-2.879840909;[0];-101.8750
-78.99600077;-2.87984048;[0];-101.8750
-78.99575798;-2.879840051;[0];-101.8750
-78.99551518;-2.879839621;[0];-101.8125
-78.99527238;-2.879839192;[0];-101.8125
-78.99502958;-2.879838763;[0];-101.8125
-78.99478679;-2.879838333;[0];-101.8125
-78.99454399;-2.879837904;[0];-101.8125
-78.99430119;-2.879837474;[0];-101.8125
-78.99405840;-2.879837045;[0];-101.7500
-78.99381560;-2.879836615;[0];-101.7500
-78.99357280;-2.879836186;[0];-101.7500
-78.99333001;-2.879835756;[0];-101.8125
-78.99308721;-2.879835326;[0];-101.8125
-78.99284442;-2.879834896;[0];-101.8125
-78.99260162;-2.879834467;[0];-101.8750
-78.99235882;-2.879834037;[0];-101.8750
-78.99211603;-2.879833607;[0];-101.8750
-78.99187323;-2.879833177;[0];-101.9375
-78.99163043;-2.879832747;[0];-101.9375
-78.99138764;-2.879832316;[0];-101.9375
-78.99114484;-2.879831886;[0];-102.0000
-78.99090204;-2.879831456;[0];-102.0000
-78.99575840;-2.87959593;[0];-102.0000
-78.99551561;-2.879595501;[0];-102.0000
-78.99527281;-2.879595072;[0];-101.9375
-78.99503001;-2.879594642;[0];-101.9375
-78.99478721;-2.879594213;[0];-101.9375
-78.99454442;-2.879593784;[0];-102.0000
-78.99430162;-2.879593354;[0];-101.9375
-78.99405883;-2.879592925;[0];-101.9375
-78.99381603;-2.879592495;[0];-101.9375
-78.99357323;-2.879592066;[0];-101.9375
-78.99333044;-2.879591636;[0];-101.9375
-78.99308764;-2.879591206;[0];-101.9375
-78.99284484;-2.879590776;[0];-102.0000
-78.99260205;-2.879590347;[0];-102.0000
-78.99235925;-2.879589917;[0];-102.0000