type	GSM
timestamp	12:42:59	13-June-2026
resolution	27
xmin	-80.00035823
xmax	-77.99968707
ymin	-3.004020319
ymax	-1.997274615
x_num_pixels	8249
y_num_pixels	4112


-79.00906243;-2.908181764;[0];-102.0000
-79.00881962;-2.908181334;[0];-101.8750
-79.00857682;-2.908180903;[0];-101.8750
-79.00833401;-2.908180472;[0];-101.8125
-79.00809121;-2.908180042;[0];-101.8125
-79.00784840;-2.908179611;[0];-101.8125
-79.00760560;-2.90817918;[0];-101.9375
-79.00177830;-2.908168824;[0];-102.0000
-79.00153549;-2.908168392;[0];-101.9375
-79.00104988;-2.908167527;[0];-101.9375
-79.00080708;-2.908167095;[0];-101.8750
-79.00056428;-2.908166663;[0];-102.0000
-79.00954846;-2.907938503;[0];-101.7500
-79.00930566;-2.907938072;[0];-101.6250
-79.00906285;-2.907937642;[0];-101.4375
-79.00882005;-2.907937211;[0];-101.3125
-79.00857724;-2.907936781;[0];-101.1250
-79.00833444;-2.90793635;[0];-101.1250
-79.00809164;-2.907935919;[0];-101.0625
-79.00784883;-2.907935489;[0];-101.0625
-79.00760603;-2.907935058;[0];-101.1250
-79.00736322;-2.907934627;[0];-101.3125
-79.00712042;-2.907934196;[0];-101.7500
-79.00202153;-2.907925135;[0];-101.5000
-79.00177873;-2.907924703;[0];-101.3125
-79.00153592;-2.907924271;[0];-101.5000
-79.00129312;-2.907923839;[0];-101.3125
-79.00105031;-2.907923406;[0];-101.1875
-79.00080751;-2.907922974;[0];-101.3125
-79.00056471;-2.907922542;[0];-101.3750
-79.00032190;-2.907922109;[0];-101.5625
-79.0000791;-2.907921677;[0];-101.7500
-78.99983630;-2.907921244;[0];-101.8750
-79.01003450;-2.907695241;[0];-101.8125
-79.00979170;-2.907694811;[0];-101.6250
-79.00954889;-2.907694381;[0];-101.3750
-79.00930609;-2.90769395;[0];-101.1250
-79.00906328;-2.90769352;[0];-100.8750
-79.00882048;-2.907693089;[0];-100.6875
-79.00857767;-2.907692659;[0];-100.5000
-79.00833487;-2.907692228;[0];-100.3750
-79.00809206;-2.907691797;[0];-100.3750
-79.00784926;-2.907691367;[0];-100.3125
-79.00760645;-2.907690936;[0];-100.3125
-79.00736365;-2.907690505;[0];-100.4375
-79.00712085;-2.907690074;[0];-100.6875
-79.00687804;-2.907689643;[0];-101.1875
-79.00663524;-2.907689212;[0];-101.7500
-79.00420719;-2.9076849;[0];-101.8750
-79.00250757;-2.907681878;[0];-101.9375
-79.00226476;-2.907681446;[0];-101.2500
-79.00202196;-2.907681014;[0];-100.8125
-79.00177916;-2.907680582;[0];-100.8125
-79.00153635;-2.90768015;[0];-100.7500
-79.00129355;-2.907679717;[0];-100.5000
-79.00105074;-2.907679285;[0];-100.5625
-79.00080794;-2.907678853;[0];-100.6250
-79.00056514;-2.907678421;[0];-100.8125
-79.00032233;-2.907677988;[0];-100.9375
-79.00007953;-2.907677556;[0];-101.1250
-78.99983673;-2.907677124;[0];-101.3125
-78.99959392;-2.907676691;[0];-101.5000
-78.99935112;-2.907676259;[0];-101.6875
-78.99910832;-2.907675826;[0];-101.9375
-79.01027773;-2.907451549;[0];-101.8125
-79.01003493;-2.907451119;[0];-101.4375
-79.00979212;-2.907450689;[0];-101.1250
-79.00954932;-2.907450258;[0];-100.8125
-79.00930652;-2.907449828;[0];-100.6250
-79.00906371;-2.907449397;[0];-100.3750
-79.00882091;-2.907448967;[0];-100.0625
-79.00857810;-2.907448536;[0];-99.9375
-79.00833530;-2.907448106;[0];-99.6875
-79.00809249;-2.907447675;[0];-99.5000
-79.00784969;-2.907447245;[0];-99.5625
-79.00760688;-2.907446814;[0];-99.5625
-79.00736408;-2.907446383;[0];-99.6250
-79.00712127;-2.907445952;[0];-99.8125
-79.00687847;-2.907445521;[0];-100.1250
-79.00663567;-2.90744509;[0];-100.6250
-79.00639286;-2.907444659;[0];-101.2500
-79.00469323;-2.907441641;[0];-101.9375
-79.00445043;-2.90744121;[0];-101.8125
-79.00420762;-2.907440778;[0];-101.5625
-79.00275080;-2.907438188;[0];-101.8750
-79.00250800;-2.907437756;[0];-100.9375
-79.00226519;-2.907437324;[0];-100.1875
-79.00202239;-2.907436893;[0];-100.0625
-79.00177959;-2.907436461;[0];-100.1875
-79.00153678;-2.907436029;[0];-99.8125
-79.00129398;-2.907435596;[0];-99.8750
-79.00105117;-2.907435164;[0];-99.8750
-79.00080837;-2.907434732;[0];-100.0625
-79.00056557;-2.9074343;[0];-100.1250
-79.00032276;-2.907433868;[0];-100.3125
-79.00007996;-2.907433435;[0];-100.5000
-78.99983716;-2.907433003;[0];-100.6875
-78.99959435;-2.90743257;[0];-100.9375
-78.99935155;-2.907432138;[0];-101.1875
-78.99910875;-2.907431705;[0];-101.5000
-78.99886594;-2.907431273;[0];-101.8125
-78.99862314;-2.90743084;[0];-102.0000
-79.01052097;-2.907207857;[0];-101.7500
-79.01027816;-2.907207427;[0];-101.3750
-79.01003536;-2.907206996;[0];-101.0625
-79.00979255;-2.907206566;[0];-100.7500
-79.00954975;-2.907206136;[0];-100.3750
-79.00930694;-2.907205706;[0];-100.0625
-79.00906414;-2.907205275;[0];-99.8125
-79.00882133;-2.907204845;[0];-99.5625
-79.00857853;-2.907204414;[0];-99.3125
-79.00833572;-2.907203984;[0];-99.0625
-79.00809292;-2.907203553;[0];-98.8750
-79.00785012;-2.907203123;[0];-98.6875
-79.00760731;-2.907202692;[0];-98.7500
-79.00736451;-2.907202261;[0];-98.8125
-79.00712170;-2.90720183;[0];-98.8750
-79.00687890;-2.907201399;[0];-99.1250
-79.00663609;-2.907200969;[0];-99.6250
-79.00639329;-2.907200538;[0];-100.1250
-79.00615049;-2.907200107;[0];-101.0625
-79.00469366;-2.907197519;[0];-101.8125
-79.00445086;-2.907197088;[0];-101.5625
-79.00420805;-2.907196657;[0];-101.3750
-79.00299403;-2.907194499;[0];-101.8750
-79.00275123;-2.907194067;[0];-101.0000
-79.00250843;-2.907193635;[0];-100.0625
-79.00226562;-2.907193203;[0];-99.4375
-79.00202282;-2.907192771;[0];-99.6250
-79.00178001;-2.907192339;[0];-99.1875
-79.00153721;-2.907191907;[0];-99.1250
-79.00129441;-2.907191475;[0];-99.1875
-79.00105160;-2.907191043;[0];-99.3125
-79.0008088;-2.907190611;[0];-99.3750
-79.00056600;-2.907190179;[0];-99.5000
-79.00032319;-2.907189747;[0];-99.6250
-79.00008039;-2.907189314;[0];-99.8750
-78.99983759;-2.907188882;[0];-100.1250
-78.99959478;-2.907188449;[0];-100.4375
-78.99935198;-2.907188017;[0];-100.7500
-78.99910918;-2.907187584;[0];-101.0000
-78.99886637;-2.907187152;[0];-101.3125
-78.99862357;-2.907186719;[0];-101.6875
-78.99838077;-2.907186287;[0];-102.0000
-79.01100700;-2.906964594;[0];-101.8750
-79.01076420;-2.906964164;[0];-101.6250
-79.01052139;-2.906963734;[0];-101.3125
-79.01027859;-2.906963304;[0];-101.0000
-79.01003579;-2.906962874;[0];-100.6875
-79.00979298;-2.906962444;[0];-100.3125
-79.00955018;-2.906962014;[0];-100.0000
-79.00930737;-2.906961583;[0];-99.6875
-79.00906457;-2.906961153;[0];-99.3125
-79.00882176;-2.906960723;[0];-98.9375
-79.00857896;-2.906960292;[0];-98.7500
-79.00833615;-2.906959862;[0];-98.5000
-79.00809335;-2.906959431;[0];-98.1875
-79.00785054;-2.906959;[0];-98.0625
-79.00760774;-2.90695857;[0];-97.9375
-79.00736494;-2.906958139;[0];-98.0000
-79.00712213;-2.906957708;[0];-98.0625
-79.00687933;-2.906957278;[0];-98.1250
-79.00663652;-2.906956847;[0];-98.3750
-79.00639372;-2.906956416;[0];-99.0625
-79.00615091;-2.906955985;[0];-99.8750
-79.00590811;-2.906955554;[0];-100.9375
-79.00469409;-2.906953398;[0];-101.8125
-79.00445129;-2.906952966;[0];-101.4375
-79.00420848;-2.906952535;[0];-101.1875
-79.00299446;-2.906950377;[0];-101.3125
-79.00275166;-2.906949946;[0];-100.0625
-79.00250886;-2.906949514;[0];-99.1875
-79.00226605;-2.906949082;[0];-99.0000
-79.00202325;-2.90694865;[0];-98.6875
-79.00178044;-2.906948218;[0];-98.3750
-79.00153764;-2.906947786;[0];-98.4375
-79.00129484;-2.906947354;[0];-98.5625
-79.00105203;-2.906946922;[0];-98.5625
-79.00080923;-2.90694649;[0];-98.7500
-79.00056643;-2.906946058;[0];-98.8750
-79.00032362;-2.906945626;[0];-99.0000
-79.00008082;-2.906945193;[0];-99.3125
-78.99983802;-2.906944761;[0];-99.6250
-78.99959521;-2.906944329;[0];-99.9375
-78.99935241;-2.906943896;[0];-100.1875
-78.99910961;-2.906943464;[0];-100.6250
-78.99886680;-2.906943031;[0];-100.9375
-78.99862400;-2.906942599;[0];-101.3125
-78.99838120;-2.906942166;[0];-101.5625
-78.99813840;-2.906941733;[0];-101.8750
-79.01125024;-2.906720902;[0];-102.0000
-79.01100743;-2.906720472;[0];-101.6250
-79.01076463;-2.906720042;[0];-101.1875
-79.01052182;-2.906719612;[0];-100.8750
-79.01027902;-2.906719182;[0];-100.5625
-79.01003621;-2.906718752;[0];-100.2500
-79.00979341;-2.906718322;[0];-99.9375
-79.00955060;-2.906717891;[0];-99.6250
-79.00930780;-2.906717461;[0];-99.1875
-79.00906499;-2.906717031;[0];-98.8750
-79.00882219;-2.9067166;[0];-98.5000
-79.00857939;-2.90671617;[0];-98.1250
-79.00833658;-2.90671574;[0];-97.8750
-79.00809378;-2.906715309;[0];-97.6250
-79.00785097;-2.906714878;[0];-97.3125
-79.00760817;-2.906714448;[0];-97.2500
-79.00736536;-2.906714017;[0];-97.1250
-79.00712256;-2.906713586;[0];-97.1250
-79.00687976;-2.906713156;[0];-97.2500
-79.00663695;-2.906712725;[0];-97.4375
-79.00639415;-2.906712294;[0];-97.9375
-79.00615134;-2.906711863;[0];-98.8125
-79.00590854;-2.906711432;[0];-99.8750
-79.00566573;-2.906711001;[0];-101.2500
-79.00445171;-2.906708845;[0];-101.6250
-79.00420891;-2.906708414;[0];-101.3750
-79.00323770;-2.906706688;[0];-101.6875
-79.00299489;-2.906706256;[0];-100.5000
-79.00275209;-2.906705824;[0];-99.1875
-79.00250928;-2.906705393;[0];-98.5625
-79.00226648;-2.906704961;[0];-98.3750
-79.00202368;-2.906704529;[0];-97.8750
-79.00178087;-2.906704097;[0];-97.6875
-79.00153807;-2.906703665;[0];-97.7500
-79.00129527;-2.906703233;[0];-97.7500
-79.00105246;-2.906702801;[0];-97.9375
-79.00080966;-2.906702369;[0];-98.0625
-79.00056686;-2.906701937;[0];-98.1875
-79.00032405;-2.906701505;[0];-98.5000
-79.00008125;-2.906701073;[0];-98.7500
-78.99983845;-2.90670064;[0];-99.0625
-78.99959564;-2.906700208;[0];-99.4375
-78.99935284;-2.906699775;[0];-99.8125
-78.99911004;-2.906699343;[0];-100.1875
-78.99886723;-2.90669891;[0];-100.5000
-78.99862443;-2.906698478;[0];-100.8125
-78.99838163;-2.906698045;[0];-101.1250
-78.99813883;-2.906697613;[0];-101.3750
-78.99789602;-2.90669718;[0];-101.7500
-79.01149347;-2.906477209;[0];-102.0000
-79.01125066;-2.906476779;[0];-101.6250
-79.01100786;-2.906476349;[0];-101.3125
-79.01076506;-2.906475919;[0];-101.0000
-79.01052225;-2.906475489;[0];-100.6250
-79.01027945;-2.906475059;[0];-100.1875
-79.01003664;-2.906474629;[0];-99.8125
-79.00979384;-2.906474199;[0];-99.4375
-79.00955103;-2.906473769;[0];-99.1250
-79.00930823;-2.906473339;[0];-98.8125
-79.00906542;-2.906472909;[0];-98.4375
-79.00882262;-2.906472478;[0];-98.0000
-79.00857981;-2.906472048;[0];-97.6875
-79.00833701;-2.906471617;[0];-97.2500
-79.00809420;-2.906471187;[0];-96.9375
-79.0078514;-2.906470756;[0];-96.7500
-79.00760860;-2.906470326;[0];-96.5625
-79.00736579;-2.906469895;[0];-96.3750
-79.00712299;-2.906469464;[0];-96.2500
-79.00688018;-2.906469034;[0];-96.3125
-79.00663738;-2.906468603;[0];-96.6250
-79.00639458;-2.906468172;[0];-97.0000
-79.00615177;-2.906467741;[0];-97.6250
-79.00590897;-2.90646731;[0];-98.6875
-79.00566616;-2.906466879;[0];-100.1875
-79.00542336;-2.906466448;[0];-101.7500
-79.00445214;-2.906464723;[0];-102.0000
-79.00420934;-2.906464292;[0];-101.8750
-79.00323812;-2.906462566;[0];-101.4375
-79.00299532;-2.906462135;[0];-99.8125
-79.00275252;-2.906461703;[0];-98.5625
-79.00250971;-2.906461271;[0];-98.2500
-79.00226691;-2.90646084;[0];-97.4375
-79.00202411;-2.906460408;[0];-97.1875
-79.00178130;-2.906459976;[0];-97.1250
-79.0015385;-2.906459544;[0];-96.9375
-79.00129570;-2.906459112;[0];-97.0625
-79.00105289;-2.90645868;[0];-97.1250
-79.00081009;-2.906458248;[0];-97.3750
-79.00056729;-2.906457816;[0];-97.6250
-79.00032448;-2.906457384;[0];-97.9375
-79.00008168;-2.906456952;[0];-98.2500
-78.99983888;-2.906456519;[0];-98.6250
-78.99959607;-2.906456087;[0];-99.0000
-78.99935327;-2.906455655;[0];-99.3125
-78.99911047;-2.906455222;[0];-99.6250
-78.99886766;-2.90645479;[0];-99.9375
-78.99862486;-2.906454357;[0];-100.3125
-78.99838206;-2.906453925;[0];-100.6875
-78.99813926;-2.906453492;[0];-101.0000
-78.99789645;-2.906453059;[0];-101.3125
-78.99765365;-2.906452627;[0];-101.7500
-79.01173670;-2.906233516;[0];-102.0000
-79.01149390;-2.906233086;[0];-101.6250
-79.01125109;-2.906232657;[0];-101.3125
-79.01100829;-2.906232227;[0];-100.9375
-79.01076548;-2.906231797;[0];-100.5625
-79.01052268;-2.906231367;[0];-100.1875
-79.01027987;-2.906230937;[0];-99.8750
-79.01003707;-2.906230507;[0];-99.5000
-79.00979426;-2.906230077;[0];-99.1250
-79.00955146;-2.906229647;[0];-98.6250
-79.00930866;-2.906229217;[0];-98.2500
-79.00906585;-2.906228786;[0];-97.9375
-79.00882305;-2.906228356;[0];-97.5625
-79.00858024;-2.906227926;[0];-97.1875
-79.00833744;-2.906227495;[0];-96.7500
-79.00809463;-2.906227065;[0];-96.5000
-79.00785183;-2.906226634;[0];-96.1250
-79.00760902;-2.906226204;[0];-95.8125
-79.00736622;-2.906225773;[0];-95.6250
-79.00712342;-2.906225343;[0];-95.4375
-79.00688061;-2.906224912;[0];-95.5000
-79.00663781;-2.906224481;[0];-95.7500
-79.00639500;-2.90622405;[0];-96.1250
-79.00615220;-2.906223619;[0];-96.6250
-79.00590940;-2.906223188;[0];-97.7500
-79.00566659;-2.906222757;[0];-99.1875
-79.00542379;-2.906222326;[0];-101.0625
-79.00323855;-2.906218445;[0];-101.1875
-79.00299575;-2.906218013;[0];-99.1250
-79.00275295;-2.906217582;[0];-98.3125
-79.00251014;-2.90621715;[0];-97.4375
-79.00226734;-2.906216718;[0];-96.8750
-79.00202454;-2.906216287;[0];-96.6250
-79.00178173;-2.906215855;[0];-96.3750
-79.00153893;-2.906215423;[0];-96.3125
-79.00129613;-2.906214991;[0];-96.2500
-79.00105332;-2.906214559;[0];-96.5000
-79.00081052;-2.906214127;[0];-96.8125
-79.00056772;-2.906213695;[0];-97.0000
-79.00032491;-2.906213263;[0];-97.4375
-79.00008211;-2.906212831;[0];-97.7500
-78.99983931;-2.906212398;[0];-98.0625
-78.99959650;-2.906211966;[0];-98.4375
-78.99935370;-2.906211534;[0];-98.6875
-78.99911090;-2.906211101;[0];-99.1250
-78.99886810;-2.906210669;[0];-99.5000
-78.99862529;-2.906210237;[0];-99.8125
-78.99838249;-2.906209804;[0];-100.2500
-78.99813969;-2.906209371;[0];-100.6875
-78.99789688;-2.906208939;[0];-101.0000
-78.99765408;-2.906208506;[0];-101.3750
-78.99741128;-2.906208073;[0];-101.7500
-79.01173713;-2.905989393;[0];-101.6875
-79.01149432;-2.905988964;[0];-101.3125
-79.01125152;-2.905988534;[0];-100.9375
-79.01100871;-2.905988104;[0];-100.5625
-79.01076591;-2.905987674;[0];-100.1875
-79.01052311;-2.905987244;[0];-99.8750
-79.01028030;-2.905986815;[0];-99.5000
-79.01003750;-2.905986385;[0];-99.0625
-79.00979469;-2.905985955;[0];-98.6250
-79.00955189;-2.905985524;[0];-98.3125
-79.00930908;-2.905985094;[0];-97.9375
-79.00906628;-2.905984664;[0];-97.4375
-79.00882347;-2.905984234;[0];-96.9375
-79.00858067;-2.905983804;[0];-96.6250
-79.00833787;-2.905983373;[0];-96.2500
-79.00809506;-2.905982943;[0];-96.0000
-79.00785226;-2.905982512;[0];-95.5625
-79.00760945;-2.905982082;[0];-95.2500
-79.00736665;-2.905981651;[0];-94.8750
-79.00712384;-2.905981221;[0];-94.8125
-79.00688104;-2.90598079;[0];-94.7500
-79.00663824;-2.905980359;[0];-94.9375
-79.00639543;-2.905979928;[0];-95.1250
-79.00615263;-2.905979498;[0];-95.8750
-79.00590982;-2.905979067;[0];-96.8125
-79.00566702;-2.905978636;[0];-98.3125
-79.00542422;-2.905978205;[0];-100.7500
-79.00323898;-2.905974324;[0];-101.5625
-79.00299618;-2.905973892;[0];-99.3750
-79.00275338;-2.90597346;[0];-98.0000
-79.00251057;-2.905973029;[0];-97.0000
-79.00226777;-2.905972597;[0];-96.4375
-79.00202497;-2.905972165;[0];-95.9375
-79.00178216;-2.905971734;[0];-95.7500
-79.00153936;-2.905971302;[0];-95.6250
-79.00129656;-2.90597087;[0];-95.6875
-79.00105375;-2.905970438;[0];-95.8125
-79.00081095;-2.905970006;[0];-96.1875
-79.00056815;-2.905969574;[0];-96.5625
-79.00032534;-2.905969142;[0];-96.8125
-79.00008254;-2.90596871;[0];-97.1875
-78.99983974;-2.905968278;[0];-97.4375
-78.99959693;-2.905967845;[0];-97.8125
-78.99935413;-2.905967413;[0];-98.2500
-78.99911133;-2.905966981;[0];-98.6250
-78.99886853;-2.905966548;[0];-99.1250
-78.99862572;-2.905966116;[0];-99.4375
-78.99838292;-2.905965683;[0];-99.8750
-78.99814012;-2.905965251;[0];-100.2500
-78.99789731;-2.905964818;[0];-100.6250
-78.99765451;-2.905964386;[0];-101.0000
-78.99741171;-2.905963953;[0];-101.3125
-78.99716891;-2.90596352;[0];-101.6875
-79.01198036;-2.9057457;[0];-101.7500
-79.01173756;-2.905745271;[0];-101.4375
-79.01149475;-2.905744841;[0];-101.0625
-79.01125195;-2.905744411;[0];-100.6250
-79.01100914;-2.905743982;[0];-100.2500
-79.01076634;-2.905743552;[0];-99.8750
-79.01052353;-2.905743122;[0];-99.4375
-79.01028073;-2.905742692;[0];-99.0625
-79.01003792;-2.905742262;[0];-98.6250
-79.00979512;-2.905741832;[0];-98.2500
-79.00955232;-2.905741402;[0];-97.8750
-79.00930951;-2.905740972;[0];-97.4375
-79.00906671;-2.905740542;[0];-96.9375
-79.00882390;-2.905740112;[0];-96.6250
-79.00858110;-2.905739681;[0];-96.1875
-79.00833829;-2.905739251;[0];-95.6875
-79.00809549;-2.905738821;[0];-95.3125
-79.00785269;-2.90573839;[0];-95.0000
-79.00760988;-2.90573796;[0];-94.6875
-79.00736708;-2.905737529;[0];-94.3125
-79.00712427;-2.905737099;[0];-94.1875
-79.00688147;-2.905736668;[0];-94.0625
-79.00663866;-2.905736237;[0];-94.1875
-79.00639586;-2.905735807;[0];-94.5000
-79.00615306;-2.905735376;[0];-95.0625
-79.00591025;-2.905734945;[0];-96.1875
-79.00566745;-2.905734514;[0];-98.0000
-79.00542465;-2.905734083;[0];-100.6875
-79.00299661;-2.905729771;[0];-100.3750
-79.00275381;-2.905729339;[0];-98.1875
-79.00251100;-2.905728908;[0];-96.7500
-79.00226820;-2.905728476;[0];-95.8750
-79.00202540;-2.905728044;[0];-95.3125
-79.00178259;-2.905727613;[0];-95.0625
-79.00153979;-2.905727181;[0];-95.0625
-79.00129699;-2.905726749;[0];-95.1875
-79.00105418;-2.905726317;[0];-95.3125
-79.00081138;-2.905725885;[0];-95.5625
-79.00056858;-2.905725453;[0];-95.8750
-79.00032577;-2.905725021;[0];-96.1875
-79.00008297;-2.905724589;[0];-96.5625
-78.99984017;-2.905724157;[0];-96.8750
-78.99959736;-2.905723725;[0];-97.3750
-78.99935456;-2.905723292;[0];-97.7500
-78.99911176;-2.90572286;[0];-98.1875
-78.99886896;-2.905722428;[0];-98.6250
-78.99862615;-2.905721995;[0];-99.0625
-78.99838335;-2.905721563;[0];-99.4375
-78.99814055;-2.90572113;[0];-99.8125
-78.99789774;-2.905720698;[0];-100.2500
-78.99765494;-2.905720265;[0];-100.5625
-78.99741214;-2.905719832;[0];-100.9375
-78.99716934;-2.9057194;[0];-101.3125
-78.99692653;-2.905718967;[0];-101.7500
-79.01222359;-2.905502007;[0];-101.8125
-79.01198079;-2.905501578;[0];-101.4375
-79.01173798;-2.905501148;[0];-101.0000
-79.01149518;-2.905500719;[0];-100.6250
-79.01125237;-2.905500289;[0];-100.2500
-79.01100957;-2.905499859;[0];-99.8750
-79.01076677;-2.905499429;[0];-99.5000
-79.01052396;-2.905499;[0];-99.1250
-79.01028116;-2.90549857;[0];-98.7500
-79.01003835;-2.90549814;[0];-98.3125
-79.00979555;-2.90549771;[0];-97.8125
-79.00955274;-2.90549728;[0];-97.3750
-79.00930994;-2.90549685;[0];-96.9375
-79.00906713;-2.90549642;[0];-96.5000
-79.00882433;-2.905495989;[0];-96.0625
-79.00858153;-2.905495559;[0];-95.6250
-79.00833872;-2.905495129;[0];-95.2500
-79.00809592;-2.905494699;[0];-94.8750
-79.00785311;-2.905494268;[0];-94.4375
-79.00761031;-2.905493838;[0];-93.9375
-79.00736751;-2.905493407;[0];-93.8125
-79.0071247;-2.905492977;[0];-93.6875
-79.00688190;-2.905492546;[0];-93.5000
-79.00663909;-2.905492115;[0];-93.5000
-79.00639629;-2.905491685;[0];-93.8750
-79.00615349;-2.905491254;[0];-94.4375
-79.00591068;-2.905490823;[0];-95.9375
-79.00566788;-2.905490392;[0];-98.3125
-79.00275423;-2.905485218;[0];-98.9375
-79.00251143;-2.905484786;[0];-96.8125
-79.00226863;-2.905484355;[0];-95.3125
-79.00202582;-2.905483923;[0];-94.8125
-79.00178302;-2.905483491;[0];-94.5000
-79.00154022;-2.90548306;[0];-94.5000
-79.00129742;-2.905482628;[0];-94.5000
-79.00105461;-2.905482196;[0];-94.6250
-79.00081181;-2.905481764;[0];-94.8125
-79.00056901;-2.905481332;[0];-95.1875
-79.00032620;-2.9054809;[0];-95.6250
-79.00008340;-2.905480468;[0];-96.0000
-78.99984060;-2.905480036;[0];-96.4375
-78.99959779;-2.905479604;[0];-96.8750
-78.99935499;-2.905479172;[0];-97.2500
-78.99911219;-2.905478739;[0];-97.6875
-78.99886939;-2.905478307;[0];-98.1875
-78.99862658;-2.905477875;[0];-98.5625
-78.99838378;-2.905477442;[0];-99.0000
-78.99814098;-2.90547701;[0];-99.4375
-78.99789817;-2.905476577;[0];-99.8125
-78.99765537;-2.905476145;[0];-100.1875
-78.99741257;-2.905475712;[0];-100.5625
-78.99716977;-2.905475279;[0];-100.9375
-78.99692696;-2.905474846;[0];-101.3125
-78.99668416;-2.905474414;[0];-101.6875
-79.01246683;-2.905258314;[0];-101.8125
-79.01222402;-2.905257884;[0];-101.4375
-79.01198122;-2.905257455;[0];-101.0625
-79.01173841;-2.905257025;[0];-100.6875
-79.01149561;-2.905256596;[0];-100.2500
-79.01125280;-2.905256166;[0];-99.8750
-79.01101000;-2.905255737;[0];-99.5000
-79.01076719;-2.905255307;[0];-99.1250
-79.01052439;-2.905254877;[0];-98.6875
-79.01028158;-2.905254447;[0];-98.2500
-79.01003878;-2.905254017;[0];-97.8125
-79.00979598;-2.905253587;[0];-97.4375
-79.00955317;-2.905253157;[0];-97.0000
-79.00931037;-2.905252727;[0];-96.5625
-79.00906756;-2.905252297;[0];-96.0625
-79.00882476;-2.905251867;[0];-95.5625
-79.00858195;-2.905251437;[0];-95.1250
-79.00833915;-2.905251007;[0];-94.6250
-79.00809635;-2.905250576;[0];-94.3125
-79.00785354;-2.905250146;[0];-93.8125
-79.00761074;-2.905249716;[0];-93.4375
-79.00736793;-2.905249285;[0];-93.2500
-79.00712513;-2.905248855;[0];-92.9375
-79.00688233;-2.905248424;[0];-92.8750
-79.00663952;-2.905247994;[0];-93.1250
-79.00639672;-2.905247563;[0];-93.3750
-79.00615391;-2.905247132;[0];-94.2500
-79.00591111;-2.905246701;[0];-96.0000
-79.00566831;-2.905246271;[0];-99.6875
-79.00421148;-2.905243685;[0];-101.5625
-79.00275466;-2.905241097;[0];-100.6250
-79.00251186;-2.905240665;[0];-96.8750
-79.00226906;-2.905240234;[0];-95.2500
-79.00202625;-2.905239802;[0];-94.3125
-79.00178345;-2.90523937;[0];-93.9375
-79.00154065;-2.905238939;[0];-93.6875
-79.00129784;-2.905238507;[0];-93.8125
-79.00105504;-2.905238075;[0];-94.0000
-79.00081224;-2.905237643;[0];-94.2500
-79.00056944;-2.905237211;[0];-94.6250
-79.00032663;-2.905236779;[0];-95.0625
-79.00008383;-2.905236347;[0];-95.4375
-78.99984103;-2.905235915;[0];-95.8750
-78.99959822;-2.905235483;[0];-96.3125
-78.99935542;-2.905235051;[0];-96.7500
-78.99911262;-2.905234619;[0];-97.2500
-78.99886982;-2.905234186;[0];-97.6875
-78.99862701;-2.905233754;[0];-98.0625
-78.99838421;-2.905233321;[0];-98.5000
-78.99814141;-2.905232889;[0];-98.9375
-78.99789860;-2.905232457;[0];-99.3125
-78.99765580;-2.905232024;[0];-99.6875
-78.99741300;-2.905231591;[0];-100.1250
-78.99717020;-2.905231159;[0];-100.5000
-78.99692739;-2.905230726;[0];-100.8750
-78.99668459;-2.905230293;[0];-101.2500
-78.99644179;-2.90522986;[0];-101.6250
-78.99619899;-2.905229428;[0];-102.0000
-79.01271006;-2.90501462;[0];-101.8125
-79.01246725;-2.905014191;[0];-101.4375
-79.01222445;-2.905013762;[0];-101.0625
-79.01198164;-2.905013332;[0];-100.6875
-79.01173884;-2.905012903;[0];-100.2500
-79.01149603;-2.905012473;[0];-99.8750
-79.01125323;-2.905012044;[0];-99.4375
-79.01101042;-2.905011614;[0];-99.0625
-79.01076762;-2.905011184;[0];-98.6875
-79.01052482;-2.905010755;[0];-98.2500
-79.01028201;-2.905010325;[0];-97.8125
-79.01003921;-2.905009895;[0];-97.3750
-79.00979640;-2.905009465;[0];-96.9375
-79.00955360;-2.905009035;[0];-96.5000
-79.00931079;-2.905008605;[0];-96.0000
-79.00906799;-2.905008175;[0];-95.4375
-79.00882519;-2.905007745;[0];-95.0000
-79.00858238;-2.905007315;[0];-94.6250
-79.00833958;-2.905006885;[0];-94.1875
-79.00809677;-2.905006454;[0];-93.6875
-79.00785397;-2.905006024;[0];-93.1875
-79.00761117;-2.905005594;[0];-92.8125
-79.00736836;-2.905005163;[0];-92.5625
-79.00712556;-2.905004733;[0];-92.3750
-79.00688275;-2.905004302;[0];-92.3125
-79.00663995;-2.905003872;[0];-92.4375
-79.00639715;-2.905003441;[0];-92.8125
-79.00615434;-2.90500301;[0];-94.1875
-79.00591154;-2.90500258;[0];-96.9375
-79.00494032;-2.905000856;[0];-98.7500
-79.00469752;-2.905000425;[0];-98.4375
-79.00445472;-2.904999994;[0];-97.3750
-79.00421191;-2.904999563;[0];-95.4375
-79.00396911;-2.904999132;[0];-97.6875
-79.00372631;-2.904998701;[0];-96.4375
-79.00348350;-2.904998269;[0];-98.3125
-79.00251229;-2.904996544;[0];-98.0000
-79.00226949;-2.904996112;[0];-95.0625
-79.00202668;-2.904995681;[0];-93.7500
-79.00178388;-2.904995249;[0];-93.1875
-79.00154108;-2.904994817;[0];-93.1250
-79.00129827;-2.904994386;[0];-93.1250
-79.00105547;-2.904993954;[0];-93.3750
-79.00081267;-2.904993522;[0];-93.6250
-79.00056986;-2.90499309;[0];-93.9375
-79.00032706;-2.904992658;[0];-94.3750
-79.00008426;-2.904992226;[0];-94.8750
-78.99984146;-2.904991794;[0];-95.3125
-78.99959865;-2.904991362;[0];-95.6875
-78.99935585;-2.90499093;[0];-96.1250
-78.99911305;-2.904990498;[0];-96.6250
-78.99887025;-2.904990065;[0];-97.0625
-78.99862744;-2.904989633;[0];-97.5000
-78.99838464;-2.904989201;[0];-98.0000
-78.99814184;-2.904988768;[0];-98.4375
-78.99789903;-2.904988336;[0];-98.8125
-78.99765623;-2.904987903;[0];-99.2500
-78.99741343;-2.904987471;[0];-99.6250
-78.99717063;-2.904987038;[0];-100.0625
-78.99692783;-2.904986606;[0];-100.4375
-78.99668502;-2.904986173;[0];-100.8750
-78.99644222;-2.90498574;[0];-101.2500
-78.99619942;-2.904985307;[0];-101.6250
-78.99595662;-2.904984874;[0];-102.0000
-79.01295329;-2.904770927;[0];-101.8750
-79.01271048;-2.904770498;[0];-101.5000
-79.01246768;-2.904770068;[0];-101.0625
-79.01222487;-2.904769639;[0];-100.6875
-79.01198207;-2.90476921;[0];-100.3125
-79.01173927;-2.90476878;[0];-99.8750
-79.01149646;-2.904768351;[0];-99.4375
-79.01125366;-2.904767921;[0];-99.0625
-79.01101085;-2.904767492;[0];-98.6250
-79.01076805;-2.904767062;[0];-98.1875
-79.01052524;-2.904766632;[0];-97.7500
-79.01028244;-2.904766202;[0];-97.3125
-79.01003963;-2.904765773;[0];-96.8750
-79.00979683;-2.904765343;[0];-96.3750
-79.00955403;-2.904764913;[0];-95.9375
-79.00931122;-2.904764483;[0];-95.4375
-79.00906842;-2.904764053;[0];-94.9375
-79.00882561;-2.904763623;[0];-94.4375
-79.00858281;-2.904763193;[0];-94.0000
-79.00834001;-2.904762763;[0];-93.5625
-79.00809720;-2.904762332;[0];-93.0625
-79.00785440;-2.904761902;[0];-92.5000
-79.00761159;-2.904761472;[0];-92.1875
-79.00736879;-2.904761041;[0];-91.9375
-79.00712599;-2.904760611;[0];-91.6875
-79.00688318;-2.90476018;[0];-91.6250
-79.00664038;-2.90475975;[0];-91.6875
-79.00639757;-2.904759319;[0];-92.4375
-79.00615477;-2.904758889;[0];-93.9375
-79.00591197;-2.904758458;[0];-97.4375
-79.00542636;-2.904757596;[0];-101.9375
-79.00518356;-2.904757165;[0];-95.3750
-79.00494075;-2.904756735;[0];-91.1875
-79.00469795;-2.904756304;[0];-91.5625
-79.00445515;-2.904755873;[0];-93.5625
-79.00421234;-2.904755441;[0];-91.7500
-79.00396954;-2.90475501;[0];-92.6875
-79.00372674;-2.904754579;[0];-90.8750
-79.00348393;-2.904754148;[0];-91.6250
-79.00324113;-2.904753717;[0];-96.0625
-79.00251272;-2.904752423;[0];-98.5000
-79.00226992;-2.904751991;[0];-94.8750
-79.00202711;-2.90475156;[0];-93.2500
-79.00178431;-2.904751128;[0];-92.5000
-79.00154151;-2.904750696;[0];-92.3750
-79.00129870;-2.904750265;[0];-92.3750
-79.0010559;-2.904749833;[0];-92.6250
-79.00081310;-2.904749401;[0];-92.8750
-79.00057029;-2.904748969;[0];-93.1875
-79.00032749;-2.904748537;[0];-93.6875
-79.00008469;-2.904748105;[0];-94.1250
-78.99984189;-2.904747673;[0];-94.5625
-78.99959908;-2.904747241;[0];-95.0625
-78.99935628;-2.904746809;[0];-95.5000
-78.99911348;-2.904746377;[0];-96.0000
-78.99887068;-2.904745945;[0];-96.5000
-78.99862787;-2.904745513;[0];-97.0000
-78.99838507;-2.90474508;[0];-97.4375
-78.99814227;-2.904744648;[0];-97.9375
-78.99789947;-2.904744215;[0];-98.3750
-78.99765666;-2.904743783;[0];-98.8125
-78.99741386;-2.90474335;[0];-99.1875
-78.99717106;-2.904742918;[0];-99.6250
-78.99692826;-2.904742485;[0];-100.0625
-78.99668545;-2.904742052;[0];-100.4375
-78.99644265;-2.90474162;[0];-100.8750
-78.99619985;-2.904741187;[0];-101.2500
-78.99595705;-2.904740754;[0];-101.6875
-79.01319652;-2.904527233;[0];-101.8750
-79.01295372;-2.904526804;[0];-101.5000
-79.01271091;-2.904526375;[0];-101.1250
-79.01246811;-2.904525946;[0];-100.7500
-79.01222530;-2.904525516;[0];-100.3125
-79.01198250;-2.904525087;[0];-99.9375
-79.01173969;-2.904524658;[0];-99.5000
-79.01149689;-2.904524228;[0];-99.0625
-79.01125408;-2.904523799;[0];-98.6250
-79.01101128;-2.904523369;[0];-98.1875
-79.01076847;-2.904522939;[0];-97.7500
-79.01052567;-2.90452251;[0];-97.3125
-79.01028287;-2.90452208;[0];-96.8750
-79.01004006;-2.90452165;[0];-96.3750
-79.00979726;-2.90452122;[0];-95.8750
-79.00955445;-2.904520791;[0];-95.3750
-79.00931165;-2.904520361;[0];-94.8750
-79.00906885;-2.904519931;[0];-94.3125
-79.00882604;-2.904519501;[0];-93.8125
-79.00858324;-2.904519071;[0];-93.3125
-79.00834043;-2.90451864;[0];-92.8125
-79.00809763;-2.90451821;[0];-92.3125
-79.00785483;-2.90451778;[0];-91.7500
-79.00761202;-2.90451735;[0];-91.4375
-79.00736922;-2.904516919;[0];-91.1250
-79.00712641;-2.904516489;[0];-90.8125
-79.00688361;-2.904516058;[0];-90.8125
-79.00664081;-2.904515628;[0];-90.8750
-79.00639800;-2.904515197;[0];-91.7500
-79.00615520;-2.904514767;[0];-93.7500
-79.00591240;-2.904514336;[0];-98.2500
-79.00542679;-2.904513475;[0];-99.1250
-79.00518398;-2.904513044;[0];-90.1250
-79.00494118;-2.904512613;[0];-86.5000
-79.00469838;-2.904512182;[0];-89.0000
-79.00445557;-2.904511751;[0];-88.3750
-79.00421277;-2.90451132;[0];-87.2500
-79.00396997;-2.904510889;[0];-86.4375
-79.00372716;-2.904510458;[0];-89.9375
-79.00348436;-2.904510027;[0];-87.3750
-79.00324156;-2.904509595;[0];-90.7500
-79.00299875;-2.904509164;[0];-99.4375
-79.00251315;-2.904508301;[0];-99.3125
-79.00227034;-2.90450787;[0];-94.5625
-79.00202754;-2.904507438;[0];-92.5000
-79.00178474;-2.904507007;[0];-91.5625
-79.00154194;-2.904506575;[0];-91.4375
-79.00129913;-2.904506144;[0];-91.4375
-79.00105633;-2.904505712;[0];-91.6875
-79.00081353;-2.90450528;[0];-92.0000
-79.00057072;-2.904504848;[0];-92.3750
-79.00032792;-2.904504416;[0];-92.8750
-79.00008512;-2.904503984;[0];-93.3750
-78.99984232;-2.904503552;[0];-93.8750
-78.99959951;-2.90450312;[0];-94.3750
-78.99935671;-2.904502688;[0];-94.8750
-78.99911391;-2.904502256;[0];-95.4375
-78.99887111;-2.904501824;[0];-95.9375
-78.99862830;-2.904501392;[0];-96.4375
-78.9983855;-2.90450096;[0];-96.9375
-78.99814270;-2.904500527;[0];-97.4375
-78.99789990;-2.904500095;[0];-97.8750
-78.99765709;-2.904499662;[0];-98.3750
-78.99741429;-2.90449923;[0];-98.8125
-78.99717149;-2.904498797;[0];-99.2500
-78.99692869;-2.904498365;[0];-99.6250
-78.99668588;-2.904497932;[0];-100.0625
-78.99644308;-2.904497499;[0];-100.5000
-78.99620028;-2.904497067;[0];-100.9375
-78.99595748;-2.904496634;[0];-101.3125
-78.99571467;-2.904496201;[0];-101.7500
-79.01343975;-2.904283539;[0];-102.0000
-79.01319695;-2.90428311;[0];-101.6250
-79.01295414;-2.904282681;[0];-101.1875
-79.01271134;-2.904282252;[0];-100.8125
-79.01246853;-2.904281823;[0];-100.4375
-79.01222573;-2.904281394;[0];-100.0000
-79.01198292;-2.904280964;[0];-99.5625
-79.01174012;-2.904280535;[0];-99.1250
-79.01149732;-2.904280106;[0];-98.6875
-79.01125451;-2.904279676;[0];-98.2500
-79.01101171;-2.904279247;[0];-97.8125
-79.01076890;-2.904278817;[0];-97.3125
-79.01052610;-2.904278387;[0];-96.8750
-79.01028329;-2.904277958;[0];-96.3750
-79.01004049;-2.904277528;[0];-95.8750
-79.00979769;-2.904277098;[0];-95.3750
-79.00955488;-2.904276668;[0];-94.8125
-79.00931208;-2.904276238;[0];-94.2500
-79.00906927;-2.904275808;[0];-93.7500
-79.00882647;-2.904275378;[0];-93.1875
-79.00858366;-2.904274948;[0];-92.6250
-79.00834086;-2.904274518;[0];-92.1250
-79.00809806;-2.904274088;[0];-91.5625
-79.00785525;-2.904273658;[0];-91.0000
-79.00761245;-2.904273228;[0];-90.5625
-79.00736965;-2.904272797;[0];-90.1875
-79.00712684;-2.904272367;[0];-89.8125
-79.00688404;-2.904271937;[0];-89.7500
-79.00664123;-2.904271506;[0];-89.7500
-79.00639843;-2.904271076;[0];-90.6250
-79.00615563;-2.904270645;[0];-92.8125
-79.00591282;-2.904270214;[0];-97.8750
-79.00567002;-2.904269784;[0];-100.2500
-79.00542722;-2.904269353;[0];-94.3750
-79.00518441;-2.904268922;[0];-86.1875
-79.00494161;-2.904268491;[0];-83.5000
-79.00469881;-2.90426806;[0];-81.8125
-79.00445600;-2.904267629;[0];-66.7500
-79.00421320;-2.904267198;[0];-67.3750
-79.00397040;-2.904266767;[0];-67.6250
-79.00372759;-2.904266336;[0];-82.0000
-79.00348479;-2.904265905;[0];-84.3750
-79.00324199;-2.904265474;[0];-86.6875
-79.00299918;-2.904265043;[0];-94.5000
-79.00275638;-2.904264611;[0];-100.8125
-79.00251358;-2.90426418;[0];-98.7500
-79.00227077;-2.904263749;[0];-93.5000
-79.00202797;-2.904263317;[0];-91.2500
-79.00178517;-2.904262886;[0];-90.3750
-79.00154236;-2.904262454;[0];-90.3125
-79.00129956;-2.904262022;[0];-90.4375
-79.00105676;-2.904261591;[0];-90.7500
-79.00081396;-2.904261159;[0];-91.1250
-79.00057115;-2.904260727;[0];-91.5625
-79.00032835;-2.904260295;[0];-92.1250
-79.00008555;-2.904259864;[0];-92.6875
-78.99984275;-2.904259432;[0];-93.2500
-78.99959994;-2.904259;[0];-93.7500
-78.99935714;-2.904258568;[0];-94.3125
-78.99911434;-2.904258135;[0];-94.8750
-78.99887154;-2.904257703;[0];-95.4375
-78.99862873;-2.904257271;[0];-95.9375
-78.99838593;-2.904256839;[0];-96.4375
-78.99814313;-2.904256407;[0];-96.9375
-78.99790033;-2.904255974;[0];-97.4375
-78.99765752;-2.904255542;[0];-97.9375
-78.99741472;-2.904255109;[0];-98.3750
-78.99717192;-2.904254677;[0];-98.8125
-78.99692912;-2.904254244;[0];-99.2500
-78.99668631;-2.904253812;[0];-99.6875
-78.99644351;-2.904253379;[0];-100.1250
-78.99620071;-2.904252946;[0];-100.5625
-78.99595791;-2.904252514;[0];-100.9375
-78.99571511;-2.904252081;[0];-101.3750
-78.99547230;-2.904251648;[0];-101.7500
-79.01368298;-2.904039845;[0];-101.9375
-79.01344018;-2.904039417;[0];-101.5625
-79.01319737;-2.904038988;[0];-101.1875
-79.01295457;-2.904038558;[0];-100.8125
-79.01271176;-2.904038129;[0];-100.3750
-79.01246896;-2.9040377;[0];-100.0000
-79.01222616;-2.904037271;[0];-99.5625
-79.01198335;-2.904036842;[0];-99.1250
-79.01174055;-2.904036412;[0];-98.6875
-79.01149774;-2.904035983;[0];-98.1875
-79.01125494;-2.904035553;[0];-97.7500
-79.01101213;-2.904035124;[0];-97.3125
-79.01076933;-2.904034694;[0];-96.8125
-79.01052653;-2.904034265;[0];-96.3125
-79.01028372;-2.904033835;[0];-95.8125
-79.01004092;-2.904033405;[0];-95.3125
-79.00979811;-2.904032976;[0];-94.7500
-79.00955531;-2.904032546;[0];-94.2500
-79.00931250;-2.904032116;[0];-93.6250
-79.0090697;-2.904031686;[0];-93.0625
-79.00882690;-2.904031256;[0];-92.5000
-79.00858409;-2.904030826;[0];-91.9375
-79.00834129;-2.904030396;[0];-91.3125
-79.00809848;-2.904029966;[0];-90.7500
-79.00785568;-2.904029536;[0];-90.1250
-79.00761288;-2.904029106;[0];-89.6250
-79.00737007;-2.904028675;[0];-89.1875
-79.00712727;-2.904028245;[0];-88.7500
-79.00688447;-2.904027815;[0];-88.5000
-79.00664166;-2.904027384;[0];-88.4375
-79.00639886;-2.904026954;[0];-89.1250
-79.00615606;-2.904026523;[0];-91.1250
-79.00591325;-2.904026093;[0];-96.0000
-79.00567045;-2.904025662;[0];-98.1875
-79.00542764;-2.904025231;[0];-90.9375
-79.00518484;-2.9040248;[0];-82.5625
-79.00494204;-2.90402437;[0];-80.7500
-79.00469923;-2.904023939;[0];-76.5625
-79.00445643;-2.904023508;[0];-65.5625
-79.00421363;-2.904023077;[0];-19.4375
-79.00397082;-2.904022646;[0];-65.5000
-79.00372802;-2.904022215;[0];-77.2500
-79.00348522;-2.904021784;[0];-81.5000
-79.00324242;-2.904021353;[0];-82.8750
-79.00299961;-2.904020921;[0];-90.9375
-79.00275681;-2.90402049;[0];-98.7500
-79.00251401;-2.904020059;[0];-96.8750
-79.00227120;-2.904019627;[0];-91.8750
-79.0020284;-2.904019196;[0];-89.7500
-79.00178560;-2.904018764;[0];-89.0625
-79.00154279;-2.904018333;[0];-89.1250
-79.00129999;-2.904017901;[0];-89.3125
-79.00105719;-2.90401747;[0];-89.7500
-79.00081439;-2.904017038;[0];-90.1875
-79.00057158;-2.904016606;[0];-90.6875
-79.00032878;-2.904016175;[0];-91.3125
-79.00008598;-2.904015743;[0];-91.9375
-78.99984318;-2.904015311;[0];-92.5000
-78.99960037;-2.904014879;[0];-93.0625
-78.99935757;-2.904014447;[0];-93.6250
-78.99911477;-2.904014015;[0];-94.2500
-78.99887196;-2.904013583;[0];-94.8125
-78.99862916;-2.90401315;[0];-95.3750
-78.99838636;-2.904012718;[0];-95.8750
-78.99814356;-2.904012286;[0];-96.4375
-78.99790076;-2.904011854;[0];-96.9375
-78.99765795;-2.904011421;[0];-97.4375
-78.99741515;-2.904010989;[0];-97.8750
-78.99717235;-2.904010556;[0];-98.3750
-78.99692955;-2.904010124;[0];-98.8125
-78.99668674;-2.904009691;[0];-99.2500
-78.99644394;-2.904009259;[0];-99.6875
-78.99620114;-2.904008826;[0];-100.1250
-78.99595834;-2.904008393;[0];-100.5625
-78.99571554;-2.90400796;[0];-101.0000
-78.99547273;-2.904007528;[0];-101.3750
-78.99522993;-2.904007095;[0];-101.8125
-79.01368341;-2.903795723;[0];-101.6875
-79.01344060;-2.903795294;[0];-101.3125
-79.0131978;-2.903794865;[0];-100.9375
-79.01295500;-2.903794436;[0];-100.5000
-79.01271219;-2.903794007;[0];-100.1250
-79.01246939;-2.903793577;[0];-99.6875
-79.01222658;-2.903793148;[0];-99.2500
-79.01198378;-2.903792719;[0];-98.8125
-79.01174097;-2.90379229;[0];-98.3125
-79.01149817;-2.90379186;[0];-97.8750
-79.01125537;-2.903791431;[0];-97.3750
-79.01101256;-2.903791001;[0];-96.8750
-79.01076976;-2.903790572;[0];-96.3750
-79.01052695;-2.903790142;[0];-95.8750
-79.01028415;-2.903789713;[0];-95.3750
-79.01004134;-2.903789283;[0];-94.8125
-79.00979854;-2.903788853;[0];-94.2500
-79.00955574;-2.903788424;[0];-93.6250
-79.00931293;-2.903787994;[0];-93.0625
-79.00907013;-2.903787564;[0];-92.4375
-79.00882732;-2.903787134;[0];-91.8125
-79.00858452;-2.903786704;[0];-91.2500
-79.00834172;-2.903786274;[0];-90.5625
-79.00809891;-2.903785844;[0];-89.9375
-79.00785611;-2.903785414;[0];-89.2500
-79.00761331;-2.903784984;[0];-88.6875
-79.00737050;-2.903784553;[0];-88.1250
-79.00712770;-2.903784123;[0];-87.5625
-79.00688489;-2.903783693;[0];-87.2500
-79.00664209;-2.903783262;[0];-87.0000
-79.00639929;-2.903782832;[0];-87.5000
-79.00615648;-2.903782401;[0];-88.9375
-79.00591368;-2.903781971;[0];-93.0000
-79.00567088;-2.90378154;[0];-95.8125
-79.00542807;-2.90378111;[0];-90.0625
-79.00518527;-2.903780679;[0];-79.3125
-79.00494247;-2.903780248;[0];-75.1250
-79.00469966;-2.903779817;[0];-72.4375
-79.00445686;-2.903779386;[0];-56.5000
-79.00421406;-2.903778955;[0];-54.0000
-79.00397125;-2.903778524;[0];-55.6250
-79.00372845;-2.903778093;[0];-71.7500
-79.00348565;-2.903777662;[0];-75.6875
-79.00324284;-2.903777231;[0];-79.5625
-79.00300004;-2.9037768;[0];-89.8750
-79.00275724;-2.903776369;[0];-96.3125
-79.00251443;-2.903775938;[0];-93.6250
-79.00227163;-2.903775506;[0];-89.5625
-79.00202883;-2.903775075;[0];-88.0000
-79.00178603;-2.903774643;[0];-87.5000
-79.00154322;-2.903774212;[0];-87.7500
-79.00130042;-2.90377378;[0];-88.1250
-79.00105762;-2.903773349;[0];-88.6875
-79.00081482;-2.903772917;[0];-89.1875
-79.00057201;-2.903772485;[0];-89.7500
-79.00032921;-2.903772054;[0];-90.4375
-79.00008641;-2.903771622;[0];-91.1250
-78.99984360;-2.90377119;[0];-91.7500
-78.99960080;-2.903770758;[0];-92.3750
-78.99935800;-2.903770326;[0];-93.0000
-78.99911520;-2.903769894;[0];-93.6250
-78.99887239;-2.903769462;[0];-94.1875
-78.99862959;-2.90376903;[0];-94.8125
-78.99838679;-2.903768598;[0];-95.3750
-78.99814399;-2.903768165;[0];-95.8750
-78.99790119;-2.903767733;[0];-96.4375
-78.99765838;-2.903767301;[0];-96.9375
-78.99741558;-2.903766868;[0];-97.3750
-78.99717278;-2.903766436;[0];-97.8750
-78.99692998;-2.903766003;[0];-98.3125
-78.99668717;-2.903765571;[0];-98.8125
-78.99644437;-2.903765138;[0];-99.2500
-78.99620157;-2.903764706;[0];-99.7500
-78.99595877;-2.903764273;[0];-100.1875
-78.99571597;-2.90376384;[0];-100.6250
-78.99547316;-2.903763407;[0];-101.0000
-78.99523036;-2.903762975;[0];-101.4375
-78.99498756;-2.903762542;[0];-101.8125
-79.01392664;-2.903552028;[0];-101.6875
-79.01368384;-2.9035516;[0];-101.3125
-79.01344103;-2.903551171;[0];-100.9375
-79.01319823;-2.903550742;[0];-100.5625
-79.01295542;-2.903550313;[0];-100.1250
-79.01271262;-2.903549884;[0];-99.6875
-79.01246981;-2.903549455;[0];-99.2500
-79.01222701;-2.903549025;[0];-98.8125
-79.01198421;-2.903548596;[0];-98.3750
-79.0117414;-2.903548167;[0];-97.8750
-79.01149860;-2.903547738;[0];-97.4375
-79.01125579;-2.903547308;[0];-96.9375
-79.01101299;-2.903546879;[0];-96.4375
-79.01077018;-2.903546449;[0];-95.9375
-79.01052738;-2.90354602;[0];-95.3750
-79.01028458;-2.90354559;[0];-94.8125
-79.01004177;-2.903545161;[0];-94.2500
-79.00979897;-2.903544731;[0];-93.6875
-79.00955616;-2.903544301;[0];-93.0625
-79.00931336;-2.903543871;[0];-92.4375
-79.00907056;-2.903543442;[0];-91.8125
-79.00882775;-2.903543012;[0];-91.1875
-79.00858495;-2.903542582;[0];-90.5625
-79.00834214;-2.903542152;[0];-89.8750
-79.00809934;-2.903541722;[0];-89.1250
-79.00785654;-2.903541292;[0];-88.3750
-79.00761373;-2.903540862;[0];-87.7500
-79.00737093;-2.903540431;[0];-87.1250
-79.00712813;-2.903540001;[0];-86.5000
-79.00688532;-2.903539571;[0];-85.9375
-79.00664252;-2.90353914;[0];-85.5000
-79.00639972;-2.90353871;[0];-85.1875
-79.00615691;-2.90353828;[0];-86.0625
-79.00591411;-2.903537849;[0];-88.6250
-79.00567130;-2.903537418;[0];-92.5000
-79.00542850;-2.903536988;[0];-92.0000
-79.00518570;-2.903536557;[0];-78.5000
-79.00494289;-2.903536126;[0];-71.5625
-79.00470009;-2.903535696;[0];-70.5000
-79.00445729;-2.903535265;[0];-65.3750
-79.00421449;-2.903534834;[0];-61.0625
-79.00397168;-2.903534403;[0];-64.8750
-79.00372888;-2.903533972;[0];-70.8125
-79.00348608;-2.903533541;[0];-71.5625
-79.00324327;-2.90353311;[0];-78.5000
-79.00300047;-2.903532679;[0];-91.9375
-79.00275767;-2.903532247;[0];-92.9375
-79.00251486;-2.903531816;[0];-89.3125
-79.00227206;-2.903531385;[0];-86.5625
-79.00202926;-2.903530954;[0];-85.6875
-79.00178646;-2.903530522;[0];-85.9375
-79.00154365;-2.903530091;[0];-86.4375
-79.00130085;-2.903529659;[0];-86.9375
-79.00105805;-2.903529228;[0];-87.5625
-79.00081524;-2.903528796;[0];-88.1875
-79.00057244;-2.903528364;[0];-88.8750
-79.00032964;-2.903527933;[0];-89.6250
-79.00008684;-2.903527501;[0];-90.3750
-78.99984403;-2.903527069;[0];-91.0000
-78.99960123;-2.903526637;[0];-91.6875
-78.99935843;-2.903526205;[0];-92.3125
-78.99911563;-2.903525773;[0];-92.9375
-78.99887282;-2.903525341;[0];-93.6250
-78.99863002;-2.903524909;[0];-94.2500
-78.99838722;-2.903524477;[0];-94.8125
-78.99814442;-2.903524045;[0];-95.3750
-78.99790162;-2.903523613;[0];-95.9375
-78.99765881;-2.90352318;[0];-96.4375
-78.99741601;-2.903522748;[0];-96.9375
-78.99717321;-2.903522315;[0];-97.4375
-78.99693041;-2.903521883;[0];-97.8750
-78.99668760;-2.903521451;[0];-98.3750
-78.99644480;-2.903521018;[0];-98.8750
-78.996202;-2.903520585;[0];-99.3750
-78.99595920;-2.903520153;[0];-99.8125
-78.99571640;-2.90351972;[0];-100.2500
-78.99547359;-2.903519287;[0];-100.6875
-78.99523079;-2.903518854;[0];-101.1250
-78.99498799;-2.903518421;[0];-101.5000
-78.99474519;-2.903517989;[0];-101.9375
-79.01416987;-2.903308334;[0];-101.8125
-79.01392707;-2.903307906;[0];-101.4375
-79.01368426;-2.903307477;[0];-101.0000
-79.01344146;-2.903307048;[0];-100.6250
-79.01319865;-2.903306619;[0];-100.1875
-79.01295585;-2.90330619;[0];-99.7500
-79.01271304;-2.903305761;[0];-99.3125
-79.01247024;-2.903305332;[0];-98.8750
-79.01222744;-2.903304903;[0];-98.4375
-79.01198463;-2.903304474;[0];-98.0000
-79.01174183;-2.903304044;[0];-97.5000
-79.01149902;-2.903303615;[0];-97.0000
-79.01125622;-2.903303186;[0];-96.5000
-79.01101342;-2.903302756;[0];-96.0000
-79.01077061;-2.903302327;[0];-95.5000
-79.01052781;-2.903301897;[0];-95.0000
-79.01028500;-2.903301468;[0];-94.4375
-79.01004220;-2.903301038;[0];-93.8125
-79.00979939;-2.903300609;[0];-93.1875
-79.00955659;-2.903300179;[0];-92.5625
-79.00931379;-2.903299749;[0];-91.9375
-79.00907098;-2.903299319;[0];-91.2500
-79.00882818;-2.90329889;[0];-90.5625
-79.00858538;-2.90329846;[0];-89.8750
-79.00834257;-2.90329803;[0];-89.1250
-79.00809977;-2.9032976;[0];-88.3125
-79.00785696;-2.90329717;[0];-87.5625
-79.00761416;-2.903296739;[0];-86.6250
-79.00737136;-2.903296309;[0];-85.6875
-79.00712855;-2.903295879;[0];-85.0000
-79.00688575;-2.903295449;[0];-84.2500
-79.00664295;-2.903295019;[0];-83.6250
-79.00640014;-2.903294588;[0];-83.3125
-79.00615734;-2.903294158;[0];-83.3125
-79.00591454;-2.903293727;[0];-84.7500
-79.00567173;-2.903293297;[0];-88.5625
-79.00542893;-2.903292866;[0];-89.8125
-79.00518613;-2.903292435;[0];-82.1250
-79.00494332;-2.903292005;[0];-71.9375
-79.00470052;-2.903291574;[0];-66.1875
-79.00445772;-2.903291143;[0];-63.9375
-79.00421491;-2.903290712;[0];-64.1250
-79.00397211;-2.903290281;[0];-63.8750
-79.00372931;-2.903289851;[0];-66.0000
-79.00348650;-2.90328942;[0];-71.7500
-79.00324370;-2.903288988;[0];-81.6875
-79.00300090;-2.903288557;[0];-90.0625
-79.00275810;-2.903288126;[0];-89.0000
-79.00251529;-2.903287695;[0];-85.1875
-79.00227249;-2.903287264;[0];-83.8125
-79.00202969;-2.903286832;[0];-83.6875
-79.00178688;-2.903286401;[0];-84.0625
-79.00154408;-2.90328597;[0];-84.7500
-79.00130128;-2.903285538;[0];-85.3750
-79.00105848;-2.903285107;[0];-86.1250
-79.00081567;-2.903284675;[0];-87.0625
-79.00057287;-2.903284243;[0];-87.9375
-79.00033007;-2.903283812;[0];-88.8125
-79.00008727;-2.90328338;[0];-89.5625
-78.99984446;-2.903282948;[0];-90.3125
-78.99960166;-2.903282516;[0];-91.0000
-78.99935886;-2.903282084;[0];-91.6250
-78.99911606;-2.903281652;[0];-92.3750
-78.99887325;-2.90328122;[0];-93.0000
-78.99863045;-2.903280788;[0];-93.6875
-78.99838765;-2.903280356;[0];-94.3125
-78.99814485;-2.903279924;[0];-94.8750
-78.99790205;-2.903279492;[0];-95.4375
-78.99765924;-2.90327906;[0];-96.0000
-78.99741644;-2.903278627;[0];-96.5000
-78.99717364;-2.903278195;[0];-97.0000
-78.99693084;-2.903277763;[0];-97.5000
-78.99668803;-2.90327733;[0];-98.0000
-78.99644523;-2.903276898;[0];-98.5000
-78.99620243;-2.903276465;[0];-99.0000
-78.99595963;-2.903276032;[0];-99.4375
-78.99571683;-2.9032756;[0];-99.9375
-78.99547403;-2.903275167;[0];-100.3750
-78.99523122;-2.903274734;[0];-100.7500
-78.99498842;-2.903274301;[0];-101.1875
-78.99474562;-2.903273868;[0];-101.5625
-78.99450282;-2.903273436;[0];-101.9375
-79.01441310;-2.90306464;[0];-101.8750
-79.01417030;-2.903064211;[0];-101.5000
-79.01392749;-2.903063783;[0];-101.1250
-79.01368469;-2.903063354;[0];-100.7500
-79.01344188;-2.903062925;[0];-100.3750
-79.01319908;-2.903062496;[0];-99.9375
-79.01295628;-2.903062067;[0];-99.5000
-79.01271347;-2.903061638;[0];-99.0625
-79.01247067;-2.903061209;[0];-98.6250
-79.01222786;-2.90306078;[0];-98.1875
-79.01198506;-2.903060351;[0];-97.6875
-79.01174225;-2.903059922;[0];-97.1250
-79.01149945;-2.903059492;[0];-96.6250
-79.01125665;-2.903059063;[0];-96.1250
-79.01101384;-2.903058634;[0];-95.6250
-79.01077104;-2.903058204;[0];-95.0625
-79.01052823;-2.903057775;[0];-94.5625
-79.01028543;-2.903057345;[0];-93.9375
-79.01004263;-2.903056916;[0];-93.3125
-79.00979982;-2.903056486;[0];-92.6875
-79.00955702;-2.903056057;[0];-92.0000
-79.00931421;-2.903055627;[0];-91.3125
-79.00907141;-2.903055197;[0];-90.6250
-79.00882861;-2.903054767;[0];-89.8750
-79.00858580;-2.903054337;[0];-88.8750
-79.00834300;-2.903053908;[0];-88.0000
-79.00810020;-2.903053478;[0];-87.2500
-79.00785739;-2.903053048;[0];-86.3750
-79.00761459;-2.903052617;[0];-85.5000
-79.00737179;-2.903052187;[0];-84.6875
-79.00712898;-2.903051757;[0];-83.8750
-79.00688618;-2.903051327;[0];-83.0000
-79.00664337;-2.903050897;[0];-82.2500
-79.00640057;-2.903050466;[0];-81.5000
-79.00615777;-2.903050036;[0];-81.2500
-79.00591496;-2.903049605;[0];-81.5000
-79.00567216;-2.903049175;[0];-82.9375
-79.00542936;-2.903048744;[0];-85.7500
-79.00518655;-2.903048314;[0];-86.6250
-79.00494375;-2.903047883;[0];-79.0000
-79.00470095;-2.903047452;[0];-70.3125
-79.00445815;-2.903047022;[0];-65.7500
-79.00421534;-2.903046591;[0];-64.2500
-79.00397254;-2.90304616;[0];-65.6875
-79.00372974;-2.903045729;[0];-70.1250
-79.00348693;-2.903045298;[0];-78.4375
-79.00324413;-2.903044867;[0];-86.6875
-79.00300133;-2.903044436;[0];-85.9375
-79.00275852;-2.903044005;[0];-83.3750
-79.00251572;-2.903043574;[0];-81.8125
-79.00227292;-2.903043142;[0];-81.5000
-79.00203012;-2.903042711;[0];-81.8750
-79.00178731;-2.90304228;[0];-82.6250
-79.00154451;-2.903041848;[0];-83.5000
-79.00130171;-2.903041417;[0];-84.2500
-79.00105891;-2.903040986;[0];-85.1250
-79.00081610;-2.903040554;[0];-85.9375
-79.0005733;-2.903040122;[0];-86.8125
-79.00033050;-2.903039691;[0];-87.6250
-79.00008770;-2.903039259;[0];-88.4375
-78.99984489;-2.903038827;[0];-89.3125
-78.99960209;-2.903038395;[0];-90.2500
-78.99935929;-2.903037964;[0];-91.0000
-78.99911649;-2.903037532;[0];-91.7500
-78.99887368;-2.9030371;[0];-92.5000
-78.99863088;-2.903036668;[0];-93.1250
-78.99838808;-2.903036236;[0];-93.7500
-78.99814528;-2.903035804;[0];-94.3750
-78.99790247;-2.903035371;[0];-94.9375
-78.99765967;-2.903034939;[0];-95.5000
-78.99741687;-2.903034507;[0];-96.0625
-78.99717407;-2.903034075;[0];-96.5625
-78.99693127;-2.903033642;[0];-97.1250
-78.99668846;-2.90303321;[0];-97.6250
-78.99644566;-2.903032777;[0];-98.1250
-78.99620286;-2.903032345;[0];-98.6250
-78.99596006;-2.903031912;[0];-99.1250
-78.99571726;-2.903031479;[0];-99.5625
-78.99547446;-2.903031047;[0];-100.0000
-78.99523165;-2.903030614;[0];-100.4375
-78.99498885;-2.903030181;[0];-100.8125
-78.99474605;-2.903029748;[0];-101.2500
-78.99450325;-2.903029315;[0];-101.6250
-79.01441353;-2.902820517;[0];-101.6875
-79.01417072;-2.902820088;[0];-101.3125
-79.01392792;-2.90281966;[0];-100.8750
-79.01368512;-2.902819231;[0];-100.5000
-79.01344231;-2.902818802;[0];-100.0625
-79.01319951;-2.902818373;[0];-99.6250
-79.01295670;-2.902817944;[0];-99.1875
-79.01271390;-2.902817515;[0];-98.7500
-79.01247109;-2.902817086;[0];-98.2500
-79.01222829;-2.902816657;[0];-97.8125
-79.01198549;-2.902816228;[0];-97.3125
-79.01174268;-2.902815799;[0];-96.8125
-79.01149988;-2.90281537;[0];-96.2500
-79.01125707;-2.902814941;[0];-95.6875
-79.01101427;-2.902814511;[0];-95.1875
-79.01077147;-2.902814082;[0];-94.6250
-79.01052866;-2.902813653;[0];-94.0000
-79.01028586;-2.902813223;[0];-93.4375
-79.01004305;-2.902812794;[0];-92.8750
-79.00980025;-2.902812364;[0];-92.0000
-79.00955745;-2.902811934;[0];-91.0625
-79.00931464;-2.902811505;[0];-90.4375
-79.00907184;-2.902811075;[0];-89.6875
-79.00882903;-2.902810645;[0];-88.9375
-79.00858623;-2.902810215;[0];-88.1250
-79.00834343;-2.902809785;[0];-87.3125
-79.00810062;-2.902809355;[0];-86.5000
-79.00785782;-2.902808925;[0];-85.6250
-79.00761502;-2.902808495;[0];-84.6250
-79.00737221;-2.902808065;[0];-83.8125
-79.00712941;-2.902807635;[0];-82.8750
-79.00688661;-2.902807205;[0];-81.8750
-79.00664380;-2.902806775;[0];-81.0000
-79.00640100;-2.902806344;[0];-80.0000
-79.00615820;-2.902805914;[0];-79.3125
-79.00591539;-2.902805484;[0];-78.7500
-79.00567259;-2.902805053;[0];-79.0000
-79.00542979;-2.902804623;[0];-80.2500
-79.00518698;-2.902804192;[0];-82.1250
-79.00494418;-2.902803762;[0];-83.8125
-79.00470138;-2.902803331;[0];-83.6875
-79.00445857;-2.9028029;[0];-78.3750
-79.00421577;-2.902802469;[0];-75.8750
-79.00397297;-2.902802039;[0];-78.1875
-79.00373016;-2.902801608;[0];-83.6875
-79.00348736;-2.902801177;[0];-83.8125
-79.00324456;-2.902800746;[0];-82.1250
-79.00300176;-2.902800315;[0];-80.3750
-79.00275895;-2.902799884;[0];-79.1875
-79.00251615;-2.902799452;[0];-78.9375
-79.00227335;-2.902799021;[0];-79.6250
-79.00203055;-2.90279859;[0];-80.3125
-79.00178774;-2.902798159;[0];-81.3125
-79.00154494;-2.902797727;[0];-82.2500
-79.00130214;-2.902797296;[0];-83.2500
-79.00105933;-2.902796864;[0];-84.1875
-79.00081653;-2.902796433;[0];-85.1250
-79.00057373;-2.902796001;[0];-86.0000
-79.00033093;-2.90279557;[0];-86.8750
-79.00008812;-2.902795138;[0];-87.7500
-78.99984532;-2.902794706;[0];-88.6250
-78.99960252;-2.902794275;[0];-89.3750
-78.99935972;-2.902793843;[0];-90.0625
-78.99911692;-2.902793411;[0];-90.8125
-78.99887411;-2.902792979;[0];-91.5625
-78.99863131;-2.902792547;[0];-92.4375
-78.99838851;-2.902792115;[0];-93.2500
-78.99814571;-2.902791683;[0];-93.8750
-78.99790290;-2.902791251;[0];-94.5000
-78.99766010;-2.902790819;[0];-95.0625
-78.9974173;-2.902790386;[0];-95.6250
-78.99717450;-2.902789954;[0];-96.1875
-78.99693170;-2.902789522;[0];-96.6875
-78.99668889;-2.902789089;[0];-97.1875
-78.99644609;-2.902788657;[0];-97.6875
-78.99620329;-2.902788224;[0];-98.1875
-78.99596049;-2.902787792;[0];-98.6875
-78.99571769;-2.902787359;[0];-99.1875
-78.99547489;-2.902786927;[0];-99.6250
-78.99523208;-2.902786494;[0];-100.1250
-78.99498928;-2.902786061;[0];-100.5625
-78.99474648;-2.902785628;[0];-100.9375
-78.99450368;-2.902785195;[0];-101.3750
-78.99426088;-2.902784762;[0];-101.7500
-79.01465676;-2.902576822;[0];-101.7500
-79.01441396;-2.902576394;[0];-101.3750
-79.01417115;-2.902575965;[0];-101.0000
-79.01392835;-2.902575537;[0];-100.6250
-79.01368554;-2.902575108;[0];-100.1875
-79.01344274;-2.902574679;[0];-99.7500
-79.01319993;-2.90257425;[0];-99.3125
-79.01295713;-2.902573821;[0];-98.8750
-79.01271432;-2.902573393;[0];-98.3750
-79.01247152;-2.902572964;[0];-97.9375
-79.01222872;-2.902572535;[0];-97.4375
-79.01198591;-2.902572106;[0];-96.8750
-79.01174311;-2.902571676;[0];-96.3750
-79.01150030;-2.902571247;[0];-95.8750
-79.0112575;-2.902570818;[0];-95.3125
-79.01101470;-2.902570389;[0];-94.6875
-79.01077189;-2.902569959;[0];-93.9375
-79.01052909;-2.90256953;[0];-93.1875
-79.01028628;-2.902569101;[0];-92.6250
-79.01004348;-2.902568671;[0];-92.0000
-79.00980068;-2.902568242;[0];-91.3125
-79.00955787;-2.902567812;[0];-90.6250
-79.00931507;-2.902567382;[0];-89.8750
-79.00907227;-2.902566953;[0];-89.0625
-79.00882946;-2.902566523;[0];-88.3125
-79.00858666;-2.902566093;[0];-87.5625
-79.00834385;-2.902565663;[0];-86.6875
-79.00810105;-2.902565233;[0];-85.8125
-79.00785825;-2.902564803;[0];-84.9375
-79.00761544;-2.902564373;[0];-83.9375
-79.00737264;-2.902563943;[0];-82.9375
-79.00712984;-2.902563513;[0];-82.0000
-79.00688703;-2.902563083;[0];-80.9375
-79.00664423;-2.902562653;[0];-79.9375
-79.00640143;-2.902562223;[0];-78.8125
-79.00615862;-2.902561792;[0];-77.8125
-79.00591582;-2.902561362;[0];-77.0625
-79.00567302;-2.902560931;[0];-76.3125
-79.00543021;-2.902560501;[0];-76.1875
-79.00518741;-2.90256007;[0];-76.4375
-79.00494461;-2.90255964;[0];-77.3125
-79.00470181;-2.902559209;[0];-78.3125
-79.00445900;-2.902558779;[0];-79.3750
-79.00421620;-2.902558348;[0];-79.9375
-79.00397340;-2.902557917;[0];-79.5000
-79.00373059;-2.902557486;[0];-78.3750
-79.00348779;-2.902557055;[0];-77.3750
-79.00324499;-2.902556624;[0];-76.5000
-79.00300218;-2.902556193;[0];-76.1875
-79.00275938;-2.902555762;[0];-76.4375
-79.00251658;-2.902555331;[0];-77.1875
-79.00227378;-2.9025549;[0];-77.9375
-79.00203097;-2.902554469;[0];-79.0625
-79.00178817;-2.902554038;[0];-80.1250
-79.00154537;-2.902553606;[0];-81.3125
-79.00130257;-2.902553175;[0];-82.3125
-79.00105976;-2.902552743;[0];-83.3125
-79.00081696;-2.902552312;[0];-84.2500
-79.00057416;-2.90255188;[0];-85.3125
-79.00033136;-2.902551449;[0];-86.2500
-79.00008855;-2.902551017;[0];-87.1250
-78.99984575;-2.902550586;[0];-87.9375
-78.99960295;-2.902550154;[0];-88.7500
-78.99936015;-2.902549722;[0];-89.5625
-78.99911735;-2.90254929;[0];-90.3125
-78.99887454;-2.902548858;[0];-91.0625
-78.99863174;-2.902548426;[0];-91.8125
-78.99838894;-2.902547994;[0];-92.4375
-78.99814614;-2.902547562;[0];-93.0625
-78.99790333;-2.90254713;[0];-93.6875
-78.99766053;-2.902546698;[0];-94.3750
-78.99741773;-2.902546266;[0];-95.0625
-78.99717493;-2.902545834;[0];-95.7500
-78.99693213;-2.902545401;[0];-96.3125
-78.99668933;-2.902544969;[0];-96.8125
-78.99644652;-2.902544537;[0];-97.3750
-78.99620372;-2.902544104;[0];-97.8750
-78.99596092;-2.902543672;[0];-98.3750
-78.99571812;-2.902543239;[0];-98.8750
-78.99547532;-2.902542806;[0];-99.3125
-78.99523251;-2.902542374;[0];-99.7500
-78.99498971;-2.902541941;[0];-100.1875
-78.99474691;-2.902541508;[0];-100.6250
-78.99450411;-2.902541075;[0];-101.0000
-78.99426131;-2.902540642;[0];-101.4375
-78.99401851;-2.902540209;[0];-101.8125
-79.01489999;-2.902333128;[0];-101.8750
-79.01465719;-2.902332699;[0];-101.5000
-79.01441438;-2.902332271;[0];-101.1250
-79.01417158;-2.902331842;[0];-100.6875
-79.01392877;-2.902331414;[0];-100.3125
-79.01368597;-2.902330985;[0];-99.8750
-79.01344316;-2.902330556;[0];-99.4375
-79.01320036;-2.902330127;[0];-98.9375
-79.01295756;-2.902329699;[0];-98.5000
-79.01271475;-2.90232927;[0];-98.0625
-79.01247195;-2.902328841;[0];-97.6250
-79.01222914;-2.902328412;[0];-97.0625
-79.01198634;-2.902327983;[0];-96.3750
-79.01174354;-2.902327554;[0];-95.6875
-79.01150073;-2.902327125;[0];-95.1250
-79.01125793;-2.902326695;[0];-94.5625
-79.01101512;-2.902326266;[0];-94.0625
-79.01077232;-2.902325837;[0];-93.4375
-79.01052952;-2.902325408;[0];-92.8125
-79.01028671;-2.902324978;[0];-92.1875
-79.01004391;-2.902324549;[0];-91.5000
-79.00980110;-2.902324119;[0];-90.8125
-79.0095583;-2.90232369;[0];-90.1250
-79.00931550;-2.90232326;[0];-89.3750
-79.00907269;-2.90232283;[0];-88.6250
-79.00882989;-2.902322401;[0];-87.7500
-79.00858709;-2.902321971;[0];-86.9375
-79.00834428;-2.902321541;[0];-86.1250
-79.00810148;-2.902321111;[0];-85.1875
-79.00785868;-2.902320681;[0];-84.2500
-79.00761587;-2.902320251;[0];-83.3125
-79.00737307;-2.902319821;[0];-82.2500
-79.00713027;-2.902319391;[0];-81.2500
-79.00688746;-2.902318961;[0];-80.1250
-79.00664466;-2.902318531;[0];-79.0625
-79.00640186;-2.902318101;[0];-77.9375
-79.00615905;-2.90231767;[0];-76.8750
-79.00591625;-2.90231724;[0];-75.6875
-79.00567345;-2.90231681;[0];-74.8750
-79.00543064;-2.902316379;[0];-74.0000
-79.00518784;-2.902315949;[0];-73.4375
-79.00494504;-2.902315518;[0];-73.0000
-79.00470223;-2.902315088;[0];-72.6875
-79.00445943;-2.902314657;[0];-72.5000
-79.00421663;-2.902314226;[0];-72.0625
-79.00397382;-2.902313796;[0];-72.5000
-79.00373102;-2.902313365;[0];-72.6875
-79.00348822;-2.902312934;[0];-73.0000
-79.00324542;-2.902312503;[0];-73.4375
-79.00300261;-2.902312072;[0];-73.9375
-79.00275981;-2.902311641;[0];-74.8125
-79.00251701;-2.90231121;[0];-75.7500
-79.00227421;-2.902310779;[0];-76.9375
-79.00203140;-2.902310348;[0];-78.0625
-79.0017886;-2.902309916;[0];-79.1875
-79.00154580;-2.902309485;[0];-80.3750
-79.00130300;-2.902309054;[0];-81.4375
-79.00106019;-2.902308622;[0];-82.5625
-79.00081739;-2.902308191;[0];-83.5625
-79.00057459;-2.902307759;[0];-84.6250
-79.00033179;-2.902307328;[0];-85.5625
-79.00008898;-2.902306896;[0];-86.5000
-78.99984618;-2.902306465;[0];-87.3750
-78.99960338;-2.902306033;[0];-88.2500
-78.99936058;-2.902305601;[0];-89.0000
-78.99911777;-2.902305169;[0];-89.7500
-78.99887497;-2.902304738;[0];-90.5625
-78.99863217;-2.902304306;[0];-91.2500
-78.99838937;-2.902303874;[0];-92.0000
-78.99814657;-2.902303442;[0];-92.6250
-78.99790376;-2.90230301;[0];-93.3125
-78.99766096;-2.902302578;[0];-93.8750
-78.99741816;-2.902302145;[0];-94.4375
-78.99717536;-2.902301713;[0];-95.0000
-78.99693256;-2.902301281;[0];-95.5625
-78.99668976;-2.902300849;[0];-96.1250
-78.99644695;-2.902300416;[0];-96.8125
-78.99620415;-2.902299984;[0];-97.4375
-78.99596135;-2.902299551;[0];-98.0000
-78.99571855;-2.902299119;[0];-98.5000
-78.99547575;-2.902298686;[0];-99.0000
-78.99523295;-2.902298253;[0];-99.4375
-78.99499014;-2.902297821;[0];-99.8750
-78.99474734;-2.902297388;[0];-100.3750
-78.99450454;-2.902296955;[0];-100.7500
-78.99426174;-2.902296522;[0];-101.1875
-78.99401894;-2.902296089;[0];-101.5625
-78.99377614;-2.902295657;[0];-101.9375
-79.01514322;-2.902089433;[0];-102.0000
-79.01490042;-2.902089005;[0];-101.5625
-79.01465761;-2.902088576;[0];-101.1875
-79.01441481;-2.902088148;[0];-100.8125
-79.01417200;-2.902087719;[0];-100.3750
-79.01392920;-2.902087291;[0];-100.0000
-79.01368639;-2.902086862;[0];-99.6250
-79.01344359;-2.902086433;[0];-99.1875
-79.01320079;-2.902086005;[0];-98.5625
-79.01295798;-2.902085576;[0];-98.0000
-79.01271518;-2.902085147;[0];-97.3750
-79.01247237;-2.902084718;[0];-96.8750
-79.01222957;-2.902084289;[0];-96.4375
-79.01198677;-2.90208386;[0];-95.8750
-79.01174396;-2.902083431;[0];-95.3750
-79.01150116;-2.902083002;[0];-94.7500
-79.01125835;-2.902082573;[0];-94.1875
-79.01101555;-2.902082144;[0];-93.6250
-79.01077275;-2.902081714;[0];-93.0000
-79.01052994;-2.902081285;[0];-92.3750
-79.01028714;-2.902080856;[0];-91.8125
-79.01004433;-2.902080426;[0];-91.1250
-79.00980153;-2.902079997;[0];-90.4375
-79.00955873;-2.902079567;[0];-89.6875
-79.00931592;-2.902079138;[0];-88.8750
-79.00907312;-2.902078708;[0];-88.1875
-79.00883032;-2.902078278;[0];-87.3125
-79.00858751;-2.902077849;[0];-86.4375
-79.00834471;-2.902077419;[0];-85.6250
-79.00810191;-2.902076989;[0];-84.6875
-79.00785910;-2.902076559;[0];-83.6875
-79.00761630;-2.902076129;[0];-82.6875
-79.00737350;-2.902075699;[0];-81.6250
-79.00713069;-2.902075269;[0];-80.5625
-79.00688789;-2.902074839;[0];-79.5000
-79.00664509;-2.902074409;[0];-78.4375
-79.00640228;-2.902073979;[0];-77.2500
-79.00615948;-2.902073549;[0];-76.1250
-79.00591668;-2.902073118;[0];-75.0000
-79.00567387;-2.902072688;[0];-73.8750
-79.00543107;-2.902072258;[0];-72.9375
-79.00518827;-2.902071827;[0];-72.1250
-79.00494546;-2.902071397;[0];-71.3125
-79.00470266;-2.902070966;[0];-70.7500
-79.00445986;-2.902070535;[0];-70.3125
-79.00421706;-2.902070105;[0];-69.9375
-79.00397425;-2.902069674;[0];-70.3125
-79.00373145;-2.902069243;[0];-70.7500
-79.00348865;-2.902068812;[0];-71.2500
-79.00324584;-2.902068382;[0];-72.0625
-79.00300304;-2.902067951;[0];-72.9375
-79.00276024;-2.90206752;[0];-73.8125
-79.00251744;-2.902067089;[0];-75.0625
-79.00227463;-2.902066658;[0];-76.1875
-79.00203183;-2.902066226;[0];-77.3750
-79.00178903;-2.902065795;[0];-78.5000
-79.00154623;-2.902065364;[0];-79.6875
-79.00130342;-2.902064933;[0];-80.8125
-79.00106062;-2.902064501;[0];-81.8750
-79.00081782;-2.90206407;[0];-82.9375
-79.00057502;-2.902063638;[0];-84.0000
-79.00033222;-2.902063207;[0];-85.0000
-79.00008941;-2.902062775;[0];-85.9375
-78.99984661;-2.902062344;[0];-86.8125
-78.99960381;-2.902061912;[0];-87.6875
-78.99936101;-2.90206148;[0];-88.5625
-78.99911820;-2.902061049;[0];-89.3750
-78.99887540;-2.902060617;[0];-90.1250
-78.9986326;-2.902060185;[0];-90.8125
-78.99838980;-2.902059753;[0];-91.5000
-78.99814700;-2.902059321;[0];-92.1875
-78.99790419;-2.902058889;[0];-92.8125
-78.99766139;-2.902058457;[0];-93.5000
-78.99741859;-2.902058025;[0];-94.0625
-78.99717579;-2.902057593;[0];-94.6875
-78.99693299;-2.90205716;[0];-95.2500
-78.99669019;-2.902056728;[0];-95.8125
-78.99644738;-2.902056296;[0];-96.3125
-78.99620458;-2.902055863;[0];-96.8125
-78.99596178;-2.902055431;[0];-97.3125
-78.99571898;-2.902054998;[0];-97.8125
-78.99547618;-2.902054566;[0];-98.4375
-78.99523338;-2.902054133;[0];-99.0000
-78.99499057;-2.902053701;[0];-99.5625
-78.99474777;-2.902053268;[0];-100.0000
-78.99450497;-2.902052835;[0];-100.4375
-78.99426217;-2.902052402;[0];-100.8750
-78.99401937;-2.902051969;[0];-101.2500
-78.99377657;-2.902051537;[0];-101.6875
-79.01514365;-2.90184531;[0];-101.7500
-79.01490084;-2.901844882;[0];-101.3750
-79.01465804;-2.901844453;[0];-101.0000
-79.01441523;-2.901844025;[0];-100.5000
-79.01417243;-2.901843596;[0];-100.0000
-79.01392963;-2.901843168;[0];-99.4375
-79.01368682;-2.901842739;[0];-98.9375
-79.01344402;-2.90184231;[0];-98.5000
-79.01320121;-2.901841882;[0];-98.0625
-79.01295841;-2.901841453;[0];-97.6250
-79.01271560;-2.901841024;[0];-97.1250
-79.0124728;-2.901840595;[0];-96.6250
-79.01223000;-2.901840166;[0];-96.0625
-79.01198719;-2.901839737;[0];-95.5625
-79.01174439;-2.901839308;[0];-95.0000
-79.01150158;-2.901838879;[0];-94.3750
-79.01125878;-2.90183845;[0];-93.8125
-79.01101598;-2.901838021;[0];-93.3125
-79.01077317;-2.901837592;[0];-92.6875
-79.01053037;-2.901837163;[0];-92.0625
-79.01028757;-2.901836733;[0];-91.3750
-79.01004476;-2.901836304;[0];-90.6875
-79.00980196;-2.901835875;[0];-90.0000
-79.00955915;-2.901835445;[0];-89.3125
-79.00931635;-2.901835015;[0];-88.5000
-79.00907355;-2.901834586;[0];-87.6875
-79.00883074;-2.901834156;[0];-86.8750
-79.00858794;-2.901833727;[0];-86.0000
-79.00834514;-2.901833297;[0];-85.1250
-79.00810233;-2.901832867;[0];-84.1875
-79.00785953;-2.901832437;[0];-83.2500
-79.00761673;-2.901832007;[0];-82.1875
-79.00737392;-2.901831577;[0];-81.1875
-79.00713112;-2.901831147;[0];-80.1250
-79.00688832;-2.901830717;[0];-79.0625
-79.00664551;-2.901830287;[0];-77.9375
-79.00640271;-2.901829857;[0];-76.8125
-79.00615991;-2.901829427;[0];-75.6250
-79.00591710;-2.901828997;[0];-74.6250
-79.00567430;-2.901828566;[0];-73.5000
-79.00543150;-2.901828136;[0];-72.4375
-79.00518870;-2.901827705;[0];-71.5000
-79.00494589;-2.901827275;[0];-70.8125
-79.00470309;-2.901826844;[0];-70.1875
-79.00446029;-2.901826414;[0];-69.7500
-79.00421748;-2.901825983;[0];-69.4375
-79.00397468;-2.901825553;[0];-69.6875
-79.00373188;-2.901825122;[0];-70.1875
-79.00348908;-2.901824691;[0];-70.8125
-79.00324627;-2.90182426;[0];-71.5000
-79.00300347;-2.901823829;[0];-72.3750
-79.00276067;-2.901823398;[0];-73.4375
-79.00251787;-2.901822967;[0];-74.5625
-79.00227506;-2.901822536;[0];-75.6875
-79.00203226;-2.901822105;[0];-76.8750
-79.00178946;-2.901821674;[0];-78.0625
-79.00154666;-2.901821243;[0];-79.1875
-79.00130385;-2.901820812;[0];-80.2500
-79.00106105;-2.90182038;[0];-81.3750
-79.00081825;-2.901819949;[0];-82.5000
-79.00057545;-2.901819517;[0];-83.4375
-79.00033264;-2.901819086;[0];-84.5000
-79.00008984;-2.901818654;[0];-85.4375
-78.99984704;-2.901818223;[0];-86.3125
-78.99960424;-2.901817791;[0];-87.1875
-78.99936144;-2.90181736;[0];-88.0625
-78.99911863;-2.901816928;[0];-88.8750
-78.99887583;-2.901816496;[0];-89.6875
-78.99863303;-2.901816064;[0];-90.4375
-78.99839023;-2.901815632;[0];-91.1875
-78.99814743;-2.9018152;[0];-91.8750
-78.99790462;-2.901814768;[0];-92.4375
-78.99766182;-2.901814336;[0];-93.0625
-78.99741902;-2.901813904;[0];-93.6875
-78.99717622;-2.901813472;[0];-94.2500
-78.99693342;-2.90181304;[0];-94.8750
-78.99669062;-2.901812608;[0];-95.4375
-78.99644781;-2.901812175;[0];-96.0000
-78.99620501;-2.901811743;[0];-96.5625
-78.99596221;-2.901811311;[0];-97.0625
-78.99571941;-2.901810878;[0];-97.5625
-78.99547661;-2.901810446;[0];-98.0000
-78.99523381;-2.901810013;[0];-98.4375
-78.99499100;-2.90180958;[0];-98.9375
-78.99474820;-2.901809148;[0];-99.3750
-78.99450540;-2.901808715;[0];-99.8750
-78.9942626;-2.901808282;[0];-100.3750
-78.99401980;-2.901807849;[0];-100.8750
-78.99377700;-2.901807417;[0];-101.3750
-78.99353420;-2.901806984;[0];-101.7500
-79.01538688;-2.901601615;[0];-101.7500
-79.01514407;-2.901601187;[0];-101.2500
-79.01490127;-2.901600758;[0];-100.7500
-79.01465846;-2.90160033;[0];-100.3125
-79.01441566;-2.901599902;[0];-99.9375
-79.01417286;-2.901599473;[0];-99.5625
-79.01393005;-2.901599045;[0];-99.1250
-79.01368725;-2.901598616;[0];-98.6875
-79.01344444;-2.901598188;[0];-98.2500
-79.01320164;-2.901597759;[0];-97.7500
-79.01295884;-2.90159733;[0];-97.2500
-79.01271603;-2.901596901;[0];-96.7500
-79.01247323;-2.901596473;[0];-96.2500
-79.01223042;-2.901596044;[0];-95.7500
-79.01198762;-2.901595615;[0];-95.2500
-79.01174482;-2.901595186;[0];-94.6875
-79.01150201;-2.901594757;[0];-94.1250
-79.01125921;-2.901594328;[0];-93.5000
-79.01101640;-2.901593899;[0];-92.9375
-79.0107736;-2.901593469;[0];-92.3125
-79.01053080;-2.90159304;[0];-91.6875
-79.01028799;-2.901592611;[0];-91.0625
-79.01004519;-2.901592182;[0];-90.3750
-79.00980239;-2.901591752;[0];-89.6250
-79.00955958;-2.901591323;[0];-88.8750
-79.00931678;-2.901590893;[0];-88.1875
-79.00907397;-2.901590464;[0];-87.3750
-79.00883117;-2.901590034;[0];-86.5000
-79.00858837;-2.901589604;[0];-85.5625
-79.00834556;-2.901589175;[0];-84.7500
-79.00810276;-2.901588745;[0];-83.8125
-79.00785996;-2.901588315;[0];-82.8125
-79.00761715;-2.901587885;[0];-81.8750
-79.00737435;-2.901587455;[0];-80.8125
-79.00713155;-2.901587025;[0];-79.7500
-79.00688875;-2.901586595;[0];-78.6875
-79.00664594;-2.901586165;[0];-77.6250
-79.00640314;-2.901585735;[0];-76.5625
-79.00616034;-2.901585305;[0];-75.5000
-79.00591753;-2.901584875;[0];-74.3750
-79.00567473;-2.901584444;[0];-73.3750
-79.00543193;-2.901584014;[0];-72.4375
-79.00518912;-2.901583584;[0];-71.5000
-79.00494632;-2.901583153;[0];-70.8125
-79.00470352;-2.901582723;[0];-70.1875
-79.00446072;-2.901582292;[0];-69.6875
-79.00421791;-2.901581862;[0];-69.5000
-79.00397511;-2.901581431;[0];-69.6875
-79.00373231;-2.901581;[0];-70.1875
-79.00348950;-2.90158057;[0];-70.7500
-79.00324670;-2.901580139;[0];-71.5000
-79.00300390;-2.901579708;[0];-72.3750
-79.00276110;-2.901579277;[0];-73.3750
-79.00251829;-2.901578846;[0];-74.3750
-79.00227549;-2.901578415;[0];-75.4375
-79.00203269;-2.901577984;[0];-76.6250
-79.00178989;-2.901577553;[0];-77.6875
-79.00154708;-2.901577122;[0];-78.8125
-79.00130428;-2.90157669;[0];-79.9375
-79.00106148;-2.901576259;[0];-81.0000
-79.00081868;-2.901575828;[0];-82.0000
-79.00057588;-2.901575396;[0];-83.0625
-79.00033307;-2.901574965;[0];-84.0625
-79.00009027;-2.901574534;[0];-84.9375
-78.99984747;-2.901574102;[0];-85.9375
-78.99960467;-2.90157367;[0];-86.7500
-78.99936187;-2.901573239;[0];-87.6250
-78.99911906;-2.901572807;[0];-88.4375
-78.99887626;-2.901572375;[0];-89.2500
-78.99863346;-2.901571944;[0];-90.0000
-78.99839066;-2.901571512;[0];-90.7500
-78.99814786;-2.90157108;[0];-91.4375
-78.99790505;-2.901570648;[0];-92.1250
-78.99766225;-2.901570216;[0];-92.7500
-78.99741945;-2.901569784;[0];-93.3750
-78.99717665;-2.901569352;[0];-93.9375
-78.99693385;-2.90156892;[0];-94.5000
-78.99669104;-2.901568487;[0];-95.1250
-78.99644824;-2.901568055;[0];-95.6875
-78.99620544;-2.901567623;[0];-96.1875
-78.99596264;-2.90156719;[0];-96.7500
-78.99571984;-2.901566758;[0];-97.2500
-78.99547704;-2.901566325;[0];-97.7500
-78.99523424;-2.901565893;[0];-98.2500
-78.99499143;-2.90156546;[0];-98.6875
-78.99474863;-2.901565028;[0];-99.1250
-78.99450583;-2.901564595;[0];-99.5625
-78.99426303;-2.901564162;[0];-99.9375
-78.99402023;-2.901563729;[0];-100.3750
-78.99377743;-2.901563297;[0];-100.8125
-78.99353463;-2.901562864;[0];-101.1875
-78.99329183;-2.901562431;[0];-101.6875
-79.01587291;-2.901358348;[0];-101.9375
-79.01563011;-2.90135792;[0];-101.6250
-79.01538730;-2.901357492;[0];-101.2500
-79.01514450;-2.901357064;[0];-100.8750
-79.01490169;-2.901356635;[0];-100.5000
-79.01465889;-2.901356207;[0];-100.1250
-79.01441609;-2.901355779;[0];-99.6875
-79.01417328;-2.90135535;[0];-99.2500
-79.01393048;-2.901354922;[0];-98.8125
-79.01368767;-2.901354493;[0];-98.3750
-79.01344487;-2.901354065;[0];-97.9375
-79.01320207;-2.901353636;[0];-97.4375
-79.01295926;-2.901353207;[0];-97.0000
-79.01271646;-2.901352779;[0];-96.5000
-79.01247365;-2.90135235;[0];-96.0625
-79.01223085;-2.901351921;[0];-95.5000
-79.01198805;-2.901351492;[0];-94.9375
-79.01174524;-2.901351063;[0];-94.3750
-79.01150244;-2.901350634;[0];-93.8125
-79.01125963;-2.901350205;[0];-93.1875
-79.01101683;-2.901349776;[0];-92.6250
-79.01077403;-2.901349347;[0];-92.0000
-79.01053122;-2.901348918;[0];-91.3750
-79.01028842;-2.901348488;[0];-90.6875
-79.01004562;-2.901348059;[0];-90.0000
-79.00980281;-2.90134763;[0];-89.3125
-79.00956001;-2.9013472;[0];-88.6250
-79.00931721;-2.901346771;[0];-87.8125
-79.00907440;-2.901346341;[0];-87.0000
-79.00883160;-2.901345912;[0];-86.1250
-79.00858880;-2.901345482;[0];-85.3125
-79.00834599;-2.901345053;[0];-84.3750
-79.00810319;-2.901344623;[0];-83.4375
-79.00786039;-2.901344193;[0];-82.5625
-79.00761758;-2.901343763;[0];-81.5625
-79.00737478;-2.901343333;[0];-80.5625
-79.00713198;-2.901342903;[0];-79.5625
-79.00688917;-2.901342473;[0];-78.5000
-79.00664637;-2.901342043;[0];-77.3750
-79.00640357;-2.901341613;[0];-76.4375
-79.00616076;-2.901341183;[0];-75.4375
-79.00591796;-2.901340753;[0];-74.3750
-79.00567516;-2.901340323;[0];-73.4375
-79.00543235;-2.901339892;[0];-72.5625
-79.00518955;-2.901339462;[0];-71.7500
-79.00494675;-2.901339032;[0];-71.1250
-79.00470395;-2.901338601;[0];-70.5625
-79.00446114;-2.901338171;[0];-70.1875
-79.00421834;-2.90133774;[0];-70.0625
-79.00397554;-2.90133731;[0];-70.1875
-79.00373274;-2.901336879;[0];-70.5625
-79.00348993;-2.901336448;[0];-71.0625
-79.00324713;-2.901336017;[0];-71.7500
-79.00300433;-2.901335587;[0];-72.5000
-79.00276153;-2.901335156;[0];-73.4375
-79.00251872;-2.901334725;[0];-74.3125
-79.00227592;-2.901334294;[0];-75.3750
-79.00203312;-2.901333863;[0];-76.3750
-79.00179032;-2.901333432;[0];-77.4375
-79.00154751;-2.901333001;[0];-78.5625
-79.00130471;-2.901332569;[0];-79.6250
-79.00106191;-2.901332138;[0];-80.6875
-79.00081911;-2.901331707;[0];-81.6875
-79.00057630;-2.901331276;[0];-82.6875
-79.00033350;-2.901330844;[0];-83.6875
-79.0000907;-2.901330413;[0];-84.6250
-78.99984790;-2.901329981;[0];-85.5625
-78.99960510;-2.90132955;[0];-86.3750
-78.99936229;-2.901329118;[0];-87.3750
-78.99911949;-2.901328686;[0];-88.0625
-78.99887669;-2.901328255;[0];-88.8750
-78.99863389;-2.901327823;[0];-89.6250
-78.99839109;-2.901327391;[0];-90.3750
-78.99814828;-2.901326959;[0];-91.0625
-78.99790548;-2.901326527;[0];-91.7500
-78.99766268;-2.901326095;[0];-92.3750
-78.99741988;-2.901325663;[0];-93.0000
-78.99717708;-2.901325231;[0];-93.6875
-78.99693428;-2.901324799;[0];-94.2500
-78.99669147;-2.901324367;[0];-94.8125
-78.99644867;-2.901323935;[0];-95.3125
-78.99620587;-2.901323502;[0];-95.8750
-78.99596307;-2.90132307;[0];-96.4375
-78.99572027;-2.901322638;[0];-96.9375
-78.99547747;-2.901322205;[0];-97.4375
-78.99523467;-2.901321773;[0];-97.9375
-78.99499186;-2.90132134;[0];-98.4375
-78.99474906;-2.901320908;[0];-98.8750
-78.99450626;-2.901320475;[0];-99.3125
-78.99426346;-2.901320042;[0];-99.7500
-78.99402066;-2.901319609;[0];-100.1875
-78.99377786;-2.901319177;[0];-100.5625
-78.99353506;-2.901318744;[0];-100.9375
-78.99329226;-2.901318311;[0];-101.3125
-78.99304946;-2.901317878;[0];-101.6875
-79.01587334;-2.901114225;[0];-101.8125
-79.01563053;-2.901113797;[0];-101.4375
-79.01538773;-2.901113369;[0];-101.0625
-79.01514492;-2.90111294;[0];-100.6875
-79.01490212;-2.901112512;[0];-100.2500
-79.01465932;-2.901112084;[0];-99.8750
-79.01441651;-2.901111656;[0];-99.4375
-79.01417371;-2.901111227;[0];-99.0000
-79.01393090;-2.901110799;[0];-98.5625
-79.01368810;-2.90111037;[0];-98.1250
-79.01344530;-2.901109942;[0];-97.6875
-79.01320249;-2.901109513;[0];-97.2500
-79.01295969;-2.901109084;[0];-96.7500
-79.01271688;-2.901108656;[0];-96.2500
-79.01247408;-2.901108227;[0];-95.7500
-79.01223128;-2.901107798;[0];-95.1875
-79.01198847;-2.901107369;[0];-94.6250
-79.01174567;-2.901106941;[0];-94.1250
-79.01150286;-2.901106512;[0];-93.5625
-79.01126006;-2.901106083;[0];-92.9375
-79.01101726;-2.901105653;[0];-92.3125
-79.01077445;-2.901105224;[0];-91.6875
-79.01053165;-2.901104795;[0];-91.0625
-79.01028885;-2.901104366;[0];-90.4375
-79.01004604;-2.901103937;[0];-89.7500
-79.00980324;-2.901103507;[0];-89.0000
-79.00956044;-2.901103078;[0];-88.2500
-79.00931763;-2.901102649;[0];-87.4375
-79.00907483;-2.901102219;[0];-86.7500
-79.00883203;-2.90110179;[0];-85.8750
-79.00858922;-2.90110136;[0];-84.9375
-79.00834642;-2.90110093;[0];-84.1250
-79.00810362;-2.901100501;[0];-83.2500
-79.00786081;-2.901100071;[0];-82.3125
-79.00761801;-2.901099641;[0];-81.3750
-79.00737521;-2.901099211;[0];-80.4375
-79.00713240;-2.901098781;[0];-79.4375
-79.0068896;-2.901098352;[0];-78.4375
-79.00664680;-2.901097922;[0];-77.4375
-79.00640399;-2.901097491;[0];-76.3750
-79.00616119;-2.901097061;[0];-75.4375
-79.00591839;-2.901096631;[0];-74.5625
-79.00567559;-2.901096201;[0];-73.6875
-79.00543278;-2.901095771;[0];-72.8750
-79.00518998;-2.90109534;[0];-72.1875
-79.00494718;-2.90109491;[0];-71.5000
-79.00470437;-2.90109448;[0];-71.0000
-79.00446157;-2.901094049;[0];-70.7500
-79.00421877;-2.901093619;[0];-70.6250
-79.00397597;-2.901093188;[0];-70.7500
-79.00373316;-2.901092757;[0];-71.0625
-79.00349036;-2.901092327;[0];-71.5000
-79.00324756;-2.901091896;[0];-72.1250
-79.00300476;-2.901091465;[0];-72.8125
-79.00276195;-2.901091034;[0];-73.6250
-79.00251915;-2.901090604;[0];-74.5000
-79.00227635;-2.901090173;[0];-75.3750
-79.00203355;-2.901089742;[0];-76.3750
-79.00179074;-2.901089311;[0];-77.3750
-79.00154794;-2.901088879;[0];-78.4375
-79.00130514;-2.901088448;[0];-79.5000
-79.00106234;-2.901088017;[0];-80.5000
-79.00081954;-2.901087586;[0];-81.5000
-79.00057673;-2.901087155;[0];-82.4375
-79.00033393;-2.901086723;[0];-83.4375
-79.00009113;-2.901086292;[0];-84.3125
-78.99984833;-2.90108586;[0];-85.2500
-78.99960553;-2.901085429;[0];-86.1250
-78.99936272;-2.901084997;[0];-86.9375
-78.99911992;-2.901084566;[0];-87.7500
-78.99887712;-2.901084134;[0];-88.6250
-78.99863432;-2.901083702;[0];-89.3125
-78.99839152;-2.90108327;[0];-90.0000
-78.99814871;-2.901082839;[0];-90.7500
-78.99790591;-2.901082407;[0];-91.4375
-78.99766311;-2.901081975;[0];-92.0625
-78.99742031;-2.901081543;[0];-92.6875
-78.99717751;-2.901081111;[0];-93.3125
-78.99693471;-2.901080679;[0];-93.9375
-78.99669190;-2.901080247;[0];-94.5625
-78.99644910;-2.901079814;[0];-95.1250
-78.99620630;-2.901079382;[0];-95.6875
-78.9959635;-2.90107895;[0];-96.1875
-78.99572070;-2.901078517;[0];-96.6250
-78.99547790;-2.901078085;[0];-97.1250
-78.99523510;-2.901077653;[0];-97.6250
-78.99499229;-2.90107722;[0];-98.1250
-78.99474949;-2.901076787;[0];-98.5625
-78.99450669;-2.901076355;[0];-99.0625
-78.99426389;-2.901075922;[0];-99.5000
-78.99402109;-2.901075489;[0];-99.9375
-78.99377829;-2.901075057;[0];-100.3125
-78.99353549;-2.901074624;[0];-100.7500
-78.99329269;-2.901074191;[0];-101.1250
-78.99304989;-2.901073758;[0];-101.5000
-78.99280708;-2.901073325;[0];-101.8750
-79.01611657;-2.900870529;[0];-101.9375
-79.01587376;-2.900870101;[0];-101.5625
-79.01563096;-2.900869673;[0];-101.1875
-79.01538815;-2.900869245;[0];-100.8125
-79.01514535;-2.900868817;[0];-100.3750
-79.01490255;-2.900868389;[0];-100.0000
-79.01465974;-2.900867961;[0];-99.5625
-79.01441694;-2.900867532;[0];-99.1875
-79.01417413;-2.900867104;[0];-98.8125
-79.01393133;-2.900866676;[0];-98.3750
-79.01368853;-2.900866247;[0];-97.9375
-79.01344572;-2.900865819;[0];-97.4375
-79.01320292;-2.90086539;[0];-97.0000
-79.01296011;-2.900864962;[0];-96.5000
-79.01271731;-2.900864533;[0];-96.0000
-79.01247451;-2.900864104;[0];-95.4375
-79.01223170;-2.900863676;[0];-94.9375
-79.01198890;-2.900863247;[0];-94.4375
-79.01174610;-2.900862818;[0];-93.8750
-79.01150329;-2.900862389;[0];-93.2500
-79.01126049;-2.90086196;[0];-92.6875
-79.01101768;-2.900861531;[0];-92.0000
-79.01077488;-2.900861102;[0];-91.4375
-79.01053208;-2.900860673;[0];-90.8125
-79.01028927;-2.900860244;[0];-90.1250
-79.01004647;-2.900859814;[0];-89.4375
-79.00980367;-2.900859385;[0];-88.6875
-79.00956086;-2.900858956;[0];-88.0000
-79.00931806;-2.900858526;[0];-87.2500
-79.00907526;-2.900858097;[0];-86.4375
-79.00883245;-2.900857667;[0];-85.6250
-79.00858965;-2.900857238;[0];-84.7500
-79.00834685;-2.900856808;[0];-83.9375
-79.00810404;-2.900856379;[0];-83.0625
-79.00786124;-2.900855949;[0];-82.1875
-79.00761844;-2.900855519;[0];-81.2500
-79.00737563;-2.900855089;[0];-80.3125
-79.00713283;-2.900854659;[0];-79.3750
-79.00689003;-2.90085423;[0];-78.4375
-79.00664723;-2.9008538;[0];-77.5000
-79.00640442;-2.90085337;[0];-76.5625
-79.00616162;-2.90085294;[0];-75.6250
-79.00591882;-2.900852509;[0];-74.7500
-79.00567601;-2.900852079;[0];-73.9375
-79.00543321;-2.900851649;[0];-73.2500
-79.00519041;-2.900851219;[0];-72.6250
-79.00494761;-2.900850788;[0];-72.0625
-79.00470480;-2.900850358;[0];-71.6250
-79.004462;-2.900849928;[0];-71.4375
-79.00421920;-2.900849497;[0];-71.3125
-79.00397639;-2.900849067;[0];-71.4375
-79.00373359;-2.900848636;[0];-71.6875
-79.00349079;-2.900848205;[0];-72.0625
-79.00324799;-2.900847775;[0];-72.5000
-79.00300518;-2.900847344;[0];-73.1875
-79.00276238;-2.900846913;[0];-73.9375
-79.00251958;-2.900846482;[0];-74.7500
-79.00227678;-2.900846051;[0];-75.5625
-79.00203398;-2.90084562;[0];-76.5000
-79.00179117;-2.900845189;[0];-77.4375
-79.00154837;-2.900844758;[0];-78.3750
-79.00130557;-2.900844327;[0];-79.4375
-79.00106277;-2.900843896;[0];-80.3750
-79.00081996;-2.900843465;[0];-81.3125
-79.00057716;-2.900843034;[0];-82.2500
-79.00033436;-2.900842602;[0];-83.1875
-79.00009156;-2.900842171;[0];-84.1250
-78.99984876;-2.900841739;[0];-84.9375
-78.99960595;-2.900841308;[0];-85.8125
-78.99936315;-2.900840876;[0];-86.6875
-78.99912035;-2.900840445;[0];-87.5000
-78.99887755;-2.900840013;[0];-88.1875
-78.99863475;-2.900839581;[0];-89.0000
-78.99839195;-2.90083915;[0];-89.7500
-78.99814914;-2.900838718;[0];-90.4375
-78.99790634;-2.900838286;[0];-91.0625
-78.99766354;-2.900837854;[0];-91.7500
-78.99742074;-2.900837422;[0];-92.3750
-78.99717794;-2.90083699;[0];-93.0625
-78.99693514;-2.900836558;[0];-93.6250
-78.99669233;-2.900836126;[0];-94.2500
-78.99644953;-2.900835694;[0];-94.8125
-78.99620673;-2.900835262;[0];-95.3750
-78.99596393;-2.900834829;[0];-95.9375
-78.99572113;-2.900834397;[0];-96.4375
-78.99547833;-2.900833965;[0];-96.9375
-78.99523553;-2.900833532;[0];-97.4375
-78.99499273;-2.9008331;[0];-97.8750
-78.99474992;-2.900832667;[0];-98.3125
-78.99450712;-2.900832235;[0];-98.7500
-78.99426432;-2.900831802;[0];-99.1875
-78.99402152;-2.900831369;[0];-99.6250
-78.99377872;-2.900830937;[0];-100.0625
-78.99353592;-2.900830504;[0];-100.5000
-78.99329312;-2.900830071;[0];-100.8750
-78.99305032;-2.900829638;[0];-101.3125
-78.99280752;-2.900829205;[0];-101.6875
-79.01611699;-2.900626406;[0];-101.6875
-79.01587419;-2.900625978;[0];-101.3125
-79.01563138;-2.90062555;[0];-100.9375
-79.01538858;-2.900625122;[0];-100.5625
-79.01514578;-2.900624694;[0];-100.1875
-79.01490297;-2.900624266;[0];-99.8125
-79.01466017;-2.900623838;[0];-99.4375
-79.01441736;-2.900623409;[0];-99.0000
-79.01417456;-2.900622981;[0];-98.5625
-79.01393176;-2.900622553;[0];-98.1250
-79.01368895;-2.900622124;[0];-97.6875
-79.01344615;-2.900621696;[0];-97.1875
-79.01320334;-2.900621267;[0];-96.6875
-79.01296054;-2.900620839;[0];-96.2500
-79.01271774;-2.90062041;[0];-95.8125
-79.01247493;-2.900619982;[0];-95.2500
-79.01223213;-2.900619553;[0];-94.7500
-79.01198933;-2.900619124;[0];-94.1875
-79.01174652;-2.900618695;[0];-93.6250
-79.01150372;-2.900618266;[0];-93.0000
-79.01126091;-2.900617837;[0];-92.5000
-79.01101811;-2.900617408;[0];-91.8750
-79.01077531;-2.900616979;[0];-91.1875
-79.01053250;-2.90061655;[0];-90.5000
-79.0102897;-2.900616121;[0];-89.8750
-79.01004690;-2.900615692;[0];-89.1875
-79.00980409;-2.900615263;[0];-88.5000
-79.00956129;-2.900614833;[0];-87.7500
-79.00931849;-2.900614404;[0];-87.0000
-79.00907568;-2.900613975;[0];-86.2500
-79.00883288;-2.900613545;[0];-85.5000
-79.00859008;-2.900613116;[0];-84.6250
-79.00834727;-2.900612686;[0];-83.8125
-79.00810447;-2.900612256;[0];-82.9375
-79.00786167;-2.900611827;[0];-82.0625
-79.00761886;-2.900611397;[0];-81.1875
-79.00737606;-2.900610967;[0];-80.3125
-79.00713326;-2.900610538;[0];-79.3750
-79.00689046;-2.900610108;[0];-78.5000
-79.00664765;-2.900609678;[0];-77.6250
-79.00640485;-2.900609248;[0];-76.6875
-79.00616205;-2.900608818;[0];-75.8750
-79.00591924;-2.900608388;[0];-75.0625
-79.00567644;-2.900607957;[0];-74.3750
-79.00543364;-2.900607527;[0];-73.6875
-79.00519084;-2.900607097;[0];-73.1250
-79.00494803;-2.900606667;[0];-72.6875
-79.00470523;-2.900606236;[0];-72.2500
-79.00446243;-2.900605806;[0];-72.0625
-79.00421963;-2.900605376;[0];-71.9375
-79.00397682;-2.900604945;[0];-72.0625
-79.00373402;-2.900604515;[0];-72.2500
-79.00349122;-2.900604084;[0];-72.6875
-79.00324842;-2.900603653;[0];-73.0625
-79.00300561;-2.900603223;[0];-73.6250
-79.00276281;-2.900602792;[0];-74.3125
-79.00252001;-2.900602361;[0];-75.0625
-79.00227721;-2.90060193;[0];-75.8750
-79.00203440;-2.900601499;[0];-76.6875
-79.00179160;-2.900601068;[0];-77.6250
-79.00154880;-2.900600637;[0];-78.5000
-79.00130600;-2.900600206;[0];-79.3750
-79.00106320;-2.900599775;[0];-80.3125
-79.00082039;-2.900599344;[0];-81.2500
-79.00057759;-2.900598913;[0];-82.1250
-79.00033479;-2.900598481;[0];-83.0625
-79.00009199;-2.90059805;[0];-83.9375
-78.99984919;-2.900597619;[0];-84.8125
-78.99960638;-2.900597187;[0];-85.6250
-78.99936358;-2.900596756;[0];-86.4375
-78.99912078;-2.900596324;[0];-87.2500
-78.99887798;-2.900595892;[0];-88.0625
-78.99863518;-2.900595461;[0];-88.7500
-78.99839238;-2.900595029;[0];-89.4375
-78.99814957;-2.900594597;[0];-90.1875
-78.99790677;-2.900594166;[0];-90.8750
-78.99766397;-2.900593734;[0];-91.4375
-78.99742117;-2.900593302;[0];-92.1250
-78.99717837;-2.90059287;[0];-92.7500
-78.99693557;-2.900592438;[0];-93.3750
-78.99669276;-2.900592006;[0];-94.0000
-78.99644996;-2.900591574;[0];-94.5625
-78.99620716;-2.900591141;[0];-95.1250
-78.99596436;-2.900590709;[0];-95.6250
-78.99572156;-2.900590277;[0];-96.1875
-78.99547876;-2.900589845;[0];-96.6875
-78.99523596;-2.900589412;[0];-97.1875
-78.99499316;-2.90058898;[0];-97.6875
-78.99475035;-2.900588547;[0];-98.1250
-78.99450755;-2.900588115;[0];-98.5625
-78.99426475;-2.900587682;[0];-98.9375
-78.99402195;-2.900587249;[0];-99.3750
-78.99377915;-2.900586817;[0];-99.8125
-78.99353635;-2.900586384;[0];-100.2500
-78.99329355;-2.900585951;[0];-100.6250
-78.99305075;-2.900585518;[0];-101.0625
-78.99280795;-2.900585085;[0];-101.4375
-78.99256515;-2.900584652;[0];-101.8125
-79.01636022;-2.900382711;[0];-101.8125
-79.01611742;-2.900382283;[0];-101.5000
-79.01587461;-2.900381855;[0];-101.1250
-79.01563181;-2.900381427;[0];-100.8125
-79.01538901;-2.900380999;[0];-100.4375
-79.01514620;-2.900380571;[0];-100.0000
-79.01490340;-2.900380143;[0];-99.6250
-79.01466059;-2.900379715;[0];-99.1875
-79.01441779;-2.900379286;[0];-98.7500
-79.01417499;-2.900378858;[0];-98.3125
-79.01393218;-2.90037843;[0];-97.8750
-79.01368938;-2.900378001;[0];-97.4375
-79.01344657;-2.900377573;[0];-97.0000
-79.01320377;-2.900377145;[0];-96.5625
-79.01296097;-2.900376716;[0];-96.0625
-79.01271816;-2.900376287;[0];-95.5625
-79.01247536;-2.900375859;[0];-95.0000
-79.01223256;-2.90037543;[0];-94.5000
-79.01198975;-2.900375001;[0];-93.9375
-79.01174695;-2.900374573;[0];-93.4375
-79.01150414;-2.900374144;[0];-92.8125
-79.01126134;-2.900373715;[0];-92.2500
-79.01101854;-2.900373286;[0];-91.5625
-79.01077573;-2.900372857;[0];-90.9375
-79.01053293;-2.900372428;[0];-90.2500
-79.01029013;-2.900371999;[0];-89.6875
-79.01004732;-2.90037157;[0];-89.0000
-79.00980452;-2.90037114;[0];-88.2500
-79.00956172;-2.900370711;[0];-87.5625
-79.00931891;-2.900370282;[0];-86.8125
-79.00907611;-2.900369852;[0];-86.1250
-79.00883331;-2.900369423;[0];-85.3125
-79.00859050;-2.900368993;[0];-84.5000
-79.00834770;-2.900368564;[0];-83.7500
-79.00810490;-2.900368134;[0];-82.8750
-79.00786210;-2.900367705;[0];-82.0625
-79.00761929;-2.900367275;[0];-81.1875
-79.00737649;-2.900366845;[0];-80.3125
-79.00713369;-2.900366416;[0];-79.5000
-79.00689088;-2.900365986;[0];-78.6250
-79.00664808;-2.900365556;[0];-77.8125
-79.00640528;-2.900365126;[0];-77.0000
-79.00616247;-2.900364696;[0];-76.2500
-79.00591967;-2.900364266;[0];-75.4375
-79.00567687;-2.900363836;[0];-74.7500
-79.00543407;-2.900363406;[0];-74.1875
-79.00519126;-2.900362975;[0];-73.6875
-79.00494846;-2.900362545;[0];-73.2500
-79.00470566;-2.900362115;[0];-72.8750
-79.00446286;-2.900361684;[0];-72.7500
-79.00422005;-2.900361254;[0];-72.6250
-79.00397725;-2.900360824;[0];-72.6875
-79.00373445;-2.900360393;[0];-72.8750
-79.00349165;-2.900359962;[0];-73.2500
-79.00324884;-2.900359532;[0];-73.6250
-79.00300604;-2.900359101;[0];-74.1875
-79.00276324;-2.90035867;[0];-74.7500
-79.00252044;-2.90035824;[0];-75.4375
-79.00227764;-2.900357809;[0];-76.1875
-79.00203483;-2.900357378;[0];-77.0000
-79.00179203;-2.900356947;[0];-77.7500
-79.00154923;-2.900356516;[0];-78.6250
-79.00130643;-2.900356085;[0];-79.4375
-79.00106362;-2.900355654;[0];-80.3750
-79.00082082;-2.900355223;[0];-81.1875
-79.00057802;-2.900354792;[0];-82.1250
-79.00033522;-2.90035436;[0];-83.0000
-79.00009242;-2.900353929;[0];-83.8750
-78.99984961;-2.900353498;[0];-84.6875
-78.99960681;-2.900353066;[0];-85.4375
-78.99936401;-2.900352635;[0];-86.3125
-78.99912121;-2.900352203;[0];-87.0000
-78.99887841;-2.900351772;[0];-87.8125
-78.99863561;-2.90035134;[0];-88.5625
-78.99839280;-2.900350908;[0];-89.2500
-78.99815000;-2.900350477;[0];-89.8750
-78.99790720;-2.900350045;[0];-90.5625
-78.99766440;-2.900349613;[0];-91.3125
-78.99742160;-2.900349181;[0];-91.8750
-78.99717880;-2.900348749;[0];-92.5000
-78.99693600;-2.900348317;[0];-93.1250
-78.99669319;-2.900347885;[0];-93.6875
-78.99645039;-2.900347453;[0];-94.3125
-78.99620759;-2.900347021;[0];-94.8750
-78.99596479;-2.900346589;[0];-95.3750
-78.99572199;-2.900346157;[0];-95.9375
-78.99547919;-2.900345724;[0];-96.4375
-78.99523639;-2.900345292;[0];-96.9375
-78.99499359;-2.90034486;[0];-97.4375
-78.99475078;-2.900344427;[0];-97.8750
-78.99450798;-2.900343995;[0];-98.3750
-78.99426518;-2.900343562;[0];-98.8125
-78.99402238;-2.900343129;[0];-99.2500
-78.99377958;-2.900342697;[0];-99.6250
-78.99353678;-2.900342264;[0];-100.0000
-78.99329398;-2.900341831;[0];-100.4375
-78.99305118;-2.900341399;[0];-100.8125
-78.99280838;-2.900340966;[0];-101.1875
-78.99256558;-2.900340533;[0];-101.5625
-78.99232278;-2.9003401;[0];-101.9375
-79.01660345;-2.900139015;[0];-102.0000
-79.01636065;-2.900138587;[0];-101.6875
-79.01611784;-2.900138159;[0];-101.3750
-79.01587504;-2.900137732;[0];-101.0000
-79.01563224;-2.900137304;[0];-100.5625
-79.01538943;-2.900136876;[0];-100.1875
-79.01514663;-2.900136448;[0];-99.8125
-79.01490382;-2.90013602;[0];-99.3750
-79.01466102;-2.900135591;[0];-99.0000
-79.01441822;-2.900135163;[0];-98.5625
-79.01417541;-2.900134735;[0];-98.1250
-79.01393261;-2.900134307;[0];-97.7500
-79.01368980;-2.900133878;[0];-97.3125
-79.013447;-2.90013345;[0];-96.8125
-79.01320420;-2.900133022;[0];-96.3125
-79.01296139;-2.900132593;[0];-95.8125
-79.01271859;-2.900132165;[0];-95.3125
-79.01247579;-2.900131736;[0];-94.8125
-79.01223298;-2.900131307;[0];-94.3125
-79.01199018;-2.900130879;[0];-93.7500
-79.01174737;-2.90013045;[0];-93.1875
-79.01150457;-2.900130021;[0];-92.6250
-79.01126177;-2.900129592;[0];-92.0000
-79.01101896;-2.900129163;[0];-91.3750
-79.01077616;-2.900128734;[0];-90.8125
-79.01053336;-2.900128305;[0];-90.1250
-79.01029055;-2.900127876;[0];-89.4375
-79.01004775;-2.900127447;[0];-88.7500
-79.00980495;-2.900127018;[0];-88.1250
-79.00956214;-2.900126589;[0];-87.4375
-79.00931934;-2.900126159;[0];-86.7500
-79.00907654;-2.90012573;[0];-86.0000
-79.00883373;-2.900125301;[0];-85.2500
-79.00859093;-2.900124871;[0];-84.4375
-79.00834813;-2.900124442;[0];-83.6875
-79.00810533;-2.900124012;[0];-82.8750
-79.00786252;-2.900123583;[0];-82.1250
-79.00761972;-2.900123153;[0];-81.2500
-79.00737692;-2.900122723;[0];-80.4375
-79.00713411;-2.900122294;[0];-79.6250
-79.00689131;-2.900121864;[0];-78.8125
-79.00664851;-2.900121434;[0];-78.0000
-79.00640571;-2.900121004;[0];-77.2500
-79.00616290;-2.900120574;[0];-76.5625
-79.00592010;-2.900120144;[0];-75.9375
-79.00567730;-2.900119714;[0];-75.3125
-79.00543449;-2.900119284;[0];-74.7500
-79.00519169;-2.900118854;[0];-74.2500
-79.00494889;-2.900118423;[0];-73.8750
-79.00470609;-2.900117993;[0];-73.6250
-79.00446328;-2.900117563;[0];-73.4375
-79.00422048;-2.900117132;[0];-73.3125
-79.00397768;-2.900116702;[0];-73.3750
-79.00373488;-2.900116272;[0];-73.6250
-79.00349207;-2.900115841;[0];-73.8750
-79.00324927;-2.90011541;[0];-74.2500
-79.00300647;-2.90011498;[0];-74.6875
-79.00276367;-2.900114549;[0];-75.2500
-79.00252087;-2.900114118;[0];-75.8750
-79.00227806;-2.900113688;[0];-76.5625
-79.00203526;-2.900113257;[0];-77.2500
-79.00179246;-2.900112826;[0];-78.0000
-79.00154966;-2.900112395;[0];-78.8125
-79.00130686;-2.900111964;[0];-79.5625
-79.00106405;-2.900111533;[0];-80.3750
-79.00082125;-2.900111102;[0];-81.3125
-79.00057845;-2.900110671;[0];-82.0625
-79.00033565;-2.900110239;[0];-82.9375
-79.00009285;-2.900109808;[0];-83.8125
-78.99985004;-2.900109377;[0];-84.6250
-78.99960724;-2.900108945;[0];-85.3750
-78.99936444;-2.900108514;[0];-86.1250
-78.99912164;-2.900108083;[0];-86.8750
-78.99887884;-2.900107651;[0];-87.5625
-78.99863604;-2.900107219;[0];-88.3125
-78.99839323;-2.900106788;[0];-89.0625
-78.99815043;-2.900106356;[0];-89.7500
-78.99790763;-2.900105924;[0];-90.3750
-78.99766483;-2.900105493;[0];-91.0000
-78.99742203;-2.900105061;[0];-91.6250
-78.99717923;-2.900104629;[0];-92.3750
-78.99693643;-2.900104197;[0];-92.8750
-78.99669362;-2.900103765;[0];-93.5000
-78.99645082;-2.900103333;[0];-94.0625
-78.99620802;-2.900102901;[0];-94.6250
-78.99596522;-2.900102469;[0];-95.1875
-78.99572242;-2.900102036;[0];-95.6875
-78.99547962;-2.900101604;[0];-96.1875
-78.99523682;-2.900101172;[0];-96.6875
-78.99499402;-2.900100739;[0];-97.1875
-78.99475121;-2.900100307;[0];-97.6875
-78.99450841;-2.900099875;[0];-98.1250
-78.99426561;-2.900099442;[0];-98.5625
-78.99402281;-2.900099009;[0];-99.0000
-78.99378001;-2.900098577;[0];-99.4375
-78.99353721;-2.900098144;[0];-99.8750
-78.99329441;-2.900097711;[0];-100.2500
-78.99305161;-2.900097279;[0];-100.6250
-78.99280881;-2.900096846;[0];-101.0000
-78.99256601;-2.900096413;[0];-101.3750
-78.99232321;-2.90009598;[0];-101.7500
-79.01660388;-2.899894892;[0];-101.8750
-79.01636107;-2.899894464;[0];-101.5000
-79.01611827;-2.899894036;[0];-101.1250
-79.01587547;-2.899893608;[0];-100.7500
-79.01563266;-2.89989318;[0];-100.3750
-79.01538986;-2.899892753;[0];-100.0000
-79.01514705;-2.899892325;[0];-99.5625
-79.01490425;-2.899891896;[0];-99.1875
-79.01466145;-2.899891468;[0];-98.8125
-79.01441864;-2.89989104;[0];-98.4375
-79.01417584;-2.899890612;[0];-98.0000
-79.01393303;-2.899890184;[0];-97.5000
-79.01369023;-2.899889756;[0];-97.0625
-79.01344743;-2.899889327;[0];-96.5625
-79.01320462;-2.899888899;[0];-96.1250
-79.01296182;-2.89988847;[0];-95.6250
-79.01271902;-2.899888042;[0];-95.1875
-79.01247621;-2.899887613;[0];-94.6875
-79.01223341;-2.899887185;[0];-94.1250
-79.01199060;-2.899886756;[0];-93.5625
-79.01174780;-2.899886327;[0];-93.0000
-79.01150500;-2.899885898;[0];-92.3750
-79.01126219;-2.89988547;[0];-91.8125
-79.01101939;-2.899885041;[0];-91.2500
-79.01077659;-2.899884612;[0];-90.6250
-79.01053378;-2.899884183;[0];-89.9375
-79.01029098;-2.899883754;[0];-89.2500
-79.01004818;-2.899883325;[0];-88.6250
-79.00980537;-2.899882896;[0];-88.0000
-79.00956257;-2.899882466;[0];-87.3125
-79.00931977;-2.899882037;[0];-86.6250
-79.00907696;-2.899881608;[0];-85.9375
-79.00883416;-2.899881178;[0];-85.1875
-79.00859136;-2.899880749;[0];-84.4375
-79.00834856;-2.89988032;[0];-83.6875
-79.00810575;-2.89987989;[0];-82.9375
-79.00786295;-2.899879461;[0];-82.1250
-79.00762015;-2.899879031;[0];-81.3750
-79.00737734;-2.899878601;[0];-80.5625
-79.00713454;-2.899878172;[0];-79.8125
-79.00689174;-2.899877742;[0];-79.0000
-79.00664894;-2.899877312;[0];-78.3125
-79.00640613;-2.899876882;[0];-77.6250
-79.00616333;-2.899876452;[0];-76.9375
-79.00592053;-2.899876022;[0];-76.3125
-79.00567772;-2.899875592;[0];-75.8125
-79.00543492;-2.899875162;[0];-75.3125
-79.00519212;-2.899874732;[0];-74.8125
-79.00494932;-2.899874302;[0];-74.5000
-79.00470651;-2.899873872;[0];-74.2500
-79.00446371;-2.899873441;[0];-74.1250
-79.00422091;-2.899873011;[0];-74.0625
-79.00397811;-2.899872581;[0];-74.0625
-79.00373531;-2.89987215;[0];-74.2500
-79.00349250;-2.89987172;[0];-74.5000
-79.0032497;-2.899871289;[0];-74.8125
-79.00300690;-2.899870858;[0];-75.2500
-79.00276410;-2.899870428;[0];-75.7500
-79.00252129;-2.899869997;[0];-76.3125
-79.00227849;-2.899869566;[0];-76.8750
-79.00203569;-2.899869136;[0];-77.6250
-79.00179289;-2.899868705;[0];-78.3125
-79.00155009;-2.899868274;[0];-79.0000
-79.00130728;-2.899867843;[0];-79.7500
-79.00106448;-2.899867412;[0];-80.5625
-79.00082168;-2.899866981;[0];-81.3125
-79.00057888;-2.89986655;[0];-82.1875
-79.00033608;-2.899866118;[0];-82.9375
-79.00009327;-2.899865687;[0];-83.7500
-78.99985047;-2.899865256;[0];-84.5625
-78.99960767;-2.899864825;[0];-85.3125
-78.99936487;-2.899864393;[0];-86.0625
-78.99912207;-2.899863962;[0];-86.7500
-78.99887927;-2.89986353;[0];-87.5000
-78.99863646;-2.899863099;[0];-88.1875
-78.99839366;-2.899862667;[0];-88.8125
-78.99815086;-2.899862235;[0];-89.5000
-78.99790806;-2.899861804;[0];-90.1875
-78.99766526;-2.899861372;[0];-90.8750
-78.99742246;-2.89986094;[0];-91.4375
-78.99717966;-2.899860508;[0];-92.0625
-78.99693685;-2.899860076;[0];-92.6875
-78.99669405;-2.899859644;[0];-93.3750
-78.99645125;-2.899859212;[0];-93.8750
-78.99620845;-2.89985878;[0];-94.3750
-78.99596565;-2.899858348;[0];-94.9375
-78.99572285;-2.899857916;[0];-95.4375
-78.99548005;-2.899857484;[0];-96.0000
-78.99523725;-2.899857052;[0];-96.5000
-78.99499445;-2.899856619;[0];-97.0000
-78.99475164;-2.899856187;[0];-97.4375
-78.99450884;-2.899855754;[0];-97.9375
-78.99426604;-2.899855322;[0];-98.3750
-78.99402324;-2.899854889;[0];-98.8125
-78.99378044;-2.899854457;[0];-99.2500
-78.99353764;-2.899854024;[0];-99.6875
-78.99329484;-2.899853592;[0];-100.0625
-78.99305204;-2.899853159;[0];-100.5000
-78.99280924;-2.899852726;[0];-100.8750
-78.99256644;-2.899852293;[0];-101.1875
-78.99232364;-2.89985186;[0];-101.5625
-78.99208084;-2.899851427;[0];-101.8750
-79.01684711;-2.899651196;[0];-102.0000
-79.01660430;-2.899650768;[0];-101.6875
-79.01636150;-2.899650341;[0];-101.3125
-79.01611870;-2.899649913;[0];-100.9375
-79.01587589;-2.899649485;[0];-100.5625
-79.01563309;-2.899649057;[0];-100.1875
-79.01539028;-2.899648629;[0];-99.8125
-79.01514748;-2.899648201;[0];-99.4375
-79.01490468;-2.899647773;[0];-99.0625
-79.01466187;-2.899647345;[0];-98.6250
-79.01441907;-2.899646917;[0];-98.1875
-79.01417626;-2.899646489;[0];-97.7500
-79.01393346;-2.899646061;[0];-97.3125
-79.01369066;-2.899645633;[0];-96.8750
-79.01344785;-2.899645204;[0];-96.4375
-79.01320505;-2.899644776;[0];-96.0000
-79.01296225;-2.899644347;[0];-95.5000
-79.01271944;-2.899643919;[0];-95.0000
-79.01247664;-2.89964349;[0];-94.4375
-79.01223383;-2.899643062;[0];-93.9375
-79.01199103;-2.899642633;[0];-93.3750
-79.01174823;-2.899642205;[0];-92.8125
-79.01150542;-2.899641776;[0];-92.3125
-79.01126262;-2.899641347;[0];-91.6875
-79.01101982;-2.899640918;[0];-91.0625
-79.01077701;-2.899640489;[0];-90.4375
-79.01053421;-2.89964006;[0];-89.8125
-79.01029141;-2.899639631;[0];-89.1875
-79.01004860;-2.899639202;[0];-88.5625
-79.00980580;-2.899638773;[0];-87.8750
-79.00956300;-2.899638344;[0];-87.2500
-79.00932019;-2.899637915;[0];-86.5625
-79.00907739;-2.899637486;[0];-85.8125
-79.00883459;-2.899637056;[0];-85.1250
-79.00859179;-2.899636627;[0];-84.4375
-79.00834898;-2.899636197;[0];-83.7500
-79.00810618;-2.899635768;[0];-82.9375
-79.00786338;-2.899635338;[0];-82.2500
-79.00762057;-2.899634909;[0];-81.5000
-79.00737777;-2.899634479;[0];-80.7500
-79.00713497;-2.89963405;[0];-80.0000
-79.00689217;-2.89963362;[0];-79.3125
-79.00664936;-2.89963319;[0];-78.5625
-79.00640656;-2.89963276;[0];-77.9375
-79.00616376;-2.89963233;[0];-77.3750
-79.00592096;-2.8996319;[0];-76.7500
-79.00567815;-2.89963147;[0];-76.3125
-79.00543535;-2.89963104;[0];-75.8125
-79.00519255;-2.89963061;[0];-75.4375
-79.00494975;-2.89963018;[0];-75.0625
-79.00470694;-2.89962975;[0];-74.8750
-79.00446414;-2.89962932;[0];-74.8125
-79.00422134;-2.899628889;[0];-74.6875
-79.00397854;-2.899628459;[0];-74.7500
-79.00373573;-2.899628029;[0];-74.8750
-79.00349293;-2.899627598;[0];-75.1250
-79.00325013;-2.899627168;[0];-75.4375
-79.00300733;-2.899626737;[0];-75.8125
-79.00276452;-2.899626306;[0];-76.2500
-79.00252172;-2.899625876;[0];-76.7500
-79.00227892;-2.899625445;[0];-77.3125
-79.00203612;-2.899625014;[0];-77.9375
-79.00179332;-2.899624583;[0];-78.5625
-79.00155051;-2.899624153;[0];-79.3125
-79.00130771;-2.899623722;[0];-80.0000
-79.00106491;-2.899623291;[0];-80.7500
-79.00082211;-2.89962286;[0];-81.5000
-79.00057931;-2.899622429;[0];-82.1875
-79.00033651;-2.899621997;[0];-83.0000
-79.00009370;-2.899621566;[0];-83.7500
-78.99985090;-2.899621135;[0];-84.5000
-78.9996081;-2.899620704;[0];-85.2500
-78.99936530;-2.899620272;[0];-86.0000
-78.99912250;-2.899619841;[0];-86.6875
-78.99887970;-2.899619409;[0];-87.3750
-78.99863689;-2.899618978;[0];-88.0625
-78.99839409;-2.899618546;[0];-88.7500
-78.99815129;-2.899618115;[0];-89.3750
-78.99790849;-2.899617683;[0];-90.0000
-78.99766569;-2.899617251;[0];-90.6875
-78.99742289;-2.89961682;[0];-91.3125
-78.99718009;-2.899616388;[0];-91.9375
-78.99693728;-2.899615956;[0];-92.5000
-78.99669448;-2.899615524;[0];-93.0625
-78.99645168;-2.899615092;[0];-93.6875
-78.99620888;-2.89961466;[0];-94.2500
-78.99596608;-2.899614228;[0];-94.7500
-78.99572328;-2.899613796;[0];-95.2500
-78.99548048;-2.899613364;[0];-95.7500
-78.99523768;-2.899612931;[0];-96.2500
-78.99499488;-2.899612499;[0];-96.7500
-78.99475207;-2.899612067;[0];-97.2500
-78.99450927;-2.899611634;[0];-97.6875
-78.99426647;-2.899611202;[0];-98.1250
-78.99402367;-2.899610769;[0];-98.6250
-78.99378087;-2.899610337;[0];-99.0000
-78.99353807;-2.899609904;[0];-99.4375
-78.99329527;-2.899609472;[0];-99.8750
-78.99305247;-2.899609039;[0];-100.2500
-78.99280967;-2.899608606;[0];-100.6875
-78.99256687;-2.899608173;[0];-101.0625
-78.99232407;-2.89960774;[0];-101.4375
-78.99208127;-2.899607308;[0];-101.8125
-79.01684753;-2.899407073;[0];-101.8125
-79.01660473;-2.899406645;[0];-101.5000
-79.01636193;-2.899406217;[0];-101.1250
-79.01611912;-2.89940579;[0];-100.7500
-79.01587632;-2.899405362;[0];-100.4375
-79.01563351;-2.899404934;[0];-100.0625
-79.01539071;-2.899404506;[0];-99.6875
-79.01514791;-2.899404078;[0];-99.2500
-79.01490510;-2.89940365;[0];-98.8750
-79.01466230;-2.899403222;[0];-98.4375
-79.01441949;-2.899402794;[0];-98.0000
-79.01417669;-2.899402366;[0];-97.5625
-79.01393389;-2.899401938;[0];-97.1875
-79.01369108;-2.89940151;[0];-96.7500
-79.01344828;-2.899401081;[0];-96.2500
-79.01320548;-2.899400653;[0];-95.8125
-79.01296267;-2.899400225;[0];-95.3125
-79.01271987;-2.899399796;[0];-94.8125
-79.01247706;-2.899399368;[0];-94.2500
-79.01223426;-2.899398939;[0];-93.7500
-79.01199146;-2.899398511;[0];-93.2500
-79.01174865;-2.899398082;[0];-92.6875
-79.01150585;-2.899397653;[0];-92.1250
-79.01126305;-2.899397224;[0];-91.5000
-79.01102024;-2.899396796;[0];-90.9375
-79.01077744;-2.899396367;[0];-90.3750
-79.01053464;-2.899395938;[0];-89.7500
-79.01029183;-2.899395509;[0];-89.1250
-79.01004903;-2.89939508;[0];-88.5000
-79.00980623;-2.899394651;[0];-87.8125
-79.00956342;-2.899394222;[0];-87.1875
-79.00932062;-2.899393793;[0];-86.5000
-79.00907782;-2.899393363;[0];-85.8125
-79.00883502;-2.899392934;[0];-85.1250
-79.00859221;-2.899392505;[0];-84.5000
-79.00834941;-2.899392075;[0];-83.7500
-79.00810661;-2.899391646;[0];-83.0625
-79.00786380;-2.899391216;[0];-82.3750
-79.00762100;-2.899390787;[0];-81.6875
-79.00737820;-2.899390357;[0];-81.0000
-79.00713540;-2.899389928;[0];-80.2500
-79.00689259;-2.899389498;[0];-79.6250
-79.00664979;-2.899389068;[0];-79.0000
-79.00640699;-2.899388638;[0];-78.3750
-79.00616419;-2.899388209;[0];-77.8125
-79.00592138;-2.899387779;[0];-77.2500
-79.00567858;-2.899387349;[0];-76.8125
-79.00543578;-2.899386919;[0];-76.3750
-79.00519298;-2.899386489;[0];-76.0625
-79.00495017;-2.899386059;[0];-75.6875
-79.00470737;-2.899385628;[0];-75.5000
-79.00446457;-2.899385198;[0];-75.4375
-79.00422177;-2.899384768;[0];-75.3750
-79.00397896;-2.899384338;[0];-75.3750
-79.00373616;-2.899383907;[0];-75.5000
-79.00349336;-2.899383477;[0];-75.7500
-79.00325056;-2.899383046;[0];-76.0625
-79.00300775;-2.899382616;[0];-76.3750
-79.00276495;-2.899382185;[0];-76.6875
-79.00252215;-2.899381755;[0];-77.2500
-79.00227935;-2.899381324;[0];-77.7500
-79.00203655;-2.899380893;[0];-78.3125
-79.00179374;-2.899380462;[0];-78.9375
-79.00155094;-2.899380031;[0];-79.6250
-79.00130814;-2.899379601;[0];-80.2500
-79.00106534;-2.89937917;[0];-80.9375
-79.00082254;-2.899378739;[0];-81.6875
-79.00057974;-2.899378308;[0];-82.3750
-79.00033693;-2.899377876;[0];-83.0625
-79.00009413;-2.899377445;[0];-83.8125
-78.99985133;-2.899377014;[0];-84.5000
-78.99960853;-2.899376583;[0];-85.2500
-78.99936573;-2.899376152;[0];-85.9375
-78.99912293;-2.89937572;[0];-86.6250
-78.99888012;-2.899375289;[0];-87.3125
-78.99863732;-2.899374857;[0];-88.0000
-78.99839452;-2.899374426;[0];-88.6250
-78.99815172;-2.899373994;[0];-89.3125
-78.99790892;-2.899373563;[0];-89.8750
-78.99766612;-2.899373131;[0];-90.5000
-78.99742332;-2.899372699;[0];-91.1875
-78.99718052;-2.899372267;[0];-91.8125
-78.99693771;-2.899371836;[0];-92.3750
-78.99669491;-2.899371404;[0];-92.9375
-78.99645211;-2.899370972;[0];-93.4375
-78.99620931;-2.89937054;[0];-94.0000
-78.99596651;-2.899370108;[0];-94.6250
-78.99572371;-2.899369676;[0];-95.1250
-78.99548091;-2.899369243;[0];-95.5625
-78.99523811;-2.899368811;[0];-96.0625
-78.99499531;-2.899368379;[0];-96.5625
-78.99475250;-2.899367947;[0];-97.0625
-78.99450970;-2.899367514;[0];-97.5000
-78.99426690;-2.899367082;[0];-97.9375
-78.99402410;-2.899366649;[0];-98.3750
-78.99378130;-2.899366217;[0];-98.8125
-78.9935385;-2.899365784;[0];-99.2500
-78.99329570;-2.899365352;[0];-99.6875
-78.99305290;-2.899364919;[0];-100.0625
-78.99281010;-2.899364486;[0];-100.4375
-78.99256730;-2.899364054;[0];-100.8750
-78.99232450;-2.899363621;[0];-101.2500
-78.99208170;-2.899363188;[0];-101.6250
-78.99183890;-2.899362755;[0];-101.9375
-79.01709076;-2.899163377;[0];-102.0000
-79.01684796;-2.899162949;[0];-101.6875
-79.01660515;-2.899162522;[0];-101.3125
-79.01636235;-2.899162094;[0];-101.0000
-79.01611955;-2.899161666;[0];-100.6875
-79.01587674;-2.899161239;[0];-100.2500
-79.01563394;-2.899160811;[0];-99.8750
-79.01539113;-2.899160383;[0];-99.5000
-79.01514833;-2.899159955;[0];-99.0625
-79.01490553;-2.899159527;[0];-98.6875
-79.01466272;-2.899159099;[0];-98.2500
-79.01441992;-2.899158671;[0];-97.8750
-79.01417712;-2.899158243;[0];-97.5000
-79.01393431;-2.899157815;[0];-97.0625
-79.01369151;-2.899157387;[0];-96.5625
-79.01344870;-2.899156958;[0];-96.1250
-79.01320590;-2.89915653;[0];-95.6250
-79.01296310;-2.899156102;[0];-95.1250
-79.01272029;-2.899155673;[0];-94.6250
-79.01247749;-2.899155245;[0];-94.1250
-79.01223469;-2.899154816;[0];-93.6250
-79.01199188;-2.899154388;[0];-93.0625
-79.01174908;-2.899153959;[0];-92.5000
-79.01150628;-2.899153531;[0];-91.9375
-79.01126347;-2.899153102;[0];-91.4375
-79.01102067;-2.899152673;[0];-90.8125
-79.01077787;-2.899152244;[0];-90.2500
-79.01053506;-2.899151815;[0];-89.6875
-79.01029226;-2.899151386;[0];-89.0625
-79.01004946;-2.899150957;[0];-88.4375
-79.00980665;-2.899150528;[0];-87.8125
-79.00956385;-2.899150099;[0];-87.1250
-79.00932105;-2.89914967;[0];-86.5000
-79.00907825;-2.899149241;[0];-85.8750
-79.00883544;-2.899148812;[0];-85.2500
-79.00859264;-2.899148383;[0];-84.5000
-79.00834984;-2.899147953;[0];-83.8750
-79.00810703;-2.899147524;[0];-83.1875
-79.00786423;-2.899147094;[0];-82.5625
-79.00762143;-2.899146665;[0];-81.8750
-79.00737863;-2.899146235;[0];-81.1875
-79.00713582;-2.899145806;[0];-80.6250
-79.00689302;-2.899145376;[0];-79.9375
-79.00665022;-2.899144946;[0];-79.3750
-79.00640742;-2.899144517;[0];-78.7500
-79.00616461;-2.899144087;[0];-78.1875
-79.00592181;-2.899143657;[0];-77.7500
-79.00567901;-2.899143227;[0];-77.3125
-79.00543621;-2.899142797;[0];-76.9375
-79.00519340;-2.899142367;[0];-76.6250
-79.0049506;-2.899141937;[0];-76.3125
-79.00470780;-2.899141507;[0];-76.1250
-79.00446500;-2.899141077;[0];-76.0625
-79.00422219;-2.899140646;[0];-76.0000
-79.00397939;-2.899140216;[0];-76.0000
-79.00373659;-2.899139786;[0];-76.1250
-79.00349379;-2.899139355;[0];-76.3125
-79.00325099;-2.899138925;[0];-76.6250
-79.00300818;-2.899138494;[0];-76.8750
-79.00276538;-2.899138064;[0];-77.2500
-79.00252258;-2.899137633;[0];-77.7500
-79.00227978;-2.899137203;[0];-78.1875
-79.00203698;-2.899136772;[0];-78.7500
-79.00179417;-2.899136341;[0];-79.3125
-79.00155137;-2.89913591;[0];-79.8750
-79.00130857;-2.899135479;[0];-80.5625
-79.00106577;-2.899135049;[0];-81.1875
-79.00082297;-2.899134618;[0];-81.8750
-79.00058016;-2.899134187;[0];-82.5000
-79.00033736;-2.899133756;[0];-83.1875
-79.00009456;-2.899133324;[0];-83.8750
-78.99985176;-2.899132893;[0];-84.5625
-78.99960896;-2.899132462;[0];-85.2500
-78.99936616;-2.899132031;[0];-85.9375
-78.99912336;-2.899131599;[0];-86.6250
-78.99888055;-2.899131168;[0];-87.2500
-78.99863775;-2.899130737;[0];-87.8750
-78.99839495;-2.899130305;[0];-88.5625
-78.99815215;-2.899129874;[0];-89.1875
-78.99790935;-2.899129442;[0];-89.8125
-78.99766655;-2.89912901;[0];-90.4375
-78.99742375;-2.899128579;[0];-91.0000
-78.99718094;-2.899128147;[0];-91.6250
-78.99693814;-2.899127715;[0];-92.2500
-78.99669534;-2.899127283;[0];-92.8125
-78.99645254;-2.899126851;[0];-93.3750
-78.99620974;-2.899126419;[0];-93.8750
-78.99596694;-2.899125987;[0];-94.3750
-78.99572414;-2.899125555;[0];-94.8750
-78.99548134;-2.899125123;[0];-95.5000
-78.99523854;-2.899124691;[0];-95.9375
-78.99499574;-2.899124259;[0];-96.3750
-78.99475293;-2.899123827;[0];-96.8750
-78.99451013;-2.899123394;[0];-97.3125
-78.99426733;-2.899122962;[0];-97.7500
-78.99402453;-2.899122529;[0];-98.1875
-78.99378173;-2.899122097;[0];-98.6250
-78.99353893;-2.899121664;[0];-99.0625
-78.99329613;-2.899121232;[0];-99.5000
-78.99305333;-2.899120799;[0];-99.8750
-78.99281053;-2.899120366;[0];-100.2500
-78.99256773;-2.899119934;[0];-100.6875
-78.99232493;-2.899119501;[0];-101.0625
-78.99208213;-2.899119068;[0];-101.4375
-78.99183933;-2.899118635;[0];-101.7500
-79.01709119;-2.898919253;[0];-101.8750
-79.01684838;-2.898918826;[0];-101.5625
-79.01660558;-2.898918398;[0];-101.1875
-79.01636278;-2.898917971;[0];-100.8750
-79.01611997;-2.898917543;[0];-100.5000
-79.01587717;-2.898917115;[0];-100.1250
-79.01563436;-2.898916687;[0];-99.6875
-79.01539156;-2.89891626;[0];-99.3125
-79.01514876;-2.898915832;[0];-98.9375
-79.01490595;-2.898915404;[0];-98.5625
-79.01466315;-2.898914976;[0];-98.1875
-79.01442035;-2.898914548;[0];-97.7500
-79.01417754;-2.89891412;[0];-97.3125
-79.01393474;-2.898913692;[0];-96.8750
-79.01369193;-2.898913264;[0];-96.3750
-79.01344913;-2.898912835;[0];-95.9375
-79.01320633;-2.898912407;[0];-95.4375
-79.01296352;-2.898911979;[0];-95.0000
-79.01272072;-2.898911551;[0];-94.5625
-79.01247792;-2.898911122;[0];-94.0000
-79.01223511;-2.898910694;[0];-93.5000
-79.01199231;-2.898910265;[0];-92.9375
-79.01174951;-2.898909837;[0];-92.3750
-79.01150670;-2.898909408;[0];-91.8750
-79.0112639;-2.898908979;[0];-91.3125
-79.01102110;-2.898908551;[0];-90.8125
-79.01077829;-2.898908122;[0];-90.1875
-79.01053549;-2.898907693;[0];-89.6250
-79.01029269;-2.898907264;[0];-89.0000
-79.01004988;-2.898906835;[0];-88.4375
-79.00980708;-2.898906406;[0];-87.7500
-79.00956428;-2.898905977;[0];-87.1250
-79.00932148;-2.898905548;[0];-86.5000
-79.00907867;-2.898905119;[0];-85.9375
-79.00883587;-2.89890469;[0];-85.2500
-79.00859307;-2.89890426;[0];-84.6250
-79.00835026;-2.898903831;[0];-84.0000
-79.00810746;-2.898903402;[0];-83.3750
-79.00786466;-2.898902972;[0];-82.7500
-79.00762186;-2.898902543;[0];-82.0625
-79.00737905;-2.898902113;[0];-81.4375
-79.00713625;-2.898901684;[0];-80.8750
-79.00689345;-2.898901254;[0];-80.2500
-79.00665065;-2.898900824;[0];-79.6875
-79.00640784;-2.898900395;[0];-79.2500
-79.00616504;-2.898899965;[0];-78.6875
-79.00592224;-2.898899535;[0];-78.2500
-79.00567944;-2.898899105;[0];-77.8750
-79.00543663;-2.898898675;[0];-77.4375
-79.00519383;-2.898898245;[0];-77.1875
-79.00495103;-2.898897815;[0];-76.9375
-79.00470823;-2.898897385;[0];-76.7500
-79.00446542;-2.898896955;[0];-76.6875
-79.00422262;-2.898896525;[0];-76.6250
-79.00397982;-2.898896095;[0];-76.6250
-79.00373702;-2.898895664;[0];-76.7500
-79.00349422;-2.898895234;[0];-76.9375
-79.00325141;-2.898894803;[0];-77.1875
-79.00300861;-2.898894373;[0];-77.4375
-79.00276581;-2.898893943;[0];-77.8125
-79.00252301;-2.898893512;[0];-78.2500
-79.00228021;-2.898893081;[0];-78.6875
-79.00203740;-2.898892651;[0];-79.1875
-79.00179460;-2.89889222;[0];-79.6875
-79.0015518;-2.898891789;[0];-80.2500
-79.00130900;-2.898891358;[0];-80.8125
-79.00106620;-2.898890927;[0];-81.4375
-79.00082339;-2.898890497;[0];-82.0625
-79.00058059;-2.898890066;[0];-82.6875
-79.00033779;-2.898889635;[0];-83.3125
-79.00009499;-2.898889203;[0];-84.0000
-78.99985219;-2.898888772;[0];-84.6250
-78.99960939;-2.898888341;[0];-85.3125
-78.99936659;-2.89888791;[0];-85.9375
-78.99912378;-2.898887479;[0];-86.5625
-78.99888098;-2.898887047;[0];-87.2500
-78.99863818;-2.898886616;[0];-87.8750
-78.99839538;-2.898886184;[0];-88.5000
-78.99815258;-2.898885753;[0];-89.1875
-78.99790978;-2.898885321;[0];-89.7500
-78.99766698;-2.89888489;[0];-90.3750
-78.99742418;-2.898884458;[0];-91.0000
-78.99718137;-2.898884026;[0];-91.5000
-78.99693857;-2.898883595;[0];-92.0625
-78.99669577;-2.898883163;[0];-92.6250
-78.99645297;-2.898882731;[0];-93.1875
-78.99621017;-2.898882299;[0];-93.7500
-78.99596737;-2.898881867;[0];-94.2500
-78.99572457;-2.898881435;[0];-94.7500
-78.99548177;-2.898881003;[0];-95.2500
-78.99523897;-2.898880571;[0];-95.7500
-78.99499617;-2.898880139;[0];-96.3125
-78.99475336;-2.898879706;[0];-96.7500
-78.99451056;-2.898879274;[0];-97.1250
-78.99426776;-2.898878842;[0];-97.5625
-78.99402496;-2.898878409;[0];-98.0625
-78.99378216;-2.898877977;[0];-98.4375
-78.99353936;-2.898877544;[0];-98.8750
-78.99329656;-2.898877112;[0];-99.3125
-78.99305376;-2.898876679;[0];-99.6875
-78.99281096;-2.898876247;[0];-100.1250
-78.99256816;-2.898875814;[0];-100.5000
-78.99232536;-2.898875381;[0];-100.8750
-78.99208256;-2.898874948;[0];-101.2500
-78.99183976;-2.898874516;[0];-101.6250
-78.99159696;-2.898874083;[0];-101.9375
-79.01709161;-2.89867513;[0];-101.7500
-79.01684881;-2.898674702;[0];-101.3750
-79.01660601;-2.898674275;[0];-101.0625
-79.01636320;-2.898673847;[0];-100.6875
-79.01612040;-2.89867342;[0];-100.3125
-79.01587759;-2.898672992;[0];-99.9375
-79.01563479;-2.898672564;[0];-99.5625
-79.01539199;-2.898672136;[0];-99.1875
-79.01514918;-2.898671709;[0];-98.8750
-79.01490638;-2.898671281;[0];-98.4375
-79.01466357;-2.898670853;[0];-98.0000
-79.01442077;-2.898670425;[0];-97.5625
-79.01417797;-2.898669997;[0];-97.1250
-79.01393516;-2.898669569;[0];-96.6875
-79.01369236;-2.898669141;[0];-96.2500
-79.01344956;-2.898668713;[0];-95.7500
-79.01320675;-2.898668284;[0];-95.3750
-79.01296395;-2.898667856;[0];-94.8750
-79.01272115;-2.898667428;[0];-94.3750
-79.01247834;-2.898666999;[0];-93.8750
-79.01223554;-2.898666571;[0];-93.3125
-79.01199274;-2.898666142;[0];-92.8750
-79.01174993;-2.898665714;[0];-92.3125
-79.01150713;-2.898665285;[0];-91.8125
-79.01126433;-2.898664857;[0];-91.2500
-79.01102152;-2.898664428;[0];-90.6875
-79.01077872;-2.898663999;[0];-90.1875
-79.01053592;-2.89866357;[0];-89.5625
-79.01029311;-2.898663142;[0];-89.0000
-79.01005031;-2.898662713;[0];-88.3750
-79.00980751;-2.898662284;[0];-87.7500
-79.00956471;-2.898661855;[0];-87.1875
-79.00932190;-2.898661426;[0];-86.5625
-79.00907910;-2.898660997;[0];-85.9375
-79.00883630;-2.898660567;[0];-85.3125
-79.00859349;-2.898660138;[0];-84.7500
-79.00835069;-2.898659709;[0];-84.1250
-79.00810789;-2.89865928;[0];-83.5000
-79.00786509;-2.89865885;[0];-82.8750
-79.00762228;-2.898658421;[0];-82.2500
-79.00737948;-2.898657991;[0];-81.7500
-79.00713668;-2.898657562;[0];-81.1250
-79.00689388;-2.898657132;[0];-80.6250
-79.00665107;-2.898656702;[0];-80.0625
-79.00640827;-2.898656273;[0];-79.5625
-79.00616547;-2.898655843;[0];-79.1250
-79.00592267;-2.898655413;[0];-78.7500
-79.00567986;-2.898654983;[0];-78.3750
-79.00543706;-2.898654554;[0];-78.0000
-79.00519426;-2.898654124;[0];-77.7500
-79.00495146;-2.898653694;[0];-77.5625
-79.00470865;-2.898653264;[0];-77.3750
-79.00446585;-2.898652833;[0];-77.3125
-79.00422305;-2.898652403;[0];-77.2500
-79.00398025;-2.898651973;[0];-77.2500
-79.00373745;-2.898651543;[0];-77.3750
-79.00349464;-2.898651112;[0];-77.5625
-79.00325184;-2.898650682;[0];-77.7500
-79.00300904;-2.898650252;[0];-78.0000
-79.00276624;-2.898649821;[0];-78.3750
-79.00252344;-2.898649391;[0];-78.6875
-79.00228063;-2.89864896;[0];-79.1250
-79.00203783;-2.898648529;[0];-79.5625
-79.00179503;-2.898648099;[0];-80.0625
-79.00155223;-2.898647668;[0];-80.6250
-79.00130943;-2.898647237;[0];-81.1250
-79.00106663;-2.898646806;[0];-81.7500
-79.00082382;-2.898646376;[0];-82.2500
-79.00058102;-2.898645945;[0];-82.8750
-79.00033822;-2.898645514;[0];-83.5000
-79.00009542;-2.898645083;[0];-84.1250
-78.99985262;-2.898644651;[0];-84.6875
-78.99960982;-2.89864422;[0];-85.3750
-78.99936701;-2.898643789;[0];-86.0000
-78.99912421;-2.898643358;[0];-86.6250
-78.99888141;-2.898642927;[0];-87.2500
-78.99863861;-2.898642495;[0];-87.9375
-78.99839581;-2.898642064;[0];-88.5000
-78.99815301;-2.898641632;[0];-89.1250
-78.99791021;-2.898641201;[0];-89.6875
-78.99766741;-2.898640769;[0];-90.2500
-78.99742460;-2.898640338;[0];-90.8750
-78.99718180;-2.898639906;[0];-91.4375
-78.99693900;-2.898639474;[0];-92.0000
-78.99669620;-2.898639042;[0];-92.5000
-78.9964534;-2.898638611;[0];-93.0625
-78.99621060;-2.898638179;[0];-93.6250
-78.99596780;-2.898637747;[0];-94.1250
-78.99572500;-2.898637315;[0];-94.6875
-78.99548220;-2.898636883;[0];-95.1250
-78.99523940;-2.898636451;[0];-95.5625
-78.99499660;-2.898636018;[0];-96.0625
-78.99475379;-2.898635586;[0];-96.5625
-78.99451099;-2.898635154;[0];-97.0625
-78.99426819;-2.898634722;[0];-97.4375
-78.99402539;-2.898634289;[0];-97.8750
-78.99378259;-2.898633857;[0];-98.3125
-78.99353979;-2.898633425;[0];-98.6875
-78.99329699;-2.898632992;[0];-99.1250
-78.99305419;-2.898632559;[0];-99.5625
-78.99281139;-2.898632127;[0];-99.9375
-78.99256859;-2.898631694;[0];-100.3125
-78.99232579;-2.898631261;[0];-100.6875
-78.99208299;-2.898630829;[0];-101.0625
-78.99184019;-2.898630396;[0];-101.4375
-78.99159739;-2.898629963;[0];-101.8125
-79.01733484;-2.898431434;[0];-101.9375
-79.01709204;-2.898431006;[0];-101.6250
-79.01684923;-2.898430579;[0];-101.2500
-79.01660643;-2.898430151;[0];-100.8750
-79.01636363;-2.898429724;[0];-100.5000
-79.01612082;-2.898429296;[0];-100.1875
-79.01587802;-2.898428869;[0];-99.8125
-79.01563521;-2.898428441;[0];-99.5000
-79.01539241;-2.898428013;[0];-99.0625
-79.01514961;-2.898427586;[0];-98.6875
-79.01490680;-2.898427158;[0];-98.2500
-79.014664;-2.89842673;[0];-97.8750
-79.01442120;-2.898426302;[0];-97.4375
-79.01417839;-2.898425874;[0];-97.0000
-79.01393559;-2.898425446;[0];-96.5625
-79.01369279;-2.898425018;[0];-96.1250
-79.01344998;-2.89842459;[0];-95.6875
-79.01320718;-2.898424161;[0];-95.2500
-79.01296438;-2.898423733;[0];-94.7500
-79.01272157;-2.898423305;[0];-94.2500
-79.01247877;-2.898422877;[0];-93.7500
-79.01223597;-2.898422448;[0];-93.3125
-79.01199316;-2.89842202;[0];-92.7500
-79.01175036;-2.898421591;[0];-92.2500
-79.01150756;-2.898421163;[0];-91.7500
-79.01126475;-2.898420734;[0];-91.2500
-79.01102195;-2.898420305;[0];-90.6875
-79.01077915;-2.898419877;[0];-90.1250
-79.01053634;-2.898419448;[0];-89.5625
-79.01029354;-2.898419019;[0];-89.0000
-79.01005074;-2.89841859;[0];-88.3750
-79.00980793;-2.898418161;[0];-87.8125
-79.00956513;-2.898417732;[0];-87.2500
-79.00932233;-2.898417303;[0];-86.6250
-79.00907953;-2.898416874;[0];-86.0000
-79.00883672;-2.898416445;[0];-85.4375
-79.00859392;-2.898416016;[0];-84.8750
-79.00835112;-2.898415587;[0];-84.3125
-79.00810832;-2.898415157;[0];-83.6875
-79.00786551;-2.898414728;[0];-83.1250
-79.00762271;-2.898414299;[0];-82.5625
-79.00737991;-2.898413869;[0];-82.0000
-79.00713711;-2.89841344;[0];-81.5000
-79.00689430;-2.89841301;[0];-80.9375
-79.0066515;-2.898412581;[0];-80.5000
-79.00640870;-2.898412151;[0];-80.0000
-79.00616590;-2.898411721;[0];-79.6250
-79.00592309;-2.898411291;[0];-79.2500
-79.00568029;-2.898410862;[0];-78.8750
-79.00543749;-2.898410432;[0];-78.6250
-79.00519469;-2.898410002;[0];-78.3125
-79.00495188;-2.898409572;[0];-78.1250
-79.00470908;-2.898409142;[0];-78.0000
-79.00446628;-2.898408712;[0];-77.9375
-79.00422348;-2.898408282;[0];-77.8750
-79.00398068;-2.898407852;[0];-77.8750
-79.00373787;-2.898407421;[0];-78.0000
-79.00349507;-2.898406991;[0];-78.1250
-79.00325227;-2.898406561;[0];-78.3125
-79.00300947;-2.89840613;[0];-78.6250
-79.00276667;-2.8984057;[0];-78.8750
-79.00252386;-2.898405269;[0];-79.1250
-79.00228106;-2.898404839;[0];-79.6250
-79.00203826;-2.898404408;[0];-80.0000
-79.00179546;-2.898403978;[0];-80.5000
-79.00155266;-2.898403547;[0];-80.9375
-79.00130986;-2.898403116;[0];-81.4375
-79.00106705;-2.898402685;[0];-81.9375
-79.00082425;-2.898402255;[0];-82.5625
-79.00058145;-2.898401824;[0];-83.0625
-79.00033865;-2.898401393;[0];-83.6875
-79.00009585;-2.898400962;[0];-84.2500
-78.99985305;-2.898400531;[0];-84.8750
-78.99961024;-2.898400099;[0];-85.4375
-78.99936744;-2.898399668;[0];-86.0625
-78.99912464;-2.898399237;[0];-86.6875
-78.99888184;-2.898398806;[0];-87.3125
-78.99863904;-2.898398374;[0];-87.8750
-78.99839624;-2.898397943;[0];-88.5625
-78.99815344;-2.898397512;[0];-89.0625
-78.99791064;-2.89839708;[0];-89.6875
-78.99766783;-2.898396649;[0];-90.2500
-78.99742503;-2.898396217;[0];-90.8125
-78.99718223;-2.898395785;[0];-91.3750
-78.99693943;-2.898395354;[0];-91.9375
-78.99669663;-2.898394922;[0];-92.4375
-78.99645383;-2.89839449;[0];-92.9375
-78.99621103;-2.898394058;[0];-93.5000
-78.99596823;-2.898393626;[0];-94.0000
-78.99572543;-2.898393194;[0];-94.5000
-78.99548263;-2.898392762;[0];-95.0000
-78.99523983;-2.89839233;[0];-95.5000
-78.99499702;-2.898391898;[0];-95.9375
-78.99475422;-2.898391466;[0];-96.3750
-78.99451142;-2.898391034;[0];-96.8125
-78.99426862;-2.898390602;[0];-97.3125
-78.99402582;-2.898390169;[0];-97.8125
-78.99378302;-2.898389737;[0];-98.1875
-78.99354022;-2.898389305;[0];-98.5625
-78.99329742;-2.898388872;[0];-99.0000
-78.99305462;-2.89838844;[0];-99.3750
-78.99281182;-2.898388007;[0];-99.7500
-78.99256902;-2.898387574;[0];-100.1250
-78.99232622;-2.898387142;[0];-100.5625
-78.99208342;-2.898386709;[0];-100.9375
-78.99184062;-2.898386276;[0];-101.2500
-78.99159782;-2.898385843;[0];-101.6250
-78.99135502;-2.89838541;[0];-102.0000
-79.01733527;-2.89818731;[0];-101.8125
-79.01709246;-2.898186883;[0];-101.4375
-79.01684966;-2.898186455;[0];-101.0625
-79.01660686;-2.898186028;[0];-100.7500
-79.01636405;-2.898185601;[0];-100.4375
-79.01612125;-2.898185173;[0];-100.1250
-79.01587844;-2.898184745;[0];-99.6875
-79.01563564;-2.898184318;[0];-99.3125
-79.01539284;-2.89818389;[0];-98.9375
-79.01515003;-2.898183462;[0];-98.5625
-79.01490723;-2.898183035;[0];-98.1250
-79.01466443;-2.898182607;[0];-97.6875
-79.01442162;-2.898182179;[0];-97.2500
-79.01417882;-2.898181751;[0];-96.8750
-79.01393602;-2.898181323;[0];-96.5000
-79.01369321;-2.898180895;[0];-96.0625
-79.01345041;-2.898180467;[0];-95.5625
-79.01320760;-2.898180039;[0];-95.1250
-79.01296480;-2.89817961;[0];-94.6250
-79.01272200;-2.898179182;[0];-94.1875
-79.01247919;-2.898178754;[0];-93.6875
-79.01223639;-2.898178325;[0];-93.1875
-79.01199359;-2.898177897;[0];-92.7500
-79.01175079;-2.898177469;[0];-92.1875
-79.01150798;-2.89817704;[0];-91.7500
-79.01126518;-2.898176611;[0];-91.1875
-79.01102238;-2.898176183;[0];-90.6875
-79.01077957;-2.898175754;[0];-90.0625
-79.01053677;-2.898175325;[0];-89.5625
-79.01029397;-2.898174897;[0];-88.9375
-79.01005116;-2.898174468;[0];-88.4375
-79.00980836;-2.898174039;[0];-87.8750
-79.00956556;-2.89817361;[0];-87.3125
-79.00932276;-2.898173181;[0];-86.6875
-79.00907995;-2.898172752;[0];-86.1250
-79.00883715;-2.898172323;[0];-85.5625
-79.00859435;-2.898171894;[0];-85.0000
-79.00835154;-2.898171465;[0];-84.4375
-79.00810874;-2.898171035;[0];-83.8750
-79.00786594;-2.898170606;[0];-83.3125
-79.00762314;-2.898170177;[0];-82.8125
-79.00738033;-2.898169747;[0];-82.3125
-79.00713753;-2.898169318;[0];-81.8125
-79.00689473;-2.898168888;[0];-81.3125
-79.00665193;-2.898168459;[0];-80.8750
-79.00640912;-2.898168029;[0];-80.4375
-79.00616632;-2.898167599;[0];-80.0625
-79.00592352;-2.89816717;[0];-79.6875
-79.00568072;-2.89816674;[0];-79.3750
-79.00543792;-2.89816631;[0];-79.1250
-79.00519511;-2.89816588;[0];-78.8125
-79.00495231;-2.89816545;[0];-78.6875
-79.00470951;-2.89816502;[0];-78.5625
-79.00446671;-2.89816459;[0];-78.5000
-79.00422391;-2.89816416;[0];-78.4375
-79.00398110;-2.89816373;[0];-78.4375
-79.00373830;-2.8981633;[0];-78.5625
-79.00349550;-2.89816287;[0];-78.6875
-79.00325270;-2.898162439;[0];-78.8750
-79.00300990;-2.898162009;[0];-79.1250
-79.00276709;-2.898161579;[0];-79.3750
-79.00252429;-2.898161148;[0];-79.6875
-79.00228149;-2.898160718;[0];-80.0625
-79.00203869;-2.898160287;[0];-80.4375
-79.00179589;-2.898159856;[0];-80.8750
-79.00155309;-2.898159426;[0];-81.3125
-79.00131028;-2.898158995;[0];-81.8125
-79.00106748;-2.898158564;[0];-82.3125
-79.00082468;-2.898158133;[0];-82.8125
-79.00058188;-2.898157703;[0];-83.3125
-79.00033908;-2.898157272;[0];-83.8750
-79.00009628;-2.898156841;[0];-84.4375
-78.99985347;-2.89815641;[0];-85.0000
-78.99961067;-2.898155979;[0];-85.5625
-78.99936787;-2.898155547;[0];-86.1250
-78.99912507;-2.898155116;[0];-86.8125
-78.99888227;-2.898154685;[0];-87.3125
-78.99863947;-2.898154254;[0];-87.9375
-78.99839667;-2.898153822;[0];-88.5000
-78.99815387;-2.898153391;[0];-89.1250
-78.99791107;-2.89815296;[0];-89.6875
-78.99766826;-2.898152528;[0];-90.2500
-78.99742546;-2.898152097;[0];-90.7500
-78.99718266;-2.898151665;[0];-91.3125
-78.99693986;-2.898151233;[0];-91.8125
-78.99669706;-2.898150802;[0];-92.3750
-78.99645426;-2.89815037;[0];-92.9375
-78.99621146;-2.898149938;[0];-93.3750
-78.99596866;-2.898149506;[0];-93.8750
-78.99572586;-2.898149074;[0];-94.3750
-78.99548306;-2.898148642;[0];-94.8750
-78.99524026;-2.89814821;[0];-95.3750
-78.99499745;-2.898147778;[0];-95.8750
-78.99475465;-2.898147346;[0];-96.3125
-78.99451185;-2.898146914;[0];-96.6875
-78.99426905;-2.898146482;[0];-97.1250
-78.99402625;-2.898146049;[0];-97.5625
-78.99378345;-2.898145617;[0];-98.0625
-78.99354065;-2.898145185;[0];-98.5000
-78.99329785;-2.898144752;[0];-98.8125
-78.99305505;-2.89814432;[0];-99.2500
-78.99281225;-2.898143887;[0];-99.6250
-78.99256945;-2.898143455;[0];-100.0000
-78.99232665;-2.898143022;[0];-100.3750
-78.99208385;-2.898142589;[0];-100.7500
-78.99184105;-2.898142156;[0];-101.1250
-78.99159825;-2.898141724;[0];-101.5000
-78.99135545;-2.898141291;[0];-101.8125
-79.01757850;-2.897943614;[0];-102.0000
-79.01733569;-2.897943187;[0];-101.6250
-79.01709289;-2.897942759;[0];-101.3125
-79.01685008;-2.897942332;[0];-101.0000
-79.01660728;-2.897941905;[0];-100.6875
-79.01636448;-2.897941477;[0];-100.3125
-79.01612167;-2.89794105;[0];-99.9375
-79.01587887;-2.897940622;[0];-99.5625
-79.01563607;-2.897940195;[0];-99.1875
-79.01539326;-2.897939767;[0];-98.8125
-79.01515046;-2.897939339;[0];-98.3750
-79.01490765;-2.897938911;[0];-98.0000
-79.01466485;-2.897938484;[0];-97.5625
-79.01442205;-2.897938056;[0];-97.2500
-79.01417924;-2.897937628;[0];-96.8125
-79.01393644;-2.8979372;[0];-96.3750
-79.01369364;-2.897936772;[0];-95.8750
-79.01345083;-2.897936344;[0];-95.4375
-79.01320803;-2.897935916;[0];-95.0000
-79.01296523;-2.897935488;[0];-94.5625
-79.01272242;-2.897935059;[0];-94.0625
-79.01247962;-2.897934631;[0];-93.6250
-79.01223682;-2.897934203;[0];-93.1875
-79.01199401;-2.897933774;[0];-92.6250
-79.01175121;-2.897933346;[0];-92.1875
-79.01150841;-2.897932917;[0];-91.6250
-79.01126561;-2.897932489;[0];-91.1875
-79.01102280;-2.89793206;[0];-90.6250
-79.01078000;-2.897931632;[0];-90.1250
-79.01053720;-2.897931203;[0];-89.5000
-79.01029439;-2.897930774;[0];-89.0000
-79.01005159;-2.897930345;[0];-88.5000
-79.00980879;-2.897929917;[0];-87.9375
-79.00956599;-2.897929488;[0];-87.3750
-79.00932318;-2.897929059;[0];-86.8125
-79.00908038;-2.89792863;[0];-86.3125
-79.00883758;-2.897928201;[0];-85.7500
-79.00859477;-2.897927772;[0];-85.1875
-79.00835197;-2.897927342;[0];-84.6250
-79.00810917;-2.897926913;[0];-84.0625
-79.00786637;-2.897926484;[0];-83.6250
-79.00762356;-2.897926055;[0];-83.0625
-79.00738076;-2.897925625;[0];-82.5625
-79.00713796;-2.897925196;[0];-82.1250
-79.00689516;-2.897924766;[0];-81.6875
-79.00665235;-2.897924337;[0];-81.1875
-79.00640955;-2.897923907;[0];-80.8750
-79.00616675;-2.897923478;[0];-80.5000
-79.00592395;-2.897923048;[0];-80.1875
-79.00568115;-2.897922618;[0];-79.8125
-79.00543834;-2.897922188;[0];-79.6250
-79.00519554;-2.897921759;[0];-79.3125
-79.00495274;-2.897921329;[0];-79.2500
-79.00470994;-2.897920899;[0];-79.1250
-79.00446714;-2.897920469;[0];-79.0625
-79.00422433;-2.897920039;[0];-79.0000
-79.00398153;-2.897919609;[0];-79.0000
-79.00373873;-2.897919178;[0];-79.1250
-79.00349593;-2.897918748;[0];-79.2500
-79.00325313;-2.897918318;[0];-79.4375
-79.00301032;-2.897917888;[0];-79.6250
-79.00276752;-2.897917457;[0];-79.8125
-79.00252472;-2.897917027;[0];-80.1250
-79.00228192;-2.897916596;[0];-80.4375
-79.00203912;-2.897916166;[0];-80.8125
-79.00179632;-2.897915735;[0];-81.1875
-79.00155351;-2.897915305;[0];-81.6875
-79.00131071;-2.897914874;[0];-82.1250
-79.00106791;-2.897914443;[0];-82.5625
-79.00082511;-2.897914012;[0];-83.0000
-79.00058231;-2.897913582;[0];-83.5625
-79.00033951;-2.897913151;[0];-84.0625
-79.00009670;-2.89791272;[0];-84.6250
-78.99985390;-2.897912289;[0];-85.1875
-78.99961110;-2.897911858;[0];-85.7500
-78.9993683;-2.897911427;[0];-86.2500
-78.99912550;-2.897910995;[0];-86.8125
-78.99888270;-2.897910564;[0];-87.4375
-78.99863990;-2.897910133;[0];-88.0000
-78.99839710;-2.897909702;[0];-88.5625
-78.99815430;-2.89790927;[0];-89.1250
-78.99791149;-2.897908839;[0];-89.6875
-78.99766869;-2.897908408;[0];-90.1875
-78.99742589;-2.897907976;[0];-90.8125
-78.99718309;-2.897907544;[0];-91.2500
-78.99694029;-2.897907113;[0];-91.8125
-78.99669749;-2.897906681;[0];-92.3125
-78.99645469;-2.897906249;[0];-92.8125
-78.99621189;-2.897905818;[0];-93.3750
-78.99596909;-2.897905386;[0];-93.8125
-78.99572629;-2.897904954;[0];-94.2500
-78.99548349;-2.897904522;[0];-94.7500
-78.99524069;-2.89790409;[0];-95.2500
-78.99499788;-2.897903658;[0];-95.7500
-78.99475508;-2.897903226;[0];-96.1875
-78.99451228;-2.897902794;[0];-96.6250
-78.99426948;-2.897902362;[0];-97.0625
-78.99402668;-2.897901929;[0];-97.4375
-78.99378388;-2.897901497;[0];-97.8750
-78.99354108;-2.897901065;[0];-98.3125
-78.99329828;-2.897900632;[0];-98.7500
-78.99305548;-2.8979002;[0];-99.1250
-78.99281268;-2.897899767;[0];-99.5000
-78.99256988;-2.897899335;[0];-99.8750
-78.99232708;-2.897898902;[0];-100.2500
-78.99208428;-2.897898469;[0];-100.6250
-78.99184148;-2.897898037;[0];-101.0000
-78.99159868;-2.897897604;[0];-101.3125
-78.99135588;-2.897897171;[0];-101.6875
-78.99111308;-2.897896738;[0];-102.0000
-79.01757892;-2.89769949;[0];-101.8750
-79.01733612;-2.897699063;[0];-101.5625
-79.01709331;-2.897698636;[0];-101.2500
-79.01685051;-2.897698209;[0];-100.8750
-79.01660771;-2.897697781;[0];-100.5625
-79.01636490;-2.897697354;[0];-100.1875
-79.01612210;-2.897696926;[0];-99.8125
-79.01587929;-2.897696499;[0];-99.4375
-79.01563649;-2.897696071;[0];-99.0625
-79.01539369;-2.897695644;[0];-98.6250
-79.01515088;-2.897695216;[0];-98.2500
-79.01490808;-2.897694788;[0];-97.9375
-79.01466528;-2.897694361;[0];-97.5625
-79.01442247;-2.897693933;[0];-97.1250
-79.01417967;-2.897693505;[0];-96.6875
-79.01393687;-2.897693077;[0];-96.2500
-79.01369406;-2.897692649;[0];-95.8125
-79.01345126;-2.897692221;[0];-95.3750
-79.01320846;-2.897691793;[0];-94.9375
-79.01296565;-2.897691365;[0];-94.5000
-79.01272285;-2.897690936;[0];-94.0625
-79.01248005;-2.897690508;[0];-93.5625
-79.01223724;-2.89769008;[0];-93.1250
-79.01199444;-2.897689652;[0];-92.6250
-79.01175164;-2.897689223;[0];-92.1250
-79.01150883;-2.897688795;[0];-91.6875
-79.01126603;-2.897688366;[0];-91.1250
-79.01102323;-2.897687938;[0];-90.6250
-79.01078043;-2.897687509;[0];-90.0625
-79.01053762;-2.89768708;[0];-89.5625
-79.01029482;-2.897686652;[0];-89.1250
-79.01005202;-2.897686223;[0];-88.5625
-79.00980921;-2.897685794;[0];-88.0000
-79.00956641;-2.897685365;[0];-87.5000
-79.00932361;-2.897684936;[0];-86.9375
-79.00908081;-2.897684507;[0];-86.4375
-79.00883800;-2.897684078;[0];-85.8750
-79.00859520;-2.897683649;[0];-85.3750
-79.00835240;-2.89768322;[0];-84.8125
-79.00810960;-2.897682791;[0];-84.3125
-79.00786679;-2.897682362;[0];-83.8125
-79.00762399;-2.897681933;[0];-83.3750
-79.00738119;-2.897681503;[0];-82.8750
-79.00713839;-2.897681074;[0];-82.4375
-79.00689558;-2.897680644;[0];-82.0625
-79.00665278;-2.897680215;[0];-81.6250
-79.00640998;-2.897679785;[0];-81.2500
-79.00616718;-2.897679356;[0];-80.9375
-79.00592438;-2.897678926;[0];-80.6250
-79.00568157;-2.897678496;[0];-80.3125
-79.00543877;-2.897678067;[0];-80.1250
-79.00519597;-2.897677637;[0];-79.8750
-79.00495317;-2.897677207;[0];-79.7500
-79.00471036;-2.897676777;[0];-79.6875
-79.00446756;-2.897676347;[0];-79.5625
-79.00422476;-2.897675917;[0];-79.5625
-79.00398196;-2.897675487;[0];-79.5625
-79.00373916;-2.897675057;[0];-79.6875
-79.00349636;-2.897674627;[0];-79.7500
-79.00325355;-2.897674196;[0];-79.9375
-79.00301075;-2.897673766;[0];-80.1250
-79.00276795;-2.897673336;[0];-80.3125
-79.00252515;-2.897672906;[0];-80.6250
-79.00228235;-2.897672475;[0];-80.8125
-79.00203955;-2.897672045;[0];-81.2500
-79.00179674;-2.897671614;[0];-81.6250
-79.00155394;-2.897671183;[0];-82.0625
-79.00131114;-2.897670753;[0];-82.4375
-79.00106834;-2.897670322;[0];-82.8750
-79.00082554;-2.897669891;[0];-83.3750
-79.00058274;-2.897669461;[0];-83.8125
-79.00033993;-2.89766903;[0];-84.3125
-79.00009713;-2.897668599;[0];-84.8125
-78.99985433;-2.897668168;[0];-85.3750
-78.99961153;-2.897667737;[0];-85.8750
-78.99936873;-2.897667306;[0];-86.4375
-78.99912593;-2.897666875;[0];-86.9375
-78.99888313;-2.897666444;[0];-87.5000
-78.99864033;-2.897666012;[0];-88.0625
-78.99839753;-2.897665581;[0];-88.5625
-78.99815472;-2.89766515;[0];-89.1875
-78.99791192;-2.897664718;[0];-89.6875
-78.99766912;-2.897664287;[0];-90.2500
-78.99742632;-2.897663855;[0];-90.7500
-78.99718352;-2.897663424;[0];-91.3125
-78.99694072;-2.897662992;[0];-91.7500
-78.99669792;-2.897662561;[0];-92.3125
-78.99645512;-2.897662129;[0];-92.7500
-78.99621232;-2.897661697;[0];-93.2500
-78.99596952;-2.897661266;[0];-93.7500
-78.99572672;-2.897660834;[0];-94.2500
-78.99548392;-2.897660402;[0];-94.6875
-78.99524111;-2.89765997;[0];-95.1250
-78.99499831;-2.897659538;[0];-95.6250
-78.99475551;-2.897659106;[0];-96.0625
-78.99451271;-2.897658674;[0];-96.5000
-78.99426991;-2.897658242;[0];-96.9375
-78.99402711;-2.897657809;[0];-97.3750
-78.99378431;-2.897657377;[0];-97.7500
-78.99354151;-2.897656945;[0];-98.1250
-78.99329871;-2.897656512;[0];-98.5625
-78.99305591;-2.89765608;[0];-99.0000
-78.99281311;-2.897655647;[0];-99.4375
-78.99257031;-2.897655215;[0];-99.7500
-78.99232751;-2.897654782;[0];-100.1250
-78.99208471;-2.89765435;[0];-100.4375
-78.99184191;-2.897653917;[0];-100.8125
-78.99159911;-2.897653484;[0];-101.1875
-78.99135631;-2.897653052;[0];-101.5625
-78.99111351;-2.897652619;[0];-101.8750
-79.01757935;-2.897455367;[0];-101.8125
-79.01733654;-2.89745494;[0];-101.4375
-79.01709374;-2.897454512;[0];-101.1250
-79.01685093;-2.897454085;[0];-100.7500
-79.01660813;-2.897453658;[0];-100.4375
-79.01636533;-2.89745323;[0];-100.0625
-79.01612252;-2.897452803;[0];-99.6875
-79.01587972;-2.897452376;[0];-99.3125
-79.01563692;-2.897451948;[0];-98.9375
-79.01539411;-2.89745152;[0];-98.5625
-79.01515131;-2.897451093;[0];-98.2500
-79.01490851;-2.897450665;[0];-97.8125
-79.01466570;-2.897450237;[0];-97.4375
-79.01442290;-2.89744981;[0];-97.0000
-79.01418010;-2.897449382;[0];-96.5625
-79.01393729;-2.897448954;[0];-96.1250
-79.01369449;-2.897448526;[0];-95.7500
-79.01345169;-2.897448098;[0];-95.3125
-79.01320888;-2.89744767;[0];-94.8750
-79.01296608;-2.897447242;[0];-94.4375
-79.01272328;-2.897446814;[0];-94.0000
-79.01248047;-2.897446385;[0];-93.5625
-79.01223767;-2.897445957;[0];-93.0625
-79.01199487;-2.897445529;[0];-92.6250
-79.01175206;-2.897445101;[0];-92.1250
-79.01150926;-2.897444672;[0];-91.6250
-79.01126646;-2.897444244;[0];-91.1875
-79.01102365;-2.897443815;[0];-90.6250
-79.01078085;-2.897443387;[0];-90.1250
-79.01053805;-2.897442958;[0];-89.6875
-79.01029525;-2.897442529;[0];-89.1875
-79.01005244;-2.897442101;[0];-88.6250
-79.00980964;-2.897441672;[0];-88.1250
-79.00956684;-2.897441243;[0];-87.6250
-79.00932404;-2.897440814;[0];-87.1250
-79.00908123;-2.897440385;[0];-86.5625
-79.00883843;-2.897439956;[0];-86.0625
-79.00859563;-2.897439527;[0];-85.5625
-79.00835283;-2.897439098;[0];-85.0000
-79.00811002;-2.897438669;[0];-84.6250
-79.00786722;-2.89743824;[0];-84.0625
-79.00762442;-2.89743781;[0];-83.6250
-79.00738162;-2.897437381;[0];-83.1875
-79.00713881;-2.897436952;[0];-82.8125
-79.00689601;-2.897436522;[0];-82.3750
-79.00665321;-2.897436093;[0];-82.0000
-79.00641041;-2.897435663;[0];-81.6875
-79.00616760;-2.897435234;[0];-81.3750
-79.00592480;-2.897434804;[0];-81.0625
-79.005682;-2.897434375;[0];-80.8125
-79.00543920;-2.897433945;[0];-80.5625
-79.00519640;-2.897433515;[0];-80.3750
-79.00495359;-2.897433085;[0];-80.2500
-79.00471079;-2.897432655;[0];-80.1875
-79.00446799;-2.897432225;[0];-80.1250
-79.00422519;-2.897431796;[0];-80.1250
-79.00398239;-2.897431365;[0];-80.0625
-79.00373958;-2.897430935;[0];-80.1875
-79.00349678;-2.897430505;[0];-80.2500
-79.00325398;-2.897430075;[0];-80.3750
-79.00301118;-2.897429645;[0];-80.5625
-79.00276838;-2.897429215;[0];-80.8125
-79.00252558;-2.897428784;[0];-81.0625
-79.00228277;-2.897428354;[0];-81.3125
-79.00203997;-2.897427923;[0];-81.6875
-79.00179717;-2.897427493;[0];-82.0000
-79.00155437;-2.897427062;[0];-82.3125
-79.00131157;-2.897426632;[0];-82.7500
-79.00106877;-2.897426201;[0];-83.1875
-79.00082597;-2.89742577;[0];-83.6250
-79.00058316;-2.89742534;[0];-84.0625
-79.00034036;-2.897424909;[0];-84.5625
-79.00009756;-2.897424478;[0];-85.0000
-78.99985476;-2.897424047;[0];-85.5625
-78.99961196;-2.897423616;[0];-86.0625
-78.99936916;-2.897423185;[0];-86.5625
-78.99912636;-2.897422754;[0];-87.0625
-78.99888356;-2.897422323;[0];-87.5625
-78.99864076;-2.897421892;[0];-88.1250
-78.99839795;-2.89742146;[0];-88.6875
-78.99815515;-2.897421029;[0];-89.1875
-78.99791235;-2.897420598;[0];-89.7500
-78.99766955;-2.897420166;[0];-90.2500
-78.99742675;-2.897419735;[0];-90.8125
-78.99718395;-2.897419303;[0];-91.2500
-78.99694115;-2.897418872;[0];-91.8125
-78.99669835;-2.89741844;[0];-92.2500
-78.99645555;-2.897418009;[0];-92.7500
-78.99621275;-2.897417577;[0];-93.1875
-78.99596995;-2.897417145;[0];-93.6875
-78.99572715;-2.897416713;[0];-94.1875
-78.99548434;-2.897416282;[0];-94.6250
-78.99524154;-2.89741585;[0];-95.0625
-78.99499874;-2.897415418;[0];-95.5000
-78.99475594;-2.897414986;[0];-95.9375
-78.99451314;-2.897414554;[0];-96.3750
-78.99427034;-2.897414121;[0];-96.8125
-78.99402754;-2.897413689;[0];-97.2500
-78.99378474;-2.897413257;[0];-97.6875
-78.99354194;-2.897412825;[0];-98.0625
-78.99329914;-2.897412392;[0];-98.4375
-78.99305634;-2.89741196;[0];-98.8125
-78.99281354;-2.897411528;[0];-99.1875
-78.99257074;-2.897411095;[0];-99.6250
-78.99232794;-2.897410663;[0];-100.0625
-78.99208514;-2.89741023;[0];-100.3750
-78.99184234;-2.897409797;[0];-100.6875
-78.99159954;-2.897409365;[0];-101.0625
-78.99135674;-2.897408932;[0];-101.3750
-78.99111394;-2.897408499;[0];-101.7500
-79.01782257;-2.89721167;[0];-102.0000
-79.01757977;-2.897211243;[0];-101.6875
-79.01733697;-2.897210816;[0];-101.3125
-79.01709416;-2.897210389;[0];-101.0000
-79.01685136;-2.897209962;[0];-100.6250
-79.01660856;-2.897209534;[0];-100.3125
-79.01636575;-2.897209107;[0];-99.9375
-79.01612295;-2.89720868;[0];-99.5625
-79.01588014;-2.897208252;[0];-99.1875
-79.01563734;-2.897207825;[0];-98.8750
-79.01539454;-2.897207397;[0];-98.5000
-79.01515173;-2.89720697;[0];-98.1250
-79.01490893;-2.897206542;[0];-97.6875
-79.01466613;-2.897206114;[0];-97.3125
-79.01442332;-2.897205687;[0];-96.8750
-79.01418052;-2.897205259;[0];-96.5000
-79.01393772;-2.897204831;[0];-96.1250
-79.01369491;-2.897204403;[0];-95.6875
-79.01345211;-2.897203975;[0];-95.2500
-79.01320931;-2.897203547;[0];-94.8750
-79.01296650;-2.897203119;[0];-94.3750
-79.01272370;-2.897202691;[0];-94.0000
-79.01248090;-2.897202263;[0];-93.5000
-79.01223810;-2.897201834;[0];-93.0625
-79.01199529;-2.897201406;[0];-92.6250
-79.01175249;-2.897200978;[0];-92.1250
-79.01150969;-2.897200549;[0];-91.6875
-79.01126688;-2.897200121;[0];-91.1250
-79.01102408;-2.897199693;[0];-90.6875
-79.01078128;-2.897199264;[0];-90.2500
-79.01053848;-2.897198835;[0];-89.7500
-79.01029567;-2.897198407;[0];-89.1875
-79.01005287;-2.897197978;[0];-88.6875
-79.00981007;-2.897197549;[0];-88.2500
-79.00956726;-2.897197121;[0];-87.7500
-79.00932446;-2.897196692;[0];-87.2500
-79.00908166;-2.897196263;[0];-86.7500
-79.00883886;-2.897195834;[0];-86.2500
-79.00859605;-2.897195405;[0];-85.7500
-79.00835325;-2.897194976;[0];-85.3125
-79.00811045;-2.897194547;[0];-84.8125
-79.00786765;-2.897194118;[0];-84.3750
-79.00762485;-2.897193688;[0];-83.9375
-79.00738204;-2.897193259;[0];-83.5000
-79.00713924;-2.89719283;[0];-83.1250
-79.00689644;-2.8971924;[0];-82.6875
-79.00665364;-2.897191971;[0];-82.3750
-79.00641083;-2.897191542;[0];-82.0625
-79.00616803;-2.897191112;[0];-81.7500
-79.00592523;-2.897190682;[0];-81.5000
-79.00568243;-2.897190253;[0];-81.3125
-79.00543963;-2.897189823;[0];-81.0000
-79.00519682;-2.897189393;[0];-80.8750
-79.00495402;-2.897188964;[0];-80.7500
-79.00471122;-2.897188534;[0];-80.6875
-79.00446842;-2.897188104;[0];-80.6250
-79.00422562;-2.897187674;[0];-80.6250
-79.00398281;-2.897187244;[0];-80.5625
-79.00374001;-2.897186814;[0];-80.6875
-79.00349721;-2.897186384;[0];-80.7500
-79.00325441;-2.897185954;[0];-80.8750
-79.00301161;-2.897185523;[0];-81.0000
-79.00276881;-2.897185093;[0];-81.3125
-79.00252600;-2.897184663;[0];-81.5000
-79.00228320;-2.897184233;[0];-81.7500
-79.00204040;-2.897183802;[0];-82.0625
-79.00179760;-2.897183372;[0];-82.3750
-79.00155480;-2.897182941;[0];-82.6875
-79.00131200;-2.897182511;[0];-83.1250
-79.00106920;-2.89718208;[0];-83.5000
-79.00082639;-2.897181649;[0];-83.9375
-79.00058359;-2.897181219;[0];-84.3750
-79.00034079;-2.897180788;[0];-84.8125
-79.00009799;-2.897180357;[0];-85.3125
-78.99985519;-2.897179926;[0];-85.7500
-78.99961239;-2.897179495;[0];-86.2500
-78.99936959;-2.897179064;[0];-86.7500
-78.99912679;-2.897178633;[0];-87.2500
-78.99888399;-2.897178202;[0];-87.7500
-78.99864118;-2.897177771;[0];-88.1875
-78.99839838;-2.89717734;[0];-88.7500
-78.99815558;-2.897176908;[0];-89.2500
-78.99791278;-2.897176477;[0];-89.7500
-78.99766998;-2.897176046;[0];-90.3125
-78.99742718;-2.897175614;[0];-90.7500
-78.99718438;-2.897175183;[0];-91.3125
-78.99694158;-2.897174751;[0];-91.7500
-78.99669878;-2.89717432;[0];-92.2500
-78.99645598;-2.897173888;[0];-92.6875
-78.99621318;-2.897173457;[0];-93.1875
-78.99597038;-2.897173025;[0];-93.6250
-78.99572757;-2.897172593;[0];-94.0625
-78.99548477;-2.897172161;[0];-94.5625
-78.99524197;-2.897171729;[0];-95.0625
-78.99499917;-2.897171297;[0];-95.4375
-78.99475637;-2.897170866;[0];-95.8750
-78.99451357;-2.897170433;[0];-96.3125
-78.99427077;-2.897170001;[0];-96.7500
-78.99402797;-2.897169569;[0];-97.1875
-78.99378517;-2.897169137;[0];-97.5625
-78.99354237;-2.897168705;[0];-98.0000
-78.99329957;-2.897168273;[0];-98.3750
-78.99305677;-2.89716784;[0];-98.7500
-78.99281397;-2.897167408;[0];-99.0625
-78.99257117;-2.897166975;[0];-99.4375
-78.99232837;-2.897166543;[0];-99.8750
-78.99208557;-2.89716611;[0];-100.2500
-78.99184277;-2.897165678;[0];-100.6250
-78.99159997;-2.897165245;[0];-100.9375
-78.99135717;-2.897164812;[0];-101.2500
-78.99111437;-2.89716438;[0];-101.6250
-78.99087157;-2.897163947;[0];-101.9375
-79.01782300;-2.896967547;[0];-101.8750
-79.01758020;-2.89696712;[0];-101.5625
-79.01733739;-2.896966693;[0];-101.1875
-79.01709459;-2.896966265;[0];-100.8750
-79.01685178;-2.896965838;[0];-100.5000
-79.01660898;-2.896965411;[0];-100.1875
-79.01636618;-2.896964984;[0];-99.8125
-79.01612337;-2.896964556;[0];-99.5000
-79.01588057;-2.896964129;[0];-99.1875
-79.01563777;-2.896963702;[0];-98.7500
-79.01539496;-2.896963274;[0];-98.3750
-79.01515216;-2.896962846;[0];-98.0000
-79.01490936;-2.896962419;[0];-97.6250
-79.01466655;-2.896961991;[0];-97.1875
-79.01442375;-2.896961563;[0];-96.8125
-79.01418095;-2.896961136;[0];-96.4375
-79.01393814;-2.896960708;[0];-96.0000
-79.01369534;-2.89696028;[0];-95.6250
-79.01345254;-2.896959852;[0];-95.2500
-79.01320973;-2.896959424;[0];-94.8125
-79.01296693;-2.896958996;[0];-94.3750
-79.01272413;-2.896958568;[0];-93.9375
-79.01248132;-2.89695814;[0];-93.5000
-79.01223852;-2.896957712;[0];-93.0625
-79.01199572;-2.896957283;[0];-92.5625
-79.01175292;-2.896956855;[0];-92.1250
-79.01151011;-2.896956427;[0];-91.6250
-79.01126731;-2.896955998;[0];-91.1875
-79.01102451;-2.89695557;[0];-90.7500
-79.01078170;-2.896955142;[0];-90.3125
-79.01053890;-2.896954713;[0];-89.7500
-79.01029610;-2.896954284;[0];-89.3125
-79.01005330;-2.896953856;[0];-88.8125
-79.00981049;-2.896953427;[0];-88.3750
-79.00956769;-2.896952998;[0];-87.8750
-79.00932489;-2.896952569;[0];-87.3750
-79.00908209;-2.896952141;[0];-86.9375
-79.00883928;-2.896951712;[0];-86.4375
-79.00859648;-2.896951283;[0];-85.9375
-79.00835368;-2.896950854;[0];-85.5625
-79.00811088;-2.896950425;[0];-85.0625
-79.00786807;-2.896949996;[0];-84.6250
-79.00762527;-2.896949566;[0];-84.2500
-79.00738247;-2.896949137;[0];-83.8750
-79.00713967;-2.896948708;[0];-83.4375
-79.00689687;-2.896948279;[0];-83.1250
-79.00665406;-2.896947849;[0];-82.7500
-79.00641126;-2.89694742;[0];-82.5000
-79.00616846;-2.89694699;[0];-82.1875
-79.00592566;-2.896946561;[0];-81.8750
-79.00568286;-2.896946131;[0];-81.7500
-79.00544005;-2.896945701;[0];-81.5000
-79.00519725;-2.896945272;[0];-81.3125
-79.00495445;-2.896944842;[0];-81.1875
-79.00471165;-2.896944412;[0];-81.1875
-79.00446885;-2.896943982;[0];-81.0625
-79.00422604;-2.896943552;[0];-81.0625
-79.00398324;-2.896943122;[0];-81.0625
-79.00374044;-2.896942692;[0];-81.1875
-79.00349764;-2.896942262;[0];-81.1875
-79.00325484;-2.896941832;[0];-81.3125
-79.00301204;-2.896941402;[0];-81.5000
-79.00276923;-2.896940972;[0];-81.6875
-79.00252643;-2.896940542;[0];-81.8750
-79.00228363;-2.896940111;[0];-82.1875
-79.00204083;-2.896939681;[0];-82.3750
-79.00179803;-2.89693925;[0];-82.7500
-79.00155523;-2.89693882;[0];-83.0625
-79.00131243;-2.896938389;[0];-83.4375
-79.00106962;-2.896937959;[0];-83.8125
-79.00082682;-2.896937528;[0];-84.2500
-79.00058402;-2.896937098;[0];-84.6250
-79.00034122;-2.896936667;[0];-85.0625
-79.00009842;-2.896936236;[0];-85.5000
-78.99985562;-2.896935805;[0];-85.9375
-78.99961282;-2.896935374;[0];-86.4375
-78.99937002;-2.896934943;[0];-86.8750
-78.99912721;-2.896934512;[0];-87.3750
-78.99888441;-2.896934081;[0];-87.8750
-78.99864161;-2.89693365;[0];-88.3125
-78.99839881;-2.896933219;[0];-88.8125
-78.99815601;-2.896932788;[0];-89.3125
-78.99791321;-2.896932357;[0];-89.8125
-78.99767041;-2.896931925;[0];-90.3125
-78.99742761;-2.896931494;[0];-90.8125
-78.99718481;-2.896931062;[0];-91.2500
-78.99694201;-2.896930631;[0];-91.8125
-78.99669921;-2.896930199;[0];-92.2500
-78.99645641;-2.896929768;[0];-92.7500
-78.99621361;-2.896929336;[0];-93.1875
-78.99597080;-2.896928905;[0];-93.6250
-78.99572800;-2.896928473;[0];-94.0625
-78.99548520;-2.896928041;[0];-94.5000
-78.99524240;-2.896927609;[0];-94.9375
-78.99499960;-2.896927177;[0];-95.4375
-78.99475680;-2.896926745;[0];-95.8125
-78.99451400;-2.896926313;[0];-96.1875
-78.99427120;-2.896925881;[0];-96.6250
-78.99402840;-2.896925449;[0];-97.0625
-78.99378560;-2.896925017;[0];-97.5000
-78.99354280;-2.896924585;[0];-97.8750
-78.99330000;-2.896924153;[0];-98.3125
-78.99305720;-2.89692372;[0];-98.6875
-78.99281440;-2.896923288;[0];-99.0625
-78.99257160;-2.896922856;[0];-99.3750
-78.99232880;-2.896922423;[0];-99.7500
-78.99208600;-2.896921991;[0];-100.0625
-78.99184320;-2.896921558;[0];-100.5000
-78.99160040;-2.896921125;[0];-100.8750
-78.99135760;-2.896920693;[0];-101.2500
-78.99111480;-2.89692026;[0];-101.5000
-78.99087200;-2.896919827;[0];-101.8125
-79.01782342;-2.896723423;[0];-101.7500
-79.01758062;-2.896722996;[0];-101.4375
-79.01733782;-2.896722569;[0];-101.0625
-79.01709501;-2.896722142;[0];-100.7500
-79.01685221;-2.896721715;[0];-100.3750
-79.01660941;-2.896721288;[0];-100.1250
-79.01636660;-2.89672086;[0];-99.8125
-79.01612380;-2.896720433;[0];-99.4375
-79.01588100;-2.896720006;[0];-99.0625
-79.01563819;-2.896719578;[0];-98.6875
-79.01539539;-2.896719151;[0];-98.3125
-79.01515258;-2.896718723;[0];-97.8750
-79.01490978;-2.896718296;[0];-97.5625
-79.01466698;-2.896717868;[0];-97.1875
-79.01442418;-2.89671744;[0];-96.7500
-79.01418137;-2.896717013;[0];-96.3750
-79.01393857;-2.896716585;[0];-96.0000
-79.01369577;-2.896716157;[0];-95.5625
-79.01345296;-2.896715729;[0];-95.1875
-79.01321016;-2.896715301;[0];-94.8125
-79.01296736;-2.896714873;[0];-94.3125
-79.01272455;-2.896714445;[0];-93.9375
-79.01248175;-2.896714017;[0];-93.5000
-79.01223895;-2.896713589;[0];-93.0000
-79.01199614;-2.896713161;[0];-92.6250
-79.01175334;-2.896712733;[0];-92.1250
-79.01151054;-2.896712304;[0];-91.6875
-79.01126774;-2.896711876;[0];-91.2500
-79.01102493;-2.896711447;[0];-90.8125
-79.01078213;-2.896711019;[0];-90.3125
-79.01053933;-2.89671059;[0];-89.8750
-79.01029653;-2.896710162;[0];-89.3750
-79.01005372;-2.896709733;[0];-88.9375
-79.00981092;-2.896709305;[0];-88.5000
-79.00956812;-2.896708876;[0];-88.0000
-79.00932532;-2.896708447;[0];-87.5625
-79.00908251;-2.896708018;[0];-87.0625
-79.00883971;-2.896707589;[0];-86.6250
-79.00859691;-2.896707161;[0];-86.2500
-79.00835411;-2.896706732;[0];-85.7500
-79.00811130;-2.896706303;[0];-85.3750
-79.00786850;-2.896705873;[0];-84.9375
-79.00762570;-2.896705444;[0];-84.5000
-79.00738290;-2.896705015;[0];-84.1875
-79.00714009;-2.896704586;[0];-83.7500
-79.00689729;-2.896704157;[0];-83.5000
-79.00665449;-2.896703727;[0];-83.1875
-79.00641169;-2.896703298;[0];-82.8750
-79.00616889;-2.896702868;[0];-82.5625
-79.00592608;-2.896702439;[0];-82.3125
-79.00568328;-2.896702009;[0];-82.1875
-79.00544048;-2.89670158;[0];-81.9375
-79.00519768;-2.89670115;[0];-81.8125
-79.00495488;-2.89670072;[0];-81.6875
-79.00471207;-2.896700291;[0];-81.6875
-79.00446927;-2.896699861;[0];-81.5625
-79.00422647;-2.896699431;[0];-81.5625
-79.00398367;-2.896699001;[0];-81.5625
-79.00374087;-2.896698571;[0];-81.6250
-79.00349807;-2.896698141;[0];-81.6875
-79.00325526;-2.896697711;[0];-81.8125
-79.00301246;-2.896697281;[0];-81.9375
-79.00276966;-2.896696851;[0];-82.1250
-79.00252686;-2.89669642;[0];-82.3125
-79.00228406;-2.89669599;[0];-82.5625
-79.00204126;-2.89669556;[0];-82.8125
-79.00179846;-2.896695129;[0];-83.1875
-79.00155565;-2.896694699;[0];-83.4375
-79.00131285;-2.896694268;[0];-83.7500
-79.00107005;-2.896693838;[0];-84.1875
-79.00082725;-2.896693407;[0];-84.5000
-79.00058445;-2.896692977;[0];-84.9375
-79.00034165;-2.896692546;[0];-85.3750
-79.00009885;-2.896692115;[0];-85.7500
-78.99985605;-2.896691684;[0];-86.2500
-78.99961325;-2.896691253;[0];-86.6250
-78.99937044;-2.896690823;[0];-87.0625
-78.99912764;-2.896690392;[0];-87.5625
-78.99888484;-2.896689961;[0];-88.0000
-78.99864204;-2.896689529;[0];-88.5000
-78.99839924;-2.896689098;[0];-88.9375
-78.99815644;-2.896688667;[0];-89.3750
-78.99791364;-2.896688236;[0];-89.9375
-78.99767084;-2.896687805;[0];-90.3750
-78.99742804;-2.896687373;[0];-90.8125
-78.99718524;-2.896686942;[0];-91.3125
-78.99694244;-2.896686511;[0];-91.7500
-78.99669964;-2.896686079;[0];-92.2500
-78.99645684;-2.896685647;[0];-92.6875
-78.99621403;-2.896685216;[0];-93.1875
-78.99597123;-2.896684784;[0];-93.6250
-78.99572843;-2.896684353;[0];-94.0625
-78.99548563;-2.896683921;[0];-94.5000
-78.99524283;-2.896683489;[0];-94.8750
-78.99500003;-2.896683057;[0];-95.3125
-78.99475723;-2.896682625;[0];-95.7500
-78.99451443;-2.896682193;[0];-96.1875
-78.99427163;-2.896681761;[0];-96.5625
-78.99402883;-2.896681329;[0];-96.9375
-78.99378603;-2.896680897;[0];-97.3750
-78.99354323;-2.896680465;[0];-97.7500
-78.99330043;-2.896680033;[0];-98.1875
-78.99305763;-2.8966796;[0];-98.5625
-78.99281483;-2.896679168;[0];-98.9375
-78.99257203;-2.896678736;[0];-99.3125
-78.99232923;-2.896678303;[0];-99.6875
-78.99208643;-2.896677871;[0];-100.0000
-78.99184363;-2.896677438;[0];-100.3125
-78.99160083;-2.896677006;[0];-100.6875
-78.99135803;-2.896676573;[0];-101.0625
-78.99111523;-2.89667614;[0];-101.4375
-78.99087243;-2.896675708;[0];-101.8125
-79.01806665;-2.896479726;[0];-102.0000
-79.01782385;-2.8964793;[0];-101.6250
-79.01758104;-2.896478873;[0];-101.3125
-79.01733824;-2.896478446;[0];-101.0000
-79.01709544;-2.896478018;[0];-100.6875
-79.01685263;-2.896477591;[0];-100.3750
-79.01660983;-2.896477164;[0];-100.0625
-79.01636703;-2.896476737;[0];-99.6875
-79.01612422;-2.89647631;[0];-99.3125
-79.01588142;-2.896475882;[0];-98.9375
-79.01563862;-2.896475455;[0];-98.5625
-79.01539581;-2.896475028;[0];-98.1875
-79.01515301;-2.8964746;[0];-97.8750
-79.01491021;-2.896474173;[0];-97.5000
-79.01466740;-2.896473745;[0];-97.1250
-79.0144246;-2.896473317;[0];-96.7500
-79.01418180;-2.89647289;[0];-96.3750
-79.01393899;-2.896472462;[0];-95.9375
-79.01369619;-2.896472034;[0];-95.5625
-79.01345339;-2.896471606;[0];-95.1875
-79.01321059;-2.896471178;[0];-94.7500
-79.01296778;-2.89647075;[0];-94.3750
-79.01272498;-2.896470322;[0];-93.8750
-79.01248218;-2.896469894;[0];-93.5000
-79.01223937;-2.896469466;[0];-93.0625
-79.01199657;-2.896469038;[0];-92.5625
-79.01175377;-2.89646861;[0];-92.1875
-79.01151096;-2.896468182;[0];-91.7500
-79.01126816;-2.896467753;[0];-91.3125
-79.01102536;-2.896467325;[0];-90.8125
-79.01078256;-2.896466896;[0];-90.3750
-79.01053975;-2.896466468;[0];-89.9375
-79.01029695;-2.896466039;[0];-89.5000
-79.01005415;-2.896465611;[0];-89.0625
-79.00981135;-2.896465182;[0];-88.6250
-79.00956854;-2.896464754;[0];-88.1875
-79.00932574;-2.896464325;[0];-87.7500
-79.00908294;-2.896463896;[0];-87.2500
-79.00884014;-2.896463467;[0];-86.8750
-79.00859733;-2.896463038;[0];-86.4375
-79.00835453;-2.896462609;[0];-86.0000
-79.00811173;-2.89646218;[0];-85.6250
-79.00786893;-2.896461751;[0];-85.2500
-79.00762613;-2.896461322;[0];-84.8750
-79.00738332;-2.896460893;[0];-84.5000
-79.00714052;-2.896460464;[0];-84.1250
-79.00689772;-2.896460035;[0];-83.8125
-79.00665492;-2.896459605;[0];-83.5625
-79.00641212;-2.896459176;[0];-83.2500
-79.00616931;-2.896458747;[0];-83.0000
-79.00592651;-2.896458317;[0];-82.7500
-79.00568371;-2.896457888;[0];-82.5625
-79.00544091;-2.896457458;[0];-82.3750
-79.00519811;-2.896457028;[0];-82.3125
-79.00495530;-2.896456599;[0];-82.1250
-79.00471250;-2.896456169;[0];-82.1250
-79.0044697;-2.896455739;[0];-82.0625
-79.00422690;-2.896455309;[0];-82.0625
-79.00398410;-2.896454879;[0];-82.0625
-79.00374130;-2.896454449;[0];-82.1250
-79.00349849;-2.89645402;[0];-82.1250
-79.00325569;-2.896453589;[0];-82.3125
-79.00301289;-2.896453159;[0];-82.4375
-79.00277009;-2.896452729;[0];-82.5625
-79.00252729;-2.896452299;[0];-82.7500
-79.00228449;-2.896451869;[0];-83.0000
-79.00204169;-2.896451438;[0];-83.2500
-79.00179888;-2.896451008;[0];-83.5000
-79.00155608;-2.896450578;[0];-83.8125
-79.00131328;-2.896450147;[0];-84.1250
-79.00107048;-2.896449717;[0];-84.5000
-79.00082768;-2.896449286;[0];-84.8125
-79.00058488;-2.896448856;[0];-85.2500
-79.00034208;-2.896448425;[0];-85.5625
-79.00009928;-2.896447994;[0];-86.0000
-78.99985647;-2.896447563;[0];-86.4375
-78.99961367;-2.896447133;[0];-86.8750
-78.99937087;-2.896446702;[0];-87.2500
-78.99912807;-2.896446271;[0];-87.6875
-78.99888527;-2.89644584;[0];-88.1875
-78.99864247;-2.896445409;[0];-88.6250
-78.99839967;-2.896444978;[0];-89.0625
-78.99815687;-2.896444547;[0];-89.5000
-78.99791407;-2.896444115;[0];-89.9375
-78.99767127;-2.896443684;[0];-90.4375
-78.99742847;-2.896443253;[0];-90.8750
-78.99718567;-2.896442821;[0];-91.3125
-78.99694287;-2.89644239;[0];-91.8125
-78.99670006;-2.896441959;[0];-92.2500
-78.99645726;-2.896441527;[0];-92.7500
-78.99621446;-2.896441096;[0];-93.1875
-78.99597166;-2.896440664;[0];-93.6250
-78.99572886;-2.896440232;[0];-94.0625
-78.99548606;-2.896439801;[0];-94.4375
-78.99524326;-2.896439369;[0];-94.8750
-78.99500046;-2.896438937;[0];-95.3125
-78.99475766;-2.896438505;[0];-95.6875
-78.99451486;-2.896438073;[0];-96.1250
-78.99427206;-2.896437641;[0];-96.5625
-78.99402926;-2.896437209;[0];-96.9375
-78.99378646;-2.896436777;[0];-97.3125
-78.99354366;-2.896436345;[0];-97.6875
-78.99330086;-2.896435913;[0];-98.0625
-78.99305806;-2.896435481;[0];-98.5000
-78.99281526;-2.896435048;[0];-98.8750
-78.99257246;-2.896434616;[0];-99.2500
-78.99232966;-2.896434184;[0];-99.6250
-78.99208686;-2.896433751;[0];-99.9375
-78.99184406;-2.896433319;[0];-100.2500
-78.99160126;-2.896432886;[0];-100.5625
-78.99135846;-2.896432453;[0];-100.9375
-78.99111566;-2.896432021;[0];-101.2500
-78.99087286;-2.896431588;[0];-101.6875
-79.01806708;-2.896235603;[0];-101.8750
-79.01782427;-2.896235176;[0];-101.5625
-79.01758147;-2.896234749;[0];-101.2500
-79.01733867;-2.896234322;[0];-100.9375
-79.01709586;-2.896233895;[0];-100.6250
-79.01685306;-2.896233468;[0];-100.3125
-79.01661026;-2.896233041;[0];-99.9375
-79.01636745;-2.896232614;[0];-99.5625
-79.01612465;-2.896232186;[0];-99.1875
-79.01588185;-2.896231759;[0];-98.8750
-79.01563904;-2.896231332;[0];-98.5000
-79.01539624;-2.896230904;[0];-98.1875
-79.01515344;-2.896230477;[0];-97.8125
-79.01491063;-2.896230049;[0];-97.4375
-79.01466783;-2.896229622;[0];-97.0625
-79.01442503;-2.896229194;[0];-96.6875
-79.01418222;-2.896228767;[0];-96.3125
-79.01393942;-2.896228339;[0];-95.9375
-79.01369662;-2.896227911;[0];-95.5625
-79.01345381;-2.896227483;[0];-95.1250
-79.01321101;-2.896227055;[0];-94.7500
-79.01296821;-2.896226628;[0];-94.3125
-79.01272540;-2.8962262;[0];-93.8750
-79.01248260;-2.896225772;[0];-93.5000
-79.01223980;-2.896225343;[0];-93.0000
-79.01199700;-2.896224915;[0];-92.6250
-79.01175419;-2.896224487;[0];-92.2500
-79.01151139;-2.896224059;[0];-91.8125
-79.01126859;-2.896223631;[0];-91.3125
-79.01102579;-2.896223202;[0];-90.9375
-79.01078298;-2.896222774;[0];-90.5000
-79.01054018;-2.896222345;[0];-90.0625
-79.01029738;-2.896221917;[0];-89.6250
-79.01005458;-2.896221488;[0];-89.1875
-79.00981177;-2.89622106;[0];-88.7500
-79.00956897;-2.896220631;[0];-88.3125
-79.00932617;-2.896220203;[0];-87.8750
-79.00908337;-2.896219774;[0];-87.4375
-79.00884056;-2.896219345;[0];-87.0625
-79.00859776;-2.896218916;[0];-86.6250
-79.00835496;-2.896218487;[0];-86.3125
-79.00811216;-2.896218058;[0];-85.8750
-79.00786935;-2.896217629;[0];-85.5000
-79.00762655;-2.8962172;[0];-85.1875
-79.00738375;-2.896216771;[0];-84.8125
-79.00714095;-2.896216342;[0];-84.5000
-79.00689815;-2.896215913;[0];-84.1875
-79.00665534;-2.896215483;[0];-83.9375
-79.00641254;-2.896215054;[0];-83.6875
-79.00616974;-2.896214625;[0];-83.3750
-79.00592694;-2.896214195;[0];-83.1875
-79.00568414;-2.896213766;[0];-83.0000
-79.00544133;-2.896213336;[0];-82.8125
-79.00519853;-2.896212907;[0];-82.7500
-79.00495573;-2.896212477;[0];-82.6250
-79.00471293;-2.896212047;[0];-82.6250
-79.00447013;-2.896211618;[0];-82.5000
-79.00422733;-2.896211188;[0];-82.5000
-79.00398452;-2.896210758;[0];-82.5000
-79.00374172;-2.896210328;[0];-82.5625
-79.00349892;-2.896209898;[0];-82.6250
-79.00325612;-2.896209468;[0];-82.7500
-79.00301332;-2.896209038;[0];-82.8750
-79.00277052;-2.896208608;[0];-83.0000
-79.00252772;-2.896208178;[0];-83.1875
-79.00228491;-2.896207748;[0];-83.3750
-79.00204211;-2.896207317;[0];-83.6250
-79.00179931;-2.896206887;[0];-83.8750
-79.00155651;-2.896206457;[0];-84.1875
-79.00131371;-2.896206026;[0];-84.5000
-79.00107091;-2.896205596;[0];-84.7500
-79.00082811;-2.896205165;[0];-85.1875
-79.00058531;-2.896204735;[0];-85.5000
-79.00034251;-2.896204304;[0];-85.8750
-79.00009970;-2.896203873;[0];-86.2500
-78.99985690;-2.896203442;[0];-86.6250
-78.99961410;-2.896203012;[0];-87.0625
-78.99937130;-2.896202581;[0];-87.4375
-78.9991285;-2.89620215;[0];-87.8750
-78.99888570;-2.896201719;[0];-88.3125
-78.99864290;-2.896201288;[0];-88.7500
-78.99840010;-2.896200857;[0];-89.1875
-78.99815730;-2.896200426;[0];-89.6250
-78.99791450;-2.896199995;[0];-90.0625
-78.99767170;-2.896199564;[0];-90.5000
-78.99742890;-2.896199132;[0];-91.0000
-78.99718610;-2.896198701;[0];-91.4375
-78.99694329;-2.89619827;[0];-91.8125
-78.99670049;-2.896197838;[0];-92.3125
-78.99645769;-2.896197407;[0];-92.7500
-78.99621489;-2.896196975;[0];-93.1875
-78.99597209;-2.896196544;[0];-93.6250
-78.99572929;-2.896196112;[0];-94.0625
-78.99548649;-2.89619568;[0];-94.4375
-78.99524369;-2.896195249;[0];-94.8750
-78.99500089;-2.896194817;[0];-95.3125
-78.99475809;-2.896194385;[0];-95.6875
-78.99451529;-2.896193953;[0];-96.0625
-78.99427249;-2.896193521;[0];-96.5000
-78.99402969;-2.896193089;[0];-96.8750
-78.99378689;-2.896192657;[0];-97.2500
-78.99354409;-2.896192225;[0];-97.6250
-78.99330129;-2.896191793;[0];-98.0000
-78.99305849;-2.896191361;[0];-98.3750
-78.99281569;-2.896190928;[0];-98.7500
-78.99257289;-2.896190496;[0];-99.1250
-78.99233009;-2.896190064;[0];-99.5000
-78.99208729;-2.896189631;[0];-99.8750
-78.99184449;-2.896189199;[0];-100.2500
-78.99160169;-2.896188766;[0];-100.5625
-78.99135889;-2.896188334;[0];-100.8125
-78.99111609;-2.896187901;[0];-101.1875
-78.99087329;-2.896187469;[0];-101.5000
-78.99063049;-2.896187036;[0];-101.8750
-79.01806750;-2.895991479;[0];-101.7500
-79.01782470;-2.895991052;[0];-101.5000
-79.01758189;-2.895990625;[0];-101.1875
-79.01733909;-2.895990199;[0];-100.8750
-79.01709629;-2.895989772;[0];-100.5625
-79.01685348;-2.895989345;[0];-100.1875
-79.01661068;-2.895988917;[0];-99.8125
-79.01636788;-2.89598849;[0];-99.5000
-79.01612507;-2.895988063;[0];-99.1250
-79.01588227;-2.895987636;[0];-98.8125
-79.01563947;-2.895987208;[0];-98.5000
-79.01539666;-2.895986781;[0];-98.1250
-79.01515386;-2.895986354;[0];-97.7500
-79.01491106;-2.895985926;[0];-97.4375
-79.01466825;-2.895985499;[0];-97.0625
-79.01442545;-2.895985071;[0];-96.6250
-79.01418265;-2.895984644;[0];-96.3125
-79.01393985;-2.895984216;[0];-95.8750
-79.01369704;-2.895983788;[0];-95.5000
-79.01345424;-2.89598336;[0];-95.1250
-79.01321144;-2.895982933;[0];-94.6875
-79.01296863;-2.895982505;[0];-94.3125
-79.01272583;-2.895982077;[0];-93.9375
-79.01248303;-2.895981649;[0];-93.5000
-79.01224022;-2.895981221;[0];-93.0625
-79.01199742;-2.895980793;[0];-92.6875
-79.01175462;-2.895980364;[0];-92.3125
-79.01151182;-2.895979936;[0];-91.8125
-79.01126901;-2.895979508;[0];-91.4375
-79.01102621;-2.89597908;[0];-91.0000
-79.01078341;-2.895978651;[0];-90.6250
-79.01054061;-2.895978223;[0];-90.1875
-79.01029780;-2.895977795;[0];-89.7500
-79.01005500;-2.895977366;[0];-89.3125
-79.00981220;-2.895976937;[0];-88.9375
-79.00956940;-2.895976509;[0];-88.5000
-79.00932659;-2.89597608;[0];-88.0625
-79.00908379;-2.895975651;[0];-87.6875
-79.00884099;-2.895975223;[0];-87.3125
-79.00859819;-2.895974794;[0];-86.8750
-79.00835539;-2.895974365;[0];-86.5000
-79.00811258;-2.895973936;[0];-86.1875
-79.00786978;-2.895973507;[0];-85.8125
-79.00762698;-2.895973078;[0];-85.5000
-79.00738418;-2.895972649;[0];-85.1250
-79.00714138;-2.89597222;[0];-84.8125
-79.00689857;-2.895971791;[0];-84.5625
-79.00665577;-2.895971361;[0];-84.3125
-79.00641297;-2.895970932;[0];-84.0625
-79.00617017;-2.895970503;[0];-83.8125
-79.00592737;-2.895970073;[0];-83.6250
-79.00568456;-2.895969644;[0];-83.4375
-79.00544176;-2.895969214;[0];-83.2500
-79.00519896;-2.895968785;[0];-83.1875
-79.00495616;-2.895968355;[0];-83.0625
-79.00471336;-2.895967926;[0];-83.0625
-79.00447056;-2.895967496;[0];-82.9375
-79.00422775;-2.895967066;[0];-82.9375
-79.00398495;-2.895966636;[0];-82.9375
-79.00374215;-2.895966207;[0];-83.0000
-79.00349935;-2.895965777;[0];-83.0625
-79.00325655;-2.895965347;[0];-83.1875
-79.00301375;-2.895964917;[0];-83.3125
-79.00277095;-2.895964487;[0];-83.3750
-79.00252814;-2.895964056;[0];-83.6250
-79.00228534;-2.895963626;[0];-83.7500
-79.00204254;-2.895963196;[0];-84.0000
-79.00179974;-2.895962766;[0];-84.1875
-79.00155694;-2.895962335;[0];-84.5625
-79.00131414;-2.895961905;[0];-84.8125
-79.00107134;-2.895961475;[0];-85.1250
-79.00082854;-2.895961044;[0];-85.5000
-79.00058573;-2.895960614;[0];-85.8125
-79.00034293;-2.895960183;[0];-86.1875
-79.00010013;-2.895959752;[0];-86.5000
-78.99985733;-2.895959322;[0];-86.8750
-78.99961453;-2.895958891;[0];-87.2500
-78.99937173;-2.89595846;[0];-87.6875
-78.99912893;-2.895958029;[0];-88.0625
-78.99888613;-2.895957598;[0];-88.5000
-78.99864333;-2.895957167;[0];-88.8750
-78.99840053;-2.895956736;[0];-89.3125
-78.99815773;-2.895956305;[0];-89.7500
-78.99791493;-2.895955874;[0];-90.1875
-78.99767213;-2.895955443;[0];-90.5625
-78.99742932;-2.895955012;[0];-91.0000
-78.99718652;-2.89595458;[0];-91.5000
-78.99694372;-2.895954149;[0];-91.8750
-78.99670092;-2.895953718;[0];-92.3125
-78.99645812;-2.895953286;[0];-92.8125
-78.99621532;-2.895952855;[0];-93.1875
-78.99597252;-2.895952423;[0];-93.6250
-78.99572972;-2.895951992;[0];-94.0625
-78.99548692;-2.89595156;[0];-94.4375
-78.99524412;-2.895951128;[0];-94.8750
-78.99500132;-2.895950697;[0];-95.2500
-78.99475852;-2.895950265;[0];-95.6875
-78.99451572;-2.895949833;[0];-96.0625
-78.99427292;-2.895949401;[0];-96.4375
-78.99403012;-2.895948969;[0];-96.8125
-78.99378732;-2.895948537;[0];-97.2500
-78.99354452;-2.895948105;[0];-97.6250
-78.99330172;-2.895947673;[0];-97.9375
-78.99305892;-2.895947241;[0];-98.3125
-78.99281612;-2.895946809;[0];-98.6875
-78.99257332;-2.895946376;[0];-99.0625
-78.99233052;-2.895945944;[0];-99.4375
-78.99208772;-2.895945512;[0];-99.7500
-78.99184492;-2.895945079;[0];-100.1250
-78.99160212;-2.895944647;[0];-100.5000
-78.99135932;-2.895944214;[0];-100.8125
-78.99111652;-2.895943782;[0];-101.1250
-78.99087372;-2.895943349;[0];-101.3750
-78.99063092;-2.895942916;[0];-101.7500
-79.01831073;-2.895747782;[0];-102.0000
-79.01806793;-2.895747356;[0];-101.7500
-79.01782512;-2.895746929;[0];-101.4375
-79.01758232;-2.895746502;[0];-101.1250
-79.01733952;-2.895746075;[0];-100.8125
-79.01709671;-2.895745648;[0];-100.4375
-79.01685391;-2.895745221;[0];-100.1250
-79.01661110;-2.895744794;[0];-99.7500
-79.01636830;-2.895744367;[0];-99.4375
-79.01612550;-2.89574394;[0];-99.1250
-79.01588270;-2.895743513;[0];-98.7500
-79.01563989;-2.895743085;[0];-98.4375
-79.01539709;-2.895742658;[0];-98.0625
-79.01515429;-2.895742231;[0];-97.7500
-79.01491148;-2.895741803;[0];-97.3750
-79.01466868;-2.895741376;[0];-97.0000
-79.01442588;-2.895740948;[0];-96.6875
-79.01418307;-2.895740521;[0];-96.2500
-79.01394027;-2.895740093;[0];-95.8750
-79.01369747;-2.895739665;[0];-95.5000
-79.01345466;-2.895739237;[0];-95.1250
-79.01321186;-2.89573881;[0];-94.7500
-79.01296906;-2.895738382;[0];-94.3125
-79.01272626;-2.895737954;[0];-93.8750
-79.01248345;-2.895737526;[0];-93.5000
-79.01224065;-2.895737098;[0];-93.1250
-79.01199785;-2.89573667;[0];-92.7500
-79.01175505;-2.895736242;[0];-92.3125
-79.01151224;-2.895735814;[0];-91.8750
-79.01126944;-2.895735385;[0];-91.5000
-79.01102664;-2.895734957;[0];-91.1250
-79.01078384;-2.895734529;[0];-90.6875
-79.01054103;-2.895734101;[0];-90.3125
-79.01029823;-2.895733672;[0];-89.8750
-79.01005543;-2.895733244;[0];-89.5000
-79.00981263;-2.895732815;[0];-89.0625
-79.00956982;-2.895732387;[0];-88.6250
-79.00932702;-2.895731958;[0];-88.2500
-79.00908422;-2.895731529;[0];-87.8750
-79.00884142;-2.8957311;[0];-87.5000
-79.00859861;-2.895730672;[0];-87.1250
-79.00835581;-2.895730243;[0];-86.7500
-79.00811301;-2.895729814;[0];-86.3750
-79.00787021;-2.895729385;[0];-86.1250
-79.00762741;-2.895728956;[0];-85.7500
-79.00738460;-2.895728527;[0];-85.4375
-79.00714180;-2.895728098;[0];-85.1875
-79.006899;-2.895727669;[0];-84.9375
-79.00665620;-2.89572724;[0];-84.6875
-79.00641340;-2.89572681;[0];-84.4375
-79.00617059;-2.895726381;[0];-84.1875
-79.00592779;-2.895725952;[0];-84.0625
-79.00568499;-2.895725522;[0];-83.8125
-79.00544219;-2.895725093;[0];-83.6875
-79.00519939;-2.895724663;[0];-83.6250
-79.00495659;-2.895724234;[0];-83.5000
-79.00471378;-2.895723804;[0];-83.5000
-79.00447098;-2.895723374;[0];-83.3750
-79.00422818;-2.895722945;[0];-83.3750
-79.00398538;-2.895722515;[0];-83.3750
-79.00374258;-2.895722085;[0];-83.4375
-79.00349978;-2.895721655;[0];-83.5000
-79.00325698;-2.895721225;[0];-83.5625
-79.00301417;-2.895720795;[0];-83.6875
-79.00277137;-2.895720365;[0];-83.8125
-79.00252857;-2.895719935;[0];-84.0000
-79.00228577;-2.895719505;[0];-84.1875
-79.00204297;-2.895719075;[0];-84.3750
-79.00180017;-2.895718645;[0];-84.6250
-79.00155737;-2.895718214;[0];-84.8750
-79.00131457;-2.895717784;[0];-85.1875
-79.00107176;-2.895717353;[0];-85.4375
-79.00082896;-2.895716923;[0];-85.7500
-79.00058616;-2.895716493;[0];-86.0625
-79.00034336;-2.895716062;[0];-86.3750
-79.00010056;-2.895715631;[0];-86.7500
-78.99985776;-2.895715201;[0];-87.1250
-78.99961496;-2.89571477;[0];-87.4375
-78.99937216;-2.895714339;[0];-87.8750
-78.99912936;-2.895713908;[0];-88.2500
-78.99888656;-2.895713478;[0];-88.6250
-78.99864376;-2.895713047;[0];-89.0625
-78.99840096;-2.895712616;[0];-89.4375
-78.99815816;-2.895712185;[0];-89.8750
-78.99791535;-2.895711754;[0];-90.3125
-78.99767255;-2.895711322;[0];-90.6875
-78.99742975;-2.895710891;[0];-91.0625
-78.99718695;-2.89571046;[0];-91.5000
-78.99694415;-2.895710029;[0];-92.0000
-78.99670135;-2.895709597;[0];-92.3750
-78.99645855;-2.895709166;[0];-92.7500
-78.99621575;-2.895708734;[0];-93.2500
-78.99597295;-2.895708303;[0];-93.6250
-78.99573015;-2.895707871;[0];-94.0625
-78.99548735;-2.89570744;[0];-94.4375
-78.99524455;-2.895707008;[0];-94.8750
-78.99500175;-2.895706576;[0];-95.2500
-78.99475895;-2.895706145;[0];-95.6250
-78.99451615;-2.895705713;[0];-96.0625
-78.99427335;-2.895705281;[0];-96.4375
-78.99403055;-2.895704849;[0];-96.7500
-78.99378775;-2.895704417;[0];-97.1250
-78.99354495;-2.895703985;[0];-97.5625
-78.99330215;-2.895703553;[0];-97.9375
-78.99305935;-2.895703121;[0];-98.2500
-78.99281655;-2.895702689;[0];-98.5625
-78.99257375;-2.895702257;[0];-98.9375
-78.99233095;-2.895701824;[0];-99.3125
-78.99208815;-2.895701392;[0];-99.6875
-78.99184535;-2.89570096;[0];-100.0625
-78.99160255;-2.895700527;[0];-100.3750
-78.99135975;-2.895700095;[0];-100.7500
-78.99111695;-2.895699662;[0];-101.0625
-78.99087415;-2.895699229;[0];-101.3750
-78.99063135;-2.895698797;[0];-101.6875
-78.99038855;-2.895698364;[0];-101.9375
-79.01831115;-2.895503659;[0];-102.0000
-79.01806835;-2.895503232;[0];-101.6875
-79.01782555;-2.895502805;[0];-101.3750
-79.01758274;-2.895502378;[0];-101.0000
-79.01733994;-2.895501952;[0];-100.6875
-79.01709714;-2.895501525;[0];-100.3750
-79.01685433;-2.895501098;[0];-100.0000
-79.01661153;-2.895500671;[0];-99.7500
-79.01636873;-2.895500244;[0];-99.4375
-79.01612592;-2.895499816;[0];-99.0625
-79.01588312;-2.895499389;[0];-98.6875
-79.01564032;-2.895498962;[0];-98.3750
-79.01539751;-2.895498535;[0];-98.0625
-79.01515471;-2.895498107;[0];-97.6875
-79.01491191;-2.89549768;[0];-97.3750
-79.01466910;-2.895497253;[0];-97.0000
-79.01442630;-2.895496825;[0];-96.6250
-79.01418350;-2.895496397;[0];-96.2500
-79.01394070;-2.89549597;[0];-95.8750
-79.01369789;-2.895495542;[0];-95.5000
-79.01345509;-2.895495115;[0];-95.1250
-79.01321229;-2.895494687;[0];-94.7500
-79.01296948;-2.895494259;[0];-94.3125
-79.01272668;-2.895493831;[0];-93.9375
-79.01248388;-2.895493403;[0];-93.5625
-79.01224108;-2.895492975;[0];-93.2500
-79.01199827;-2.895492547;[0];-92.8125
-79.01175547;-2.895492119;[0];-92.3750
-79.01151267;-2.895491691;[0];-92.0000
-79.01126987;-2.895491263;[0];-91.6250
-79.01102706;-2.895490835;[0];-91.1875
-79.01078426;-2.895490406;[0];-90.8125
-79.01054146;-2.895489978;[0];-90.4375
-79.01029866;-2.89548955;[0];-90.0000
-79.01005585;-2.895489121;[0];-89.6250
-79.00981305;-2.895488693;[0];-89.1875
-79.00957025;-2.895488264;[0];-88.8125
-79.00932745;-2.895487836;[0];-88.5000
-79.00908465;-2.895487407;[0];-88.0625
-79.00884184;-2.895486978;[0];-87.7500
-79.00859904;-2.895486549;[0];-87.3750
-79.00835624;-2.895486121;[0];-87.0625
-79.00811344;-2.895485692;[0];-86.6875
-79.00787063;-2.895485263;[0];-86.4375
-79.00762783;-2.895484834;[0];-86.0625
-79.00738503;-2.895484405;[0];-85.7500
-79.00714223;-2.895483976;[0];-85.5000
-79.00689943;-2.895483547;[0];-85.2500
-79.00665663;-2.895483118;[0];-85.0000
-79.00641382;-2.895482688;[0];-84.7500
-79.00617102;-2.895482259;[0];-84.5625
-79.00592822;-2.89548183;[0];-84.4375
-79.00568542;-2.8954814;[0];-84.1875
-79.00544262;-2.895480971;[0];-84.0625
-79.00519981;-2.895480542;[0];-84.0000
-79.00495701;-2.895480112;[0];-83.9375
-79.00471421;-2.895479682;[0];-83.9375
-79.00447141;-2.895479253;[0];-83.8125
-79.00422861;-2.895478823;[0];-83.8125
-79.00398581;-2.895478393;[0];-83.8125
-79.00374301;-2.895477964;[0];-83.8125
-79.00350020;-2.895477534;[0];-83.9375
-79.00325740;-2.895477104;[0];-84.0000
-79.00301460;-2.895476674;[0];-84.0625
-79.0027718;-2.895476244;[0];-84.2500
-79.00252900;-2.895475814;[0];-84.4375
-79.00228620;-2.895475384;[0];-84.5625
-79.00204340;-2.895474954;[0];-84.7500
-79.00180060;-2.895474523;[0];-85.0000
-79.00155780;-2.895474093;[0];-85.1875
-79.00131499;-2.895473663;[0];-85.5000
-79.00107219;-2.895473232;[0];-85.7500
-79.00082939;-2.895472802;[0];-86.0000
-79.00058659;-2.895472372;[0];-86.3750
-79.00034379;-2.895471941;[0];-86.6875
-79.00010099;-2.89547151;[0];-87.0625
-78.99985819;-2.89547108;[0];-87.3750
-78.99961539;-2.895470649;[0];-87.6875
-78.99937259;-2.895470218;[0];-88.0625
-78.99912979;-2.895469788;[0];-88.5000
-78.99888699;-2.895469357;[0];-88.8125
-78.99864419;-2.895468926;[0];-89.1875
-78.99840138;-2.895468495;[0];-89.6250
-78.99815858;-2.895468064;[0];-90.0000
-78.99791578;-2.895467633;[0];-90.4375
-78.99767298;-2.895467202;[0];-90.8125
-78.99743018;-2.895466771;[0];-91.1875
-78.99718738;-2.895466339;[0];-91.5625
-78.99694458;-2.895465908;[0];-92.0000
-78.99670178;-2.895465477;[0];-92.4375
-78.99645898;-2.895465046;[0];-92.8125
-78.99621618;-2.895464614;[0];-93.2500
-78.99597338;-2.895464183;[0];-93.6875
-78.99573058;-2.895463751;[0];-94.0625
-78.99548778;-2.89546332;[0];-94.5000
-78.99524498;-2.895462888;[0];-94.8750
-78.99500218;-2.895462456;[0];-95.2500
-78.99475938;-2.895462025;[0];-95.6875
-78.99451658;-2.895461593;[0];-96.0000
-78.99427378;-2.895461161;[0];-96.3750
-78.99403098;-2.895460729;[0];-96.8125
-78.99378818;-2.895460297;[0];-97.1250
-78.99354538;-2.895459865;[0];-97.5000
-78.99330258;-2.895459433;[0];-97.8750
-78.99305978;-2.895459001;[0];-98.2500
-78.99281698;-2.895458569;[0];-98.5625
-78.99257418;-2.895458137;[0];-98.8750
-78.99233138;-2.895457704;[0];-99.2500
-78.99208858;-2.895457272;[0];-99.6250
-78.99184578;-2.89545684;[0];-99.9375
-78.99160298;-2.895456407;[0];-100.3125
-78.99136018;-2.895455975;[0];-100.6250
-78.99111738;-2.895455542;[0];-101.0000
-78.99087458;-2.89545511;[0];-101.3125
-78.99063178;-2.895454677;[0];-101.6250
-78.99038899;-2.895454245;[0];-101.9375
-79.01831158;-2.895259535;[0];-101.8750
-79.01806877;-2.895259108;[0];-101.5625
-79.01782597;-2.895258682;[0];-101.2500
-79.01758317;-2.895258255;[0];-100.9375
-79.01734036;-2.895257828;[0];-100.6250
-79.01709756;-2.895257401;[0];-100.3125
-79.01685476;-2.895256974;[0];-100.0000
-79.01661195;-2.895256547;[0];-99.6875
-79.01636915;-2.89525612;[0];-99.3125
-79.01612635;-2.895255693;[0];-99.0000
-79.01588354;-2.895255266;[0];-98.6875
-79.01564074;-2.895254839;[0];-98.3750
-79.01539794;-2.895254411;[0];-98.0000
-79.01515514;-2.895253984;[0];-97.6875
-79.01491233;-2.895253557;[0];-97.3125
-79.01466953;-2.895253129;[0];-96.9375
-79.01442673;-2.895252702;[0];-96.6250
-79.01418392;-2.895252274;[0];-96.2500
-79.01394112;-2.895251847;[0];-95.8750
-79.01369832;-2.895251419;[0];-95.5000
-79.01345552;-2.895250992;[0];-95.1250
-79.01321271;-2.895250564;[0];-94.7500
-79.01296991;-2.895250136;[0];-94.3750
-79.01272711;-2.895249708;[0];-94.0000
-79.01248430;-2.89524928;[0];-93.6875
-79.01224150;-2.895248852;[0];-93.2500
-79.01199870;-2.895248424;[0];-92.8125
-79.01175590;-2.895247996;[0];-92.4375
-79.01151309;-2.895247568;[0];-92.0625
-79.01127029;-2.89524714;[0];-91.6875
-79.01102749;-2.895246712;[0];-91.3125
-79.01078469;-2.895246284;[0];-90.9375
-79.01054188;-2.895245856;[0];-90.5625
-79.01029908;-2.895245427;[0];-90.1875
-79.01005628;-2.895244999;[0];-89.7500
-79.00981348;-2.89524457;[0];-89.3750
-79.00957068;-2.895244142;[0];-89.0625
-79.00932787;-2.895243713;[0];-88.6875
-79.00908507;-2.895243285;[0];-88.2500
-79.00884227;-2.895242856;[0];-88.0000
-79.00859947;-2.895242427;[0];-87.6250
-79.00835667;-2.895241999;[0];-87.2500
-79.00811386;-2.89524157;[0];-87.0000
-79.00787106;-2.895241141;[0];-86.6875
-79.00762826;-2.895240712;[0];-86.3750
-79.00738546;-2.895240283;[0];-86.0625
-79.00714266;-2.895239854;[0];-85.8125
-79.00689985;-2.895239425;[0];-85.6250
-79.00665705;-2.895238996;[0];-85.3750
-79.00641425;-2.895238567;[0];-85.1250
-79.00617145;-2.895238137;[0];-84.9375
-79.00592865;-2.895237708;[0];-84.8125
-79.00568585;-2.895237279;[0];-84.5625
-79.00544304;-2.895236849;[0];-84.5000
-79.00520024;-2.89523642;[0];-84.3750
-79.00495744;-2.89523599;[0];-84.3125
-79.00471464;-2.895235561;[0];-84.3125
-79.00447184;-2.895235131;[0];-84.2500
-79.00422904;-2.895234702;[0];-84.2500
-79.00398623;-2.895234272;[0];-84.2500
-79.00374343;-2.895233842;[0];-84.2500
-79.00350063;-2.895233412;[0];-84.3125
-79.00325783;-2.895232982;[0];-84.3750
-79.00301503;-2.895232552;[0];-84.5000
-79.00277223;-2.895232123;[0];-84.6250
-79.00252943;-2.895231693;[0];-84.7500
-79.00228663;-2.895231262;[0];-84.9375
-79.00204383;-2.895230832;[0];-85.1250
-79.00180102;-2.895230402;[0];-85.3750
-79.00155822;-2.895229972;[0];-85.5000
-79.00131542;-2.895229542;[0];-85.8125
-79.00107262;-2.895229111;[0];-86.0625
-79.00082982;-2.895228681;[0];-86.3125
-79.00058702;-2.89522825;[0];-86.6250
-79.00034422;-2.89522782;[0];-86.9375
-79.00010142;-2.895227389;[0];-87.2500
-78.99985862;-2.895226959;[0];-87.6250
-78.99961582;-2.895226528;[0];-87.9375
-78.99937302;-2.895226098;[0];-88.2500
-78.99913021;-2.895225667;[0];-88.6875
-78.99888741;-2.895225236;[0];-89.0000
-78.99864461;-2.895224805;[0];-89.3750
-78.99840181;-2.895224374;[0];-89.7500
-78.99815901;-2.895223943;[0];-90.1250
-78.99791621;-2.895223512;[0];-90.5625
-78.99767341;-2.895223081;[0];-90.9375
-78.99743061;-2.89522265;[0];-91.3125
-78.99718781;-2.895222219;[0];-91.6875
-78.99694501;-2.895221788;[0];-92.0625
-78.99670221;-2.895221356;[0];-92.5000
-78.99645941;-2.895220925;[0];-92.9375
-78.99621661;-2.895220494;[0];-93.3125
-78.99597381;-2.895220062;[0];-93.6875
-78.99573101;-2.895219631;[0];-94.1250
-78.99548821;-2.895219199;[0];-94.4375
-78.99524541;-2.895218768;[0];-94.8750
-78.99500261;-2.895218336;[0];-95.2500
-78.99475981;-2.895217904;[0];-95.6250
-78.99451701;-2.895217473;[0];-96.0625
-78.99427421;-2.895217041;[0];-96.3750
-78.99403141;-2.895216609;[0];-96.7500
-78.99378861;-2.895216177;[0];-97.1250
-78.99354581;-2.895215745;[0];-97.4375
-78.99330301;-2.895215313;[0];-97.8125
-78.99306021;-2.895214881;[0];-98.1875
-78.99281741;-2.895214449;[0];-98.5625
-78.99257461;-2.895214017;[0];-98.9375
-78.99233181;-2.895213585;[0];-99.1875
-78.99208901;-2.895213152;[0];-99.5000
-78.99184621;-2.89521272;[0];-99.8750
-78.99160341;-2.895212288;[0];-100.2500
-78.99136061;-2.895211855;[0];-100.5625
-78.99111781;-2.895211423;[0];-100.8750
-78.99087501;-2.89521099;[0];-101.2500
-78.99063221;-2.895210558;[0];-101.5625
-78.99038942;-2.895210125;[0];-101.8750
-79.01831200;-2.895015411;[0];-101.8125
-79.01806920;-2.895014985;[0];-101.5000
-79.01782640;-2.895014558;[0];-101.1875
-79.01758359;-2.895014131;[0];-100.8750
-79.01734079;-2.895013705;[0];-100.5625
-79.01709799;-2.895013278;[0];-100.3125
-79.01685518;-2.895012851;[0];-99.9375
-79.01661238;-2.895012424;[0];-99.6250
-79.01636958;-2.895011997;[0];-99.3125
-79.01612677;-2.89501157;[0];-99.0000
-79.01588397;-2.895011143;[0];-98.6875
-79.01564117;-2.895010715;[0];-98.3125
-79.01539836;-2.895010288;[0];-98.0000
-79.01515556;-2.895009861;[0];-97.6875
-79.01491276;-2.895009434;[0];-97.3125
-79.01466995;-2.895009006;[0];-97.0000
-79.01442715;-2.895008579;[0];-96.6250
-79.01418435;-2.895008151;[0];-96.2500
-79.01394155;-2.895007724;[0];-95.8750
-79.01369874;-2.895007296;[0];-95.5000
-79.01345594;-2.895006869;[0];-95.1250
-79.01321314;-2.895006441;[0];-94.7500
-79.01297034;-2.895006013;[0];-94.4375
-79.01272753;-2.895005585;[0];-94.0625
-79.01248473;-2.895005158;[0];-93.6875
-79.01224193;-2.89500473;[0];-93.2500
-79.01199913;-2.895004302;[0];-92.9375
-79.01175632;-2.895003874;[0];-92.5625
-79.01151352;-2.895003446;[0];-92.1875
-79.01127072;-2.895003018;[0];-91.8125
-79.01102792;-2.895002589;[0];-91.4375
-79.01078511;-2.895002161;[0];-91.0625
-79.01054231;-2.895001733;[0];-90.6875
-79.01029951;-2.895001305;[0];-90.3125
-79.01005671;-2.895000876;[0];-89.9375
-79.00981390;-2.895000448;[0];-89.5625
-79.00957110;-2.895000019;[0];-89.2500
-79.00932830;-2.894999591;[0];-88.8750
-79.00908550;-2.894999162;[0];-88.5000
-79.00884270;-2.894998734;[0];-88.1875
-79.00859989;-2.894998305;[0];-87.8750
-79.00835709;-2.894997876;[0];-87.5000
-79.00811429;-2.894997448;[0];-87.2500
-79.00787149;-2.894997019;[0];-86.9375
-79.00762869;-2.89499659;[0];-86.6250
-79.00738588;-2.894996161;[0];-86.3750
-79.00714308;-2.894995732;[0];-86.1875
-79.00690028;-2.894995303;[0];-85.9375
-79.00665748;-2.894994874;[0];-85.6875
-79.00641468;-2.894994445;[0];-85.5000
-79.00617188;-2.894994015;[0];-85.3125
-79.00592907;-2.894993586;[0];-85.1250
-79.00568627;-2.894993157;[0];-84.9375
-79.00544347;-2.894992728;[0];-84.8750
-79.00520067;-2.894992298;[0];-84.7500
-79.00495787;-2.894991869;[0];-84.7500
-79.00471507;-2.894991439;[0];-84.7500
-79.00447226;-2.89499101;[0];-84.6250
-79.00422946;-2.89499058;[0];-84.6250
-79.00398666;-2.89499015;[0];-84.6250
-79.00374386;-2.894989721;[0];-84.6250
-79.00350106;-2.894989291;[0];-84.7500
-79.00325826;-2.894988861;[0];-84.7500
-79.00301546;-2.894988431;[0];-84.8750
-79.00277266;-2.894988001;[0];-85.0000
-79.00252985;-2.894987571;[0];-85.1250
-79.00228705;-2.894987141;[0];-85.3125
-79.00204425;-2.894986711;[0];-85.4375
-79.00180145;-2.894986281;[0];-85.6875
-79.00155865;-2.894985851;[0];-85.8750
-79.00131585;-2.894985421;[0];-86.1250
-79.00107305;-2.89498499;[0];-86.3750
-79.00083025;-2.89498456;[0];-86.6250
-79.00058745;-2.894984129;[0];-86.8750
-79.00034465;-2.894983699;[0];-87.2500
-79.00010185;-2.894983269;[0];-87.5000
-78.99985905;-2.894982838;[0];-87.8750
-78.99961624;-2.894982407;[0];-88.1250
-78.99937344;-2.894981977;[0];-88.5000
-78.99913064;-2.894981546;[0];-88.8125
-78.99888784;-2.894981115;[0];-89.2500
-78.99864504;-2.894980684;[0];-89.5625
-78.99840224;-2.894980254;[0];-89.8750
-78.99815944;-2.894979823;[0];-90.3125
-78.99791664;-2.894979392;[0];-90.6875
-78.99767384;-2.894978961;[0];-91.0625
-78.99743104;-2.89497853;[0];-91.4375
-78.99718824;-2.894978098;[0];-91.8125
-78.99694544;-2.894977667;[0];-92.1875
-78.99670264;-2.894977236;[0];-92.5625
-78.99645984;-2.894976805;[0];-93.0000
-78.99621704;-2.894976373;[0];-93.3750
-78.99597424;-2.894975942;[0];-93.6875
-78.99573144;-2.894975511;[0];-94.1250
-78.99548864;-2.894975079;[0];-94.5000
-78.99524584;-2.894974648;[0];-94.8750
-78.99500304;-2.894974216;[0];-95.2500
-78.99476024;-2.894973784;[0];-95.6250
-78.99451744;-2.894973353;[0];-96.0000
-78.99427464;-2.894972921;[0];-96.3750
-78.99403184;-2.894972489;[0];-96.7500
-78.99378904;-2.894972057;[0];-97.0625
-78.99354624;-2.894971625;[0];-97.4375
-78.99330344;-2.894971193;[0];-97.8125
-78.99306064;-2.894970761;[0];-98.1250
-78.99281784;-2.894970329;[0];-98.5000
-78.99257504;-2.894969897;[0];-98.8750
-78.99233224;-2.894969465;[0];-99.1875
-78.99208944;-2.894969033;[0];-99.5000
-78.99184664;-2.8949686;[0];-99.8125
-78.99160384;-2.894968168;[0];-100.1250
-78.99136104;-2.894967736;[0];-100.5000
-78.99111824;-2.894967303;[0];-100.8125
-78.99087544;-2.894966871;[0];-101.1250
-78.99063264;-2.894966438;[0];-101.5000
-78.99038985;-2.894966006;[0];-101.8125
-79.01831243;-2.894771288;[0];-101.7500
-79.01806962;-2.894770861;[0];-101.4375
-79.01782682;-2.894770434;[0];-101.1250
-79.01758402;-2.894770008;[0];-100.8750
-79.01734121;-2.894769581;[0];-100.5625
-79.01709841;-2.894769154;[0];-100.2500
-79.01685561;-2.894768727;[0];-99.9375
-79.01661280;-2.8947683;[0];-99.6250
-79.01637;-2.894767873;[0];-99.3125
-79.01612720;-2.894767446;[0];-98.9375
-79.01588439;-2.894767019;[0];-98.6250
-79.01564159;-2.894766592;[0];-98.3125
-79.01539879;-2.894766165;[0];-98.0000
-79.01515599;-2.894765738;[0];-97.6250
-79.01491318;-2.894765311;[0];-97.3125
-79.01467038;-2.894764883;[0];-96.9375
-79.01442758;-2.894764456;[0];-96.5625
-79.01418477;-2.894764028;[0];-96.2500
-79.01394197;-2.894763601;[0];-95.8750
-79.01369917;-2.894763173;[0];-95.5000
-79.01345637;-2.894762746;[0];-95.1875
-79.01321356;-2.894762318;[0];-94.8125
-79.01297076;-2.89476189;[0];-94.5000
-79.01272796;-2.894761463;[0];-94.1250
-79.01248516;-2.894761035;[0];-93.6875
-79.01224235;-2.894760607;[0];-93.3750
-79.01199955;-2.894760179;[0];-93.0000
-79.01175675;-2.894759751;[0];-92.6250
-79.01151395;-2.894759323;[0];-92.3125
-79.01127114;-2.894758895;[0];-91.9375
-79.01102834;-2.894758467;[0];-91.5625
-79.01078554;-2.894758039;[0];-91.1875
-79.01054274;-2.89475761;[0];-90.8125
-79.01029993;-2.894757182;[0];-90.4375
-79.01005713;-2.894756754;[0];-90.0625
-79.00981433;-2.894756326;[0];-89.7500
-79.00957153;-2.894755897;[0];-89.4375
-79.00932873;-2.894755469;[0];-89.0625
-79.00908592;-2.89475504;[0];-88.7500
-79.00884312;-2.894754611;[0];-88.4375
-79.00860032;-2.894754183;[0];-88.0625
-79.00835752;-2.894753754;[0];-87.8125
-79.00811472;-2.894753325;[0];-87.5000
-79.00787191;-2.894752897;[0];-87.1875
-79.00762911;-2.894752468;[0];-86.9375
-79.00738631;-2.894752039;[0];-86.6875
-79.00714351;-2.89475161;[0];-86.5000
-79.00690071;-2.894751181;[0];-86.2500
-79.00665791;-2.894750752;[0];-86.0625
-79.00641510;-2.894750323;[0];-85.8125
-79.00617230;-2.894749894;[0];-85.6875
-79.0059295;-2.894749464;[0];-85.5000
-79.00568670;-2.894749035;[0];-85.3125
-79.00544390;-2.894748606;[0];-85.2500
-79.00520110;-2.894748176;[0];-85.1250
-79.00495829;-2.894747747;[0];-85.1250
-79.00471549;-2.894747318;[0];-85.1250
-79.00447269;-2.894746888;[0];-85.0625
-79.00422989;-2.894746458;[0];-85.0625
-79.00398709;-2.894746029;[0];-85.0625
-79.00374429;-2.894745599;[0];-85.0000
-79.00350149;-2.894745169;[0];-85.1250
-79.00325869;-2.89474474;[0];-85.1250
-79.00301588;-2.89474431;[0];-85.2500
-79.00277308;-2.89474388;[0];-85.4375
-79.00253028;-2.89474345;[0];-85.5000
-79.00228748;-2.89474302;[0];-85.6875
-79.00204468;-2.89474259;[0];-85.8125
-79.00180188;-2.89474216;[0];-86.0000
-79.00155908;-2.89474173;[0];-86.2500
-79.00131628;-2.894741299;[0];-86.4375
-79.00107348;-2.894740869;[0];-86.6875
-79.00083068;-2.894740439;[0];-86.9375
-79.00058788;-2.894740008;[0];-87.1875
-79.00034507;-2.894739578;[0];-87.5000
-79.00010227;-2.894739148;[0];-87.8125
-78.99985947;-2.894738717;[0];-88.0625
-78.99961667;-2.894738287;[0];-88.3750
-78.99937387;-2.894737856;[0];-88.7500
-78.99913107;-2.894737425;[0];-89.0000
-78.99888827;-2.894736994;[0];-89.3750
-78.99864547;-2.894736564;[0];-89.7500
-78.99840267;-2.894736133;[0];-90.0625
-78.99815987;-2.894735702;[0];-90.4375
-78.99791707;-2.894735271;[0];-90.8125
-78.99767427;-2.89473484;[0];-91.1875
-78.99743147;-2.894734409;[0];-91.5625
-78.99718867;-2.894733978;[0];-91.8750
-78.99694587;-2.894733547;[0];-92.2500
-78.99670307;-2.894733116;[0];-92.6250
-78.99646027;-2.894732684;[0];-93.0000
-78.99621747;-2.894732253;[0];-93.4375
-78.99597467;-2.894731822;[0];-93.8125
-78.99573187;-2.89473139;[0];-94.1250
-78.99548907;-2.894730959;[0];-94.5000
-78.99524627;-2.894730527;[0];-94.9375
-78.99500347;-2.894730096;[0];-95.2500
-78.99476067;-2.894729664;[0];-95.6875
-78.99451787;-2.894729232;[0];-96.0000
-78.99427507;-2.894728801;[0];-96.3750
-78.99403227;-2.894728369;[0];-96.7500
-78.99378947;-2.894727937;[0];-97.0625
-78.99354667;-2.894727505;[0];-97.4375
-78.99330387;-2.894727073;[0];-97.8125
-78.99306107;-2.894726641;[0];-98.1250
-78.99281827;-2.894726209;[0];-98.4375
-78.99257547;-2.894725777;[0];-98.8125
-78.99233267;-2.894725345;[0];-99.1250
-78.99208987;-2.894724913;[0];-99.5000
-78.99184707;-2.894724481;[0];-99.8125
-78.99160427;-2.894724048;[0];-100.1250
-78.99136147;-2.894723616;[0];-100.4375
-78.99111867;-2.894723184;[0];-100.7500
-78.99087587;-2.894722751;[0];-101.0625
-78.99063308;-2.894722319;[0];-101.3750
-78.99039028;-2.894721886;[0];-101.6875
-78.99014748;-2.894721454;[0];-102.0000
-79.01855565;-2.894527591;[0];-101.9375
-79.01831285;-2.894527164;[0];-101.6875
-79.01807005;-2.894526737;[0];-101.3750
-79.01782724;-2.894526311;[0];-101.1250
-79.01758444;-2.894525884;[0];-100.8125
-79.01734164;-2.894525457;[0];-100.5000
-79.01709883;-2.894525031;[0];-100.1875
-79.01685603;-2.894524604;[0];-99.9375
-79.01661323;-2.894524177;[0];-99.5625
-79.01637043;-2.89452375;[0];-99.2500
-79.01612762;-2.894523323;[0];-98.9375
-79.01588482;-2.894522896;[0];-98.6250
-79.01564202;-2.894522469;[0];-98.3125
-79.01539921;-2.894522042;[0];-97.9375
-79.01515641;-2.894521615;[0];-97.6250
-79.01491361;-2.894521187;[0];-97.3125
-79.01467080;-2.89452076;[0];-96.9375
-79.01442800;-2.894520333;[0];-96.6250
-79.01418520;-2.894519905;[0];-96.2500
-79.01394240;-2.894519478;[0];-95.8750
-79.01369959;-2.89451905;[0];-95.5625
-79.01345679;-2.894518623;[0];-95.2500
-79.01321399;-2.894518195;[0];-94.8750
-79.01297119;-2.894517768;[0];-94.5000
-79.01272838;-2.89451734;[0];-94.1250
-79.01248558;-2.894516912;[0];-93.8125
-79.01224278;-2.894516484;[0];-93.4375
-79.01199998;-2.894516056;[0];-93.0625
-79.01175717;-2.894515628;[0];-92.7500
-79.01151437;-2.8945152;[0];-92.3750
-79.01127157;-2.894514772;[0];-92.0000
-79.01102877;-2.894514344;[0];-91.6875
-79.01078596;-2.894513916;[0];-91.3125
-79.01054316;-2.894513488;[0];-90.9375
-79.01030036;-2.89451306;[0];-90.5625
-79.01005756;-2.894512631;[0];-90.2500
-79.00981476;-2.894512203;[0];-89.9375
-79.00957195;-2.894511775;[0];-89.5625
-79.00932915;-2.894511346;[0];-89.2500
-79.00908635;-2.894510918;[0];-88.9375
-79.00884355;-2.894510489;[0];-88.6875
-79.00860075;-2.894510061;[0];-88.3125
-79.00835794;-2.894509632;[0];-88.0625
-79.00811514;-2.894509203;[0];-87.7500
-79.00787234;-2.894508775;[0];-87.5000
-79.00762954;-2.894508346;[0];-87.2500
-79.00738674;-2.894507917;[0];-87.0000
-79.00714394;-2.894507488;[0];-86.8125
-79.00690113;-2.894507059;[0];-86.5625
-79.00665833;-2.89450663;[0];-86.3750
-79.00641553;-2.894506201;[0];-86.1250
-79.00617273;-2.894505772;[0];-86.0625
-79.00592993;-2.894505343;[0];-85.8750
-79.00568713;-2.894504913;[0];-85.6875
-79.00544432;-2.894504484;[0];-85.6875
-79.00520152;-2.894504055;[0];-85.5625
-79.00495872;-2.894503625;[0];-85.5000
-79.00471592;-2.894503196;[0];-85.5000
-79.00447312;-2.894502766;[0];-85.4375
-79.00423032;-2.894502337;[0];-85.4375
-79.00398752;-2.894501907;[0];-85.4375
-79.00374472;-2.894501478;[0];-85.4375
-79.00350191;-2.894501048;[0];-85.5000
-79.00325911;-2.894500618;[0];-85.5625
-79.00301631;-2.894500188;[0];-85.6875
-79.00277351;-2.894499758;[0];-85.7500
-79.00253071;-2.894499329;[0];-85.8750
-79.00228791;-2.894498899;[0];-86.0625
-79.00204511;-2.894498469;[0];-86.1250
-79.00180231;-2.894498039;[0];-86.3750
-79.00155951;-2.894497608;[0];-86.5625
-79.00131671;-2.894497178;[0];-86.6875
-79.00107390;-2.894496748;[0];-87.0000
-79.00083110;-2.894496318;[0];-87.2500
-79.00058830;-2.894495887;[0];-87.5000
-79.00034550;-2.894495457;[0];-87.7500
-79.00010270;-2.894495027;[0];-88.0625
-78.99985990;-2.894494596;[0];-88.3125
-78.99961710;-2.894494166;[0];-88.6250
-78.9993743;-2.894493735;[0];-88.9375
-78.99913150;-2.894493304;[0];-89.2500
-78.99888870;-2.894492874;[0];-89.5625
-78.99864590;-2.894492443;[0];-89.9375
-78.99840310;-2.894492012;[0];-90.2500
-78.99816030;-2.894491581;[0];-90.5625
-78.99791750;-2.89449115;[0];-90.9375
-78.99767470;-2.894490719;[0];-91.3125
-78.99743190;-2.894490288;[0];-91.6875
-78.99718910;-2.894489857;[0];-92.0000
-78.99694630;-2.894489426;[0];-92.3750
-78.99670350;-2.894488995;[0];-92.7500
-78.99646070;-2.894488564;[0];-93.0625
-78.99621790;-2.894488133;[0];-93.4375
-78.99597510;-2.894487701;[0];-93.8750
-78.99573230;-2.89448727;[0];-94.1875
-78.99548950;-2.894486839;[0];-94.5625
-78.99524670;-2.894486407;[0];-94.9375
-78.99500390;-2.894485976;[0];-95.3125
-78.99476110;-2.894485544;[0];-95.6250
-78.99451830;-2.894485112;[0];-96.0625
-78.99427550;-2.894484681;[0];-96.3750
-78.99403270;-2.894484249;[0];-96.6875
-78.99378990;-2.894483817;[0];-97.1250
-78.99354710;-2.894483385;[0];-97.4375
-78.99330430;-2.894482953;[0];-97.7500
-78.99306150;-2.894482521;[0];-98.1250
-78.99281870;-2.89448209;[0];-98.4375
-78.9925759;-2.894481657;[0];-98.7500
-78.9923331;-2.894481225;[0];-99.0625
-78.99209030;-2.894480793;[0];-99.4375
-78.99184750;-2.894480361;[0];-99.7500
-78.99160470;-2.894479929;[0];-100.1250
-78.99136190;-2.894479496;[0];-100.3750
-78.99111910;-2.894479064;[0];-100.6875
-78.99087630;-2.894478632;[0];-101.0000
-78.99063351;-2.894478199;[0];-101.3125
-78.99039071;-2.894477767;[0];-101.6250
-78.99014791;-2.894477334;[0];-101.9375
-79.01855608;-2.894283467;[0];-101.9375
-79.01831328;-2.89428304;[0];-101.6250
-79.01807047;-2.894282614;[0];-101.3750
-79.01782767;-2.894282187;[0];-101.0625
-79.01758487;-2.894281761;[0];-100.7500
-79.01734206;-2.894281334;[0];-100.5000
-79.01709926;-2.894280907;[0];-100.1875
-79.01685646;-2.89428048;[0];-99.8750
-79.01661365;-2.894280054;[0];-99.5625
-79.01637085;-2.894279627;[0];-99.2500
-79.01612805;-2.8942792;[0];-98.9375
-79.01588524;-2.894278773;[0];-98.5625
-79.01564244;-2.894278346;[0];-98.3125
-79.01539964;-2.894277919;[0];-98.0000
-79.01515684;-2.894277491;[0];-97.6250
-79.01491403;-2.894277064;[0];-97.3125
-79.01467123;-2.894276637;[0];-97.0000
-79.01442843;-2.89427621;[0];-96.6250
-79.01418562;-2.894275782;[0];-96.2500
-79.01394282;-2.894275355;[0];-95.9375
-79.01370002;-2.894274927;[0];-95.6250
-79.01345722;-2.8942745;[0];-95.3125
-79.01321441;-2.894274072;[0];-94.9375
-79.01297161;-2.894273645;[0];-94.5625
-79.01272881;-2.894273217;[0];-94.1875
-79.01248601;-2.894272789;[0];-93.8750
-79.01224320;-2.894272361;[0];-93.5000
-79.01200040;-2.894271934;[0];-93.1875
-79.01175760;-2.894271506;[0];-92.8125
-79.01151480;-2.894271078;[0];-92.5000
-79.01127200;-2.89427065;[0];-92.1250
-79.01102919;-2.894270222;[0];-91.8125
-79.01078639;-2.894269794;[0];-91.4375
-79.01054359;-2.894269365;[0];-91.0625
-79.01030079;-2.894268937;[0];-90.7500
-79.01005798;-2.894268509;[0];-90.4375
-79.00981518;-2.894268081;[0];-90.1250
-79.00957238;-2.894267652;[0];-89.7500
-79.00932958;-2.894267224;[0];-89.5000
-79.00908678;-2.894266795;[0];-89.1875
-79.00884397;-2.894266367;[0];-88.8750
-79.00860117;-2.894265938;[0];-88.5625
-79.00835837;-2.89426551;[0];-88.3125
-79.00811557;-2.894265081;[0];-88.0000
-79.00787277;-2.894264652;[0];-87.7500
-79.00762997;-2.894264224;[0];-87.5625
-79.00738716;-2.894263795;[0];-87.3125
-79.00714436;-2.894263366;[0];-87.1250
-79.00690156;-2.894262937;[0];-86.8750
-79.00665876;-2.894262508;[0];-86.6875
-79.00641596;-2.894262079;[0];-86.5000
-79.00617316;-2.89426165;[0];-86.3750
-79.00593035;-2.894261221;[0];-86.1875
-79.00568755;-2.894260792;[0];-86.0625
-79.00544475;-2.894260362;[0];-86.0000
-79.00520195;-2.894259933;[0];-85.9375
-79.00495915;-2.894259504;[0];-85.8750
-79.00471635;-2.894259074;[0];-85.8750
-79.00447355;-2.894258645;[0];-85.8125
-79.00423075;-2.894258215;[0];-85.8125
-79.00398794;-2.894257786;[0];-85.8125
-79.00374514;-2.894257356;[0];-85.8125
-79.00350234;-2.894256926;[0];-85.8750
-79.00325954;-2.894256497;[0];-85.8750
-79.00301674;-2.894256067;[0];-86.0000
-79.00277394;-2.894255637;[0];-86.1250
-79.00253114;-2.894255207;[0];-86.1875
-79.00228834;-2.894254777;[0];-86.3750
-79.00204554;-2.894254347;[0];-86.5000
-79.00180274;-2.894253917;[0];-86.6875
-79.00155993;-2.894253487;[0];-86.8750
-79.00131713;-2.894253057;[0];-87.0000
-79.00107433;-2.894252627;[0];-87.3125
-79.00083153;-2.894252197;[0];-87.5625
-79.00058873;-2.894251766;[0];-87.7500
-79.00034593;-2.894251336;[0];-88.0000
-79.00010313;-2.894250906;[0];-88.3125
-78.99986033;-2.894250475;[0];-88.5625
-78.99961753;-2.894250045;[0];-88.8750
-78.99937473;-2.894249614;[0];-89.1875
-78.99913193;-2.894249184;[0];-89.5000
-78.99888913;-2.894248753;[0];-89.7500
-78.99864633;-2.894248322;[0];-90.0625
-78.99840353;-2.894247891;[0];-90.4375
-78.99816073;-2.894247461;[0];-90.7500
-78.99791793;-2.89424703;[0];-91.0625
-78.99767513;-2.894246599;[0];-91.4375
-78.99743233;-2.894246168;[0];-91.7500
-78.99718953;-2.894245737;[0];-92.1250
-78.99694673;-2.894245306;[0];-92.5000
-78.99670393;-2.894244875;[0];-92.8125
-78.99646113;-2.894244444;[0];-93.1875
-78.99621833;-2.894244012;[0];-93.5000
-78.99597553;-2.894243581;[0];-93.8750
-78.99573273;-2.89424315;[0];-94.3125
-78.99548993;-2.894242718;[0];-94.6250
-78.99524713;-2.894242287;[0];-94.9375
-78.99500433;-2.894241855;[0];-95.3125
-78.99476153;-2.894241424;[0];-95.6875
-78.99451873;-2.894240992;[0];-96.0000
-78.99427593;-2.894240561;[0];-96.3750
-78.99403313;-2.894240129;[0];-96.7500
-78.99379033;-2.894239697;[0];-97.0625
-78.99354753;-2.894239265;[0];-97.4375
-78.99330473;-2.894238834;[0];-97.7500
-78.99306193;-2.894238402;[0];-98.0625
-78.99281913;-2.89423797;[0];-98.4375
-78.99257633;-2.894237538;[0];-98.7500
-78.99233353;-2.894237106;[0];-99.0625
-78.99209073;-2.894236673;[0];-99.3750
-78.99184793;-2.894236241;[0];-99.6875
-78.99160513;-2.894235809;[0];-100.0625
-78.99136233;-2.894235377;[0];-100.3750
-78.99111953;-2.894234944;[0];-100.6875
-78.99087673;-2.894234512;[0];-100.9375
-78.99063394;-2.89423408;[0];-101.2500
-78.99039114;-2.894233647;[0];-101.5625
-78.99014834;-2.894233215;[0];-101.8750
-79.01855650;-2.894039343;[0];-101.9375
-79.01831370;-2.894038917;[0];-101.6250
-79.01807090;-2.89403849;[0];-101.3125
-79.01782809;-2.894038064;[0];-101.0000
-79.01758529;-2.894037637;[0];-100.7500
-79.01734249;-2.89403721;[0];-100.4375
-79.01709968;-2.894036784;[0];-100.1250
-79.01685688;-2.894036357;[0];-99.8125
-79.01661408;-2.89403593;[0];-99.5625
-79.01637127;-2.894035503;[0];-99.2500
-79.01612847;-2.894035076;[0];-98.8750
-79.01588567;-2.894034649;[0];-98.6250
-79.01564287;-2.894034222;[0];-98.3125
-79.01540006;-2.894033795;[0];-97.9375
-79.01515726;-2.894033368;[0];-97.6250
-79.01491446;-2.894032941;[0];-97.3125
-79.01467165;-2.894032514;[0];-96.9375
-79.01442885;-2.894032087;[0];-96.6250
-79.01418605;-2.894031659;[0];-96.3125
-79.01394325;-2.894031232;[0];-96.0000
-79.01370044;-2.894030804;[0];-95.6875
-79.01345764;-2.894030377;[0];-95.3125
-79.01321484;-2.894029949;[0];-94.9375
-79.01297204;-2.894029522;[0];-94.6250
-79.01272923;-2.894029094;[0];-94.2500
-79.01248643;-2.894028666;[0];-93.9375
-79.01224363;-2.894028239;[0];-93.6250
-79.01200083;-2.894027811;[0];-93.3125
-79.01175803;-2.894027383;[0];-92.9375
-79.01151522;-2.894026955;[0];-92.6250
-79.01127242;-2.894026527;[0];-92.2500
-79.01102962;-2.894026099;[0];-91.9375
-79.01078682;-2.894025671;[0];-91.5625
-79.01054401;-2.894025243;[0];-91.2500
-79.01030121;-2.894024815;[0];-90.9375
-79.01005841;-2.894024387;[0];-90.6250
-79.00981561;-2.894023958;[0];-90.2500
-79.00957281;-2.89402353;[0];-90.0000
-79.00933000;-2.894023102;[0];-89.6875
-79.00908720;-2.894022673;[0];-89.4375
-79.0088444;-2.894022245;[0];-89.0625
-79.00860160;-2.894021816;[0];-88.8125
-79.00835880;-2.894021388;[0];-88.5625
-79.00811600;-2.894020959;[0];-88.2500
-79.00787319;-2.89402053;[0];-88.0625
-79.00763039;-2.894020102;[0];-87.8125
-79.00738759;-2.894019673;[0];-87.6250
-79.00714479;-2.894019244;[0];-87.3750
-79.00690199;-2.894018815;[0];-87.1875
-79.00665919;-2.894018386;[0];-87.0000
-79.00641638;-2.894017957;[0];-86.8750
-79.00617358;-2.894017528;[0];-86.6875
-79.00593078;-2.894017099;[0];-86.5000
-79.00568798;-2.89401667;[0];-86.4375
-79.00544518;-2.894016241;[0];-86.3750
-79.00520238;-2.894015811;[0];-86.2500
-79.00495958;-2.894015382;[0];-86.2500
-79.00471677;-2.894014953;[0];-86.2500
-79.00447397;-2.894014523;[0];-86.1875
-79.00423117;-2.894014094;[0];-86.1875
-79.00398837;-2.894013664;[0];-86.1875
-79.00374557;-2.894013235;[0];-86.1250
-79.00350277;-2.894012805;[0];-86.2500
-79.00325997;-2.894012375;[0];-86.2500
-79.00301717;-2.894011946;[0];-86.3750
-79.00277437;-2.894011516;[0];-86.4375
-79.00253157;-2.894011086;[0];-86.5625
-79.00228876;-2.894010656;[0];-86.6875
-79.00204596;-2.894010226;[0];-86.8750
-79.00180316;-2.894009796;[0];-87.0000
-79.00156036;-2.894009366;[0];-87.1875
-79.00131756;-2.894008936;[0];-87.3750
-79.00107476;-2.894008506;[0];-87.5625
-79.00083196;-2.894008076;[0];-87.8125
-79.00058916;-2.894007645;[0];-88.0625
-79.00034636;-2.894007215;[0];-88.2500
-79.00010356;-2.894006785;[0];-88.5625
-78.99986076;-2.894006354;[0];-88.8125
-78.99961796;-2.894005924;[0];-89.0625
-78.99937516;-2.894005493;[0];-89.3750
-78.99913236;-2.894005063;[0];-89.6250
-78.99888956;-2.894004632;[0];-90.0000
-78.99864676;-2.894004202;[0];-90.2500
-78.99840396;-2.894003771;[0];-90.6250
-78.99816116;-2.89400334;[0];-90.9375
-78.99791836;-2.894002909;[0];-91.1875
-78.99767555;-2.894002478;[0];-91.5625
-78.99743275;-2.894002047;[0];-91.8750
-78.99718995;-2.894001616;[0];-92.2500
-78.99694715;-2.894001185;[0];-92.5625
-78.99670435;-2.894000754;[0];-92.9375
-78.99646155;-2.894000323;[0];-93.2500
-78.99621875;-2.893999892;[0];-93.6250
-78.99597595;-2.893999461;[0];-93.9375
-78.99573315;-2.893999029;[0];-94.3125
-78.99549035;-2.893998598;[0];-94.6875
-78.99524756;-2.893998167;[0];-95.0000
-78.99500476;-2.893997735;[0];-95.3125
-78.99476196;-2.893997304;[0];-95.6875
-78.99451916;-2.893996872;[0];-96.0625
-78.99427636;-2.893996441;[0];-96.3750
-78.99403356;-2.893996009;[0];-96.7500
-78.99379076;-2.893995577;[0];-97.1250
-78.99354796;-2.893995145;[0];-97.4375
-78.99330516;-2.893994714;[0];-97.7500
-78.99306236;-2.893994282;[0];-98.1250
-78.99281956;-2.89399385;[0];-98.3750
-78.99257676;-2.893993418;[0];-98.7500
-78.99233396;-2.893992986;[0];-99.0625
-78.99209116;-2.893992554;[0];-99.3750
-78.99184836;-2.893992122;[0];-99.6875
-78.99160556;-2.893991689;[0];-100.0000
-78.99136276;-2.893991257;[0];-100.3125
-78.99111996;-2.893990825;[0];-100.6250
-78.99087716;-2.893990393;[0];-100.9375
-78.99063437;-2.89398996;[0];-101.1875
-78.99039157;-2.893989528;[0];-101.5000
-78.99014877;-2.893989095;[0];-101.8125
-79.01855693;-2.893795219;[0];-101.8750
-79.01831412;-2.893794793;[0];-101.5625
-79.01807132;-2.893794367;[0];-101.3125
-79.01782852;-2.89379394;[0];-101.0625
-79.01758571;-2.893793514;[0];-100.7500
-79.01734291;-2.893793087;[0];-100.4375
-79.01710011;-2.89379266;[0];-100.1250
-79.01685730;-2.893792234;[0];-99.8750
-79.01661450;-2.893791807;[0];-99.5000
-79.01637170;-2.89379138;[0];-99.1875
-79.01612890;-2.893790953;[0];-98.9375
-79.01588609;-2.893790526;[0];-98.6250
-79.01564329;-2.893790099;[0];-98.2500
-79.01540049;-2.893789672;[0];-97.9375
-79.01515769;-2.893789245;[0];-97.6250
-79.01491488;-2.893788818;[0];-97.3125
-79.01467208;-2.893788391;[0];-96.9375
-79.01442928;-2.893787963;[0];-96.6875
-79.01418647;-2.893787536;[0];-96.3750
-79.01394367;-2.893787109;[0];-96.0625
-79.01370087;-2.893786681;[0];-95.6875
-79.01345807;-2.893786254;[0];-95.3125
-79.01321526;-2.893785826;[0];-95.0000
-79.01297246;-2.893785399;[0];-94.6875
-79.01272966;-2.893784971;[0];-94.3750
-79.01248686;-2.893784544;[0];-94.0625
-79.01224406;-2.893784116;[0];-93.6875
-79.01200125;-2.893783688;[0];-93.3750
-79.01175845;-2.89378326;[0];-93.0625
-79.01151565;-2.893782832;[0];-92.6875
-79.01127285;-2.893782405;[0];-92.3750
-79.01103004;-2.893781977;[0];-92.0625
-79.01078724;-2.893781549;[0];-91.6875
-79.01054444;-2.89378112;[0];-91.3750
-79.01030164;-2.893780692;[0];-91.1250
-79.01005884;-2.893780264;[0];-90.7500
-79.00981603;-2.893779836;[0];-90.4375
-79.00957323;-2.893779408;[0];-90.1875
-79.00933043;-2.893778979;[0];-89.8750
-79.00908763;-2.893778551;[0];-89.6250
-79.00884483;-2.893778122;[0];-89.3125
-79.00860203;-2.893777694;[0];-89.1250
-79.00835922;-2.893777265;[0];-88.7500
-79.00811642;-2.893776837;[0];-88.5625
-79.00787362;-2.893776408;[0];-88.3125
-79.00763082;-2.893775979;[0];-88.1250
-79.00738802;-2.893775551;[0];-87.8750
-79.00714522;-2.893775122;[0];-87.6875
-79.00690241;-2.893774693;[0];-87.5000
-79.00665961;-2.893774264;[0];-87.3125
-79.00641681;-2.893773835;[0];-87.1875
-79.00617401;-2.893773406;[0];-87.0625
-79.00593121;-2.893772977;[0];-86.8750
-79.00568841;-2.893772548;[0];-86.7500
-79.00544561;-2.893772119;[0];-86.7500
-79.00520280;-2.89377169;[0];-86.6250
-79.00496000;-2.89377126;[0];-86.6250
-79.00471720;-2.893770831;[0];-86.5625
-79.0044744;-2.893770402;[0];-86.5000
-79.00423160;-2.893769972;[0];-86.5000
-79.00398880;-2.893769543;[0];-86.5000
-79.00374600;-2.893769113;[0];-86.5000
-79.00350320;-2.893768684;[0];-86.6250
-79.00326040;-2.893768254;[0];-86.6250
-79.00301759;-2.893767824;[0];-86.7500
-79.00277479;-2.893767394;[0];-86.8125
-79.00253199;-2.893766965;[0];-86.9375
-79.00228919;-2.893766535;[0];-87.0000
-79.00204639;-2.893766105;[0];-87.1875
-79.00180359;-2.893765675;[0];-87.3125
-79.00156079;-2.893765245;[0];-87.5000
-79.00131799;-2.893764815;[0];-87.6875
-79.00107519;-2.893764385;[0];-87.8125
-79.00083239;-2.893763955;[0];-88.1250
-79.00058959;-2.893763524;[0];-88.3125
-79.00034679;-2.893763094;[0];-88.5625
-79.00010399;-2.893762664;[0];-88.7500
-78.99986119;-2.893762233;[0];-89.0625
-78.99961839;-2.893761803;[0];-89.3125
-78.99937559;-2.893761373;[0];-89.5625
-78.99913278;-2.893760942;[0];-89.8750
-78.99888998;-2.893760511;[0];-90.1875
-78.99864718;-2.893760081;[0];-90.4375
-78.99840438;-2.89375965;[0];-90.7500
-78.99816158;-2.893759219;[0];-91.1250
-78.99791878;-2.893758789;[0];-91.3750
-78.99767598;-2.893758358;[0];-91.6875
-78.99743318;-2.893757927;[0];-92.0000
-78.99719038;-2.893757496;[0];-92.3750
-78.99694758;-2.893757065;[0];-92.6875
-78.99670478;-2.893756634;[0];-93.0625
-78.99646198;-2.893756203;[0];-93.3750
-78.99621918;-2.893755772;[0];-93.6875
-78.99597638;-2.89375534;[0];-94.0000
-78.99573358;-2.893754909;[0];-94.3750
-78.99549078;-2.893754478;[0];-94.7500
-78.99524798;-2.893754046;[0];-95.0625
-78.99500518;-2.893753615;[0];-95.4375
-78.99476238;-2.893753184;[0];-95.7500
-78.99451959;-2.893752752;[0];-96.0625
-78.99427679;-2.89375232;[0];-96.4375
-78.99403399;-2.893751889;[0];-96.7500
-78.99379119;-2.893751457;[0];-97.1250
-78.99354839;-2.893751025;[0];-97.4375
-78.99330559;-2.893750594;[0];-97.7500
-78.99306279;-2.893750162;[0];-98.1250
-78.99281999;-2.89374973;[0];-98.4375
-78.99257719;-2.893749298;[0];-98.7500
-78.99233439;-2.893748866;[0];-99.0625
-78.99209159;-2.893748434;[0];-99.3750
-78.99184879;-2.893748002;[0];-99.6875
-78.99160599;-2.89374757;[0];-99.9375
-78.99136319;-2.893747138;[0];-100.2500
-78.99112039;-2.893746705;[0];-100.6250
-78.99087759;-2.893746273;[0];-100.9375
-78.99063480;-2.893745841;[0];-101.2500
-78.99039200;-2.893745408;[0];-101.5000
-78.99014920;-2.893744976;[0];-101.7500
-79.01855735;-2.893551096;[0];-101.8125
-79.01831455;-2.893550669;[0];-101.5625
-79.01807174;-2.893550243;[0];-101.3125
-79.01782894;-2.893549817;[0];-101.0000
-79.01758614;-2.89354939;[0];-100.6875
-79.01734334;-2.893548963;[0];-100.4375
-79.01710053;-2.893548537;[0];-100.1250
-79.01685773;-2.89354811;[0];-99.8125
-79.01661493;-2.893547683;[0];-99.5000
-79.01637212;-2.893547257;[0];-99.2500
-79.01612932;-2.89354683;[0];-98.9375
-79.01588652;-2.893546403;[0];-98.5625
-79.01564372;-2.893545976;[0];-98.2500
-79.01540091;-2.893545549;[0];-98.0000
-79.01515811;-2.893545122;[0];-97.6250
-79.01491531;-2.893544695;[0];-97.3125
-79.01467250;-2.893544268;[0];-97.0000
-79.01442970;-2.89354384;[0];-96.6875
-79.01418690;-2.893543413;[0];-96.4375
-79.01394410;-2.893542986;[0];-96.1250
-79.01370129;-2.893542558;[0];-95.6875
-79.01345849;-2.893542131;[0];-95.3750
-79.01321569;-2.893541704;[0];-95.0625
-79.01297289;-2.893541276;[0];-94.7500
-79.01273009;-2.893540848;[0];-94.4375
-79.01248728;-2.893540421;[0];-94.1250
-79.01224448;-2.893539993;[0];-93.8125
-79.01200168;-2.893539565;[0];-93.5000
-79.01175888;-2.893539138;[0];-93.1875
-79.01151607;-2.89353871;[0];-92.8125
-79.01127327;-2.893538282;[0];-92.5000
-79.01103047;-2.893537854;[0];-92.1875
-79.01078767;-2.893537426;[0];-91.8125
-79.01054487;-2.893536998;[0];-91.5625
-79.01030206;-2.89353657;[0];-91.2500
-79.01005926;-2.893536142;[0];-90.9375
-79.00981646;-2.893535714;[0];-90.6875
-79.00957366;-2.893535285;[0];-90.3750
-79.00933086;-2.893534857;[0];-90.1250
-79.00908805;-2.893534429;[0];-89.8125
-79.00884525;-2.893534;[0];-89.5625
-79.00860245;-2.893533572;[0];-89.3125
-79.00835965;-2.893533143;[0];-89.0000
-79.00811685;-2.893532715;[0];-88.8125
-79.00787405;-2.893532286;[0];-88.6250
-79.00763124;-2.893531857;[0];-88.3750
-79.00738844;-2.893531429;[0];-88.1875
-79.00714564;-2.893531;[0];-88.0000
-79.00690284;-2.893530571;[0];-87.8125
-79.00666004;-2.893530142;[0];-87.6250
-79.00641724;-2.893529713;[0];-87.5000
-79.00617444;-2.893529284;[0];-87.3750
-79.00593163;-2.893528855;[0];-87.1875
-79.00568883;-2.893528426;[0];-87.1250
-79.00544603;-2.893527997;[0];-87.0625
-79.00520323;-2.893527568;[0];-87.0000
-79.00496043;-2.893527139;[0];-86.9375
-79.00471763;-2.893526709;[0];-86.9375
-79.00447483;-2.89352628;[0];-86.8750
-79.00423203;-2.893525851;[0];-86.8750
-79.00398923;-2.893525421;[0];-86.8750
-79.00374642;-2.893524992;[0];-86.8750
-79.00350362;-2.893524562;[0];-86.9375
-79.00326082;-2.893524132;[0];-87.0000
-79.00301802;-2.893523703;[0];-87.0625
-79.00277522;-2.893523273;[0];-87.1250
-79.00253242;-2.893522843;[0];-87.2500
-79.00228962;-2.893522414;[0];-87.3125
-79.00204682;-2.893521984;[0];-87.5000
-79.00180402;-2.893521554;[0];-87.6250
-79.00156122;-2.893521124;[0];-87.8125
-79.00131842;-2.893520694;[0];-88.0000
-79.00107562;-2.893520264;[0];-88.1250
-79.00083282;-2.893519834;[0];-88.3750
-79.00059002;-2.893519403;[0];-88.6250
-79.00034721;-2.893518973;[0];-88.8125
-79.00010441;-2.893518543;[0];-89.0000
-78.99986161;-2.893518113;[0];-89.3125
-78.99961881;-2.893517682;[0];-89.5625
-78.99937601;-2.893517252;[0];-89.8125
-78.99913321;-2.893516821;[0];-90.1250
-78.99889041;-2.893516391;[0];-90.3750
-78.99864761;-2.89351596;[0];-90.6875
-78.99840481;-2.893515529;[0];-90.9375
-78.99816201;-2.893515099;[0];-91.2500
-78.99791921;-2.893514668;[0];-91.5625
-78.99767641;-2.893514237;[0];-91.8125
-78.99743361;-2.893513806;[0];-92.1875
-78.99719081;-2.893513375;[0];-92.5000
-78.99694801;-2.893512944;[0];-92.8125
-78.99670521;-2.893512513;[0];-93.1250
-78.99646241;-2.893512082;[0];-93.5000
-78.99621961;-2.893511651;[0];-93.8125
-78.99597681;-2.89351122;[0];-94.1250
-78.99573401;-2.893510789;[0];-94.4375
-78.99549121;-2.893510358;[0];-94.7500
-78.99524841;-2.893509926;[0];-95.1250
-78.99500561;-2.893509495;[0];-95.5000
-78.99476281;-2.893509063;[0];-95.8125
-78.99452001;-2.893508632;[0];-96.1250
-78.99427721;-2.8935082;[0];-96.4375
-78.99403442;-2.893507769;[0];-96.8125
-78.99379162;-2.893507337;[0];-97.1250
-78.99354882;-2.893506905;[0];-97.4375
-78.99330602;-2.893506474;[0];-97.8125
-78.99306322;-2.893506042;[0];-98.0625
-78.99282042;-2.89350561;[0];-98.4375
-78.99257762;-2.893505178;[0];-98.7500
-78.99233482;-2.893504746;[0];-99.0625
-78.99209202;-2.893504314;[0];-99.3125
-78.99184922;-2.893503882;[0];-99.6875
-78.99160642;-2.89350345;[0];-99.9375
-78.99136362;-2.893503018;[0];-100.2500
-78.99112082;-2.893502586;[0];-100.5625
-78.99087802;-2.893502153;[0];-100.8750
-78.99063523;-2.893501721;[0];-101.1875
-78.99039243;-2.893501289;[0];-101.5000
-78.99014963;-2.893500856;[0];-101.7500
-78.98990683;-2.893500424;[0];-102.0000
-79.01855777;-2.893306972;[0];-101.8125
-79.01831497;-2.893306546;[0];-101.5625
-79.01807217;-2.893306119;[0];-101.2500
-79.01782937;-2.893305693;[0];-100.9375
-79.01758656;-2.893305266;[0];-100.6875
-79.01734376;-2.89330484;[0];-100.4375
-79.01710096;-2.893304413;[0];-100.0625
-79.01685815;-2.893303987;[0];-99.8125
-79.01661535;-2.89330356;[0];-99.5000
-79.01637255;-2.893303133;[0];-99.1875
-79.01612975;-2.893302706;[0];-98.8750
-79.01588694;-2.89330228;[0];-98.6250
-79.01564414;-2.893301853;[0];-98.3125
-79.01540134;-2.893301426;[0];-97.9375
-79.01515853;-2.893300999;[0];-97.6250
-79.01491573;-2.893300572;[0];-97.3750
-79.01467293;-2.893300144;[0];-97.0625
-79.01443013;-2.893299717;[0];-96.7500
-79.01418732;-2.89329929;[0];-96.4375
-79.01394452;-2.893298863;[0];-96.0625
-79.01370172;-2.893298435;[0];-95.7500
-79.01345892;-2.893298008;[0];-95.4375
-79.01321611;-2.893297581;[0];-95.1250
-79.01297331;-2.893297153;[0];-94.8750
-79.01273051;-2.893296726;[0];-94.5625
-79.01248771;-2.893296298;[0];-94.2500
-79.01224491;-2.89329587;[0];-93.8750
-79.01200210;-2.893295443;[0];-93.5625
-79.01175930;-2.893295015;[0];-93.2500
-79.01151650;-2.893294587;[0];-92.9375
-79.01127370;-2.893294159;[0];-92.6250
-79.01103090;-2.893293731;[0];-92.3125
-79.01078809;-2.893293303;[0];-92.0000
-79.01054529;-2.893292875;[0];-91.7500
-79.01030249;-2.893292447;[0];-91.4375
-79.01005969;-2.893292019;[0];-91.1250
-79.00981689;-2.893291591;[0];-90.8750
-79.00957408;-2.893291163;[0];-90.5625
-79.00933128;-2.893290735;[0];-90.3125
-79.00908848;-2.893290306;[0];-90.0625
-79.00884568;-2.893289878;[0];-89.8125
-79.00860288;-2.89328945;[0];-89.5000
-79.00836008;-2.893289021;[0];-89.3125
-79.00811727;-2.893288593;[0];-89.0625
-79.00787447;-2.893288164;[0];-88.8750
-79.00763167;-2.893287735;[0];-88.6875
-79.00738887;-2.893287307;[0];-88.5000
-79.00714607;-2.893286878;[0];-88.2500
-79.00690327;-2.893286449;[0];-88.0625
-79.00666047;-2.89328602;[0];-87.9375
-79.00641766;-2.893285591;[0];-87.8125
-79.00617486;-2.893285162;[0];-87.6875
-79.00593206;-2.893284733;[0];-87.5000
-79.00568926;-2.893284304;[0];-87.4375
-79.00544646;-2.893283875;[0];-87.3750
-79.00520366;-2.893283446;[0];-87.3125
-79.00496086;-2.893283017;[0];-87.3125
-79.00471806;-2.893282588;[0];-87.2500
-79.00447525;-2.893282158;[0];-87.1875
-79.00423245;-2.893281729;[0];-87.1875
-79.00398965;-2.8932813;[0];-87.1875
-79.00374685;-2.89328087;[0];-87.1875
-79.00350405;-2.893280441;[0];-87.3125
-79.00326125;-2.893280011;[0];-87.3125
-79.00301845;-2.893279581;[0];-87.3750
-79.00277565;-2.893279152;[0];-87.4375
-79.00253285;-2.893278722;[0];-87.5625
-79.00229005;-2.893278292;[0];-87.6250
-79.00204725;-2.893277862;[0];-87.8125
-79.00180445;-2.893277433;[0];-87.9375
-79.00156165;-2.893277003;[0];-88.0625
-79.00131884;-2.893276573;[0];-88.2500
-79.00107604;-2.893276143;[0];-88.4375
-79.00083324;-2.893275712;[0];-88.6250
-79.00059044;-2.893275282;[0];-88.8750
-79.00034764;-2.893274852;[0];-89.0625
-79.00010484;-2.893274422;[0];-89.2500
-78.99986204;-2.893273992;[0];-89.5000
-78.99961924;-2.893273561;[0];-89.8125
-78.99937644;-2.893273131;[0];-90.0000
-78.99913364;-2.8932727;[0];-90.3125
-78.99889084;-2.89327227;[0];-90.5625
-78.99864804;-2.893271839;[0];-90.8750
-78.99840524;-2.893271409;[0];-91.1250
-78.99816244;-2.893270978;[0];-91.4375
-78.99791964;-2.893270547;[0];-91.7500
-78.99767684;-2.893270117;[0];-92.0000
-78.99743404;-2.893269686;[0];-92.3125
-78.99719124;-2.893269255;[0];-92.6250
-78.99694844;-2.893268824;[0];-92.9375
-78.99670564;-2.893268393;[0];-93.2500
-78.99646284;-2.893267962;[0];-93.5625
-78.99622004;-2.893267531;[0];-93.8750
-78.99597724;-2.8932671;[0];-94.1875
-78.99573444;-2.893266669;[0];-94.5000
-78.99549164;-2.893266237;[0];-94.8125
-78.99524884;-2.893265806;[0];-95.1250
-78.99500604;-2.893265375;[0];-95.5000
-78.99476324;-2.893264943;[0];-95.8750
-78.99452044;-2.893264512;[0];-96.1875
-78.99427764;-2.89326408;[0];-96.4375
-78.99403484;-2.893263649;[0];-96.8125
-78.99379205;-2.893263217;[0];-97.1250
-78.99354925;-2.893262786;[0];-97.4375
-78.99330645;-2.893262354;[0];-97.8125
-78.99306365;-2.893261922;[0];-98.1250
-78.99282085;-2.89326149;[0];-98.3750
-78.99257805;-2.893261058;[0];-98.7500
-78.99233525;-2.893260626;[0];-99.0625
-78.99209245;-2.893260194;[0];-99.3125
-78.99184965;-2.893259762;[0];-99.6250
-78.99160685;-2.89325933;[0];-99.9375
-78.99136405;-2.893258898;[0];-100.2500
-78.99112125;-2.893258466;[0];-100.5000
-78.99087845;-2.893258034;[0];-100.8125
-78.99063566;-2.893257602;[0];-101.1250
-78.99039286;-2.893257169;[0];-101.4375
-78.99015006;-2.893256737;[0];-101.7500
-78.98990726;-2.893256304;[0];-102.0000
-79.01855820;-2.893062848;[0];-101.8125
-79.01831540;-2.893062422;[0];-101.5000
-79.01807259;-2.893061996;[0];-101.2500
-79.01782979;-2.893061569;[0];-100.9375
-79.01758699;-2.893061143;[0];-100.6875
-79.01734418;-2.893060716;[0];-100.3750
-79.01710138;-2.89306029;[0];-100.0625
-79.01685858;-2.893059863;[0];-99.8125
-79.01661578;-2.893059437;[0];-99.5000
-79.01637297;-2.89305901;[0];-99.1875
-79.01613017;-2.893058583;[0];-98.9375
-79.01588737;-2.893058156;[0];-98.6250
-79.01564456;-2.893057729;[0];-98.2500
-79.01540176;-2.893057302;[0];-98.0000
-79.01515896;-2.893056875;[0];-97.6875
-79.01491616;-2.893056448;[0];-97.3750
-79.01467335;-2.893056021;[0];-97.1250
-79.01443055;-2.893055594;[0];-96.8125
-79.01418775;-2.893055167;[0];-96.4375
-79.01394495;-2.89305474;[0];-96.1250
-79.01370214;-2.893054312;[0];-95.8125
-79.01345934;-2.893053885;[0];-95.5625
-79.01321654;-2.893053458;[0];-95.2500
-79.01297374;-2.89305303;[0];-94.9375
-79.01273094;-2.893052603;[0];-94.6250
-79.01248813;-2.893052175;[0];-94.3125
-79.01224533;-2.893051748;[0];-94.0000
-79.01200253;-2.89305132;[0];-93.6875
-79.01175973;-2.893050892;[0];-93.3750
-79.01151693;-2.893050465;[0];-93.0625
-79.01127412;-2.893050037;[0];-92.7500
-79.01103132;-2.893049609;[0];-92.4375
-79.01078852;-2.893049181;[0];-92.1875
-79.01054572;-2.893048753;[0];-91.8750
-79.01030292;-2.893048325;[0];-91.5625
-79.01006011;-2.893047897;[0];-91.3750
-79.00981731;-2.893047469;[0];-91.0000
-79.00957451;-2.893047041;[0];-90.8125
-79.00933171;-2.893046612;[0];-90.5000
-79.00908891;-2.893046184;[0];-90.2500
-79.00884611;-2.893045756;[0];-90.0625
-79.00860330;-2.893045327;[0];-89.7500
-79.00836050;-2.893044899;[0];-89.5625
-79.0081177;-2.89304447;[0];-89.3125
-79.00787490;-2.893044042;[0];-89.1250
-79.00763210;-2.893043613;[0];-88.9375
-79.00738930;-2.893043185;[0];-88.7500
-79.00714649;-2.893042756;[0];-88.5625
-79.00690369;-2.893042327;[0];-88.3750
-79.00666089;-2.893041898;[0];-88.2500
-79.00641809;-2.893041469;[0];-88.1250
-79.00617529;-2.893041041;[0];-87.9375
-79.00593249;-2.893040612;[0];-87.8125
-79.00568969;-2.893040183;[0];-87.8125
-79.00544689;-2.893039754;[0];-87.6875
-79.00520408;-2.893039324;[0];-87.6250
-79.00496128;-2.893038895;[0];-87.6250
-79.00471848;-2.893038466;[0];-87.5625
-79.00447568;-2.893038037;[0];-87.5625
-79.00423288;-2.893037607;[0];-87.5625
-79.00399008;-2.893037178;[0];-87.5625
-79.00374728;-2.893036749;[0];-87.5625
-79.00350448;-2.893036319;[0];-87.6250
-79.00326168;-2.89303589;[0];-87.6250
-79.00301888;-2.89303546;[0];-87.6875
-79.00277608;-2.89303503;[0];-87.8125
-79.00253328;-2.893034601;[0];-87.8750
-79.00229047;-2.893034171;[0];-87.9375
-79.00204767;-2.893033741;[0];-88.1250
-79.00180487;-2.893033311;[0];-88.2500
-79.00156207;-2.893032881;[0];-88.3750
-79.00131927;-2.893032451;[0];-88.5625
-79.00107647;-2.893032021;[0];-88.7500
-79.00083367;-2.893031591;[0];-88.8750
-79.00059087;-2.893031161;[0];-89.1250
-79.00034807;-2.893030731;[0];-89.3125
-79.00010527;-2.893030301;[0];-89.5625
-78.99986247;-2.893029871;[0];-89.7500
-78.99961967;-2.89302944;[0];-90.0625
-78.99937687;-2.89302901;[0];-90.2500
-78.99913407;-2.89302858;[0];-90.5000
-78.99889127;-2.893028149;[0];-90.8125
-78.99864847;-2.893027719;[0];-91.0000
-78.99840567;-2.893027288;[0];-91.3125
-78.99816287;-2.893026857;[0];-91.5625
-78.99792007;-2.893026427;[0];-91.8750
-78.99767727;-2.893025996;[0];-92.1875
-78.99743447;-2.893025565;[0];-92.4375
-78.99719167;-2.893025134;[0];-92.7500
-78.99694887;-2.893024703;[0];-93.0625
-78.99670607;-2.893024273;[0];-93.3750
-78.99646327;-2.893023842;[0];-93.6875
-78.99622047;-2.89302341;[0];-94.0000
-78.99597767;-2.893022979;[0];-94.3125
-78.99573487;-2.893022548;[0];-94.6250
-78.99549207;-2.893022117;[0];-94.9375
-78.99524927;-2.893021686;[0];-95.2500
-78.99500647;-2.893021254;[0];-95.5625
-78.99476367;-2.893020823;[0];-95.9375
-78.99452087;-2.893020392;[0];-96.2500
-78.99427807;-2.89301996;[0];-96.5000
-78.99403527;-2.893019529;[0];-96.8125
-78.99379247;-2.893019097;[0];-97.1875
-78.99354968;-2.893018666;[0];-97.5000
-78.99330688;-2.893018234;[0];-97.7500
-78.99306408;-2.893017802;[0];-98.1250
-78.99282128;-2.89301737;[0];-98.4375
-78.99257848;-2.893016939;[0];-98.7500
-78.99233568;-2.893016507;[0];-99.0625
-78.99209288;-2.893016075;[0];-99.3750
-78.99185008;-2.893015643;[0];-99.6250
-78.99160728;-2.893015211;[0];-99.9375
-78.99136448;-2.893014779;[0];-100.2500
-78.99112168;-2.893014346;[0];-100.5625
-78.99087888;-2.893013914;[0];-100.8125
-78.99063609;-2.893013482;[0];-101.0625
-78.99039329;-2.89301305;[0];-101.3750
-78.99015049;-2.893012617;[0];-101.6875
-78.98990769;-2.893012185;[0];-102.0000
-79.01880143;-2.892819151;[0];-102.0000
-79.01855862;-2.892818725;[0];-101.7500
-79.01831582;-2.892818298;[0];-101.5000
-79.01807302;-2.892817872;[0];-101.2500
-79.01783021;-2.892817446;[0];-100.9375
-79.01758741;-2.892817019;[0];-100.6250
-79.01734461;-2.892816593;[0];-100.3750
-79.01710181;-2.892816166;[0];-100.1250
-79.01685900;-2.89281574;[0];-99.8125
-79.01661620;-2.892815313;[0];-99.5000
-79.01637340;-2.892814886;[0];-99.1875
-79.01613059;-2.89281446;[0];-98.9375
-79.01588779;-2.892814033;[0];-98.5625
-79.01564499;-2.892813606;[0];-98.3125
-79.01540219;-2.892813179;[0];-98.0000
-79.01515938;-2.892812752;[0];-97.7500
-79.01491658;-2.892812325;[0];-97.4375
-79.01467378;-2.892811898;[0];-97.1875
-79.01443098;-2.892811471;[0];-96.8125
-79.01418817;-2.892811044;[0];-96.5000
-79.01394537;-2.892810617;[0];-96.1875
-79.01370257;-2.892810189;[0];-95.9375
-79.01345977;-2.892809762;[0];-95.6250
-79.01321697;-2.892809335;[0];-95.3125
-79.01297416;-2.892808907;[0];-95.0000
-79.01273136;-2.89280848;[0];-94.6875
-79.01248856;-2.892808052;[0];-94.4375
-79.01224576;-2.892807625;[0];-94.1250
-79.01200295;-2.892807197;[0];-93.8125
-79.01176015;-2.89280677;[0];-93.5000
-79.01151735;-2.892806342;[0];-93.1875
-79.01127455;-2.892805914;[0];-92.8750
-79.01103175;-2.892805486;[0];-92.6250
-79.01078894;-2.892805058;[0];-92.3750
-79.01054614;-2.89280463;[0];-92.0625
-79.01030334;-2.892804202;[0];-91.7500
-79.01006054;-2.892803774;[0];-91.5000
-79.00981774;-2.892803346;[0];-91.2500
-79.00957494;-2.892802918;[0];-91.0000
-79.00933213;-2.89280249;[0];-90.6875
-79.00908933;-2.892802062;[0];-90.5000
-79.00884653;-2.892801633;[0];-90.2500
-79.00860373;-2.892801205;[0];-90.0000
-79.00836093;-2.892800777;[0];-89.8125
-79.00811813;-2.892800348;[0];-89.5625
-79.00787533;-2.89279992;[0];-89.3750
-79.00763252;-2.892799491;[0];-89.1875
-79.00738972;-2.892799063;[0];-89.0000
-79.00714692;-2.892798634;[0];-88.8125
-79.00690412;-2.892798205;[0];-88.6875
-79.00666132;-2.892797776;[0];-88.5625
-79.00641852;-2.892797348;[0];-88.4375
-79.00617572;-2.892796919;[0];-88.2500
-79.00593291;-2.89279649;[0];-88.1250
-79.00569011;-2.892796061;[0];-88.1250
-79.00544731;-2.892795632;[0];-88.0000
-79.00520451;-2.892795203;[0];-88.0000
-79.00496171;-2.892794774;[0];-87.9375
-79.00471891;-2.892794344;[0];-87.9375
-79.00447611;-2.892793915;[0];-87.8750
-79.00423331;-2.892793486;[0];-87.8750
-79.00399051;-2.892793057;[0];-87.8750
-79.00374771;-2.892792627;[0];-87.8750
-79.00350491;-2.892792198;[0];-87.9375
-79.00326210;-2.892791768;[0];-88.0000
-79.00301930;-2.892791339;[0];-88.0000
-79.00277650;-2.892790909;[0];-88.1250
-79.00253370;-2.892790479;[0];-88.1875
-79.00229090;-2.89279005;[0];-88.2500
-79.00204810;-2.89278962;[0];-88.4375
-79.0018053;-2.89278919;[0];-88.5625
-79.0015625;-2.89278876;[0];-88.6250
-79.00131970;-2.89278833;[0];-88.8125
-79.00107690;-2.8927879;[0];-89.0000
-79.00083410;-2.89278747;[0];-89.1250
-79.00059130;-2.89278704;[0];-89.3750
-79.00034850;-2.89278661;[0];-89.5625
-79.00010570;-2.89278618;[0];-89.8125
-78.99986290;-2.89278575;[0];-90.0000
-78.99962010;-2.892785319;[0];-90.2500
-78.99937730;-2.892784889;[0];-90.5000
-78.99913450;-2.892784459;[0];-90.6875
-78.99889170;-2.892784028;[0];-90.9375
-78.99864890;-2.892783598;[0];-91.2500
-78.99840610;-2.892783167;[0];-91.5000
-78.99816330;-2.892782737;[0];-91.7500
-78.99792050;-2.892782306;[0];-92.0000
-78.99767770;-2.892781875;[0];-92.3125
-78.99743490;-2.892781445;[0];-92.6250
-78.99719210;-2.892781014;[0];-92.8750
-78.99694930;-2.892780583;[0];-93.1875
-78.99670650;-2.892780152;[0];-93.5000
-78.99646370;-2.892779721;[0];-93.8125
-78.99622090;-2.89277929;[0];-94.1250
-78.99597810;-2.892778859;[0];-94.3750
-78.99573530;-2.892778428;[0];-94.6875
-78.99549250;-2.892777997;[0];-95.0000
-78.9952497;-2.892777566;[0];-95.3125
-78.9950069;-2.892777134;[0];-95.6250
-78.99476410;-2.892776703;[0];-95.9375
-78.99452130;-2.892776272;[0];-96.3125
-78.99427850;-2.89277584;[0];-96.5625
-78.99403570;-2.892775409;[0];-96.8750
-78.99379290;-2.892774977;[0];-97.1875
-78.99355010;-2.892774546;[0];-97.5000
-78.99330731;-2.892774114;[0];-97.8125
-78.99306451;-2.892773682;[0];-98.1250
-78.99282171;-2.892773251;[0];-98.4375
-78.99257891;-2.892772819;[0];-98.7500
-78.99233611;-2.892772387;[0];-99.0625
-78.99209331;-2.892771955;[0];-99.3125
-78.99185051;-2.892771523;[0];-99.6875
-78.99160771;-2.892771091;[0];-99.9375
-78.99136491;-2.892770659;[0];-100.1875
-78.99112211;-2.892770227;[0];-100.5000
-78.99087931;-2.892769795;[0];-100.8125
-78.99063652;-2.892769363;[0];-101.0625
-78.99039372;-2.89276893;[0];-101.3125
-78.99015092;-2.892768498;[0];-101.6250
-78.98990812;-2.892768066;[0];-101.9375
-79.01880185;-2.892575027;[0];-102.0000
-79.01855905;-2.892574601;[0];-101.7500
-79.01831624;-2.892574175;[0];-101.5000
-79.01807344;-2.892573748;[0];-101.1875
-79.01783064;-2.892573322;[0];-100.8750
-79.01758783;-2.892572896;[0];-100.6250
-79.01734503;-2.892572469;[0];-100.3750
-79.01710223;-2.892572043;[0];-100.0625
-79.01685943;-2.892571616;[0];-99.7500
-79.01661662;-2.89257119;[0];-99.5000
-79.01637382;-2.892570763;[0];-99.2500
-79.01613102;-2.892570336;[0];-98.8750
-79.01588822;-2.89256991;[0];-98.6250
-79.01564541;-2.892569483;[0];-98.3750
-79.01540261;-2.892569056;[0];-98.0625
-79.01515981;-2.892568629;[0];-97.8125
-79.01491701;-2.892568202;[0];-97.5000
-79.01467420;-2.892567775;[0];-97.1875
-79.01443140;-2.892567348;[0];-96.8750
-79.01418860;-2.892566921;[0];-96.5625
-79.01394580;-2.892566494;[0];-96.2500
-79.01370299;-2.892566067;[0];-96.0000
-79.01346019;-2.892565639;[0];-95.6875
-79.01321739;-2.892565212;[0];-95.3750
-79.01297459;-2.892564785;[0];-95.1250
-79.01273179;-2.892564357;[0];-94.8125
-79.01248898;-2.89256393;[0];-94.5000
-79.01224618;-2.892563502;[0];-94.1875
-79.01200338;-2.892563075;[0];-93.9375
-79.01176058;-2.892562647;[0];-93.6250
-79.01151778;-2.892562219;[0];-93.3125
-79.01127497;-2.892561791;[0];-93.0625
-79.01103217;-2.892561364;[0];-92.8125
-79.01078937;-2.892560936;[0];-92.5000
-79.01054657;-2.892560508;[0];-92.1875
-79.01030377;-2.89256008;[0];-92.0000
-79.01006097;-2.892559652;[0];-91.6875
-79.00981816;-2.892559224;[0];-91.4375
-79.00957536;-2.892558796;[0];-91.1250
-79.00933256;-2.892558368;[0];-90.9375
-79.00908976;-2.892557939;[0];-90.7500
-79.00884696;-2.892557511;[0];-90.4375
-79.00860416;-2.892557083;[0];-90.2500
-79.00836135;-2.892556655;[0];-90.0625
-79.00811855;-2.892556226;[0];-89.8750
-79.00787575;-2.892555798;[0];-89.6250
-79.00763295;-2.892555369;[0];-89.5000
-79.00739015;-2.892554941;[0];-89.3125
-79.00714735;-2.892554512;[0];-89.1250
-79.00690455;-2.892554083;[0];-88.9375
-79.00666174;-2.892553654;[0];-88.8750
-79.00641894;-2.892553226;[0];-88.6875
-79.00617614;-2.892552797;[0];-88.5625
-79.00593334;-2.892552368;[0];-88.4375
-79.00569054;-2.892551939;[0];-88.4375
-79.00544774;-2.89255151;[0];-88.3125
-79.00520494;-2.892551081;[0];-88.3125
-79.00496214;-2.892550652;[0];-88.3125
-79.00471934;-2.892550223;[0];-88.2500
-79.00447654;-2.892549794;[0];-88.1875
-79.00423373;-2.892549364;[0];-88.1875
-79.00399093;-2.892548935;[0];-88.1875
-79.00374813;-2.892548506;[0];-88.1875
-79.00350533;-2.892548076;[0];-88.2500
-79.00326253;-2.892547647;[0];-88.3125
-79.00301973;-2.892547217;[0];-88.3125
-79.00277693;-2.892546788;[0];-88.4375
-79.00253413;-2.892546358;[0];-88.5000
-79.00229133;-2.892545928;[0];-88.5625
-79.00204853;-2.892545499;[0];-88.6875
-79.00180573;-2.892545069;[0];-88.8750
-79.00156293;-2.892544639;[0];-88.9375
-79.00132013;-2.892544209;[0];-89.1250
-79.00107733;-2.892543779;[0];-89.3125
-79.00083453;-2.892543349;[0];-89.4375
-79.00059173;-2.892542919;[0];-89.6250
-79.00034893;-2.892542489;[0];-89.8125
-79.00010613;-2.892542059;[0];-90.0000
-78.99986333;-2.892541629;[0];-90.2500
-78.99962053;-2.892541199;[0];-90.4375
-78.99937773;-2.892540768;[0];-90.7500
-78.99913493;-2.892540338;[0];-90.9375
-78.99889213;-2.892539908;[0];-91.1250
-78.99864933;-2.892539477;[0];-91.4375
-78.99840653;-2.892539047;[0];-91.6250
-78.99816373;-2.892538616;[0];-91.9375
-78.99792093;-2.892538185;[0];-92.1875
-78.99767813;-2.892537755;[0];-92.5000
-78.99743533;-2.892537324;[0];-92.8125
-78.99719253;-2.892536893;[0];-93.0000
-78.99694973;-2.892536463;[0];-93.3125
-78.99670693;-2.892536032;[0];-93.6250
-78.99646413;-2.892535601;[0];-93.8750
-78.99622133;-2.89253517;[0];-94.1875
-78.99597853;-2.892534739;[0];-94.5000
-78.99573573;-2.892534308;[0];-94.8125
-78.99549293;-2.892533877;[0];-95.1250
-78.99525013;-2.892533445;[0];-95.3750
-78.99500733;-2.892533014;[0];-95.6875
-78.99476453;-2.892532583;[0];-96.0000
-78.99452173;-2.892532151;[0];-96.3125
-78.99427893;-2.89253172;[0];-96.6250
-78.99403613;-2.892531289;[0];-96.9375
-78.99379333;-2.892530857;[0];-97.2500
-78.99355053;-2.892530426;[0];-97.5000
-78.99330773;-2.892529994;[0];-97.8750
-78.99306494;-2.892529562;[0];-98.1875
-78.99282214;-2.892529131;[0];-98.4375
-78.99257934;-2.892528699;[0];-98.7500
-78.99233654;-2.892528267;[0];-99.0625
-78.99209374;-2.892527835;[0];-99.3750
-78.99185094;-2.892527403;[0];-99.6250
-78.99160814;-2.892526971;[0];-99.9375
-78.99136534;-2.892526539;[0];-100.2500
-78.99112254;-2.892526107;[0];-100.5000
-78.99087974;-2.892525675;[0];-100.8125
-78.99063695;-2.892525243;[0];-101.0625
-78.99039415;-2.892524811;[0];-101.3750
-78.99015135;-2.892524378;[0];-101.5625
-78.98990855;-2.892523946;[0];-101.8750
-79.01880227;-2.892330903;[0];-102.0000
-79.01855947;-2.892330477;[0];-101.7500
-79.01831667;-2.892330051;[0];-101.4375
-79.01807386;-2.892329625;[0];-101.1875
-79.01783106;-2.892329199;[0];-100.9375
-79.01758826;-2.892328772;[0];-100.6875
-79.01734546;-2.892328346;[0];-100.3750
-79.01710265;-2.892327919;[0];-100.0625
-79.01685985;-2.892327493;[0];-99.8125
-79.01661705;-2.892327066;[0];-99.5000
-79.01637425;-2.89232664;[0];-99.1875
-79.01613144;-2.892326213;[0];-98.9375
-79.01588864;-2.892325786;[0];-98.6875
-79.01564584;-2.89232536;[0];-98.3750
-79.01540304;-2.892324933;[0];-98.1250
-79.01516023;-2.892324506;[0];-97.8750
-79.01491743;-2.892324079;[0];-97.5000
-79.01467463;-2.892323652;[0];-97.1875
-79.01443183;-2.892323225;[0];-96.9375
-79.01418902;-2.892322798;[0];-96.6250
-79.01394622;-2.892322371;[0];-96.3750
-79.01370342;-2.892321944;[0];-96.0625
-79.01346062;-2.892321516;[0];-95.7500
-79.01321782;-2.892321089;[0];-95.5000
-79.01297501;-2.892320662;[0];-95.1875
-79.01273221;-2.892320234;[0];-94.9375
-79.01248941;-2.892319807;[0];-94.6250
-79.01224661;-2.892319379;[0];-94.3125
-79.01200381;-2.892318952;[0];-94.0000
-79.01176100;-2.892318524;[0];-93.7500
-79.01151820;-2.892318097;[0];-93.4375
-79.01127540;-2.892317669;[0];-93.1875
-79.01103260;-2.892317241;[0];-92.9375
-79.01078980;-2.892316813;[0];-92.6250
-79.01054699;-2.892316385;[0];-92.3750
-79.01030419;-2.892315957;[0];-92.1250
-79.01006139;-2.89231553;[0];-91.8750
-79.00981859;-2.892315102;[0];-91.6250
-79.00957579;-2.892314673;[0];-91.3750
-79.00933299;-2.892314245;[0];-91.1875
-79.00909018;-2.892313817;[0];-90.9375
-79.00884738;-2.892313389;[0];-90.6875
-79.00860458;-2.892312961;[0];-90.5000
-79.00836178;-2.892312532;[0];-90.3125
-79.00811898;-2.892312104;[0];-90.1250
-79.00787618;-2.892311676;[0];-89.9375
-79.00763338;-2.892311247;[0];-89.7500
-79.00739057;-2.892310818;[0];-89.5625
-79.00714777;-2.89231039;[0];-89.3750
-79.00690497;-2.892309961;[0];-89.2500
-79.00666217;-2.892309533;[0];-89.1250
-79.00641937;-2.892309104;[0];-89.0000
-79.00617657;-2.892308675;[0];-88.8125
-79.00593377;-2.892308246;[0];-88.7500
-79.00569097;-2.892307817;[0];-88.7500
-79.00544817;-2.892307388;[0];-88.6250
-79.00520537;-2.892306959;[0];-88.6250
-79.00496256;-2.89230653;[0];-88.6250
-79.00471976;-2.892306101;[0];-88.5625
-79.00447696;-2.892305672;[0];-88.5000
-79.00423416;-2.892305243;[0];-88.5000
-79.00399136;-2.892304813;[0];-88.5000
-79.00374856;-2.892304384;[0];-88.5000
-79.00350576;-2.892303955;[0];-88.5625
-79.00326296;-2.892303525;[0];-88.6250
-79.00302016;-2.892303096;[0];-88.6250
-79.00277736;-2.892302666;[0];-88.7500
-79.00253456;-2.892302237;[0];-88.8125
-79.00229176;-2.892301807;[0];-88.8750
-79.00204896;-2.892301377;[0];-89.0000
-79.00180616;-2.892300948;[0];-89.1250
-79.00156336;-2.892300518;[0];-89.2500
-79.00132056;-2.892300088;[0];-89.3750
-79.00107775;-2.892299658;[0];-89.5625
-79.00083495;-2.892299228;[0];-89.6875
-79.00059215;-2.892298798;[0];-89.8125
-79.00034935;-2.892298368;[0];-90.0625
-79.00010655;-2.892297938;[0];-90.2500
-78.99986375;-2.892297508;[0];-90.4375
-78.99962095;-2.892297078;[0];-90.6875
-78.99937815;-2.892296647;[0];-90.9375
-78.99913535;-2.892296217;[0];-91.1250
-78.99889255;-2.892295787;[0];-91.3750
-78.99864975;-2.892295356;[0];-91.6250
-78.99840695;-2.892294926;[0];-91.8750
-78.99816415;-2.892294495;[0];-92.1250
-78.99792135;-2.892294065;[0];-92.3750
-78.99767855;-2.892293634;[0];-92.6250
-78.99743575;-2.892293204;[0];-92.9375
-78.99719295;-2.892292773;[0];-93.1875
-78.99695015;-2.892292342;[0];-93.4375
-78.99670736;-2.892291911;[0];-93.6875
-78.99646456;-2.89229148;[0];-94.0000
-78.99622176;-2.892291049;[0];-94.3125
-78.99597896;-2.892290618;[0];-94.6250
-78.99573616;-2.892290187;[0];-94.8750
-78.99549336;-2.892289756;[0];-95.1875
-78.99525056;-2.892289325;[0];-95.5000
-78.99500776;-2.892288894;[0];-95.7500
-78.99476496;-2.892288463;[0];-96.0625
-78.99452216;-2.892288031;[0];-96.3125
-78.99427936;-2.8922876;[0];-96.6875
-78.99403656;-2.892287169;[0];-97.0000
-78.99379376;-2.892286737;[0];-97.3125
-78.99355096;-2.892286306;[0];-97.5625
-78.99330816;-2.892285874;[0];-97.8750
-78.99306536;-2.892285442;[0];-98.1875
-78.99282257;-2.892285011;[0];-98.5000
-78.99257977;-2.892284579;[0];-98.7500
-78.99233697;-2.892284147;[0];-99.0625
-78.99209417;-2.892283715;[0];-99.3750
-78.99185137;-2.892283284;[0];-99.6250
-78.99160857;-2.892282852;[0];-99.9375
-78.99136577;-2.89228242;[0];-100.2500
-78.99112297;-2.892281988;[0];-100.5000
-78.99088017;-2.892281556;[0];-100.7500
-78.99063738;-2.892281123;[0];-101.0625
-78.99039458;-2.892280691;[0];-101.3750
-78.99015178;-2.892280259;[0];-101.6250
-78.98990898;-2.892279827;[0];-101.8750
-79.01880270;-2.89208678;[0];-102.0000
-79.01855989;-2.892086354;[0];-101.6875
-79.01831709;-2.892085927;[0];-101.4375
-79.01807429;-2.892085501;[0];-101.1875
-79.01783149;-2.892085075;[0];-100.9375
-79.01758868;-2.892084649;[0];-100.6250
-79.01734588;-2.892084222;[0];-100.3750
-79.01710308;-2.892083796;[0];-100.1250
-79.01686028;-2.892083369;[0];-99.8125
-79.01661747;-2.892082943;[0];-99.5000
-79.01637467;-2.892082516;[0];-99.2500
-79.01613187;-2.89208209;[0];-99.0000
-79.01588907;-2.892081663;[0];-98.6875
-79.01564626;-2.892081236;[0];-98.4375
-79.01540346;-2.892080809;[0];-98.1875
-79.01516066;-2.892080383;[0];-97.8750
-79.01491786;-2.892079956;[0];-97.5625
-79.01467505;-2.892079529;[0];-97.2500
-79.01443225;-2.892079102;[0];-97.0000
-79.01418945;-2.892078675;[0];-96.6875
-79.01394665;-2.892078248;[0];-96.4375
-79.01370384;-2.892077821;[0];-96.1250
-79.01346104;-2.892077393;[0];-95.8750
-79.01321824;-2.892076966;[0];-95.5625
-79.01297544;-2.892076539;[0];-95.3125
-79.01273264;-2.892076111;[0];-95.0000
-79.01248983;-2.892075684;[0];-94.6875
-79.01224703;-2.892075257;[0];-94.4375
-79.01200423;-2.892074829;[0];-94.1250
-79.01176143;-2.892074401;[0];-93.8750
-79.01151863;-2.892073974;[0];-93.6250
-79.01127582;-2.892073546;[0];-93.3750
-79.01103302;-2.892073118;[0];-93.0625
-79.01079022;-2.892072691;[0];-92.8125
-79.01054742;-2.892072263;[0];-92.5625
-79.01030462;-2.892071835;[0];-92.2500
-79.01006182;-2.892071407;[0];-92.0625
-79.00981901;-2.892070979;[0];-91.8125
-79.00957621;-2.892070551;[0];-91.5625
-79.00933341;-2.892070123;[0];-91.3750
-79.00909061;-2.892069695;[0];-91.1250
-79.00884781;-2.892069267;[0];-90.8750
-79.00860501;-2.892068838;[0];-90.6875
-79.00836221;-2.89206841;[0];-90.5000
-79.00811940;-2.892067982;[0];-90.3125
-79.00787660;-2.892067553;[0];-90.1875
-79.00763380;-2.892067125;[0];-90.0000
-79.00739100;-2.892066696;[0];-89.8125
-79.0071482;-2.892066268;[0];-89.6250
-79.00690540;-2.892065839;[0];-89.5000
-79.00666260;-2.892065411;[0];-89.4375
-79.00641980;-2.892064982;[0];-89.2500
-79.00617700;-2.892064553;[0];-89.1250
-79.00593419;-2.892064124;[0];-89.0625
-79.00569139;-2.892063695;[0];-89.0625
-79.00544859;-2.892063267;[0];-88.9375
-79.00520579;-2.892062838;[0];-88.9375
-79.00496299;-2.892062409;[0];-88.8750
-79.00472019;-2.892061979;[0];-88.8125
-79.00447739;-2.89206155;[0];-88.8125
-79.00423459;-2.892061121;[0];-88.8125
-79.00399179;-2.892060692;[0];-88.8125
-79.00374899;-2.892060263;[0];-88.8125
-79.00350619;-2.892059833;[0];-88.8750
-79.00326339;-2.892059404;[0];-88.9375
-79.00302059;-2.892058974;[0];-88.9375
-79.00277779;-2.892058545;[0];-89.0625
-79.00253498;-2.892058115;[0];-89.0625
-79.00229218;-2.892057686;[0];-89.1875
-79.00204938;-2.892057256;[0];-89.2500
-79.00180658;-2.892056827;[0];-89.4375
-79.00156378;-2.892056397;[0];-89.5000
-79.00132098;-2.892055967;[0];-89.6250
-79.00107818;-2.892055537;[0];-89.8125
-79.00083538;-2.892055107;[0];-90.0000
-79.00059258;-2.892054677;[0];-90.0625
-79.00034978;-2.892054247;[0];-90.3125
-79.00010698;-2.892053817;[0];-90.5000
-78.99986418;-2.892053387;[0];-90.6875
-78.99962138;-2.892052957;[0];-90.8750
-78.99937858;-2.892052527;[0];-91.1250
-78.99913578;-2.892052096;[0];-91.3750
-78.99889298;-2.892051666;[0];-91.5625
-78.99865018;-2.892051236;[0];-91.7500
-78.99840738;-2.892050805;[0];-92.0625
-78.99816458;-2.892050375;[0];-92.2500
-78.99792178;-2.892049944;[0];-92.5625
-78.99767898;-2.892049514;[0];-92.7500
-78.99743618;-2.892049083;[0];-93.0625
-78.99719338;-2.892048652;[0];-93.3750
-78.99695058;-2.892048222;[0];-93.6250
-78.99670778;-2.892047791;[0];-93.8125
-78.99646498;-2.89204736;[0];-94.1250
-78.99622218;-2.892046929;[0];-94.4375
-78.99597939;-2.892046498;[0];-94.6875
-78.99573659;-2.892046067;[0];-95.0000
-78.99549379;-2.892045636;[0];-95.3125
-78.99525099;-2.892045205;[0];-95.5625
-78.99500819;-2.892044774;[0];-95.8750
-78.99476539;-2.892044343;[0];-96.1250
-78.99452259;-2.892043911;[0];-96.4375
-78.99427979;-2.89204348;[0];-96.6875
-78.99403699;-2.892043049;[0];-97.0000
-78.99379419;-2.892042617;[0];-97.3750
-78.99355139;-2.892042186;[0];-97.6250
-78.99330859;-2.892041754;[0];-97.8750
-78.99306579;-2.892041323;[0];-98.1875
-78.99282299;-2.892040891;[0];-98.5000
-78.99258020;-2.892040459;[0];-98.8125
-78.99233740;-2.892040028;[0];-99.0625
-78.99209460;-2.892039596;[0];-99.3750
-78.99185180;-2.892039164;[0];-99.6875
-78.991609;-2.892038732;[0];-99.9375
-78.99136620;-2.8920383;[0];-100.1875
-78.99112340;-2.892037868;[0];-100.5000
-78.99088060;-2.892037436;[0];-100.8125
-78.99063781;-2.892037004;[0];-101.0625
-78.99039501;-2.892036572;[0];-101.3125
-78.99015221;-2.89203614;[0];-101.6250
-78.98990941;-2.892035707;[0];-101.8750
-79.01880312;-2.891842656;[0];-101.9375
-79.01856032;-2.89184223;[0];-101.6875
-79.01831752;-2.891841804;[0];-101.4375
-79.01807471;-2.891841378;[0];-101.1875
-79.01783191;-2.891840951;[0];-100.8750
-79.01758911;-2.891840525;[0];-100.6250
-79.01734630;-2.891840099;[0];-100.3750
-79.01710350;-2.891839672;[0];-100.1250
-79.01686070;-2.891839246;[0];-99.8125
-79.01661790;-2.891838819;[0];-99.5625
-79.01637509;-2.891838393;[0];-99.2500
-79.01613229;-2.891837966;[0];-99.0000
-79.01588949;-2.89183754;[0];-98.7500
-79.01564669;-2.891837113;[0];-98.5000
-79.01540388;-2.891836686;[0];-98.1875
-79.01516108;-2.891836259;[0];-97.8750
-79.01491828;-2.891835833;[0];-97.6250
-79.01467548;-2.891835406;[0];-97.3125
-79.01443268;-2.891834979;[0];-97.0625
-79.01418987;-2.891834552;[0];-96.8125
-79.01394707;-2.891834125;[0];-96.5000
-79.01370427;-2.891833698;[0];-96.2500
-79.01346147;-2.89183327;[0];-95.9375
-79.01321867;-2.891832843;[0];-95.6875
-79.01297586;-2.891832416;[0];-95.3750
-79.01273306;-2.891831989;[0];-95.1250
-79.01249026;-2.891831561;[0];-94.8125
-79.01224746;-2.891831134;[0];-94.5625
-79.01200466;-2.891830706;[0];-94.2500
-79.01176185;-2.891830279;[0];-94.0000
-79.01151905;-2.891829851;[0];-93.7500
-79.01127625;-2.891829424;[0];-93.5000
-79.01103345;-2.891828996;[0];-93.1875
-79.01079065;-2.891828568;[0];-93.0000
-79.01054785;-2.89182814;[0];-92.7500
-79.01030504;-2.891827713;[0];-92.5000
-79.01006224;-2.891827285;[0];-92.2500
-79.00981944;-2.891826857;[0];-92.0000
-79.00957664;-2.891826429;[0];-91.8125
-79.00933384;-2.891826001;[0];-91.5625
-79.00909104;-2.891825573;[0];-91.3125
-79.00884823;-2.891825144;[0];-91.1250
-79.00860543;-2.891824716;[0];-90.9375
-79.00836263;-2.891824288;[0];-90.7500
-79.00811983;-2.89182386;[0];-90.5625
-79.00787703;-2.891823431;[0];-90.4375
-79.00763423;-2.891823003;[0];-90.2500
-79.00739143;-2.891822574;[0];-90.0625
-79.00714863;-2.891822146;[0];-89.9375
-79.00690583;-2.891821717;[0];-89.8125
-79.00666302;-2.891821289;[0];-89.6875
-79.00642022;-2.89182086;[0];-89.5625
-79.00617742;-2.891820431;[0];-89.3750
-79.00593462;-2.891820002;[0];-89.3750
-79.00569182;-2.891819574;[0];-89.3125
-79.00544902;-2.891819145;[0];-89.2500
-79.00520622;-2.891818716;[0];-89.1875
-79.00496342;-2.891818287;[0];-89.1875
-79.00472062;-2.891817858;[0];-89.1250
-79.00447782;-2.891817429;[0];-89.1250
-79.00423502;-2.891817;[0];-89.1250
-79.00399221;-2.89181657;[0];-89.1250
-79.00374941;-2.891816141;[0];-89.1250
-79.00350661;-2.891815712;[0];-89.1250
-79.00326381;-2.891815282;[0];-89.1875
-79.00302101;-2.891814853;[0];-89.1875
-79.00277821;-2.891814424;[0];-89.3125
-79.00253541;-2.891813994;[0];-89.3750
-79.00229261;-2.891813565;[0];-89.5000
-79.00204981;-2.891813135;[0];-89.5625
-79.00180701;-2.891812705;[0];-89.6875
-79.00156421;-2.891812276;[0];-89.8125
-79.00132141;-2.891811846;[0];-89.8750
-79.00107861;-2.891811416;[0];-90.0625
-79.00083581;-2.891810986;[0];-90.2500
-79.00059301;-2.891810556;[0];-90.3125
-79.00035021;-2.891810126;[0];-90.5625
-79.00010741;-2.891809696;[0];-90.7500
-78.99986461;-2.891809266;[0];-90.9375
-78.99962181;-2.891808836;[0];-91.1250
-78.99937901;-2.891808406;[0];-91.3125
-78.99913621;-2.891807976;[0];-91.5625
-78.99889341;-2.891807545;[0];-91.8125
-78.99865061;-2.891807115;[0];-92.0000
-78.99840781;-2.891806685;[0];-92.2500
-78.99816501;-2.891806254;[0];-92.5000
-78.99792221;-2.891805824;[0];-92.6875
-78.99767941;-2.891805393;[0];-93.0000
-78.99743661;-2.891804962;[0];-93.1875
-78.99719381;-2.891804532;[0];-93.5000
-78.99695101;-2.891804101;[0];-93.7500
-78.99670821;-2.89180367;[0];-94.0000
-78.99646541;-2.891803239;[0];-94.2500
-78.99622261;-2.891802809;[0];-94.5000
-78.99597981;-2.891802378;[0];-94.8125
-78.99573701;-2.891801947;[0];-95.1250
-78.99549421;-2.891801516;[0];-95.3750
-78.99525142;-2.891801085;[0];-95.6875
-78.99500862;-2.891800654;[0];-95.9375
-78.99476582;-2.891800222;[0];-96.2500
-78.99452302;-2.891799791;[0];-96.5000
-78.99428022;-2.89179936;[0];-96.7500
-78.99403742;-2.891798929;[0];-97.0625
-78.99379462;-2.891798497;[0];-97.3750
-78.99355182;-2.891798066;[0];-97.6875
-78.99330902;-2.891797634;[0];-97.9375
-78.99306622;-2.891797203;[0];-98.2500
-78.99282342;-2.891796771;[0];-98.5000
-78.99258063;-2.891796339;[0];-98.8125
-78.99233783;-2.891795908;[0];-99.1250
-78.99209503;-2.891795476;[0];-99.3750
-78.99185223;-2.891795044;[0];-99.6875
-78.99160943;-2.891794612;[0];-100.0000
-78.99136663;-2.89179418;[0];-100.2500
-78.99112383;-2.891793748;[0];-100.5000
-78.99088103;-2.891793316;[0];-100.8125
-78.99063823;-2.891792884;[0];-101.0625
-78.99039544;-2.891792452;[0];-101.3125
-78.99015264;-2.89179202;[0];-101.5625
-78.98990984;-2.891791588;[0];-101.8750
-79.01880354;-2.891598532;[0];-101.9375
-79.01856074;-2.891598106;[0];-101.7500
-79.01831794;-2.89159768;[0];-101.4375
-79.01807514;-2.891597254;[0];-101.1875
-79.01783233;-2.891596828;[0];-100.9375
-79.01758953;-2.891596401;[0];-100.6875
-79.01734673;-2.891595975;[0];-100.3750
-79.01710393;-2.891595549;[0];-100.0625
-79.01686112;-2.891595122;[0];-99.8125
-79.01661832;-2.891594696;[0];-99.5625
-79.01637552;-2.89159427;[0];-99.3125
-79.01613272;-2.891593843;[0];-99.0625
-79.01588991;-2.891593416;[0];-98.8125
-79.01564711;-2.89159299;[0];-98.5000
-79.01540431;-2.891592563;[0];-98.1875
-79.01516151;-2.891592136;[0];-97.9375
-79.01491870;-2.891591709;[0];-97.6875
-79.01467590;-2.891591283;[0];-97.3750
-79.0144331;-2.891590856;[0];-97.1250
-79.01419030;-2.891590429;[0];-96.8750
-79.01394750;-2.891590002;[0];-96.5625
-79.01370469;-2.891589575;[0];-96.3125
-79.01346189;-2.891589147;[0];-96.0625
-79.01321909;-2.89158872;[0];-95.7500
-79.01297629;-2.891588293;[0];-95.5000
-79.01273349;-2.891587866;[0];-95.1875
-79.01249068;-2.891587438;[0];-94.9375
-79.01224788;-2.891587011;[0];-94.6250
-79.01200508;-2.891586584;[0];-94.3750
-79.01176228;-2.891586156;[0];-94.1875
-79.01151948;-2.891585729;[0];-93.8750
-79.01127668;-2.891585301;[0];-93.6250
-79.01103387;-2.891584873;[0];-93.3750
-79.01079107;-2.891584446;[0];-93.1250
-79.01054827;-2.891584018;[0];-92.8750
-79.01030547;-2.89158359;[0];-92.6875
-79.01006267;-2.891583162;[0];-92.3750
-79.00981987;-2.891582734;[0];-92.1875
-79.00957706;-2.891582306;[0];-92.0000
-79.00933426;-2.891581878;[0];-91.7500
-79.00909146;-2.89158145;[0];-91.5625
-79.00884866;-2.891581022;[0];-91.3750
-79.00860586;-2.891580594;[0];-91.1875
-79.00836306;-2.891580166;[0];-91.0000
-79.00812026;-2.891579737;[0];-90.8125
-79.00787746;-2.891579309;[0];-90.6250
-79.00763465;-2.891578881;[0];-90.5000
-79.00739185;-2.891578452;[0];-90.3125
-79.00714905;-2.891578024;[0];-90.1875
-79.00690625;-2.891577595;[0];-90.0625
-79.00666345;-2.891577167;[0];-89.9375
-79.00642065;-2.891576738;[0];-89.8125
-79.00617785;-2.891576309;[0];-89.6875
-79.00593505;-2.891575881;[0];-89.6250
-79.00569225;-2.891575452;[0];-89.6250
-79.00544945;-2.891575023;[0];-89.5000
-79.00520665;-2.891574594;[0];-89.5000
-79.00496384;-2.891574165;[0];-89.5000
-79.00472104;-2.891573736;[0];-89.4375
-79.00447824;-2.891573307;[0];-89.3750
-79.00423544;-2.891572878;[0];-89.4375
-79.00399264;-2.891572449;[0];-89.3750
-79.00374984;-2.89157202;[0];-89.3750
-79.00350704;-2.89157159;[0];-89.4375
-79.00326424;-2.891571161;[0];-89.5000
-79.00302144;-2.891570732;[0];-89.5000
-79.00277864;-2.891570302;[0];-89.6250
-79.00253584;-2.891569873;[0];-89.6250
-79.00229304;-2.891569443;[0];-89.7500
-79.00205024;-2.891569014;[0];-89.8125
-79.00180744;-2.891568584;[0];-89.9375
-79.00156464;-2.891568154;[0];-90.0625
-79.00132184;-2.891567725;[0];-90.1875
-79.00107904;-2.891567295;[0];-90.3125
-79.00083624;-2.891566865;[0];-90.5000
-79.00059344;-2.891566435;[0];-90.6250
-79.00035064;-2.891566005;[0];-90.7500
-79.00010784;-2.891565575;[0];-91.0000
-78.99986504;-2.891565145;[0];-91.1875
-78.99962224;-2.891564715;[0];-91.3750
-78.99937944;-2.891564285;[0];-91.5000
-78.99913664;-2.891563855;[0];-91.7500
-78.99889384;-2.891563424;[0];-92.0000
-78.99865104;-2.891562994;[0];-92.1875
-78.99840824;-2.891562564;[0];-92.3750
-78.99816544;-2.891562133;[0];-92.6875
-78.99792264;-2.891561703;[0];-92.8750
-78.99767984;-2.891561272;[0];-93.1250
-78.99743704;-2.891560842;[0];-93.3750
-78.99719424;-2.891560411;[0];-93.6250
-78.99695144;-2.891559981;[0];-93.8750
-78.99670864;-2.89155955;[0];-94.1250
-78.99646584;-2.891559119;[0];-94.3750
-78.99622304;-2.891558688;[0];-94.6250
-78.99598024;-2.891558257;[0];-94.9375
-78.99573744;-2.891557826;[0];-95.1875
-78.99549464;-2.891557395;[0];-95.5000
-78.99525184;-2.891556964;[0];-95.7500
-78.99500905;-2.891556533;[0];-96.0000
-78.99476625;-2.891556102;[0];-96.3125
-78.99452345;-2.891555671;[0];-96.5625
-78.99428065;-2.89155524;[0];-96.8750
-78.99403785;-2.891554808;[0];-97.1250
-78.99379505;-2.891554377;[0];-97.3750
-78.99355225;-2.891553946;[0];-97.7500
-78.99330945;-2.891553514;[0];-98.0000
-78.99306665;-2.891553083;[0];-98.2500
-78.99282385;-2.891552651;[0];-98.5625
-78.99258105;-2.89155222;[0];-98.8125
-78.99233826;-2.891551788;[0];-99.1250
-78.99209546;-2.891551356;[0];-99.4375
-78.99185266;-2.891550924;[0];-99.6875
-78.99160986;-2.891550493;[0];-99.9375
-78.99136706;-2.891550061;[0];-100.2500
-78.99112426;-2.891549629;[0];-100.5000
-78.99088146;-2.891549197;[0];-100.7500
-78.99063866;-2.891548765;[0];-101.0625
-78.99039587;-2.891548333;[0];-101.3125
-78.99015307;-2.891547901;[0];-101.5625
-78.98991027;-2.891547468;[0];-101.8125
-79.01880397;-2.891354408;[0];-102.0000
-79.01856117;-2.891353982;[0];-101.6875
-79.01831836;-2.891353556;[0];-101.4375
-79.01807556;-2.89135313;[0];-101.1875
-79.01783276;-2.891352704;[0];-100.9375
-79.01758996;-2.891352278;[0];-100.6250
-79.01734715;-2.891351852;[0];-100.3750
-79.01710435;-2.891351425;[0];-100.1250
-79.01686155;-2.891350999;[0];-99.8750
-79.01661875;-2.891350573;[0];-99.6250
-79.01637594;-2.891350146;[0];-99.3750
-79.01613314;-2.89134972;[0];-99.1250
-79.01589034;-2.891349293;[0];-98.8125
-79.01564754;-2.891348866;[0];-98.5000
-79.01540473;-2.89134844;[0];-98.2500
-79.01516193;-2.891348013;[0];-98.0000
-79.01491913;-2.891347586;[0];-97.7500
-79.01467633;-2.891347159;[0];-97.4375
-79.01443352;-2.891346733;[0];-97.1875
-79.01419072;-2.891346306;[0];-96.9375
-79.01394792;-2.891345879;[0];-96.6875
-79.01370512;-2.891345452;[0];-96.3750
-79.01346232;-2.891345024;[0];-96.1250
-79.01321951;-2.891344597;[0];-95.8750
-79.01297671;-2.89134417;[0];-95.5625
-79.01273391;-2.891343743;[0];-95.3125
-79.01249111;-2.891343316;[0];-95.0625
-79.01224831;-2.891342888;[0];-94.7500
-79.01200551;-2.891342461;[0];-94.5000
-79.01176270;-2.891342033;[0];-94.3125
-79.01151990;-2.891341606;[0];-94.0000
-79.0112771;-2.891341178;[0];-93.7500
-79.01103430;-2.891340751;[0];-93.5625
-79.01079150;-2.891340323;[0];-93.3125
-79.01054870;-2.891339895;[0];-93.0625
-79.01030589;-2.891339468;[0];-92.8125
-79.01006309;-2.89133904;[0];-92.5625
-79.00982029;-2.891338612;[0];-92.3750
-79.00957749;-2.891338184;[0];-92.1875
-79.00933469;-2.891337756;[0];-91.9375
-79.00909189;-2.891337328;[0];-91.7500
-79.00884909;-2.8913369;[0];-91.5625
-79.00860629;-2.891336472;[0];-91.3750
-79.00836348;-2.891336044;[0];-91.2500
-79.00812068;-2.891335615;[0];-91.0625
-79.00787788;-2.891335187;[0];-90.8750
-79.00763508;-2.891334759;[0];-90.7500
-79.00739228;-2.89133433;[0];-90.5625
-79.00714948;-2.891333902;[0];-90.4375
-79.00690668;-2.891333473;[0];-90.3750
-79.00666388;-2.891333045;[0];-90.2500
-79.00642108;-2.891332616;[0];-90.0625
-79.00617827;-2.891332188;[0];-89.9375
-79.00593547;-2.891331759;[0];-89.9375
-79.00569267;-2.89133133;[0];-89.8750
-79.00544987;-2.891330901;[0];-89.8125
-79.00520707;-2.891330472;[0];-89.8125
-79.00496427;-2.891330043;[0];-89.8125
-79.00472147;-2.891329615;[0];-89.6875
-79.00447867;-2.891329186;[0];-89.6875
-79.00423587;-2.891328756;[0];-89.6875
-79.00399307;-2.891328327;[0];-89.6875
-79.00375027;-2.891327898;[0];-89.6875
-79.00350747;-2.891327469;[0];-89.6875
-79.00326467;-2.89132704;[0];-89.8125
-79.00302187;-2.89132661;[0];-89.8125
-79.00277907;-2.891326181;[0];-89.8750
-79.00253627;-2.891325751;[0];-89.9375
-79.00229347;-2.891325322;[0];-90.0625
-79.00205067;-2.891324892;[0];-90.0625
-79.00180787;-2.891324463;[0];-90.1875
-79.00156507;-2.891324033;[0];-90.3750
-79.00132226;-2.891323604;[0];-90.4375
-79.00107946;-2.891323174;[0];-90.5625
-79.00083666;-2.891322744;[0];-90.7500
-79.00059386;-2.891322314;[0];-90.8750
-79.00035106;-2.891321884;[0];-90.9375
-79.00010826;-2.891321454;[0];-91.2500
-78.99986546;-2.891321024;[0];-91.3750
-78.99962266;-2.891320594;[0];-91.5625
-78.99937987;-2.891320164;[0];-91.7500
-78.99913707;-2.891319734;[0];-91.9375
-78.99889427;-2.891319304;[0];-92.1875
-78.99865147;-2.891318873;[0];-92.3750
-78.99840867;-2.891318443;[0];-92.5625
-78.99816587;-2.891318013;[0];-92.8125
-78.99792307;-2.891317582;[0];-93.0625
-78.99768027;-2.891317152;[0];-93.3125
-78.99743747;-2.891316721;[0];-93.5625
-78.99719467;-2.891316291;[0];-93.7500
-78.99695187;-2.89131586;[0];-94.0000
-78.99670907;-2.891315429;[0];-94.3125
-78.99646627;-2.891314999;[0];-94.5000
-78.99622347;-2.891314568;[0];-94.7500
-78.99598067;-2.891314137;[0];-95.0000
-78.99573787;-2.891313706;[0];-95.3125
-78.99549507;-2.891313275;[0];-95.5625
-78.99525227;-2.891312844;[0];-95.8750
-78.99500947;-2.891312413;[0];-96.1250
-78.99476667;-2.891311982;[0];-96.3750
-78.99452388;-2.891311551;[0];-96.6875
-78.99428108;-2.89131112;[0];-96.9375
-78.99403828;-2.891310688;[0];-97.1875
-78.99379548;-2.891310257;[0];-97.4375
-78.99355268;-2.891309826;[0];-97.7500
-78.99330988;-2.891309394;[0];-98.0625
-78.99306708;-2.891308963;[0];-98.3125
-78.99282428;-2.891308531;[0];-98.6250
-78.99258148;-2.8913081;[0];-98.8750
-78.99233868;-2.891307668;[0];-99.1250
-78.99209589;-2.891307236;[0];-99.4375
-78.99185309;-2.891306805;[0];-99.6875
-78.99161029;-2.891306373;[0];-99.9375
-78.99136749;-2.891305941;[0];-100.2500
-78.99112469;-2.891305509;[0];-100.5625
-78.99088189;-2.891305077;[0];-100.8125
-78.99063909;-2.891304645;[0];-101.0625
-78.99039630;-2.891304213;[0];-101.3125
-78.99015350;-2.891303781;[0];-101.6250
-78.98991070;-2.891303349;[0];-101.8125
-79.01880439;-2.891110285;[0];-101.9375
-79.01856159;-2.891109859;[0];-101.6875
-79.01831879;-2.891109433;[0];-101.4375
-79.01807598;-2.891109007;[0];-101.1875
-79.01783318;-2.891108581;[0];-100.9375
-79.01759038;-2.891108154;[0];-100.6250
-79.01734758;-2.891107728;[0];-100.3750
-79.01710477;-2.891107302;[0];-100.1250
-79.01686197;-2.891106876;[0];-99.9375
-79.01661917;-2.891106449;[0];-99.6875
-79.01637637;-2.891106023;[0];-99.4375
-79.01613356;-2.891105596;[0];-99.1250
-79.01589076;-2.89110517;[0];-98.8125
-79.01564796;-2.891104743;[0];-98.5625
-79.01540516;-2.891104317;[0];-98.3125
-79.01516236;-2.89110389;[0];-98.0625
-79.01491955;-2.891103463;[0];-97.8125
-79.01467675;-2.891103036;[0];-97.5625
-79.01443395;-2.891102609;[0];-97.2500
-79.01419115;-2.891102183;[0];-97.0000
-79.01394835;-2.891101756;[0];-96.7500
-79.01370554;-2.891101329;[0];-96.5000
-79.01346274;-2.891100902;[0];-96.2500
-79.01321994;-2.891100474;[0];-95.9375
-79.01297714;-2.891100047;[0];-95.6875
-79.01273434;-2.89109962;[0];-95.4375
-79.01249153;-2.891099193;[0];-95.1250
-79.01224873;-2.891098765;[0];-94.8750
-79.01200593;-2.891098338;[0];-94.6875
-79.01176313;-2.891097911;[0];-94.4375
-79.01152033;-2.891097483;[0];-94.1250
-79.01127753;-2.891097056;[0];-93.9375
-79.01103472;-2.891096628;[0];-93.6875
-79.01079192;-2.8910962;[0];-93.4375
-79.01054912;-2.891095773;[0];-93.2500
-79.01030632;-2.891095345;[0];-93.0000
-79.01006352;-2.891094917;[0];-92.8125
-79.00982072;-2.891094489;[0];-92.6250
-79.00957792;-2.891094062;[0];-92.3750
-79.00933511;-2.891093634;[0];-92.1250
-79.00909231;-2.891093206;[0];-91.9375
-79.00884951;-2.891092778;[0];-91.8125
-79.00860671;-2.89109235;[0];-91.6250
-79.00836391;-2.891091921;[0];-91.4375
-79.00812111;-2.891091493;[0];-91.3125
-79.00787831;-2.891091065;[0];-91.1250
-79.00763551;-2.891090637;[0];-91.0000
-79.00739271;-2.891090208;[0];-90.8125
-79.00714990;-2.89108978;[0];-90.6875
-79.00690710;-2.891089351;[0];-90.6250
-79.00666430;-2.891088923;[0];-90.5000
-79.00642150;-2.891088494;[0];-90.3125
-79.00617870;-2.891088066;[0];-90.2500
-79.0059359;-2.891087637;[0];-90.1875
-79.00569310;-2.891087208;[0];-90.1250
-79.00545030;-2.89108678;[0];-90.0625
-79.00520750;-2.891086351;[0];-90.0625
-79.00496470;-2.891085922;[0];-90.0625
-79.00472190;-2.891085493;[0];-90.0000
-79.00447910;-2.891085064;[0];-90.0000
-79.00423630;-2.891084635;[0];-90.0000
-79.00399350;-2.891084206;[0];-90.0000
-79.00375070;-2.891083777;[0];-90.0000
-79.00350789;-2.891083347;[0];-90.0000
-79.00326509;-2.891082918;[0];-90.0625
-79.00302229;-2.891082489;[0];-90.0625
-79.00277949;-2.89108206;[0];-90.1250
-79.00253669;-2.89108163;[0];-90.1875
-79.00229389;-2.891081201;[0];-90.3125
-79.00205109;-2.891080771;[0];-90.3750
-79.00180829;-2.891080342;[0];-90.5000
-79.00156549;-2.891079912;[0];-90.6250
-79.00132269;-2.891079482;[0];-90.6875
-79.00107989;-2.891079053;[0];-90.8125
-79.00083709;-2.891078623;[0];-90.9375
-79.00059429;-2.891078193;[0];-91.1250
-79.00035149;-2.891077763;[0];-91.1875
-79.00010869;-2.891077333;[0];-91.4375
-78.99986589;-2.891076903;[0];-91.6250
-78.99962309;-2.891076473;[0];-91.8125
-78.99938029;-2.891076043;[0];-91.9375
-78.99913749;-2.891075613;[0];-92.1250
-78.99889469;-2.891075183;[0];-92.3750
-78.99865189;-2.891074753;[0];-92.6250
-78.99840909;-2.891074322;[0];-92.7500
-78.99816629;-2.891073892;[0];-93.0000
-78.99792349;-2.891073462;[0];-93.2500
-78.99768070;-2.891073031;[0];-93.4375
-78.99743790;-2.891072601;[0];-93.6875
-78.99719510;-2.89107217;[0];-93.9375
-78.99695230;-2.89107174;[0];-94.1250
-78.99670950;-2.891071309;[0];-94.4375
-78.99646670;-2.891070878;[0];-94.6875
-78.99622390;-2.891070447;[0];-94.8750
-78.99598110;-2.891070017;[0];-95.1250
-78.9957383;-2.891069586;[0];-95.3750
-78.9954955;-2.891069155;[0];-95.6875
-78.99525270;-2.891068724;[0];-95.9375
-78.99500990;-2.891068293;[0];-96.1875
-78.99476710;-2.891067862;[0];-96.5000
-78.99452430;-2.891067431;[0];-96.7500
-78.99428151;-2.891067;[0];-97.0000
-78.99403871;-2.891066568;[0];-97.2500
-78.99379591;-2.891066137;[0];-97.5000
-78.99355311;-2.891065706;[0];-97.8125
-78.99331031;-2.891065274;[0];-98.0625
-78.99306751;-2.891064843;[0];-98.3750
-78.99282471;-2.891064411;[0];-98.6875
-78.99258191;-2.89106398;[0];-98.9375
-78.99233911;-2.891063548;[0];-99.1875
-78.99209632;-2.891063117;[0];-99.4375
-78.99185352;-2.891062685;[0];-99.7500
-78.99161072;-2.891062253;[0];-100.0000
-78.99136792;-2.891061821;[0];-100.2500
-78.99112512;-2.89106139;[0];-100.5625
-78.99088232;-2.891060958;[0];-100.8125
-78.99063952;-2.891060526;[0];-101.0625
-78.99039673;-2.891060094;[0];-101.3125
-78.99015393;-2.891059662;[0];-101.5625
-78.98991113;-2.89105923;[0];-101.8750
-79.01880482;-2.890866161;[0];-101.9375
-79.01856201;-2.890865735;[0];-101.6875
-79.01831921;-2.890865309;[0];-101.5000
-79.01807641;-2.890864883;[0];-101.1875
-79.01783361;-2.890864457;[0];-100.9375
-79.01759080;-2.890864031;[0];-100.6875
-79.017348;-2.890863605;[0];-100.4375
-79.01710520;-2.890863178;[0];-100.1875
-79.01686240;-2.890862752;[0];-99.9375
-79.01661959;-2.890862326;[0];-99.6875
-79.01637679;-2.890861899;[0];-99.4375
-79.01613399;-2.890861473;[0];-99.1250
-79.01589119;-2.890861046;[0];-98.8750
-79.01564838;-2.89086062;[0];-98.6250
-79.01540558;-2.890860193;[0];-98.3750
-79.01516278;-2.890859767;[0];-98.1250
-79.01491998;-2.89085934;[0];-97.8750
-79.01467718;-2.890858913;[0];-97.6250
-79.01443437;-2.890858486;[0];-97.3750
-79.01419157;-2.890858059;[0];-97.1250
-79.01394877;-2.890857633;[0];-96.8125
-79.01370597;-2.890857206;[0];-96.5625
-79.01346317;-2.890856779;[0];-96.3125
-79.01322036;-2.890856352;[0];-96.0625
-79.01297756;-2.890855924;[0];-95.8125
-79.01273476;-2.890855497;[0];-95.5000
-79.01249196;-2.89085507;[0];-95.2500
-79.01224916;-2.890854643;[0];-95.0625
-79.01200636;-2.890854215;[0];-94.8125
-79.01176355;-2.890853788;[0];-94.5625
-79.01152075;-2.890853361;[0];-94.3125
-79.01127795;-2.890852933;[0];-94.1250
-79.01103515;-2.890852506;[0];-93.8750
-79.01079235;-2.890852078;[0];-93.6250
-79.01054955;-2.89085165;[0];-93.4375
-79.01030675;-2.890851223;[0];-93.1875
-79.01006394;-2.890850795;[0];-93.0000
-79.00982114;-2.890850367;[0];-92.8125
-79.00957834;-2.890849939;[0];-92.5625
-79.00933554;-2.890849511;[0];-92.3750
-79.00909274;-2.890849083;[0];-92.1875
-79.00884994;-2.890848655;[0];-92.0000
-79.00860714;-2.890848227;[0];-91.8750
-79.00836434;-2.890847799;[0];-91.6875
-79.00812153;-2.890847371;[0];-91.5000
-79.00787873;-2.890846943;[0];-91.3750
-79.00763593;-2.890846515;[0];-91.1875
-79.00739313;-2.890846086;[0];-91.0625
-79.00715033;-2.890845658;[0];-90.9375
-79.00690753;-2.890845229;[0];-90.8750
-79.00666473;-2.890844801;[0];-90.7500
-79.00642193;-2.890844372;[0];-90.5625
-79.00617913;-2.890843944;[0];-90.5000
-79.00593633;-2.890843515;[0];-90.5000
-79.00569353;-2.890843086;[0];-90.4375
-79.00545073;-2.890842658;[0];-90.3750
-79.00520792;-2.890842229;[0];-90.3750
-79.00496512;-2.8908418;[0];-90.3750
-79.00472232;-2.890841371;[0];-90.2500
-79.00447952;-2.890840942;[0];-90.2500
-79.00423672;-2.890840513;[0];-90.2500
-79.00399392;-2.890840084;[0];-90.2500
-79.00375112;-2.890839655;[0];-90.2500
-79.00350832;-2.890839226;[0];-90.2500
-79.00326552;-2.890838797;[0];-90.3750
-79.00302272;-2.890838368;[0];-90.3750
-79.00277992;-2.890837938;[0];-90.3750
-79.00253712;-2.890837509;[0];-90.5000
-79.00229432;-2.890837079;[0];-90.5625
-79.00205152;-2.89083665;[0];-90.6250
-79.00180872;-2.89083622;[0];-90.7500
-79.00156592;-2.890835791;[0];-90.8750
-79.00132312;-2.890835361;[0];-90.9375
-79.00108032;-2.890834932;[0];-91.0625
-79.00083752;-2.890834502;[0];-91.1875
-79.00059472;-2.890834072;[0];-91.3750
-79.00035192;-2.890833642;[0];-91.5000
-79.00010912;-2.890833212;[0];-91.6250
-78.99986632;-2.890832782;[0];-91.8125
-78.99962352;-2.890832352;[0];-92.0000
-78.99938072;-2.890831922;[0];-92.1875
-78.99913792;-2.890831492;[0];-92.3750
-78.99889512;-2.890831062;[0];-92.5625
-78.99865232;-2.890830632;[0];-92.8125
-78.99840952;-2.890830202;[0];-93.0000
-78.99816672;-2.890829771;[0];-93.1250
-78.99792392;-2.890829341;[0];-93.3750
-78.99768112;-2.890828911;[0];-93.6250
-78.99743832;-2.89082848;[0];-93.8125
-78.99719552;-2.89082805;[0];-94.0625
-78.99695273;-2.890827619;[0];-94.2500
-78.99670993;-2.890827188;[0];-94.5625
-78.99646713;-2.890826758;[0];-94.8125
-78.99622433;-2.890826327;[0];-95.0625
-78.99598153;-2.890825896;[0];-95.2500
-78.99573873;-2.890825466;[0];-95.5000
-78.99549593;-2.890825035;[0];-95.7500
-78.99525313;-2.890824604;[0];-96.0625
-78.99501033;-2.890824173;[0];-96.3125
-78.99476753;-2.890823742;[0];-96.5625
-78.99452473;-2.890823311;[0];-96.8125
-78.99428193;-2.890822879;[0];-97.0625
-78.99403914;-2.890822448;[0];-97.3750
-78.99379634;-2.890822017;[0];-97.6250
-78.99355354;-2.890821586;[0];-97.8750
-78.99331074;-2.890821154;[0];-98.1250
-78.99306794;-2.890820723;[0];-98.3750
-78.99282514;-2.890820292;[0];-98.6875
-78.99258234;-2.89081986;[0];-98.9375
-78.99233954;-2.890819429;[0];-99.1875
-78.99209674;-2.890818997;[0];-99.4375
-78.99185395;-2.890818565;[0];-99.7500
-78.99161115;-2.890818134;[0];-100.0625
-78.99136835;-2.890817702;[0];-100.3125
-78.99112555;-2.89081727;[0];-100.5000
-78.99088275;-2.890816838;[0];-100.8125
-78.99063995;-2.890816406;[0];-101.1250
-78.99039716;-2.890815974;[0];-101.3125
-78.99015436;-2.890815542;[0];-101.5625
-78.98991156;-2.89081511;[0];-101.8125
-79.01880524;-2.890622037;[0];-101.9375
-79.01856244;-2.890621611;[0];-101.7500
-79.01831963;-2.890621185;[0];-101.4375
-79.01807683;-2.890620759;[0];-101.1875
-79.01783403;-2.890620333;[0];-100.9375
-79.01759123;-2.890619907;[0];-100.6875
-79.01734842;-2.890619481;[0];-100.5000
-79.01710562;-2.890619055;[0];-100.2500
-79.01686282;-2.890618629;[0];-100.0000
-79.01662002;-2.890618202;[0];-99.7500
-79.01637722;-2.890617776;[0];-99.4375
-79.01613441;-2.89061735;[0];-99.1875
-79.01589161;-2.890616923;[0];-98.9375
-79.01564881;-2.890616497;[0];-98.6875
-79.01540601;-2.89061607;[0];-98.4375
-79.01516320;-2.890615643;[0];-98.1875
-79.01492040;-2.890615217;[0];-97.9375
-79.0146776;-2.89061479;[0];-97.6875
-79.01443480;-2.890614363;[0];-97.4375
-79.01419200;-2.890613936;[0];-97.1875
-79.01394919;-2.89061351;[0];-96.9375
-79.01370639;-2.890613083;[0];-96.6875
-79.01346359;-2.890612656;[0];-96.4375
-79.01322079;-2.890612229;[0];-96.1250
-79.01297799;-2.890611802;[0];-95.8750
-79.01273519;-2.890611374;[0];-95.6250
-79.01249238;-2.890610947;[0];-95.3750
-79.01224958;-2.89061052;[0];-95.1875
-79.01200678;-2.890610093;[0];-94.9375
-79.01176398;-2.890609665;[0];-94.6875
-79.01152118;-2.890609238;[0];-94.4375
-79.01127838;-2.89060881;[0];-94.2500
-79.01103558;-2.890608383;[0];-94.0000
-79.01079277;-2.890607955;[0];-93.8125
-79.01054997;-2.890607528;[0];-93.5625
-79.01030717;-2.8906071;[0];-93.3750
-79.01006437;-2.890606672;[0];-93.1875
-79.00982157;-2.890606245;[0];-93.0000
-79.00957877;-2.890605817;[0];-92.7500
-79.00933597;-2.890605389;[0];-92.5625
-79.00909316;-2.890604961;[0];-92.3750
-79.00885036;-2.890604533;[0];-92.2500
-79.00860756;-2.890604105;[0];-92.0625
-79.00836476;-2.890603677;[0];-91.9375
-79.00812196;-2.890603249;[0];-91.7500
-79.00787916;-2.890602821;[0];-91.6250
-79.00763636;-2.890602392;[0];-91.4375
-79.00739356;-2.890601964;[0];-91.3125
-79.00715076;-2.890601536;[0];-91.2500
-79.00690796;-2.890601107;[0];-91.1250
-79.00666516;-2.890600679;[0];-91.0000
-79.00642235;-2.89060025;[0];-90.8750
-79.00617955;-2.890599822;[0];-90.8125
-79.00593675;-2.890599393;[0];-90.7500
-79.00569395;-2.890598965;[0];-90.6875
-79.00545115;-2.890598536;[0];-90.6250
-79.00520835;-2.890598107;[0];-90.6250
-79.00496555;-2.890597678;[0];-90.6250
-79.00472275;-2.89059725;[0];-90.5625
-79.00447995;-2.890596821;[0];-90.5625
-79.00423715;-2.890596392;[0];-90.5625
-79.00399435;-2.890595963;[0];-90.5625
-79.00375155;-2.890595534;[0];-90.5000
-79.00350875;-2.890595105;[0];-90.5625
-79.00326595;-2.890594675;[0];-90.6250
-79.00302315;-2.890594246;[0];-90.6250
-79.00278035;-2.890593817;[0];-90.6875
-79.00253755;-2.890593388;[0];-90.7500
-79.00229475;-2.890592958;[0];-90.8125
-79.00205195;-2.890592529;[0];-90.9375
-79.00180915;-2.890592099;[0];-91.0000
-79.00156635;-2.89059167;[0];-91.1250
-79.00132355;-2.89059124;[0];-91.2500
-79.00108075;-2.89059081;[0];-91.3125
-79.00083795;-2.890590381;[0];-91.4375
-79.00059515;-2.890589951;[0];-91.5625
-79.00035235;-2.890589521;[0];-91.7500
-79.00010955;-2.890589091;[0];-91.8125
-78.99986675;-2.890588661;[0];-92.0625
-78.99962395;-2.890588232;[0];-92.2500
-78.99938115;-2.890587802;[0];-92.3750
-78.99913835;-2.890587371;[0];-92.5625
-78.99889555;-2.890586941;[0];-92.7500
-78.99865275;-2.890586511;[0];-92.9375
-78.99840995;-2.890586081;[0];-93.1875
-78.99816715;-2.890585651;[0];-93.3750
-78.99792435;-2.89058522;[0];-93.5625
-78.99768155;-2.89058479;[0];-93.8125
-78.99743875;-2.89058436;[0];-94.0000
-78.99719595;-2.890583929;[0];-94.2500
-78.99695315;-2.890583499;[0];-94.4375
-78.99671035;-2.890583068;[0];-94.6875
-78.99646755;-2.890582637;[0];-94.9375
-78.99622476;-2.890582207;[0];-95.1875
-78.99598196;-2.890581776;[0];-95.3750
-78.99573916;-2.890581345;[0];-95.6250
-78.99549636;-2.890580914;[0];-95.8750
-78.99525356;-2.890580483;[0];-96.1250
-78.99501076;-2.890580053;[0];-96.3750
-78.99476796;-2.890579622;[0];-96.6875
-78.99452516;-2.890579191;[0];-96.9375
-78.99428236;-2.890578759;[0];-97.1875
-78.99403956;-2.890578328;[0];-97.4375
-78.99379677;-2.890577897;[0];-97.6875
-78.99355397;-2.890577466;[0];-97.9375
-78.99331117;-2.890577034;[0];-98.1875
-78.99306837;-2.890576603;[0];-98.4375
-78.99282557;-2.890576172;[0];-98.7500
-78.99258277;-2.89057574;[0];-99.0000
-78.99233997;-2.890575309;[0];-99.2500
-78.99209717;-2.890574877;[0];-99.5000
-78.99185438;-2.890574446;[0];-99.7500
-78.99161158;-2.890574014;[0];-100.0000
-78.99136878;-2.890573582;[0];-100.3125
-78.99112598;-2.89057315;[0];-100.5625
-78.99088318;-2.890572719;[0];-100.8125
-78.99064038;-2.890572287;[0];-101.0625
-78.99039758;-2.890571855;[0];-101.3750
-78.99015479;-2.890571423;[0];-101.6250
-78.98991199;-2.890570991;[0];-101.8125
-79.01880566;-2.890377913;[0];-102.0000
-79.01856286;-2.890377488;[0];-101.6875
-79.01832006;-2.890377062;[0];-101.4375
-79.01807726;-2.890376636;[0];-101.1875
-79.01783445;-2.89037621;[0];-101.0000
-79.01759165;-2.890375784;[0];-100.7500
-79.01734885;-2.890375358;[0];-100.5000
-79.01710605;-2.890374931;[0];-100.3125
-79.01686324;-2.890374505;[0];-100.0625
-79.01662044;-2.890374079;[0];-99.7500
-79.01637764;-2.890373653;[0];-99.5000
-79.01613484;-2.890373226;[0];-99.2500
-79.01589203;-2.8903728;[0];-99.0000
-79.01564923;-2.890372373;[0];-98.7500
-79.01540643;-2.890371947;[0];-98.5000
-79.01516363;-2.89037152;[0];-98.2500
-79.01492083;-2.890371094;[0];-98.0000
-79.01467802;-2.890370667;[0];-97.7500
-79.01443522;-2.89037024;[0];-97.5000
-79.01419242;-2.890369813;[0];-97.2500
-79.01394962;-2.890369387;[0];-97.0000
-79.01370682;-2.89036896;[0];-96.7500
-79.01346402;-2.890368533;[0];-96.5000
-79.01322121;-2.890368106;[0];-96.2500
-79.01297841;-2.890367679;[0];-96.0000
-79.01273561;-2.890367252;[0];-95.7500
-79.01249281;-2.890366824;[0];-95.5625
-79.01225001;-2.890366397;[0];-95.3125
-79.01200721;-2.89036597;[0];-95.0625
-79.01176440;-2.890365543;[0];-94.8125
-79.01152160;-2.890365115;[0];-94.6250
-79.01127880;-2.890364688;[0];-94.3750
-79.011036;-2.89036426;[0];-94.1875
-79.01079320;-2.890363833;[0];-93.9375
-79.01055040;-2.890363405;[0];-93.6875
-79.01030760;-2.890362978;[0];-93.5625
-79.01006480;-2.89036255;[0];-93.3750
-79.00982199;-2.890362122;[0];-93.1250
-79.00957919;-2.890361694;[0];-92.9375
-79.00933639;-2.890361267;[0];-92.7500
-79.00909359;-2.890360839;[0];-92.6250
-79.00885079;-2.890360411;[0];-92.4375
-79.00860799;-2.890359983;[0];-92.3125
-79.00836519;-2.890359555;[0];-92.1250
-79.00812239;-2.890359127;[0];-92.0000
-79.00787959;-2.890358699;[0];-91.8125
-79.00763678;-2.89035827;[0];-91.6875
-79.00739398;-2.890357842;[0];-91.5625
-79.00715118;-2.890357414;[0];-91.5000
-79.00690838;-2.890356985;[0];-91.3750
-79.00666558;-2.890356557;[0];-91.2500
-79.00642278;-2.890356129;[0];-91.0625
-79.00617998;-2.8903557;[0];-91.0625
-79.00593718;-2.890355272;[0];-91.0625
-79.00569438;-2.890354843;[0];-90.9375
-79.00545158;-2.890354414;[0];-90.8750
-79.00520878;-2.890353986;[0];-90.8750
-79.00496598;-2.890353557;[0];-90.8750
-79.00472318;-2.890353128;[0];-90.8125
-79.00448038;-2.890352699;[0];-90.8125
-79.00423758;-2.89035227;[0];-90.8125
-79.00399478;-2.890351841;[0];-90.8125
-79.00375198;-2.890351412;[0];-90.8125
-79.00350918;-2.890350983;[0];-90.8125
-79.00326637;-2.890350554;[0];-90.8750
-79.00302357;-2.890350125;[0];-90.8750
-79.00278077;-2.890349695;[0];-90.9375
-79.00253797;-2.890349266;[0];-91.0000
-79.00229517;-2.890348837;[0];-91.0625
-79.00205237;-2.890348407;[0];-91.1875
-79.00180957;-2.890347978;[0];-91.1875
-79.00156677;-2.890347549;[0];-91.3750
-79.00132397;-2.890347119;[0];-91.5000
-79.00108117;-2.890346689;[0];-91.5000
-79.00083837;-2.89034626;[0];-91.6875
-79.00059557;-2.89034583;[0];-91.8125
-79.00035277;-2.8903454;[0];-91.9375
-79.00010998;-2.89034497;[0];-92.0625
-78.99986718;-2.890344541;[0];-92.2500
-78.99962438;-2.890344111;[0];-92.4375
-78.99938158;-2.890343681;[0];-92.6250
-78.99913878;-2.890343251;[0];-92.7500
-78.99889598;-2.890342821;[0];-92.9375
-78.99865318;-2.89034239;[0];-93.1250
-78.99841038;-2.89034196;[0];-93.3750
-78.99816758;-2.89034153;[0];-93.5625
-78.99792478;-2.8903411;[0];-93.6875
-78.99768198;-2.890340669;[0];-93.9375
-78.99743918;-2.890340239;[0];-94.1875
-78.99719638;-2.890339809;[0];-94.3750
-78.99695358;-2.890339378;[0];-94.6250
-78.99671078;-2.890338948;[0];-94.8125
-78.99646798;-2.890338517;[0];-95.0625
-78.99622518;-2.890338086;[0];-95.3125
-78.99598238;-2.890337656;[0];-95.5625
-78.99573959;-2.890337225;[0];-95.7500
-78.99549679;-2.890336794;[0];-96.0000
-78.99525399;-2.890336363;[0];-96.2500
-78.99501119;-2.890335932;[0];-96.5000
-78.99476839;-2.890335501;[0];-96.7500
-78.99452559;-2.89033507;[0];-97.0000
-78.99428279;-2.890334639;[0];-97.2500
-78.99403999;-2.890334208;[0];-97.5000
-78.99379719;-2.890333777;[0];-97.7500
-78.99355440;-2.890333346;[0];-98.0000
-78.99331160;-2.890332915;[0];-98.2500
-78.99306880;-2.890332483;[0];-98.5000
-78.99282600;-2.890332052;[0];-98.7500
-78.9925832;-2.89033162;[0];-99.0625
-78.99234040;-2.890331189;[0];-99.3125
-78.99209760;-2.890330757;[0];-99.5625
-78.99185480;-2.890330326;[0];-99.8125
-78.99161201;-2.890329894;[0];-100.0625
-78.99136921;-2.890329463;[0];-100.3125
-78.99112641;-2.890329031;[0];-100.6250
-78.99088361;-2.890328599;[0];-100.8750
-78.99064081;-2.890328167;[0];-101.0625
-78.99039801;-2.890327735;[0];-101.3750
-78.99015522;-2.890327303;[0];-101.6250
-78.98991242;-2.890326871;[0];-101.8750
-79.01880609;-2.89013379;[0];-101.9375
-79.01856328;-2.890133364;[0];-101.6875
-79.01832048;-2.890132938;[0];-101.5000
-79.01807768;-2.890132512;[0];-101.2500
-79.01783488;-2.890132086;[0];-101.0000
-79.01759207;-2.89013166;[0];-100.8125
-79.01734927;-2.890131234;[0];-100.5625
-79.01710647;-2.890130808;[0];-100.3125
-79.01686367;-2.890130382;[0];-100.0625
-79.01662087;-2.890129955;[0];-99.7500
-79.01637806;-2.890129529;[0];-99.5625
-79.01613526;-2.890129103;[0];-99.3125
-79.01589246;-2.890128676;[0];-99.0625
-79.01564966;-2.89012825;[0];-98.8125
-79.01540686;-2.890127824;[0];-98.5625
-79.01516405;-2.890127397;[0];-98.3125
-79.01492125;-2.89012697;[0];-98.0625
-79.01467845;-2.890126544;[0];-97.8750
-79.01443565;-2.890126117;[0];-97.6250
-79.01419285;-2.89012569;[0];-97.3750
-79.01395004;-2.890125263;[0];-97.1250
-79.01370724;-2.890124837;[0];-96.8750
-79.01346444;-2.89012441;[0];-96.6250
-79.01322164;-2.890123983;[0];-96.3750
-79.01297884;-2.890123556;[0];-96.1250
-79.01273604;-2.890123129;[0];-95.8750
-79.01249323;-2.890122702;[0];-95.6875
-79.01225043;-2.890122274;[0];-95.4375
-79.01200763;-2.890121847;[0];-95.1875
-79.01176483;-2.89012142;[0];-95.0000
-79.01152203;-2.890120993;[0];-94.7500
-79.01127923;-2.890120565;[0];-94.5000
-79.01103643;-2.890120138;[0];-94.3750
-79.01079362;-2.89011971;[0];-94.1250
-79.01055082;-2.890119283;[0];-93.8750
-79.01030802;-2.890118855;[0];-93.7500
-79.01006522;-2.890118428;[0];-93.5625
-79.00982242;-2.890118;[0];-93.3125
-79.00957962;-2.890117572;[0];-93.1250
-79.00933682;-2.890117144;[0];-93.0000
-79.00909402;-2.890116716;[0];-92.8125
-79.00885122;-2.890116289;[0];-92.6250
-79.00860841;-2.890115861;[0];-92.5000
-79.00836561;-2.890115433;[0];-92.3750
-79.00812281;-2.890115005;[0];-92.1875
-79.00788001;-2.890114576;[0];-92.0625
-79.00763721;-2.890114148;[0];-91.8750
-79.00739441;-2.89011372;[0];-91.7500
-79.00715161;-2.890113292;[0];-91.7500
-79.00690881;-2.890112863;[0];-91.5625
-79.00666601;-2.890112435;[0];-91.4375
-79.00642321;-2.890112007;[0];-91.3125
-79.00618041;-2.890111578;[0];-91.3125
-79.00593761;-2.89011115;[0];-91.3125
-79.00569481;-2.890110721;[0];-91.1875
-79.00545200;-2.890110292;[0];-91.1875
-79.00520920;-2.890109864;[0];-91.1875
-79.00496640;-2.890109435;[0];-91.1875
-79.00472360;-2.890109006;[0];-91.0625
-79.00448080;-2.890108577;[0];-91.0625
-79.00423800;-2.890108149;[0];-91.0625
-79.00399520;-2.89010772;[0];-91.0625
-79.00375240;-2.890107291;[0];-91.0625
-79.00350960;-2.890106862;[0];-91.0625
-79.00326680;-2.890106432;[0];-91.1875
-79.00302400;-2.890106003;[0];-91.1875
-79.00278120;-2.890105574;[0];-91.1875
-79.00253840;-2.890105145;[0];-91.3125
-79.00229560;-2.890104716;[0];-91.3125
-79.00205280;-2.890104286;[0];-91.4375
-79.00181000;-2.890103857;[0];-91.4375
-79.00156720;-2.890103427;[0];-91.5625
-79.00132440;-2.890102998;[0];-91.7500
-79.00108160;-2.890102568;[0];-91.7500
-79.00083880;-2.890102139;[0];-91.8750
-79.00059600;-2.890101709;[0];-92.0625
-79.00035320;-2.890101279;[0];-92.1875
-79.00011040;-2.890100849;[0];-92.3125
-78.99986760;-2.89010042;[0];-92.4375
-78.99962480;-2.89009999;[0];-92.6250
-78.99938200;-2.89009956;[0];-92.8125
-78.99913920;-2.89009913;[0];-92.9375
-78.99889640;-2.8900987;[0];-93.1250
-78.99865361;-2.89009827;[0];-93.3125
-78.99841081;-2.89009784;[0];-93.5625
-78.99816801;-2.890097409;[0];-93.7500
-78.99792521;-2.890096979;[0];-93.8750
-78.99768241;-2.890096549;[0];-94.1250
-78.99743961;-2.890096118;[0];-94.3125
-78.99719681;-2.890095688;[0];-94.5000
-78.99695401;-2.890095258;[0];-94.7500
-78.99671121;-2.890094827;[0];-95.0000
-78.99646841;-2.890094397;[0];-95.1875
-78.99622561;-2.890093966;[0];-95.4375
-78.99598281;-2.890093535;[0];-95.6875
-78.99574001;-2.890093105;[0];-95.8750
-78.99549721;-2.890092674;[0];-96.0625
-78.99525442;-2.890092243;[0];-96.3125
-78.99501162;-2.890091812;[0];-96.5625
-78.99476882;-2.890091381;[0];-96.8125
-78.99452602;-2.89009095;[0];-97.0625
-78.99428322;-2.890090519;[0];-97.3125
-78.99404042;-2.890090088;[0];-97.5625
-78.99379762;-2.890089657;[0];-97.8125
-78.99355482;-2.890089226;[0];-98.0625
-78.99331203;-2.890088795;[0];-98.3125
-78.99306923;-2.890088363;[0];-98.5625
-78.99282643;-2.890087932;[0];-98.8125
-78.99258363;-2.890087501;[0];-99.0625
-78.99234083;-2.890087069;[0];-99.3750
-78.99209803;-2.890086638;[0];-99.6250
-78.99185523;-2.890086206;[0];-99.8750
-78.99161244;-2.890085775;[0];-100.1250
-78.99136964;-2.890085343;[0];-100.3125
-78.99112684;-2.890084911;[0];-100.6250
-78.99088404;-2.890084479;[0];-100.8750
-78.99064124;-2.890084048;[0];-101.1250
-78.99039844;-2.890083616;[0];-101.3125
-78.99015565;-2.890083184;[0];-101.6250
-78.98991285;-2.890082752;[0];-101.8750
-79.01880651;-2.889889666;[0];-101.9375
-79.01856371;-2.88988924;[0];-101.7500
-79.01832090;-2.889888814;[0];-101.5000
-79.01807810;-2.889888388;[0];-101.3125
-79.0178353;-2.889887962;[0];-101.0625
-79.01759250;-2.889887537;[0];-100.8125
-79.01734970;-2.88988711;[0];-100.6250
-79.01710689;-2.889886684;[0];-100.3125
-79.01686409;-2.889886258;[0];-100.0625
-79.01662129;-2.889885832;[0];-99.8125
-79.01637849;-2.889885406;[0];-99.5625
-79.01613569;-2.889884979;[0];-99.3750
-79.01589288;-2.889884553;[0];-99.1250
-79.01565008;-2.889884127;[0];-98.8750
-79.01540728;-2.8898837;[0];-98.6250
-79.01516448;-2.889883274;[0];-98.4375
-79.01492168;-2.889882847;[0];-98.1875
-79.01467887;-2.889882421;[0];-97.9375
-79.01443607;-2.889881994;[0];-97.6875
-79.01419327;-2.889881567;[0];-97.4375
-79.01395047;-2.88988114;[0];-97.1875
-79.01370767;-2.889880714;[0];-96.9375
-79.01346487;-2.889880287;[0];-96.6875
-79.01322206;-2.88987986;[0];-96.4375
-79.01297926;-2.889879433;[0];-96.2500
-79.01273646;-2.889879006;[0];-96.0625
-79.01249366;-2.889878579;[0];-95.8125
-79.01225086;-2.889878152;[0];-95.5625
-79.01200806;-2.889877724;[0];-95.3125
-79.01176525;-2.889877297;[0];-95.1250
-79.01152245;-2.88987687;[0];-94.8750
-79.01127965;-2.889876443;[0];-94.6875
-79.01103685;-2.889876015;[0];-94.5000
-79.01079405;-2.889875588;[0];-94.2500
-79.01055125;-2.88987516;[0];-94.0625
-79.01030845;-2.889874733;[0];-93.9375
-79.01006565;-2.889874305;[0];-93.6875
-79.00982284;-2.889873877;[0];-93.5000
-79.00958004;-2.88987345;[0];-93.3125
-79.00933724;-2.889873022;[0];-93.1875
-79.00909444;-2.889872594;[0];-93.0000
-79.00885164;-2.889872166;[0];-92.8750
-79.00860884;-2.889871738;[0];-92.6875
-79.00836604;-2.88987131;[0];-92.5625
-79.00812324;-2.889870882;[0];-92.4375
-79.00788044;-2.889870454;[0];-92.2500
-79.00763764;-2.889870026;[0];-92.1250
-79.00739484;-2.889869598;[0];-92.0000
-79.00715203;-2.88986917;[0];-91.9375
-79.00690923;-2.889868741;[0];-91.8125
-79.00666643;-2.889868313;[0];-91.6875
-79.00642363;-2.889867885;[0];-91.6250
-79.00618083;-2.889867456;[0];-91.5625
-79.00593803;-2.889867028;[0];-91.5625
-79.00569523;-2.889866599;[0];-91.4375
-79.00545243;-2.889866171;[0];-91.4375
-79.00520963;-2.889865742;[0];-91.4375
-79.00496683;-2.889865313;[0];-91.4375
-79.00472403;-2.889864885;[0];-91.3125
-79.00448123;-2.889864456;[0];-91.3125
-79.00423843;-2.889864027;[0];-91.3125
-79.00399563;-2.889863598;[0];-91.3125
-79.00375283;-2.889863169;[0];-91.3125
-79.00351003;-2.88986274;[0];-91.3125
-79.00326723;-2.889862311;[0];-91.4375
-79.00302443;-2.889861882;[0];-91.4375
-79.00278163;-2.889861453;[0];-91.4375
-79.00253883;-2.889861024;[0];-91.5625
-79.00229603;-2.889860594;[0];-91.5625
-79.00205323;-2.889860165;[0];-91.6875
-79.00181043;-2.889859736;[0];-91.7500
-79.00156763;-2.889859306;[0];-91.8125
-79.00132483;-2.889858877;[0];-91.9375
-79.00108203;-2.889858447;[0];-92.0000
-79.00083923;-2.889858018;[0];-92.1250
-79.00059643;-2.889857588;[0];-92.2500
-79.00035363;-2.889857158;[0];-92.4375
-79.00011083;-2.889856728;[0];-92.5000
-78.99986803;-2.889856299;[0];-92.6250
-78.99962523;-2.889855869;[0];-92.8750
-78.99938243;-2.889855439;[0];-93.0000
-78.99913963;-2.889855009;[0];-93.1875
-78.99889683;-2.889854579;[0];-93.3125
-78.99865403;-2.889854149;[0];-93.5000
-78.99841123;-2.889853719;[0];-93.6875
-78.99816843;-2.889853289;[0];-93.9375
-78.99792563;-2.889852858;[0];-94.0625
-78.99768284;-2.889852428;[0];-94.2500
-78.99744004;-2.889851998;[0];-94.5000
-78.99719724;-2.889851568;[0];-94.6875
-78.99695444;-2.889851137;[0];-94.8750
-78.99671164;-2.889850707;[0];-95.1250
-78.99646884;-2.889850276;[0];-95.3125
-78.99622604;-2.889849846;[0];-95.5625
-78.99598324;-2.889849415;[0];-95.8125
-78.99574044;-2.889848984;[0];-96.0625
-78.99549764;-2.889848554;[0];-96.1875
-78.99525484;-2.889848123;[0];-96.4375
-78.99501205;-2.889847692;[0];-96.6875
-78.99476925;-2.889847261;[0];-96.9375
-78.99452645;-2.88984683;[0];-97.1875
-78.99428365;-2.889846399;[0];-97.4375
-78.99404085;-2.889845968;[0];-97.6875
-78.99379805;-2.889845537;[0];-97.9375
-78.99355525;-2.889845106;[0];-98.1875
-78.99331245;-2.889844675;[0];-98.3750
-78.99306966;-2.889844243;[0];-98.6250
-78.99282686;-2.889843812;[0];-98.8750
-78.99258406;-2.889843381;[0];-99.1250
-78.99234126;-2.889842949;[0];-99.3750
-78.99209846;-2.889842518;[0];-99.6250
-78.99185566;-2.889842086;[0];-99.9375
-78.99161286;-2.889841655;[0];-100.1250
-78.99137007;-2.889841223;[0];-100.3750
-78.99112727;-2.889840792;[0];-100.6250
-78.99088447;-2.88984036;[0];-100.8750
-78.99064167;-2.889839928;[0];-101.1250
-78.99039887;-2.889839496;[0];-101.3750
-78.99015608;-2.889839064;[0];-101.6250
-78.98991328;-2.889838632;[0];-101.8750
-79.01880693;-2.889645542;[0];-102.0000
-79.01856413;-2.889645116;[0];-101.7500
-79.01832133;-2.889644691;[0];-101.5625
-79.01807853;-2.889644265;[0];-101.3125
-79.01783572;-2.889643839;[0];-101.1250
-79.01759292;-2.889643413;[0];-100.8750
-79.01735012;-2.889642987;[0];-100.6250
-79.01710732;-2.889642561;[0];-100.3125
-79.01686452;-2.889642135;[0];-100.1250
-79.01662171;-2.889641709;[0];-99.8750
-79.01637891;-2.889641282;[0];-99.6250
-79.01613611;-2.889640856;[0];-99.4375
-79.01589331;-2.88964043;[0];-99.1875
-79.01565051;-2.889640003;[0];-98.9375
-79.01540770;-2.889639577;[0];-98.6875
-79.01516490;-2.889639151;[0];-98.5000
-79.01492210;-2.889638724;[0];-98.2500
-79.01467930;-2.889638297;[0];-98.0000
-79.01443650;-2.889637871;[0];-97.7500
-79.01419369;-2.889637444;[0];-97.5000
-79.01395089;-2.889637017;[0];-97.3125
-79.01370809;-2.889636591;[0];-97.0625
-79.01346529;-2.889636164;[0];-96.8125
-79.01322249;-2.889635737;[0];-96.5625
-79.01297969;-2.88963531;[0];-96.3750
-79.01273689;-2.889634883;[0];-96.1875
-79.01249408;-2.889634456;[0];-95.9375
-79.01225128;-2.889634029;[0];-95.6875
-79.01200848;-2.889633602;[0];-95.5000
-79.01176568;-2.889633174;[0];-95.2500
-79.01152288;-2.889632747;[0];-95.0625
-79.01128008;-2.88963232;[0];-94.8750
-79.01103728;-2.889631893;[0];-94.6250
-79.01079447;-2.889631465;[0];-94.4375
-79.01055167;-2.889631038;[0];-94.2500
-79.01030887;-2.88963061;[0];-94.1250
-79.01006607;-2.889630183;[0];-93.8750
-79.00982327;-2.889629755;[0];-93.6875
-79.00958047;-2.889629327;[0];-93.5000
-79.00933767;-2.8896289;[0];-93.3750
-79.00909487;-2.889628472;[0];-93.2500
-79.00885207;-2.889628044;[0];-93.0625
-79.00860927;-2.889627616;[0];-92.9375
-79.00836646;-2.889627188;[0];-92.7500
-79.00812366;-2.88962676;[0];-92.6250
-79.00788086;-2.889626332;[0];-92.5000
-79.00763806;-2.889625904;[0];-92.3750
-79.00739526;-2.889625476;[0];-92.2500
-79.00715246;-2.889625048;[0];-92.1875
-79.00690966;-2.889624619;[0];-92.0625
-79.00666686;-2.889624191;[0];-91.9375
-79.00642406;-2.889623763;[0];-91.8750
-79.00618126;-2.889623334;[0];-91.8125
-79.00593846;-2.889622906;[0];-91.8125
-79.00569566;-2.889622477;[0];-91.6875
-79.00545286;-2.889622049;[0];-91.6875
-79.00521006;-2.88962162;[0];-91.6875
-79.00496726;-2.889621192;[0];-91.6875
-79.00472446;-2.889620763;[0];-91.5625
-79.00448166;-2.889620334;[0];-91.5625
-79.00423886;-2.889619905;[0];-91.5625
-79.00399606;-2.889619477;[0];-91.5625
-79.00375326;-2.889619048;[0];-91.5625
-79.00351046;-2.889618619;[0];-91.5625
-79.00326766;-2.88961819;[0];-91.6875
-79.00302486;-2.889617761;[0];-91.6875
-79.00278206;-2.889617331;[0];-91.6875
-79.00253926;-2.889616902;[0];-91.7500
-79.00229646;-2.889616473;[0];-91.8125
-79.00205366;-2.889616044;[0];-91.9375
-79.00181086;-2.889615614;[0];-92.0000
-79.00156806;-2.889615185;[0];-92.0625
-79.00132526;-2.889614756;[0];-92.1875
-79.00108246;-2.889614326;[0];-92.2500
-79.00083966;-2.889613896;[0];-92.3750
-79.00059686;-2.889613467;[0];-92.5000
-79.00035406;-2.889613037;[0];-92.6250
-79.00011126;-2.889612608;[0];-92.7500
-78.99986846;-2.889612178;[0];-92.8125
-78.99962566;-2.889611748;[0];-93.0625
-78.99938286;-2.889611318;[0];-93.1875
-78.99914006;-2.889610888;[0];-93.3750
-78.99889726;-2.889610458;[0];-93.5000
-78.99865446;-2.889610028;[0];-93.6875
-78.99841166;-2.889609598;[0];-93.8750
-78.99816886;-2.889609168;[0];-94.1250
-78.99792606;-2.889608738;[0];-94.2500
-78.99768326;-2.889608308;[0];-94.4375
-78.99744046;-2.889607877;[0];-94.6250
-78.99719767;-2.889607447;[0];-94.8750
-78.99695487;-2.889607017;[0];-95.0625
-78.99671207;-2.889606586;[0];-95.2500
-78.99646927;-2.889606156;[0];-95.5000
-78.99622647;-2.889605725;[0];-95.6875
-78.99598367;-2.889605295;[0];-95.9375
-78.99574087;-2.889604864;[0];-96.1250
-78.99549807;-2.889604433;[0];-96.3750
-78.99525527;-2.889604003;[0];-96.5625
-78.99501247;-2.889603572;[0];-96.8125
-78.99476968;-2.889603141;[0];-97.0000
-78.99452688;-2.88960271;[0];-97.2500
-78.99428408;-2.889602279;[0];-97.5000
-78.99404128;-2.889601848;[0];-97.7500
-78.99379848;-2.889601417;[0];-98.0000
-78.99355568;-2.889600986;[0];-98.2500
-78.99331288;-2.889600555;[0];-98.5000
-78.99307008;-2.889600123;[0];-98.6875
-78.99282729;-2.889599692;[0];-98.9375
-78.99258449;-2.889599261;[0];-99.1875
-78.99234169;-2.88959883;[0];-99.4375
-78.99209889;-2.889598398;[0];-99.6875
-78.99185609;-2.889597967;[0];-99.9375
-78.99161329;-2.889597535;[0];-100.1875
-78.99137050;-2.889597104;[0];-100.4375
-78.99112770;-2.889596672;[0];-100.6250
-78.99088490;-2.88959624;[0];-100.8750
-78.99064210;-2.889595809;[0];-101.1250
-78.99039930;-2.889595377;[0];-101.4375
-78.99015650;-2.889594945;[0];-101.6250
-78.98991371;-2.889594513;[0];-101.8750
-79.01880736;-2.889401418;[0];-102.0000
-79.01856455;-2.889400993;[0];-101.8125
-79.01832175;-2.889400567;[0];-101.5625
-79.01807895;-2.889400141;[0];-101.3750
-79.01783615;-2.889399715;[0];-101.1250
-79.01759335;-2.889399289;[0];-100.8750
-79.01735054;-2.889398863;[0];-100.6250
-79.01710774;-2.889398437;[0];-100.3750
-79.01686494;-2.889398011;[0];-100.1875
-79.01662214;-2.889397585;[0];-99.9375
-79.01637934;-2.889397159;[0];-99.6875
-79.01613653;-2.889396733;[0];-99.5000
-79.01589373;-2.889396306;[0];-99.2500
-79.01565093;-2.88939588;[0];-99.0000
-79.01540813;-2.889395454;[0];-98.8125
-79.01516533;-2.889395027;[0];-98.5625
-79.01492252;-2.889394601;[0];-98.3125
-79.01467972;-2.889394174;[0];-98.0625
-79.01443692;-2.889393748;[0];-97.8750
-79.01419412;-2.889393321;[0];-97.6250
-79.01395132;-2.889392894;[0];-97.3750
-79.01370852;-2.889392468;[0];-97.1250
-79.01346571;-2.889392041;[0];-96.8750
-79.01322291;-2.889391614;[0];-96.6875
-79.01298011;-2.889391187;[0];-96.5000
-79.01273731;-2.88939076;[0];-96.2500
-79.01249451;-2.889390333;[0];-96.0625
-79.01225171;-2.889389906;[0];-95.8125
-79.01200891;-2.889389479;[0];-95.6250
-79.01176610;-2.889389052;[0];-95.3750
-79.01152330;-2.889388625;[0];-95.1875
-79.01128050;-2.889388197;[0];-95.0000
-79.0110377;-2.88938777;[0];-94.7500
-79.01079490;-2.889387343;[0];-94.6250
-79.01055210;-2.889386915;[0];-94.4375
-79.01030930;-2.889386488;[0];-94.2500
-79.01006650;-2.88938606;[0];-94.0625
-79.00982370;-2.889385633;[0];-93.8750
-79.00958089;-2.889385205;[0];-93.7500
-79.00933809;-2.889384777;[0];-93.5625
-79.00909529;-2.889384349;[0];-93.4375
-79.00885249;-2.889383922;[0];-93.2500
-79.00860969;-2.889383494;[0];-93.1250
-79.00836689;-2.889383066;[0];-93.0000
-79.00812409;-2.889382638;[0];-92.8750
-79.00788129;-2.88938221;[0];-92.6875
-79.00763849;-2.889381782;[0];-92.5625
-79.00739569;-2.889381354;[0];-92.5000
-79.00715289;-2.889380926;[0];-92.4375
-79.00691009;-2.889380498;[0];-92.3125
-79.00666729;-2.889380069;[0];-92.1875
-79.00642449;-2.889379641;[0];-92.0625
-79.00618168;-2.889379213;[0];-92.0625
-79.00593888;-2.889378784;[0];-92.0000
-79.00569608;-2.889378356;[0];-91.9375
-79.00545328;-2.889377927;[0];-91.9375
-79.00521048;-2.889377499;[0];-91.9375
-79.00496768;-2.88937707;[0];-91.9375
-79.00472488;-2.889376641;[0];-91.8125
-79.00448208;-2.889376213;[0];-91.8125
-79.00423928;-2.889375784;[0];-91.8750
-79.00399648;-2.889375355;[0];-91.8125
-79.00375368;-2.889374926;[0];-91.8125
-79.00351088;-2.889374497;[0];-91.8125
-79.00326808;-2.889374068;[0];-91.8750
-79.00302528;-2.889373639;[0];-91.9375
-79.00278248;-2.88937321;[0];-91.9375
-79.00253968;-2.889372781;[0];-92.0000
-79.00229688;-2.889372352;[0];-92.0625
-79.00205408;-2.889371922;[0];-92.1250
-79.00181128;-2.889371493;[0];-92.1875
-79.00156848;-2.889371064;[0];-92.3125
-79.00132568;-2.889370634;[0];-92.4375
-79.00108288;-2.889370205;[0];-92.5000
-79.00084008;-2.889369775;[0];-92.5625
-79.00059728;-2.889369346;[0];-92.6875
-79.00035448;-2.889368916;[0];-92.8125
-79.00011168;-2.889368487;[0];-93.0000
-78.99986889;-2.889368057;[0];-93.0625
-78.99962609;-2.889367627;[0];-93.2500
-78.99938329;-2.889367197;[0];-93.4375
-78.99914049;-2.889366767;[0];-93.5625
-78.99889769;-2.889366337;[0];-93.7500
-78.99865489;-2.889365907;[0];-93.8750
-78.99841209;-2.889365477;[0];-94.0000
-78.99816929;-2.889365047;[0];-94.2500
-78.99792649;-2.889364617;[0];-94.4375
-78.99768369;-2.889364187;[0];-94.6250
-78.99744089;-2.889363757;[0];-94.7500
-78.99719809;-2.889363326;[0];-95.0000
-78.99695529;-2.889362896;[0];-95.1875
-78.99671249;-2.889362466;[0];-95.3750
-78.99646970;-2.889362035;[0];-95.6250
-78.99622690;-2.889361605;[0];-95.8125
-78.99598410;-2.889361174;[0];-96.0000
-78.99574130;-2.889360744;[0];-96.2500
-78.9954985;-2.889360313;[0];-96.5000
-78.99525570;-2.889359882;[0];-96.6875
-78.99501290;-2.889359452;[0];-96.8750
-78.99477010;-2.889359021;[0];-97.1250
-78.99452731;-2.88935859;[0];-97.3750
-78.99428451;-2.889358159;[0];-97.6250
-78.99404171;-2.889357728;[0];-97.8125
-78.99379891;-2.889357297;[0];-98.0625
-78.99355611;-2.889356866;[0];-98.3125
-78.99331331;-2.889356435;[0];-98.5625
-78.99307051;-2.889356004;[0];-98.7500
-78.99282772;-2.889355572;[0];-99.0000
-78.99258492;-2.889355141;[0];-99.2500
-78.99234212;-2.88935471;[0];-99.5000
-78.99209932;-2.889354278;[0];-99.6875
-78.99185652;-2.889353847;[0];-99.9375
-78.99161372;-2.889353415;[0];-100.2500
-78.99137093;-2.889352984;[0];-100.5000
-78.99112813;-2.889352552;[0];-100.6875
-78.99088533;-2.889352121;[0];-100.9375
-78.99064253;-2.889351689;[0];-101.1250
-78.99039973;-2.889351257;[0];-101.4375
-78.99015693;-2.889350825;[0];-101.6875
-78.98991414;-2.889350394;[0];-101.8750
-79.01856498;-2.889156869;[0];-101.8750
-79.01832218;-2.889156443;[0];-101.6250
-79.01807937;-2.889156017;[0];-101.4375
-79.01783657;-2.889155592;[0];-101.1250
-79.01759377;-2.889155166;[0];-100.8750
-79.01735097;-2.88915474;[0];-100.6875
-79.01710816;-2.889154314;[0];-100.4375
-79.01686536;-2.889153888;[0];-100.2500
-79.01662256;-2.889153462;[0];-100.0000
-79.01637976;-2.889153036;[0];-99.7500
-79.01613696;-2.889152609;[0];-99.5625
-79.01589416;-2.889152183;[0];-99.3125
-79.01565135;-2.889151757;[0];-99.0625
-79.01540855;-2.889151331;[0];-98.8750
-79.01516575;-2.889150904;[0];-98.6250
-79.01492295;-2.889150478;[0];-98.3750
-79.01468015;-2.889150051;[0];-98.1875
-79.01443734;-2.889149625;[0];-97.9375
-79.01419454;-2.889149198;[0];-97.6875
-79.01395174;-2.889148771;[0];-97.4375
-79.01370894;-2.889148345;[0];-97.2500
-79.01346614;-2.889147918;[0];-97.0000
-79.01322334;-2.889147491;[0];-96.8125
-79.01298054;-2.889147064;[0];-96.6250
-79.01273773;-2.889146637;[0];-96.3750
-79.01249493;-2.88914621;[0];-96.1250
-79.01225213;-2.889145783;[0];-95.9375
-79.01200933;-2.889145356;[0];-95.7500
-79.01176653;-2.889144929;[0];-95.5625
-79.01152373;-2.889144502;[0];-95.3750
-79.01128093;-2.889144075;[0];-95.1250
-79.01103813;-2.889143647;[0];-94.9375
-79.01079532;-2.88914322;[0];-94.8125
-79.01055252;-2.889142793;[0];-94.6250
-79.01030972;-2.889142365;[0];-94.3750
-79.01006692;-2.889141938;[0];-94.2500
-79.00982412;-2.88914151;[0];-94.0625
-79.00958132;-2.889141083;[0];-93.9375
-79.00933852;-2.889140655;[0];-93.7500
-79.00909572;-2.889140227;[0];-93.6250
-79.00885292;-2.889139799;[0];-93.5000
-79.00861012;-2.889139372;[0];-93.3125
-79.00836732;-2.889138944;[0];-93.1875
-79.00812451;-2.889138516;[0];-93.0625
-79.00788171;-2.889138088;[0];-92.9375
-79.00763891;-2.88913766;[0];-92.8125
-79.00739611;-2.889137232;[0];-92.7500
-79.00715331;-2.889136804;[0];-92.6250
-79.00691051;-2.889136376;[0];-92.5000
-79.00666771;-2.889135947;[0];-92.3750
-79.00642491;-2.889135519;[0];-92.3125
-79.00618211;-2.889135091;[0];-92.3125
-79.00593931;-2.889134662;[0];-92.2500
-79.00569651;-2.889134234;[0];-92.1875
-79.00545371;-2.889133805;[0];-92.1875
-79.00521091;-2.889133377;[0];-92.1875
-79.00496811;-2.889132948;[0];-92.1250
-79.00472531;-2.88913252;[0];-92.0625
-79.00448251;-2.889132091;[0];-92.0625
-79.00423971;-2.889131662;[0];-92.0625
-79.00399691;-2.889131233;[0];-92.0625
-79.00375411;-2.889130805;[0];-92.0625
-79.00351131;-2.889130376;[0];-92.0625
-79.00326851;-2.889129947;[0];-92.1250
-79.00302571;-2.889129518;[0];-92.1875
-79.00278291;-2.889129089;[0];-92.1875
-79.00254011;-2.88912866;[0];-92.2500
-79.00229731;-2.88912823;[0];-92.3125
-79.00205451;-2.889127801;[0];-92.3750
-79.00181171;-2.889127372;[0];-92.4375
-79.00156891;-2.889126943;[0];-92.5000
-79.00132611;-2.889126513;[0];-92.6250
-79.00108331;-2.889126084;[0];-92.7500
-79.00084051;-2.889125654;[0];-92.8125
-79.00059771;-2.889125225;[0];-92.9375
-79.00035491;-2.889124795;[0];-93.0625
-79.00011211;-2.889124366;[0];-93.1875
-78.99986931;-2.889123936;[0];-93.3125
-78.99962651;-2.889123506;[0];-93.3750
-78.99938371;-2.889123076;[0];-93.6250
-78.99914091;-2.889122647;[0];-93.7500
-78.99889812;-2.889122217;[0];-93.9375
-78.99865532;-2.889121787;[0];-94.0625
-78.99841252;-2.889121357;[0];-94.1875
-78.99816972;-2.889120927;[0];-94.3750
-78.99792692;-2.889120497;[0];-94.6250
-78.99768412;-2.889120066;[0];-94.8125
-78.99744132;-2.889119636;[0];-94.9375
-78.99719852;-2.889119206;[0];-95.1250
-78.99695572;-2.889118776;[0];-95.3750
-78.99671292;-2.889118345;[0];-95.5625
-78.99647012;-2.889117915;[0];-95.7500
-78.99622733;-2.889117484;[0];-95.9375
-78.99598453;-2.889117054;[0];-96.1250
-78.99574173;-2.889116623;[0];-96.3750
-78.99549893;-2.889116193;[0];-96.6250
-78.99525613;-2.889115762;[0];-96.8125
-78.99501333;-2.889115331;[0];-97.0000
-78.99477053;-2.889114901;[0];-97.2500
-78.99452773;-2.88911447;[0];-97.4375
-78.99428494;-2.889114039;[0];-97.6875
-78.99404214;-2.889113608;[0];-97.9375
-78.99379934;-2.889113177;[0];-98.1875
-78.99355654;-2.889112746;[0];-98.3750
-78.99331374;-2.889112315;[0];-98.6250
-78.99307094;-2.889111884;[0];-98.8750
-78.99282814;-2.889111452;[0];-99.0625
-78.99258535;-2.889111021;[0];-99.3125
-78.99234255;-2.88911059;[0];-99.5625
-78.99209975;-2.889110159;[0];-99.7500
-78.99185695;-2.889109727;[0];-100.0000
-78.99161415;-2.889109296;[0];-100.2500
-78.99137135;-2.889108864;[0];-100.5000
-78.99112856;-2.889108433;[0];-100.7500
-78.99088576;-2.889108001;[0];-101.0000
-78.99064296;-2.889107569;[0];-101.1875
-78.99040016;-2.889107138;[0];-101.4375
-78.99015736;-2.889106706;[0];-101.6875
-78.98991457;-2.889106274;[0];-101.9375
-79.0185654;-2.888912745;[0];-101.8750
-79.01832260;-2.88891232;[0];-101.6875
-79.01807980;-2.888911894;[0];-101.4375
-79.01783699;-2.888911468;[0];-101.1875
-79.01759419;-2.888911042;[0];-100.9375
-79.01735139;-2.888910616;[0];-100.6875
-79.01710859;-2.88891019;[0];-100.5000
-79.01686579;-2.888909764;[0];-100.2500
-79.01662298;-2.888909338;[0];-100.0625
-79.01638018;-2.888908912;[0];-99.8125
-79.01613738;-2.888908486;[0];-99.6250
-79.01589458;-2.88890806;[0];-99.3750
-79.01565178;-2.888907634;[0];-99.1875
-79.01540898;-2.888907207;[0];-98.9375
-79.01516617;-2.888906781;[0];-98.6875
-79.01492337;-2.888906354;[0];-98.5000
-79.01468057;-2.888905928;[0];-98.2500
-79.01443777;-2.888905502;[0];-98.0000
-79.01419497;-2.888905075;[0];-97.8125
-79.01395217;-2.888904648;[0];-97.5625
-79.01370936;-2.888904222;[0];-97.3125
-79.01346656;-2.888903795;[0];-97.1250
-79.01322376;-2.888903368;[0];-96.9375
-79.01298096;-2.888902941;[0];-96.7500
-79.01273816;-2.888902514;[0];-96.5000
-79.01249536;-2.888902087;[0];-96.3125
-79.01225256;-2.88890166;[0];-96.1250
-79.01200976;-2.888901233;[0];-95.8750
-79.01176695;-2.888900806;[0];-95.6875
-79.01152415;-2.888900379;[0];-95.5000
-79.01128135;-2.888899952;[0];-95.3125
-79.01103855;-2.888899525;[0];-95.1250
-79.01079575;-2.888899097;[0];-95.0000
-79.01055295;-2.88889867;[0];-94.8125
-79.01031015;-2.888898243;[0];-94.5625
-79.01006735;-2.888897815;[0];-94.4375
-79.00982455;-2.888897388;[0];-94.2500
-79.00958174;-2.88889696;[0];-94.1250
-79.00933894;-2.888896533;[0];-93.9375
-79.00909614;-2.888896105;[0];-93.8125
-79.00885334;-2.888895677;[0];-93.6875
-79.00861054;-2.888895249;[0];-93.5625
-79.00836774;-2.888894822;[0];-93.3750
-79.00812494;-2.888894394;[0];-93.2500
-79.00788214;-2.888893966;[0];-93.1250
-79.00763934;-2.888893538;[0];-93.0625
-79.00739654;-2.88889311;[0];-93.0000
-79.00715374;-2.888892682;[0];-92.8750
-79.00691094;-2.888892254;[0];-92.7500
-79.00666814;-2.888891825;[0];-92.6250
-79.00642534;-2.888891397;[0];-92.5625
-79.00618254;-2.888890969;[0];-92.5625
-79.00593974;-2.88889054;[0];-92.5000
-79.00569694;-2.888890112;[0];-92.4375
-79.00545414;-2.888889684;[0];-92.4375
-79.00521134;-2.888889255;[0];-92.4375
-79.00496854;-2.888888827;[0];-92.3750
-79.00472574;-2.888888398;[0];-92.3125
-79.00448294;-2.888887969;[0];-92.3125
-79.00424014;-2.888887541;[0];-92.3125
-79.00399734;-2.888887112;[0];-92.3125
-79.00375454;-2.888886683;[0];-92.3125
-79.00351174;-2.888886254;[0];-92.3125
-79.00326894;-2.888885825;[0];-92.3750
-79.00302614;-2.888885396;[0];-92.4375
-79.00278334;-2.888884967;[0];-92.4375
-79.00254054;-2.888884538;[0];-92.5000
-79.00229774;-2.888884109;[0];-92.5625
-79.00205494;-2.88888368;[0];-92.6250
-79.00181214;-2.888883251;[0];-92.6875
-79.00156934;-2.888882821;[0];-92.7500
-79.00132654;-2.888882392;[0];-92.8750
-79.00108374;-2.888881963;[0];-93.0000
-79.00084094;-2.888881533;[0];-93.0625
-79.00059814;-2.888881104;[0];-93.1250
-79.00035534;-2.888880674;[0];-93.2500
-79.00011254;-2.888880245;[0];-93.3750
-78.99986974;-2.888879815;[0];-93.5000
-78.99962694;-2.888879385;[0];-93.5625
-78.99938414;-2.888878956;[0];-93.8125
-78.99914134;-2.888878526;[0];-93.9375
-78.99889854;-2.888878096;[0];-94.1250
-78.99865574;-2.888877666;[0];-94.2500
-78.99841294;-2.888877236;[0];-94.3750
-78.99817015;-2.888876806;[0];-94.5625
-78.99792735;-2.888876376;[0];-94.7500
-78.99768455;-2.888875946;[0];-94.9375
-78.99744175;-2.888875516;[0];-95.1250
-78.99719895;-2.888875085;[0];-95.2500
-78.99695615;-2.888874655;[0];-95.5000
-78.99671335;-2.888874225;[0];-95.6875
-78.99647055;-2.888873794;[0];-95.8750
-78.99622775;-2.888873364;[0];-96.1250
-78.99598495;-2.888872934;[0];-96.3125
-78.99574216;-2.888872503;[0];-96.5000
-78.99549936;-2.888872072;[0];-96.7500
-78.99525656;-2.888871642;[0];-96.9375
-78.99501376;-2.888871211;[0];-97.1250
-78.99477096;-2.88887078;[0];-97.3125
-78.99452816;-2.88887035;[0];-97.5625
-78.99428536;-2.888869919;[0];-97.8125
-78.99404257;-2.888869488;[0];-98.0000
-78.99379977;-2.888869057;[0];-98.2500
-78.99355697;-2.888868626;[0];-98.5000
-78.99331417;-2.888868195;[0];-98.6875
-78.99307137;-2.888867764;[0];-98.9375
-78.99282857;-2.888867333;[0];-99.1250
-78.99258577;-2.888866901;[0];-99.3750
-78.99234298;-2.88886647;[0];-99.6250
-78.99210018;-2.888866039;[0];-99.8125
-78.99185738;-2.888865607;[0];-100.0625
-78.99161458;-2.888865176;[0];-100.2500
-78.99137178;-2.888864745;[0];-100.5625
-78.99112899;-2.888864313;[0];-100.8125
-78.99088619;-2.888863881;[0];-101.0000
-78.99064339;-2.88886345;[0];-101.2500
-78.99040059;-2.888863018;[0];-101.4375
-78.99015779;-2.888862586;[0];-101.6875
-78.98991500;-2.888862155;[0];-101.9375
-79.01856582;-2.888668622;[0];-101.9375
-79.01832302;-2.888668196;[0];-101.6875
-79.01808022;-2.88866777;[0];-101.4375
-79.01783742;-2.888667344;[0];-101.1875
-79.01759462;-2.888666919;[0];-101.0000
-79.01735181;-2.888666493;[0];-100.7500
-79.01710901;-2.888666067;[0];-100.5625
-79.01686621;-2.888665641;[0];-100.3125
-79.01662341;-2.888665215;[0];-100.1250
-79.01638061;-2.888664789;[0];-99.8750
-79.01613780;-2.888664363;[0];-99.6875
-79.01589500;-2.888663937;[0];-99.4375
-79.01565220;-2.88866351;[0];-99.2500
-79.01540940;-2.888663084;[0];-99.0000
-79.01516660;-2.888662658;[0];-98.8125
-79.01492380;-2.888662231;[0];-98.5625
-79.01468099;-2.888661805;[0];-98.3125
-79.01443819;-2.888661378;[0];-98.1250
-79.01419539;-2.888660952;[0];-97.8750
-79.01395259;-2.888660525;[0];-97.6250
-79.01370979;-2.888660099;[0];-97.4375
-79.01346699;-2.888659672;[0];-97.3125
-79.01322419;-2.888659245;[0];-97.0625
-79.01298138;-2.888658818;[0];-96.8125
-79.01273858;-2.888658392;[0];-96.6250
-79.01249578;-2.888657965;[0];-96.4375
-79.01225298;-2.888657538;[0];-96.2500
-79.01201018;-2.888657111;[0];-96.0000
-79.01176738;-2.888656684;[0];-95.8750
-79.01152458;-2.888656257;[0];-95.6250
-79.01128178;-2.888655829;[0];-95.4375
-79.01103898;-2.888655402;[0];-95.3125
-79.01079617;-2.888654975;[0];-95.1250
-79.01055337;-2.888654548;[0];-94.9375
-79.01031057;-2.88865412;[0];-94.7500
-79.01006777;-2.888653693;[0];-94.5625
-79.00982497;-2.888653265;[0];-94.4375
-79.00958217;-2.888652838;[0];-94.3125
-79.00933937;-2.88865241;[0];-94.1875
-79.00909657;-2.888651983;[0];-94.0000
-79.00885377;-2.888651555;[0];-93.8750
-79.00861097;-2.888651127;[0];-93.7500
-79.00836817;-2.888650699;[0];-93.6250
-79.00812537;-2.888650272;[0];-93.5000
-79.00788257;-2.888649844;[0];-93.3750
-79.00763977;-2.888649416;[0];-93.2500
-79.00739696;-2.888648988;[0];-93.1875
-79.00715416;-2.88864856;[0];-93.0625
-79.00691136;-2.888648132;[0];-92.9375
-79.00666856;-2.888647703;[0];-92.8750
-79.00642576;-2.888647275;[0];-92.8125
-79.00618296;-2.888646847;[0];-92.8125
-79.00594016;-2.888646419;[0];-92.6875
-79.00569736;-2.88864599;[0];-92.6875
-79.00545456;-2.888645562;[0];-92.6875
-79.00521176;-2.888645133;[0];-92.6875
-79.00496896;-2.888644705;[0];-92.6250
-79.00472616;-2.888644276;[0];-92.5625
-79.00448336;-2.888643848;[0];-92.5625
-79.00424056;-2.888643419;[0];-92.5625
-79.00399776;-2.88864299;[0];-92.5625
-79.00375496;-2.888642562;[0];-92.5625
-79.00351216;-2.888642133;[0];-92.5625
-79.00326936;-2.888641704;[0];-92.6250
-79.00302656;-2.888641275;[0];-92.6875
-79.00278376;-2.888640846;[0];-92.6875
-79.00254096;-2.888640417;[0];-92.6875
-79.00229816;-2.888639988;[0];-92.8125
-79.00205536;-2.888639559;[0];-92.8125
-79.00181256;-2.888639129;[0];-92.9375
-79.00156976;-2.8886387;[0];-92.9375
-79.00132696;-2.888638271;[0];-93.0625
-79.00108416;-2.888637842;[0];-93.1875
-79.00084137;-2.888637412;[0];-93.2500
-79.00059857;-2.888636983;[0];-93.3125
-79.00035577;-2.888636553;[0];-93.5000
-79.00011297;-2.888636124;[0];-93.6250
-78.99987017;-2.888635694;[0];-93.7500
-78.99962737;-2.888635264;[0];-93.8125
-78.99938457;-2.888634835;[0];-94.0000
-78.99914177;-2.888634405;[0];-94.1250
-78.99889897;-2.888633975;[0];-94.3125
-78.99865617;-2.888633545;[0];-94.4375
-78.99841337;-2.888633115;[0];-94.5625
-78.99817057;-2.888632685;[0];-94.7500
-78.99792777;-2.888632255;[0];-94.9375
-78.99768497;-2.888631825;[0];-95.1250
-78.99744218;-2.888631395;[0];-95.3125
-78.99719938;-2.888630965;[0];-95.4375
-78.99695658;-2.888630535;[0];-95.6250
-78.99671378;-2.888630104;[0];-95.8750
-78.99647098;-2.888629674;[0];-96.0000
-78.99622818;-2.888629244;[0];-96.2500
-78.99598538;-2.888628813;[0];-96.4375
-78.99574258;-2.888628383;[0];-96.6250
-78.99549979;-2.888627952;[0];-96.8125
-78.99525699;-2.888627522;[0];-97.0625
-78.99501419;-2.888627091;[0];-97.3125
-78.99477139;-2.88862666;[0];-97.4375
-78.99452859;-2.888626229;[0];-97.6250
-78.99428579;-2.888625799;[0];-97.8750
-78.99404299;-2.888625368;[0];-98.1250
-78.99380020;-2.888624937;[0];-98.3125
-78.99355740;-2.888624506;[0];-98.5625
-78.99331460;-2.888624075;[0];-98.7500
-78.99307180;-2.888623644;[0];-99.0000
-78.99282900;-2.888623213;[0];-99.2500
-78.99258620;-2.888622782;[0];-99.4375
-78.99234341;-2.88862235;[0];-99.6875
-78.99210061;-2.888621919;[0];-99.8750
-78.99185781;-2.888621488;[0];-100.1250
-78.99161501;-2.888621056;[0];-100.3125
-78.99137221;-2.888620625;[0];-100.5625
-78.99112941;-2.888620193;[0];-100.8125
-78.99088662;-2.888619762;[0];-101.0625
-78.99064382;-2.88861933;[0];-101.3125
-78.99040102;-2.888618899;[0];-101.5000
-78.99015822;-2.888618467;[0];-101.6875
-78.98991542;-2.888618035;[0];-101.9375
-79.01856625;-2.888424498;[0];-101.9375
-79.01832345;-2.888424072;[0];-101.6875
-79.01808064;-2.888423647;[0];-101.4375
-79.01783784;-2.888423221;[0];-101.2500
-79.01759504;-2.888422795;[0];-101.0625
-79.01735224;-2.888422369;[0];-100.8125
-79.01710944;-2.888421943;[0];-100.6250
-79.01686663;-2.888421517;[0];-100.3750
-79.01662383;-2.888421091;[0];-100.1875
-79.01638103;-2.888420665;[0];-99.9375
-79.01613823;-2.888420239;[0];-99.7500
-79.01589543;-2.888419813;[0];-99.5000
-79.01565263;-2.888419387;[0];-99.3125
-79.01540982;-2.888418961;[0];-99.0625
-79.01516702;-2.888418534;[0];-98.8750
-79.01492422;-2.888418108;[0];-98.6250
-79.01468142;-2.888417682;[0];-98.4375
-79.01443862;-2.888417255;[0];-98.1875
-79.01419582;-2.888416829;[0];-98.0000
-79.01395301;-2.888416402;[0];-97.7500
-79.01371021;-2.888415976;[0];-97.5625
-79.01346741;-2.888415549;[0];-97.3750
-79.01322461;-2.888415122;[0];-97.1875
-79.01298181;-2.888414695;[0];-96.9375
-79.01273901;-2.888414269;[0];-96.7500
-79.01249621;-2.888413842;[0];-96.5625
-79.01225341;-2.888413415;[0];-96.3750
-79.01201060;-2.888412988;[0];-96.1875
-79.01176780;-2.888412561;[0];-96.0000
-79.01152500;-2.888412134;[0];-95.8125
-79.01128220;-2.888411707;[0];-95.6250
-79.0110394;-2.88841128;[0];-95.4375
-79.01079660;-2.888410852;[0];-95.3125
-79.01055380;-2.888410425;[0];-95.0625
-79.01031100;-2.888409998;[0];-94.9375
-79.01006820;-2.88840957;[0];-94.7500
-79.00982540;-2.888409143;[0];-94.6250
-79.00958260;-2.888408715;[0];-94.5000
-79.00933979;-2.888408288;[0];-94.3750
-79.00909699;-2.88840786;[0];-94.1875
-79.00885419;-2.888407433;[0];-94.0625
-79.00861139;-2.888407005;[0];-93.9375
-79.00836859;-2.888406577;[0];-93.8125
-79.00812579;-2.888406149;[0];-93.6875
-79.00788299;-2.888405721;[0];-93.5625
-79.00764019;-2.888405294;[0];-93.5000
-79.00739739;-2.888404866;[0];-93.4375
-79.00715459;-2.888404438;[0];-93.3125
-79.00691179;-2.88840401;[0];-93.1875
-79.00666899;-2.888403581;[0];-93.0625
-79.00642619;-2.888403153;[0];-93.0625
-79.00618339;-2.888402725;[0];-93.0625
-79.00594059;-2.888402297;[0];-92.9375
-79.00569779;-2.888401868;[0];-92.9375
-79.00545499;-2.88840144;[0];-92.8750
-79.00521219;-2.888401012;[0];-92.8750
-79.00496939;-2.888400583;[0];-92.8750
-79.00472659;-2.888400155;[0];-92.8125
-79.00448379;-2.888399726;[0];-92.8125
-79.00424099;-2.888399297;[0];-92.8125
-79.00399819;-2.888398869;[0];-92.8125
-79.00375539;-2.88839844;[0];-92.8125
-79.00351259;-2.888398011;[0];-92.8125
-79.00326979;-2.888397582;[0];-92.8750
-79.00302699;-2.888397153;[0];-92.8750
-79.00278419;-2.888396725;[0];-92.9375
-79.00254139;-2.888396296;[0];-92.9375
-79.00229859;-2.888395866;[0];-93.0625
-79.00205579;-2.888395437;[0];-93.0625
-79.00181299;-2.888395008;[0];-93.1875
-79.00157019;-2.888394579;[0];-93.1875
-79.00132739;-2.88839415;[0];-93.3125
-79.00108459;-2.88839372;[0];-93.3750
-79.00084179;-2.888393291;[0];-93.5000
-79.00059899;-2.888392862;[0];-93.5625
-79.00035619;-2.888392432;[0];-93.6875
-79.00011339;-2.888392003;[0];-93.8125
-78.99987059;-2.888391573;[0];-93.9375
-78.99962780;-2.888391143;[0];-94.0000
-78.99938500;-2.888390714;[0];-94.1250
-78.99914220;-2.888390284;[0];-94.3750
-78.99889940;-2.888389854;[0];-94.5000
-78.99865660;-2.888389424;[0];-94.6250
-78.99841380;-2.888388995;[0];-94.7500
-78.998171;-2.888388565;[0];-94.9375
-78.99792820;-2.888388135;[0];-95.0625
-78.99768540;-2.888387705;[0];-95.3125
-78.99744260;-2.888387275;[0];-95.4375
-78.99719980;-2.888386844;[0];-95.6250
-78.99695701;-2.888386414;[0];-95.7500
-78.99671421;-2.888385984;[0];-96.0000
-78.99647141;-2.888385554;[0];-96.1875
-78.99622861;-2.888385123;[0];-96.3750
-78.99598581;-2.888384693;[0];-96.5625
-78.99574301;-2.888384262;[0];-96.7500
-78.99550021;-2.888383832;[0];-96.9375
-78.99525741;-2.888383401;[0];-97.1875
-78.99501462;-2.888382971;[0];-97.3750
-78.99477182;-2.88838254;[0];-97.5625
-78.99452902;-2.888382109;[0];-97.7500
-78.99428622;-2.888381679;[0];-97.9375
-78.99404342;-2.888381248;[0];-98.1875
-78.99380062;-2.888380817;[0];-98.4375
-78.99355783;-2.888380386;[0];-98.6250
-78.99331503;-2.888379955;[0];-98.8750
-78.99307223;-2.888379524;[0];-99.0625
-78.99282943;-2.888379093;[0];-99.3125
-78.99258663;-2.888378662;[0];-99.5000
-78.99234383;-2.888378231;[0];-99.7500
-78.99210104;-2.888377799;[0];-99.9375
-78.99185824;-2.888377368;[0];-100.1875
-78.99161544;-2.888376937;[0];-100.3750
-78.99137264;-2.888376505;[0];-100.6250
-78.99112984;-2.888376074;[0];-100.8125
-78.99088705;-2.888375642;[0];-101.1250
-78.99064425;-2.888375211;[0];-101.3750
-78.99040145;-2.888374779;[0];-101.5625
-78.99015865;-2.888374348;[0];-101.7500
-78.98991585;-2.888373916;[0];-102.0000
-79.01856667;-2.888180374;[0];-101.9375
-79.01832387;-2.888179949;[0];-101.7500
-79.01808107;-2.888179523;[0];-101.5000
-79.01783826;-2.888179097;[0];-101.3125
-79.01759546;-2.888178671;[0];-101.1250
-79.01735266;-2.888178246;[0];-100.8750
-79.01710986;-2.88817782;[0];-100.6875
-79.01686706;-2.888177394;[0];-100.4375
-79.01662426;-2.888176968;[0];-100.2500
-79.01638145;-2.888176542;[0];-100.0625
-79.01613865;-2.888176116;[0];-99.8125
-79.01589585;-2.88817569;[0];-99.6250
-79.01565305;-2.888175264;[0];-99.3750
-79.01541025;-2.888174838;[0];-99.1875
-79.01516745;-2.888174411;[0];-98.9375
-79.01492464;-2.888173985;[0];-98.7500
-79.01468184;-2.888173559;[0];-98.5000
-79.01443904;-2.888173132;[0];-98.3125
-79.01419624;-2.888172706;[0];-98.0625
-79.01395344;-2.888172279;[0];-97.8750
-79.01371064;-2.888171853;[0];-97.7500
-79.01346784;-2.888171426;[0];-97.5000
-79.01322504;-2.888170999;[0];-97.2500
-79.01298223;-2.888170573;[0];-97.0625
-79.01273943;-2.888170146;[0];-96.8750
-79.01249663;-2.888169719;[0];-96.6875
-79.01225383;-2.888169292;[0];-96.5000
-79.01201103;-2.888168865;[0];-96.3125
-79.01176823;-2.888168438;[0];-96.1250
-79.01152543;-2.888168011;[0];-95.9375
-79.01128263;-2.888167584;[0];-95.8125
-79.01103983;-2.888167157;[0];-95.6250
-79.01079702;-2.88816673;[0];-95.4375
-79.01055422;-2.888166302;[0];-95.2500
-79.01031142;-2.888165875;[0];-95.1250
-79.01006862;-2.888165448;[0];-94.9375
-79.00982582;-2.88816502;[0];-94.8125
-79.00958302;-2.888164593;[0];-94.6875
-79.00934022;-2.888164165;[0];-94.5625
-79.00909742;-2.888163738;[0];-94.3750
-79.00885462;-2.88816331;[0];-94.2500
-79.00861182;-2.888162883;[0];-94.1250
-79.00836902;-2.888162455;[0];-94.0000
-79.00812622;-2.888162027;[0];-93.8750
-79.00788342;-2.888161599;[0];-93.7500
-79.00764062;-2.888161171;[0];-93.7500
-79.00739782;-2.888160744;[0];-93.6250
-79.00715502;-2.888160316;[0];-93.5000
-79.00691222;-2.888159888;[0];-93.3750
-79.00666941;-2.888159459;[0];-93.3125
-79.00642661;-2.888159031;[0];-93.3125
-79.00618381;-2.888158603;[0];-93.2500
-79.00594101;-2.888158175;[0];-93.1875
-79.00569821;-2.888157747;[0];-93.1250
-79.00545541;-2.888157318;[0];-93.1250
-79.00521261;-2.88815689;[0];-93.1250
-79.00496981;-2.888156461;[0];-93.1250
-79.00472701;-2.888156033;[0];-93.0625
-79.00448421;-2.888155604;[0];-93.0625
-79.00424141;-2.888155176;[0];-93.0625
-79.00399861;-2.888154747;[0];-93.0625
-79.00375581;-2.888154318;[0];-93.0625
-79.00351301;-2.88815389;[0];-93.0000
-79.00327021;-2.888153461;[0];-93.0625
-79.00302742;-2.888153032;[0];-93.1250
-79.00278462;-2.888152603;[0];-93.1250
-79.00254182;-2.888152174;[0];-93.1875
-79.00229902;-2.888151745;[0];-93.2500
-79.00205622;-2.888151316;[0];-93.3125
-79.00181342;-2.888150887;[0];-93.3750
-79.00157062;-2.888150458;[0];-93.4375
-79.00132782;-2.888150029;[0];-93.5000
-79.00108502;-2.888149599;[0];-93.6250
-79.00084222;-2.88814917;[0];-93.7500
-79.00059942;-2.888148741;[0];-93.7500
-79.00035662;-2.888148311;[0];-93.8750
-79.00011382;-2.888147882;[0];-94.0000
-78.99987102;-2.888147452;[0];-94.1250
-78.99962822;-2.888147023;[0];-94.2500
-78.99938542;-2.888146593;[0];-94.3125
-78.99914262;-2.888146163;[0];-94.5000
-78.99889983;-2.888145733;[0];-94.6875
-78.99865703;-2.888145304;[0];-94.8125
-78.99841423;-2.888144874;[0];-94.9375
-78.99817143;-2.888144444;[0];-95.0625
-78.99792863;-2.888144014;[0];-95.2500
-78.99768583;-2.888143584;[0];-95.4375
-78.99744303;-2.888143154;[0];-95.6250
-78.99720023;-2.888142724;[0];-95.7500
-78.99695743;-2.888142294;[0];-95.9375
-78.99671463;-2.888141863;[0];-96.1250
-78.99647184;-2.888141433;[0];-96.3125
-78.99622904;-2.888141003;[0];-96.5000
-78.99598624;-2.888140573;[0];-96.6875
-78.99574344;-2.888140142;[0];-96.8750
-78.99550064;-2.888139712;[0];-97.0625
-78.99525784;-2.888139281;[0];-97.2500
-78.99501504;-2.888138851;[0];-97.5000
-78.99477225;-2.88813842;[0];-97.6875
-78.99452945;-2.888137989;[0];-97.8750
-78.99428665;-2.888137558;[0];-98.0625
-78.99404385;-2.888137128;[0];-98.2500
-78.99380105;-2.888136697;[0];-98.5000
-78.99355825;-2.888136266;[0];-98.7500
-78.99331546;-2.888135835;[0];-98.9375
-78.99307266;-2.888135404;[0];-99.1875
-78.99282986;-2.888134973;[0];-99.3750
-78.99258706;-2.888134542;[0];-99.5625
-78.99234426;-2.888134111;[0];-99.8125
-78.99210146;-2.88813368;[0];-100.0000
-78.99185867;-2.888133248;[0];-100.2500
-78.99161587;-2.888132817;[0];-100.4375
-78.99137307;-2.888132386;[0];-100.6875
-78.99113027;-2.888131954;[0];-100.8750
-78.99088747;-2.888131523;[0];-101.1250
-78.99064468;-2.888131091;[0];-101.3750
-78.99040188;-2.88813066;[0];-101.6250
-78.99015908;-2.888130228;[0];-101.8125
-78.98991628;-2.888129796;[0];-102.0000
-79.01856709;-2.88793625;[0];-102.0000
-79.01832429;-2.887935825;[0];-101.7500
-79.01808149;-2.887935399;[0];-101.5625
-79.01783869;-2.887934974;[0];-101.3750
-79.01759589;-2.887934548;[0];-101.1250
-79.01735308;-2.887934122;[0];-100.9375
-79.01711028;-2.887933696;[0];-100.7500
-79.01686748;-2.88793327;[0];-100.5000
-79.01662468;-2.887932845;[0];-100.3125
-79.01638188;-2.887932419;[0];-100.1250
-79.01613908;-2.887931993;[0];-99.8750
-79.01589627;-2.887931567;[0];-99.6875
-79.01565347;-2.88793114;[0];-99.4375
-79.01541067;-2.887930714;[0];-99.2500
-79.01516787;-2.887930288;[0];-99.0000
-79.01492507;-2.887929862;[0];-98.8125
-79.01468227;-2.887929435;[0];-98.6250
-79.01443947;-2.887929009;[0];-98.3750
-79.01419666;-2.887928583;[0];-98.1875
-79.01395386;-2.887928156;[0];-98.0000
-79.01371106;-2.88792773;[0];-97.8125
-79.01346826;-2.887927303;[0];-97.6250
-79.01322546;-2.887926876;[0];-97.3750
-79.01298266;-2.88792645;[0];-97.1875
-79.01273986;-2.887926023;[0];-97.0625
-79.01249706;-2.887925596;[0];-96.8125
-79.01225426;-2.887925169;[0];-96.6250
-79.01201145;-2.887924742;[0];-96.5000
-79.01176865;-2.887924315;[0];-96.2500
-79.01152585;-2.887923888;[0];-96.1250
-79.01128305;-2.887923461;[0];-95.9375
-79.01104025;-2.887923034;[0];-95.8125
-79.01079745;-2.887922607;[0];-95.5625
-79.01055465;-2.88792218;[0];-95.4375
-79.01031185;-2.887921753;[0];-95.2500
-79.01006905;-2.887921325;[0];-95.1250
-79.00982625;-2.887920898;[0];-95.0000
-79.00958345;-2.887920471;[0];-94.8750
-79.00934065;-2.887920043;[0];-94.7500
-79.00909784;-2.887919616;[0];-94.5625
-79.00885504;-2.887919188;[0];-94.4375
-79.00861224;-2.88791876;[0];-94.3125
-79.00836944;-2.887918333;[0];-94.1875
-79.00812664;-2.887917905;[0];-94.0625
-79.00788384;-2.887917477;[0];-94.0000
-79.00764104;-2.887917049;[0];-93.9375
-79.00739824;-2.887916622;[0];-93.8125
-79.00715544;-2.887916194;[0];-93.6875
-79.00691264;-2.887915766;[0];-93.6250
-79.00666984;-2.887915338;[0];-93.5625
-79.00642704;-2.887914909;[0];-93.5000
-79.00618424;-2.887914481;[0];-93.5000
-79.00594144;-2.887914053;[0];-93.3750
-79.00569864;-2.887913625;[0];-93.3750
-79.00545584;-2.887913197;[0];-93.3750
-79.00521304;-2.887912768;[0];-93.3750
-79.00497024;-2.88791234;[0];-93.3125
-79.00472744;-2.887911911;[0];-93.2500
-79.00448464;-2.887911483;[0];-93.2500
-79.00424184;-2.887911054;[0];-93.3125
-79.00399904;-2.887910626;[0];-93.2500
-79.00375624;-2.887910197;[0];-93.2500
-79.00351344;-2.887909768;[0];-93.2500
-79.00327064;-2.887909339;[0];-93.3125
-79.00302784;-2.887908911;[0];-93.3750
-79.00278504;-2.887908482;[0];-93.3750
-79.00254224;-2.887908053;[0];-93.3750
-79.00229944;-2.887907624;[0];-93.5000
-79.00205664;-2.887907195;[0];-93.5000
-79.00181384;-2.887906766;[0];-93.5625
-79.00157104;-2.887906337;[0];-93.6250
-79.00132824;-2.887905907;[0];-93.6875
-79.00108545;-2.887905478;[0];-93.8125
-79.00084265;-2.887905049;[0];-93.9375
-79.00059985;-2.88790462;[0];-94.0000
-79.00035705;-2.88790419;[0];-94.0625
-79.00011425;-2.887903761;[0];-94.1875
-78.99987145;-2.887903331;[0];-94.3125
-78.99962865;-2.887902902;[0];-94.4375
-78.99938585;-2.887902472;[0];-94.5000
-78.99914305;-2.887902042;[0];-94.6875
-78.99890025;-2.887901613;[0];-94.8750
-78.99865745;-2.887901183;[0];-95.0000
-78.99841465;-2.887900753;[0];-95.1250
-78.99817186;-2.887900323;[0];-95.2500
-78.99792906;-2.887899893;[0];-95.4375
-78.99768626;-2.887899463;[0];-95.5625
-78.99744346;-2.887899033;[0];-95.8125
-78.99720066;-2.887898603;[0];-95.9375
-78.99695786;-2.887898173;[0];-96.0625
-78.99671506;-2.887897743;[0];-96.2500
-78.99647226;-2.887897313;[0];-96.5000
-78.99622947;-2.887896882;[0];-96.6250
-78.99598667;-2.887896452;[0];-96.8125
-78.99574387;-2.887896022;[0];-97.0625
-78.99550107;-2.887895591;[0];-97.1875
-78.99525827;-2.887895161;[0];-97.3750
-78.99501547;-2.88789473;[0];-97.5625
-78.99477267;-2.8878943;[0];-97.8125
-78.99452988;-2.887893869;[0];-98.0000
-78.99428708;-2.887893438;[0];-98.1875
-78.99404428;-2.887893008;[0];-98.3750
-78.99380148;-2.887892577;[0];-98.5625
-78.99355868;-2.887892146;[0];-98.8125
-78.99331588;-2.887891715;[0];-99.0000
-78.99307309;-2.887891284;[0];-99.2500
-78.99283029;-2.887890853;[0];-99.4375
-78.99258749;-2.887890422;[0];-99.6875
-78.99234469;-2.887889991;[0];-99.8750
-78.99210189;-2.88788956;[0];-100.0625
-78.99185910;-2.887889129;[0];-100.3125
-78.99161630;-2.887888697;[0];-100.5000
-78.99137350;-2.887888266;[0];-100.7500
-78.99113070;-2.887887835;[0];-100.9375
-78.99088790;-2.887887403;[0];-101.1250
-78.99064511;-2.887886972;[0];-101.3750
-78.99040231;-2.88788654;[0];-101.6250
-78.99015951;-2.887886109;[0];-101.8750
-79.01856752;-2.887692127;[0];-102.0000
-79.01832472;-2.887691701;[0];-101.8125
-79.01808191;-2.887691276;[0];-101.6250
-79.01783911;-2.88769085;[0];-101.4375
-79.01759631;-2.887690424;[0];-101.1875
-79.01735351;-2.887689999;[0];-101.0000
-79.01711071;-2.887689573;[0];-100.8125
-79.01686790;-2.887689147;[0];-100.5625
-79.01662510;-2.887688721;[0];-100.3750
-79.01638230;-2.887688295;[0];-100.1875
-79.01613950;-2.887687869;[0];-99.9375
-79.01589670;-2.887687443;[0];-99.7500
-79.01565390;-2.887687017;[0];-99.5625
-79.01541110;-2.887686591;[0];-99.3125
-79.01516829;-2.887686165;[0];-99.1250
-79.01492549;-2.887685739;[0];-98.8750
-79.01468269;-2.887685312;[0];-98.6875
-79.01443989;-2.887684886;[0];-98.4375
-79.01419709;-2.88768446;[0];-98.3125
-79.01395429;-2.887684033;[0];-98.1250
-79.01371149;-2.887683607;[0];-97.9375
-79.01346868;-2.88768318;[0];-97.6875
-79.01322588;-2.887682753;[0];-97.5000
-79.01298308;-2.887682327;[0];-97.3750
-79.01274028;-2.8876819;[0];-97.1250
-79.01249748;-2.887681473;[0];-96.9375
-79.01225468;-2.887681047;[0];-96.8125
-79.01201188;-2.88768062;[0];-96.6250
-79.01176908;-2.887680193;[0];-96.3750
-79.01152628;-2.887679766;[0];-96.2500
-79.01128348;-2.887679339;[0];-96.1250
-79.01104068;-2.887678912;[0];-95.9375
-79.01079787;-2.887678485;[0];-95.7500
-79.01055507;-2.887678057;[0];-95.5625
-79.01031227;-2.88767763;[0];-95.4375
-79.01006947;-2.887677203;[0];-95.3125
-79.00982667;-2.887676776;[0];-95.1875
-79.00958387;-2.887676348;[0];-95.0625
-79.00934107;-2.887675921;[0];-94.9375
-79.00909827;-2.887675493;[0];-94.7500
-79.00885547;-2.887675066;[0];-94.6250
-79.00861267;-2.887674638;[0];-94.5000
-79.00836987;-2.887674211;[0];-94.3750
-79.00812707;-2.887673783;[0];-94.3125
-79.00788427;-2.887673355;[0];-94.1875
-79.00764147;-2.887672927;[0];-94.1250
-79.00739867;-2.887672499;[0];-94.0625
-79.00715587;-2.887672072;[0];-93.9375
-79.00691307;-2.887671644;[0];-93.8125
-79.00667027;-2.887671216;[0];-93.7500
-79.00642747;-2.887670788;[0];-93.7500
-79.00618467;-2.887670359;[0];-93.6875
-79.00594187;-2.887669931;[0];-93.6250
-79.00569907;-2.887669503;[0];-93.6250
-79.00545627;-2.887669075;[0];-93.5625
-79.00521347;-2.887668646;[0];-93.5625
-79.00497067;-2.887668218;[0];-93.5625
-79.00472787;-2.88766779;[0];-93.5000
-79.00448507;-2.887667361;[0];-93.5000
-79.00424227;-2.887666933;[0];-93.5000
-79.00399947;-2.887666504;[0];-93.5000
-79.00375667;-2.887666075;[0];-93.5000
-79.00351387;-2.887665647;[0];-93.5000
-79.00327107;-2.887665218;[0];-93.5000
-79.00302827;-2.887664789;[0];-93.5625
-79.00278547;-2.88766436;[0];-93.6250
-79.00254267;-2.887663932;[0];-93.6250
-79.00229987;-2.887663503;[0];-93.6875
-79.00205707;-2.887663074;[0];-93.7500
-79.00181427;-2.887662645;[0];-93.8125
-79.00157147;-2.887662215;[0];-93.8750
-79.00132867;-2.887661786;[0];-93.9375
-79.00108587;-2.887661357;[0];-94.0000
-79.00084307;-2.887660928;[0];-94.1250
-79.00060027;-2.887660499;[0];-94.1875
-79.00035747;-2.887660069;[0];-94.2500
-79.00011468;-2.88765964;[0];-94.3750
-78.99987188;-2.88765921;[0];-94.5000
-78.99962908;-2.887658781;[0];-94.6250
-78.99938628;-2.887658351;[0];-94.6875
-78.99914348;-2.887657922;[0];-94.8125
-78.99890068;-2.887657492;[0];-95.0625
-78.99865788;-2.887657062;[0];-95.1875
-78.99841508;-2.887656632;[0];-95.3125
-78.99817228;-2.887656203;[0];-95.4375
-78.99792948;-2.887655773;[0];-95.5625
-78.99768669;-2.887655343;[0];-95.7500
-78.99744389;-2.887654913;[0];-95.9375
-78.99720109;-2.887654483;[0];-96.1250
-78.99695829;-2.887654053;[0];-96.2500
-78.99671549;-2.887653623;[0];-96.3750
-78.99647269;-2.887653192;[0];-96.5625
-78.99622989;-2.887652762;[0];-96.8125
-78.99598709;-2.887652332;[0];-96.9375
-78.99574430;-2.887651901;[0];-97.1250
-78.99550150;-2.887651471;[0];-97.3125
-78.99525870;-2.887651041;[0];-97.5000
-78.9950159;-2.88765061;[0];-97.6875
-78.99477310;-2.88765018;[0];-97.9375
-78.99453030;-2.887649749;[0];-98.1250
-78.99428751;-2.887649318;[0];-98.3125
-78.99404471;-2.887648888;[0];-98.4375
-78.99380191;-2.887648457;[0];-98.6875
-78.99355911;-2.887648026;[0];-98.8750
-78.99331631;-2.887647595;[0];-99.1250
-78.99307351;-2.887647164;[0];-99.3125
-78.99283072;-2.887646733;[0];-99.5000
-78.99258792;-2.887646302;[0];-99.7500
-78.99234512;-2.887645871;[0];-99.9375
-78.99210232;-2.88764544;[0];-100.1875
-78.99185952;-2.887645009;[0];-100.3750
-78.99161673;-2.887644578;[0];-100.5625
-78.99137393;-2.887644146;[0];-100.8125
-78.99113113;-2.887643715;[0];-101.0000
-78.99088833;-2.887643284;[0];-101.1875
-78.99064554;-2.887642852;[0];-101.3750
-78.99040274;-2.887642421;[0];-101.6250
-78.99015994;-2.887641989;[0];-101.8750
-79.01832514;-2.887447577;[0];-101.8750
-79.01808234;-2.887447152;[0];-101.6875
-79.01783953;-2.887446726;[0];-101.4375
-79.01759673;-2.887446301;[0];-101.2500
-79.01735393;-2.887445875;[0];-101.0625
-79.01711113;-2.887445449;[0];-100.8750
-79.01686833;-2.887445024;[0];-100.6250
-79.01662553;-2.887444598;[0];-100.4375
-79.01638273;-2.887444172;[0];-100.2500
-79.01613992;-2.887443746;[0];-100.0000
-79.01589712;-2.88744332;[0];-99.8125
-79.01565432;-2.887442894;[0];-99.6250
-79.01541152;-2.887442468;[0];-99.3750
-79.01516872;-2.887442042;[0];-99.1875
-79.01492592;-2.887441615;[0];-99.0000
-79.01468312;-2.887441189;[0];-98.7500
-79.01444031;-2.887440763;[0];-98.5625
-79.01419751;-2.887440336;[0];-98.4375
-79.01395471;-2.88743991;[0];-98.2500
-79.01371191;-2.887439484;[0];-98.0000
-79.01346911;-2.887439057;[0];-97.8125
-79.01322631;-2.887438631;[0];-97.6250
-79.01298351;-2.887438204;[0];-97.5000
-79.01274071;-2.887437777;[0];-97.2500
-79.01249790;-2.887437351;[0];-97.1250
-79.01225510;-2.887436924;[0];-96.9375
-79.01201230;-2.887436497;[0];-96.7500
-79.01176950;-2.88743607;[0];-96.5625
-79.01152670;-2.887435643;[0];-96.4375
-79.0112839;-2.887435216;[0];-96.2500
-79.01104110;-2.887434789;[0];-96.0625
-79.01079830;-2.887434362;[0];-95.8750
-79.01055550;-2.887433935;[0];-95.7500
-79.01031270;-2.887433508;[0];-95.6250
-79.01006990;-2.88743308;[0];-95.5000
-79.00982710;-2.887432653;[0];-95.3750
-79.00958430;-2.887432226;[0];-95.2500
-79.00934150;-2.887431798;[0];-95.0625
-79.00909869;-2.887431371;[0];-94.9375
-79.00885589;-2.887430943;[0];-94.8125
-79.00861309;-2.887430516;[0];-94.6875
-79.00837029;-2.887430088;[0];-94.6250
-79.00812749;-2.887429661;[0];-94.5000
-79.00788469;-2.887429233;[0];-94.4375
-79.00764189;-2.887428805;[0];-94.3750
-79.00739909;-2.887428377;[0];-94.2500
-79.00715629;-2.88742795;[0];-94.1250
-79.00691349;-2.887427522;[0];-94.0000
-79.00667069;-2.887427094;[0];-94.0000
-79.00642789;-2.887426666;[0];-93.9375
-79.00618509;-2.887426238;[0];-93.9375
-79.00594229;-2.887425809;[0];-93.8125
-79.00569949;-2.887425381;[0];-93.8125
-79.00545669;-2.887424953;[0];-93.8125
-79.00521389;-2.887424525;[0];-93.8125
-79.00497109;-2.887424096;[0];-93.7500
-79.00472829;-2.887423668;[0];-93.6875
-79.00448549;-2.88742324;[0];-93.7500
-79.00424269;-2.887422811;[0];-93.7500
-79.00399989;-2.887422383;[0];-93.7500
-79.00375709;-2.887421954;[0];-93.6875
-79.00351429;-2.887421525;[0];-93.6875
-79.00327149;-2.887421097;[0];-93.7500
-79.00302869;-2.887420668;[0];-93.8125
-79.00278590;-2.887420239;[0];-93.8125
-79.00254310;-2.88741981;[0];-93.8125
-79.00230030;-2.887419381;[0];-93.9375
-79.00205750;-2.887418952;[0];-93.9375
-79.00181470;-2.887418523;[0];-94.0000
-79.00157190;-2.887418094;[0];-94.1250
-79.00132910;-2.887417665;[0];-94.1250
-79.00108630;-2.887417236;[0];-94.2500
-79.0008435;-2.887416807;[0];-94.3125
-79.0006007;-2.887416377;[0];-94.4375
-79.00035790;-2.887415948;[0];-94.5000
-79.00011510;-2.887415519;[0];-94.5625
-78.99987230;-2.887415089;[0];-94.6875
-78.99962950;-2.88741466;[0];-94.8125
-78.99938671;-2.88741423;[0];-94.9375
-78.99914391;-2.887413801;[0];-95.0000
-78.99890111;-2.887413371;[0];-95.1875
-78.99865831;-2.887412941;[0];-95.3750
-78.99841551;-2.887412512;[0];-95.5000
-78.99817271;-2.887412082;[0];-95.6250
-78.99792991;-2.887411652;[0];-95.7500
-78.99768711;-2.887411222;[0];-95.8750
-78.99744431;-2.887410792;[0];-96.0625
-78.99720152;-2.887410362;[0];-96.2500
-78.99695872;-2.887409932;[0];-96.4375
-78.99671592;-2.887409502;[0];-96.5625
-78.99647312;-2.887409072;[0];-96.6875
-78.99623032;-2.887408642;[0];-96.9375
-78.99598752;-2.887408211;[0];-97.0625
-78.99574472;-2.887407781;[0];-97.2500
-78.99550193;-2.887407351;[0];-97.5000
-78.99525913;-2.88740692;[0];-97.6250
-78.99501633;-2.88740649;[0];-97.8125
-78.99477353;-2.887406059;[0];-98.0000
-78.99453073;-2.887405629;[0];-98.2500
-78.99428793;-2.887405198;[0];-98.4375
-78.99404514;-2.887404767;[0];-98.5625
-78.99380234;-2.887404337;[0];-98.7500
-78.99355954;-2.887403906;[0];-99.0000
-78.99331674;-2.887403475;[0];-99.1875
-78.99307394;-2.887403044;[0];-99.3750
-78.99283115;-2.887402613;[0];-99.6250
-78.99258835;-2.887402182;[0];-99.8125
-78.99234555;-2.887401751;[0];-100.0000
-78.99210275;-2.88740132;[0];-100.2500
-78.99185995;-2.887400889;[0];-100.4375
-78.99161716;-2.887400458;[0];-100.6250
-78.99137436;-2.887400027;[0];-100.8750
-78.99113156;-2.887399595;[0];-101.0625
-78.99088876;-2.887399164;[0];-101.2500
-78.99064596;-2.887398733;[0];-101.4375
-78.99040317;-2.887398301;[0];-101.6875
-78.99016037;-2.88739787;[0];-101.8750
-79.01832556;-2.887203454;[0];-101.9375
-79.01808276;-2.887203028;[0];-101.7500
-79.01783996;-2.887202603;[0];-101.5000
-79.01759716;-2.887202177;[0];-101.3125
-79.01735435;-2.887201751;[0];-101.1250
-79.01711155;-2.887201326;[0];-100.9375
-79.01686875;-2.8872009;[0];-100.6875
-79.01662595;-2.887200474;[0];-100.5000
-79.01638315;-2.887200048;[0];-100.3125
-79.01614035;-2.887199622;[0];-100.1250
-79.01589755;-2.887199197;[0];-99.8750
-79.01565474;-2.887198771;[0];-99.6875
-79.01541194;-2.887198344;[0];-99.5000
-79.01516914;-2.887197918;[0];-99.2500
-79.01492634;-2.887197492;[0];-99.0625
-79.01468354;-2.887197066;[0];-98.8750
-79.01444074;-2.88719664;[0];-98.6875
-79.01419794;-2.887196213;[0];-98.5625
-79.01395514;-2.887195787;[0];-98.3125
-79.01371233;-2.887195361;[0];-98.1250
-79.01346953;-2.887194934;[0];-97.9375
-79.01322673;-2.887194508;[0];-97.7500
-79.01298393;-2.887194081;[0];-97.5625
-79.01274113;-2.887193654;[0];-97.3750
-79.01249833;-2.887193228;[0];-97.2500
-79.01225553;-2.887192801;[0];-97.0625
-79.01201273;-2.887192374;[0];-96.8750
-79.01176993;-2.887191947;[0];-96.6875
-79.01152713;-2.88719152;[0];-96.5625
-79.01128433;-2.887191093;[0];-96.4375
-79.01104152;-2.887190667;[0];-96.1875
-79.01079872;-2.887190239;[0];-96.0625
-79.01055592;-2.887189812;[0];-95.9375
-79.01031312;-2.887189385;[0];-95.8125
-79.01007032;-2.887188958;[0];-95.6875
-79.00982752;-2.887188531;[0];-95.5000
-79.00958472;-2.887188103;[0];-95.3750
-79.00934192;-2.887187676;[0];-95.2500
-79.00909912;-2.887187249;[0];-95.1250
-79.00885632;-2.887186821;[0];-95.0000
-79.00861352;-2.887186394;[0];-94.8750
-79.00837072;-2.887185966;[0];-94.8125
-79.00812792;-2.887185538;[0];-94.6875
-79.00788512;-2.887185111;[0];-94.6250
-79.00764232;-2.887184683;[0];-94.5625
-79.00739952;-2.887184255;[0];-94.4375
-79.00715672;-2.887183827;[0];-94.3125
-79.00691392;-2.8871834;[0];-94.2500
-79.00667112;-2.887182972;[0];-94.1875
-79.00642832;-2.887182544;[0];-94.1875
-79.00618552;-2.887182116;[0];-94.1250
-79.00594272;-2.887181688;[0];-94.0625
-79.00569992;-2.887181259;[0];-94.0625
-79.00545712;-2.887180831;[0];-94.0625
-79.00521432;-2.887180403;[0];-94.0625
-79.00497152;-2.887179975;[0];-94.0000
-79.00472872;-2.887179546;[0];-93.9375
-79.00448592;-2.887179118;[0];-93.9375
-79.00424312;-2.887178689;[0];-93.9375
-79.00400032;-2.887178261;[0];-93.9375
-79.00375752;-2.887177832;[0];-93.9375
-79.00351472;-2.887177404;[0];-93.9375
-79.00327192;-2.887176975;[0];-93.9375
-79.00302912;-2.887176546;[0];-94.0625
-79.00278632;-2.887176118;[0];-94.0625
-79.00254352;-2.887175689;[0];-94.0625
-79.00230072;-2.88717526;[0];-94.1250
-79.00205792;-2.887174831;[0];-94.1875
-79.00181512;-2.887174402;[0];-94.1875
-79.00157232;-2.887173973;[0];-94.3125
-79.00132953;-2.887173544;[0];-94.3125
-79.00108673;-2.887173115;[0];-94.4375
-79.00084393;-2.887172686;[0];-94.5625
-79.00060113;-2.887172256;[0];-94.6250
-79.00035833;-2.887171827;[0];-94.6875
-79.00011553;-2.887171398;[0];-94.8125
-78.99987273;-2.887170968;[0];-94.8750
-78.99962993;-2.887170539;[0];-95.0000
-78.99938713;-2.887170109;[0];-95.1250
-78.99914433;-2.88716968;[0];-95.1875
-78.99890153;-2.88716925;[0];-95.3750
-78.99865874;-2.887168821;[0];-95.5000
-78.99841594;-2.887168391;[0];-95.6250
-78.99817314;-2.887167961;[0];-95.8125
-78.99793034;-2.887167531;[0];-95.9375
-78.99768754;-2.887167102;[0];-96.0625
-78.99744474;-2.887166672;[0];-96.1875
-78.99720194;-2.887166242;[0];-96.4375
-78.99695914;-2.887165812;[0];-96.5625
-78.99671635;-2.887165382;[0];-96.6875
-78.99647355;-2.887164951;[0];-96.8750
-78.99623075;-2.887164521;[0];-97.0625
-78.99598795;-2.887164091;[0];-97.2500
-78.99574515;-2.887163661;[0];-97.3750
-78.99550235;-2.88716323;[0];-97.5625
-78.99525956;-2.8871628;[0];-97.7500
-78.99501676;-2.88716237;[0];-97.9375
-78.99477396;-2.887161939;[0];-98.1250
-78.99453116;-2.887161509;[0];-98.3125
-78.99428836;-2.887161078;[0];-98.5000
-78.99404556;-2.887160647;[0];-98.6875
-78.99380277;-2.887160217;[0];-98.8750
-78.99355997;-2.887159786;[0];-99.0625
-78.99331717;-2.887159355;[0];-99.2500
-78.99307437;-2.887158924;[0];-99.5000
-78.99283157;-2.887158493;[0];-99.6875
-78.99258878;-2.887158062;[0];-99.8750
-78.99234598;-2.887157631;[0];-100.1250
-78.99210318;-2.8871572;[0];-100.3125
-78.99186038;-2.887156769;[0];-100.5000
-78.99161758;-2.887156338;[0];-100.6875
-78.99137479;-2.887155907;[0];-100.9375
-78.99113199;-2.887155476;[0];-101.1250
-78.99088919;-2.887155044;[0];-101.3125
-78.99064639;-2.887154613;[0];-101.5000
-78.99040360;-2.887154182;[0];-101.6875
-78.99016080;-2.88715375;[0];-101.9375
-79.01832598;-2.88695933;[0];-102.0000
-79.01808318;-2.886958905;[0];-101.7500
-79.01784038;-2.886958479;[0];-101.5625
-79.01759758;-2.886958054;[0];-101.3750
-79.01735478;-2.886957628;[0];-101.1875
-79.01711198;-2.886957202;[0];-101.0000
-79.01686918;-2.886956777;[0];-100.8125
-79.01662637;-2.886956351;[0];-100.5625
-79.01638357;-2.886955925;[0];-100.3750
-79.01614077;-2.886955499;[0];-100.1875
-79.01589797;-2.886955073;[0];-100.0000
-79.01565517;-2.886954647;[0];-99.7500
-79.01541237;-2.886954221;[0];-99.5625
-79.01516957;-2.886953795;[0];-99.3750
-79.01492676;-2.886953369;[0];-99.1250
-79.01468396;-2.886952943;[0];-99.0000
-79.01444116;-2.886952517;[0];-98.8125
-79.01419836;-2.88695209;[0];-98.6250
-79.01395556;-2.886951664;[0];-98.4375
-79.01371276;-2.886951238;[0];-98.1875
-79.01346996;-2.886950811;[0];-98.0625
-79.01322716;-2.886950385;[0];-97.8750
-79.01298436;-2.886949958;[0];-97.6875
-79.01274155;-2.886949532;[0];-97.5625
-79.01249875;-2.886949105;[0];-97.3750
-79.01225595;-2.886948678;[0];-97.1875
-79.01201315;-2.886948251;[0];-97.0000
-79.01177035;-2.886947825;[0];-96.8750
-79.01152755;-2.886947398;[0];-96.7500
-79.01128475;-2.886946971;[0];-96.5625
-79.01104195;-2.886946544;[0];-96.3750
-79.01079915;-2.886946117;[0];-96.2500
-79.01055635;-2.88694569;[0];-96.1250
-79.01031355;-2.886945263;[0];-95.9375
-79.01007075;-2.886944836;[0];-95.8125
-79.00982795;-2.886944408;[0];-95.6875
-79.00958515;-2.886943981;[0];-95.5625
-79.00934235;-2.886943554;[0];-95.4375
-79.00909955;-2.886943126;[0];-95.3125
-79.00885674;-2.886942699;[0];-95.1875
-79.00861394;-2.886942271;[0];-95.0625
-79.00837114;-2.886941844;[0];-95.0000
-79.00812834;-2.886941416;[0];-94.8750
-79.00788554;-2.886940989;[0];-94.8125
-79.00764274;-2.886940561;[0];-94.7500
-79.00739994;-2.886940133;[0];-94.6250
-79.00715714;-2.886939705;[0];-94.5000
-79.00691434;-2.886939278;[0];-94.4375
-79.00667154;-2.88693885;[0];-94.4375
-79.00642874;-2.886938422;[0];-94.3750
-79.00618594;-2.886937994;[0];-94.3125
-79.00594314;-2.886937566;[0];-94.2500
-79.00570034;-2.886937138;[0];-94.2500
-79.00545754;-2.886936709;[0];-94.2500
-79.00521474;-2.886936281;[0];-94.2500
-79.00497194;-2.886935853;[0];-94.1875
-79.00472914;-2.886935425;[0];-94.1250
-79.00448634;-2.886934996;[0];-94.1875
-79.00424355;-2.886934568;[0];-94.1875
-79.00400075;-2.886934139;[0];-94.1875
-79.00375795;-2.886933711;[0];-94.1250
-79.00351515;-2.886933282;[0];-94.1250
-79.00327235;-2.886932854;[0];-94.1875
-79.00302955;-2.886932425;[0];-94.2500
-79.00278675;-2.886931996;[0];-94.2500
-79.00254395;-2.886931567;[0];-94.2500
-79.00230115;-2.886931139;[0];-94.3125
-79.00205835;-2.88693071;[0];-94.3750
-79.00181555;-2.886930281;[0];-94.4375
-79.00157275;-2.886929852;[0];-94.5000
-79.00132995;-2.886929423;[0];-94.5625
-79.00108715;-2.886928994;[0];-94.6250
-79.00084435;-2.886928565;[0];-94.7500
-79.00060155;-2.886928135;[0];-94.8125
-79.00035876;-2.886927706;[0];-94.8750
-79.00011596;-2.886927277;[0];-95.0000
-78.99987316;-2.886926847;[0];-95.0625
-78.99963036;-2.886926418;[0];-95.1875
-78.99938756;-2.886925989;[0];-95.3125
-78.99914476;-2.886925559;[0];-95.3750
-78.99890196;-2.88692513;[0];-95.5000
-78.99865916;-2.8869247;[0];-95.6875
-78.99841636;-2.88692427;[0];-95.8125
-78.99817357;-2.886923841;[0];-95.9375
-78.99793077;-2.886923411;[0];-96.0625
-78.99768797;-2.886922981;[0];-96.2500
-78.99744517;-2.886922551;[0];-96.3750
-78.99720237;-2.886922121;[0];-96.5625
-78.99695957;-2.886921691;[0];-96.7500
-78.99671677;-2.886921261;[0];-96.8750
-78.99647398;-2.886920831;[0];-97.0000
-78.99623118;-2.886920401;[0];-97.1875
-78.99598838;-2.886919971;[0];-97.3750
-78.99574558;-2.88691954;[0];-97.5000
-78.99550278;-2.88691911;[0];-97.6875
-78.99525998;-2.88691868;[0];-97.8750
-78.99501719;-2.886918249;[0];-98.0625
-78.99477439;-2.886917819;[0];-98.1875
-78.99453159;-2.886917388;[0];-98.4375
-78.99428879;-2.886916958;[0];-98.6250
-78.99404599;-2.886916527;[0];-98.8125
-78.99380319;-2.886916097;[0];-99.0000
-78.99356040;-2.886915666;[0];-99.1250
-78.99331760;-2.886915235;[0];-99.3750
-78.9930748;-2.886914804;[0];-99.5625
-78.99283200;-2.886914374;[0];-99.7500
-78.99258920;-2.886913943;[0];-99.9375
-78.99234641;-2.886913512;[0];-100.1875
-78.99210361;-2.886913081;[0];-100.3750
-78.99186081;-2.88691265;[0];-100.5625
-78.99161801;-2.886912218;[0];-100.7500
-78.99137522;-2.886911787;[0];-101.0000
-78.99113242;-2.886911356;[0];-101.1875
-78.99088962;-2.886910925;[0];-101.3750
-78.99064682;-2.886910493;[0];-101.5625
-78.99040402;-2.886910062;[0];-101.7500
-78.99016123;-2.886909631;[0];-101.9375
-79.01832641;-2.886715206;[0];-102.0000
-79.01808361;-2.886714781;[0];-101.8125
-79.01784080;-2.886714355;[0];-101.6250
-79.01759800;-2.88671393;[0];-101.4375
-79.01735520;-2.886713504;[0];-101.2500
-79.0171124;-2.886713079;[0];-101.0625
-79.01686960;-2.886712653;[0];-100.8750
-79.01662680;-2.886712227;[0];-100.6250
-79.01638400;-2.886711802;[0];-100.4375
-79.01614119;-2.886711376;[0];-100.2500
-79.01589839;-2.88671095;[0];-100.0625
-79.01565559;-2.886710524;[0];-99.8750
-79.01541279;-2.886710098;[0];-99.6250
-79.01516999;-2.886709672;[0];-99.4375
-79.01492719;-2.886709246;[0];-99.2500
-79.01468439;-2.88670882;[0];-99.1250
-79.01444159;-2.886708393;[0];-98.9375
-79.01419878;-2.886707967;[0];-98.7500
-79.01395598;-2.886707541;[0];-98.5000
-79.01371318;-2.886707115;[0];-98.3125
-79.01347038;-2.886706688;[0];-98.1875
-79.01322758;-2.886706262;[0];-98.0000
-79.01298478;-2.886705835;[0];-97.8125
-79.01274198;-2.886705409;[0];-97.6875
-79.01249918;-2.886704982;[0];-97.5000
-79.01225638;-2.886704555;[0];-97.3125
-79.01201358;-2.886704129;[0];-97.1875
-79.01177078;-2.886703702;[0];-97.0000
-79.01152798;-2.886703275;[0];-96.8750
-79.01128517;-2.886702848;[0];-96.6875
-79.01104237;-2.886702421;[0];-96.5000
-79.01079957;-2.886701994;[0];-96.3750
-79.01055677;-2.886701567;[0];-96.2500
-79.01031397;-2.88670114;[0];-96.1250
-79.01007117;-2.886700713;[0];-96.0000
-79.00982837;-2.886700286;[0];-95.8750
-79.00958557;-2.886699859;[0];-95.7500
-79.00934277;-2.886699431;[0];-95.6250
-79.00909997;-2.886699004;[0];-95.5000
-79.00885717;-2.886698577;[0];-95.3750
-79.00861437;-2.886698149;[0];-95.2500
-79.00837157;-2.886697722;[0];-95.1875
-79.00812877;-2.886697294;[0];-95.0625
-79.00788597;-2.886696867;[0];-95.0625
-79.00764317;-2.886696439;[0];-94.9375
-79.00740037;-2.886696011;[0];-94.8125
-79.00715757;-2.886695583;[0];-94.7500
-79.00691477;-2.886695156;[0];-94.6250
-79.00667197;-2.886694728;[0];-94.6250
-79.00642917;-2.8866943;[0];-94.6250
-79.00618637;-2.886693872;[0];-94.5625
-79.00594357;-2.886693444;[0];-94.5000
-79.00570077;-2.886693016;[0];-94.5000
-79.00545797;-2.886692588;[0];-94.4375
-79.00521517;-2.886692159;[0];-94.4375
-79.00497237;-2.886691731;[0];-94.4375
-79.00472957;-2.886691303;[0];-94.3750
-79.00448677;-2.886690875;[0];-94.3750
-79.00424397;-2.886690446;[0];-94.3750
-79.00400117;-2.886690018;[0];-94.3750
-79.00375837;-2.886689589;[0];-94.3750
-79.00351557;-2.886689161;[0];-94.3750
-79.00327277;-2.886688732;[0];-94.3750
-79.00302997;-2.886688304;[0];-94.4375
-79.00278717;-2.886687875;[0];-94.5000
-79.00254438;-2.886687446;[0];-94.5000
-79.00230158;-2.886687017;[0];-94.5000
-79.00205878;-2.886686588;[0];-94.6250
-79.00181598;-2.88668616;[0];-94.6250
-79.00157318;-2.886685731;[0];-94.6875
-79.00133038;-2.886685302;[0];-94.7500
-79.00108758;-2.886684873;[0];-94.8125
-79.00084478;-2.886684443;[0];-94.9375
-79.00060198;-2.886684014;[0];-95.0625
-79.00035918;-2.886683585;[0];-95.0625
-79.00011638;-2.886683156;[0];-95.1875
-78.99987358;-2.886682727;[0];-95.2500
-78.99963079;-2.886682297;[0];-95.3750
-78.99938799;-2.886681868;[0];-95.5000
-78.99914519;-2.886681438;[0];-95.5625
-78.99890239;-2.886681009;[0];-95.6875
-78.99865959;-2.886680579;[0];-95.8750
-78.99841679;-2.88668015;[0];-96.0000
-78.99817399;-2.88667972;[0];-96.1250
-78.99793119;-2.88667929;[0];-96.2500
-78.99768840;-2.88667886;[0];-96.3750
-78.99744560;-2.88667843;[0];-96.5000
-78.99720280;-2.886678001;[0];-96.6875
-78.99696;-2.886677571;[0];-96.8750
-78.99671720;-2.886677141;[0];-97.0000
-78.99647440;-2.886676711;[0];-97.1250
-78.99623160;-2.886676281;[0];-97.3125
-78.99598881;-2.88667585;[0];-97.5000
-78.99574601;-2.88667542;[0];-97.6875
-78.99550321;-2.88667499;[0];-97.8125
-78.99526041;-2.88667456;[0];-98.0000
-78.99501761;-2.886674129;[0];-98.1875
-78.99477482;-2.886673699;[0];-98.3125
-78.99453202;-2.886673268;[0];-98.5000
-78.99428922;-2.886672838;[0];-98.7500
-78.99404642;-2.886672407;[0];-98.9375
-78.99380362;-2.886671977;[0];-99.1250
-78.99356082;-2.886671546;[0];-99.2500
-78.99331803;-2.886671115;[0];-99.4375
-78.99307523;-2.886670684;[0];-99.6250
-78.99283243;-2.886670254;[0];-99.8125
-78.99258963;-2.886669823;[0];-100.0625
-78.99234684;-2.886669392;[0];-100.2500
-78.99210404;-2.886668961;[0];-100.4375
-78.99186124;-2.88666853;[0];-100.6250
-78.99161844;-2.886668099;[0];-100.8125
-78.99137564;-2.886667668;[0];-101.0625
-78.99113285;-2.886667236;[0];-101.2500
-78.99089005;-2.886666805;[0];-101.4375
-78.99064725;-2.886666374;[0];-101.6250
-78.99040445;-2.886665943;[0];-101.8125
-78.99016166;-2.886665511;[0];-102.0000
-79.01808403;-2.886470657;[0];-101.8750
-79.01784123;-2.886470232;[0];-101.6875
-79.01759843;-2.886469806;[0];-101.5000
-79.01735562;-2.886469381;[0];-101.3125
-79.01711282;-2.886468955;[0];-101.1250
-79.01687002;-2.88646853;[0];-100.9375
-79.01662722;-2.886468104;[0];-100.7500
-79.01638442;-2.886467678;[0];-100.5000
-79.01614162;-2.886467252;[0];-100.3125
-79.01589882;-2.886466827;[0];-100.1250
-79.01565602;-2.886466401;[0];-99.9375
-79.01541321;-2.886465975;[0];-99.7500
-79.01517041;-2.886465549;[0];-99.5000
-79.01492761;-2.886465123;[0];-99.3750
-79.01468481;-2.886464697;[0];-99.2500
-79.01444201;-2.88646427;[0];-99.0000
-79.01419921;-2.886463844;[0];-98.8125
-79.01395641;-2.886463418;[0];-98.6250
-79.01371361;-2.886462992;[0];-98.5000
-79.01347081;-2.886462565;[0];-98.3125
-79.01322800;-2.886462139;[0];-98.1250
-79.01298520;-2.886461712;[0];-97.9375
-79.01274240;-2.886461286;[0];-97.8125
-79.01249960;-2.886460859;[0];-97.6250
-79.01225680;-2.886460433;[0];-97.4375
-79.01201400;-2.886460006;[0];-97.3125
-79.0117712;-2.886459579;[0];-97.1875
-79.01152840;-2.886459152;[0];-97.0000
-79.01128560;-2.886458726;[0];-96.8125
-79.01104280;-2.886458299;[0];-96.6875
-79.01080000;-2.886457872;[0];-96.5625
-79.01055720;-2.886457445;[0];-96.4375
-79.01031440;-2.886457018;[0];-96.3125
-79.01007160;-2.886456591;[0];-96.1875
-79.00982880;-2.886456163;[0];-96.0625
-79.00958600;-2.886455736;[0];-95.9375
-79.00934320;-2.886455309;[0];-95.8125
-79.00910040;-2.886454882;[0];-95.6875
-79.00885760;-2.886454454;[0];-95.5625
-79.00861479;-2.886454027;[0];-95.4375
-79.00837199;-2.886453599;[0];-95.3750
-79.00812919;-2.886453172;[0];-95.3125
-79.00788639;-2.886452744;[0];-95.2500
-79.00764359;-2.886452317;[0];-95.1250
-79.00740079;-2.886451889;[0];-95.0000
-79.00715799;-2.886451461;[0];-94.9375
-79.00691519;-2.886451034;[0];-94.8750
-79.00667239;-2.886450606;[0];-94.8125
-79.00642959;-2.886450178;[0];-94.8125
-79.00618679;-2.88644975;[0];-94.7500
-79.00594400;-2.886449322;[0];-94.6875
-79.00570120;-2.886448894;[0];-94.6875
-79.00545840;-2.886448466;[0];-94.6875
-79.00521560;-2.886448038;[0];-94.6875
-79.00497280;-2.88644761;[0];-94.6250
-79.00473000;-2.886447181;[0];-94.5625
-79.00448720;-2.886446753;[0];-94.5625
-79.00424440;-2.886446325;[0];-94.6250
-79.00400160;-2.886445896;[0];-94.5625
-79.00375880;-2.886445468;[0];-94.5625
-79.00351600;-2.886445039;[0];-94.5625
-79.00327320;-2.886444611;[0];-94.5625
-79.0030304;-2.886444182;[0];-94.6875
-79.0027876;-2.886443754;[0];-94.6875
-79.00254480;-2.886443325;[0];-94.6875
-79.00230200;-2.886442896;[0];-94.7500
-79.00205920;-2.886442467;[0];-94.8125
-79.00181640;-2.886442038;[0];-94.8125
-79.00157360;-2.886441609;[0];-94.9375
-79.00133081;-2.88644118;[0];-94.9375
-79.00108801;-2.886440751;[0];-95.0000
-79.00084521;-2.886440322;[0];-95.1250
-79.00060241;-2.886439893;[0];-95.2500
-79.00035961;-2.886439464;[0];-95.3125
-79.00011681;-2.886439035;[0];-95.3125
-78.99987401;-2.886438606;[0];-95.4375
-78.99963121;-2.886438176;[0];-95.5625
-78.99938841;-2.886437747;[0];-95.6875
-78.99914562;-2.886437317;[0];-95.7500
-78.99890282;-2.886436888;[0];-95.8125
-78.99866002;-2.886436458;[0];-96.0000
-78.99841722;-2.886436029;[0];-96.1875
-78.99817442;-2.886435599;[0];-96.3125
-78.99793162;-2.886435169;[0];-96.4375
-78.99768882;-2.88643474;[0];-96.5625
-78.99744602;-2.88643431;[0];-96.6875
-78.99720323;-2.88643388;[0];-96.8125
-78.99696043;-2.88643345;[0];-97.0000
-78.99671763;-2.88643302;[0];-97.1875
-78.99647483;-2.88643259;[0];-97.3125
-78.99623203;-2.88643216;[0];-97.4375
-78.99598923;-2.88643173;[0];-97.6250
-78.99574644;-2.8864313;[0];-97.8125
-78.99550364;-2.88643087;[0];-97.9375
-78.99526084;-2.886430439;[0];-98.1250
-78.99501804;-2.886430009;[0];-98.3125
-78.99477524;-2.886429579;[0];-98.5000
-78.99453245;-2.886429148;[0];-98.6250
-78.99428965;-2.886428718;[0];-98.8125
-78.99404685;-2.886428287;[0];-99.0000
-78.99380405;-2.886427857;[0];-99.1875
-78.99356125;-2.886427426;[0];-99.3750
-78.99331846;-2.886426995;[0];-99.5000
-78.99307566;-2.886426565;[0];-99.7500
-78.99283286;-2.886426134;[0];-99.9375
-78.99259006;-2.886425703;[0];-100.1250
-78.99234726;-2.886425272;[0];-100.3125
-78.99210447;-2.886424841;[0];-100.5000
-78.99186167;-2.88642441;[0];-100.6875
-78.99161887;-2.886423979;[0];-100.9375
-78.99137607;-2.886423548;[0];-101.1250
-78.99113328;-2.886423117;[0];-101.3125
-78.99089048;-2.886422686;[0];-101.5000
-78.99064768;-2.886422254;[0];-101.6875
-78.99040488;-2.886421823;[0];-101.8750
-79.01808445;-2.886226534;[0];-101.9375
-79.01784165;-2.886226108;[0];-101.7500
-79.01759885;-2.886225683;[0];-101.5625
-79.01735605;-2.886225257;[0];-101.3750
-79.01711325;-2.886224832;[0];-101.1875
-79.01687045;-2.886224406;[0];-101.0000
-79.01662764;-2.88622398;[0];-100.8125
-79.01638484;-2.886223555;[0];-100.6250
-79.01614204;-2.886223129;[0];-100.3750
-79.01589924;-2.886222703;[0];-100.1875
-79.01565644;-2.886222277;[0];-100.0000
-79.01541364;-2.886221851;[0];-99.8125
-79.01517084;-2.886221425;[0];-99.6250
-79.01492804;-2.886220999;[0];-99.5000
-79.01468523;-2.886220573;[0];-99.3125
-79.01444243;-2.886220147;[0];-99.1250
-79.01419963;-2.886219721;[0];-98.9375
-79.01395683;-2.886219295;[0];-98.7500
-79.01371403;-2.886218869;[0];-98.6250
-79.01347123;-2.886218442;[0];-98.4375
-79.01322843;-2.886218016;[0];-98.2500
-79.01298563;-2.886217589;[0];-98.1250
-79.01274283;-2.886217163;[0];-97.9375
-79.01250003;-2.886216736;[0];-97.7500
-79.01225723;-2.88621631;[0];-97.6250
-79.01201443;-2.886215883;[0];-97.4375
-79.01177162;-2.886215456;[0];-97.3125
-79.01152882;-2.88621503;[0];-97.1250
-79.01128602;-2.886214603;[0];-96.9375
-79.01104322;-2.886214176;[0];-96.8125
-79.01080042;-2.886213749;[0];-96.6875
-79.01055762;-2.886213322;[0];-96.5625
-79.01031482;-2.886212895;[0];-96.4375
-79.01007202;-2.886212468;[0];-96.3125
-79.00982922;-2.886212041;[0];-96.2500
-79.00958642;-2.886211614;[0];-96.1250
-79.00934362;-2.886211187;[0];-96.0000
-79.00910082;-2.886210759;[0];-95.8750
-79.00885802;-2.886210332;[0];-95.7500
-79.00861522;-2.886209905;[0];-95.6250
-79.00837242;-2.886209477;[0];-95.5000
-79.00812962;-2.88620905;[0];-95.5000
-79.00788682;-2.886208622;[0];-95.4375
-79.00764402;-2.886208195;[0];-95.3125
-79.00740122;-2.886207767;[0];-95.1875
-79.00715842;-2.886207339;[0];-95.1250
-79.00691562;-2.886206912;[0];-95.0625
-79.00667282;-2.886206484;[0];-95.0625
-79.00643002;-2.886206056;[0];-95.0000
-79.00618722;-2.886205628;[0];-94.9375
-79.00594442;-2.8862052;[0];-94.8750
-79.00570162;-2.886204772;[0];-94.8750
-79.00545882;-2.886204344;[0];-94.8750
-79.00521602;-2.886203916;[0];-94.8750
-79.00497322;-2.886203488;[0];-94.8125
-79.00473042;-2.88620306;[0];-94.8125
-79.00448762;-2.886202631;[0];-94.8125
-79.00424482;-2.886202203;[0];-94.8125
-79.00400202;-2.886201775;[0];-94.8125
-79.00375922;-2.886201346;[0];-94.8125
-79.00351643;-2.886200918;[0];-94.8125
-79.00327363;-2.886200489;[0];-94.8125
-79.00303083;-2.886200061;[0];-94.8750
-79.00278803;-2.886199632;[0];-94.8750
-79.00254523;-2.886199203;[0];-94.8750
-79.00230243;-2.886198775;[0];-94.9375
-79.00205963;-2.886198346;[0];-95.0000
-79.00181683;-2.886197917;[0];-95.0625
-79.00157403;-2.886197488;[0];-95.1250
-79.00133123;-2.886197059;[0];-95.1875
-79.00108843;-2.88619663;[0];-95.1875
-79.00084563;-2.886196201;[0];-95.3125
-79.00060284;-2.886195772;[0];-95.4375
-79.00036004;-2.886195343;[0];-95.5000
-79.00011724;-2.886194914;[0];-95.5000
-78.99987444;-2.886194485;[0];-95.6250
-78.99963164;-2.886194055;[0];-95.7500
-78.99938884;-2.886193626;[0];-95.8750
-78.99914604;-2.886193197;[0];-96.0000
-78.99890324;-2.886192767;[0];-96.0000
-78.99866045;-2.886192338;[0];-96.1875
-78.99841765;-2.886191908;[0];-96.3125
-78.99817485;-2.886191478;[0];-96.4375
-78.99793205;-2.886191049;[0];-96.5625
-78.99768925;-2.886190619;[0];-96.6875
-78.99744645;-2.886190189;[0];-96.8125
-78.99720365;-2.886189759;[0];-96.9375
-78.99696086;-2.88618933;[0];-97.1250
-78.99671806;-2.8861889;[0];-97.3125
-78.99647526;-2.88618847;[0];-97.4375
-78.99623246;-2.88618804;[0];-97.5625
-78.99598966;-2.88618761;[0];-97.7500
-78.99574686;-2.886187179;[0];-97.9375
-78.99550407;-2.886186749;[0];-98.0625
-78.99526127;-2.886186319;[0];-98.2500
-78.99501847;-2.886185889;[0];-98.4375
-78.99477567;-2.886185458;[0];-98.6250
-78.99453287;-2.886185028;[0];-98.7500
-78.99429008;-2.886184598;[0];-98.9375
-78.99404728;-2.886184167;[0];-99.1250
-78.99380448;-2.886183737;[0];-99.3125
-78.99356168;-2.886183306;[0];-99.5000
-78.99331888;-2.886182875;[0];-99.6250
-78.99307609;-2.886182445;[0];-99.8125
-78.99283329;-2.886182014;[0];-100.0000
-78.99259049;-2.886181583;[0];-100.1875
-78.99234769;-2.886181152;[0];-100.3750
-78.99210489;-2.886180721;[0];-100.5625
-78.99186210;-2.88618029;[0];-100.8125
-78.99161930;-2.886179859;[0];-101.0000
-78.99137650;-2.886179428;[0];-101.1875
-78.99113370;-2.886178997;[0];-101.3750
-78.99089091;-2.886178566;[0];-101.5625
-78.99064811;-2.886178135;[0];-101.7500
-78.99040531;-2.886177703;[0];-101.9375
-79.01808488;-2.88598241;[0];-102.0000
-79.01784207;-2.885981985;[0];-101.8125
-79.01759927;-2.885981559;[0];-101.6250
-79.01735647;-2.885981134;[0];-101.4375
-79.01711367;-2.885980708;[0];-101.2500
-79.01687087;-2.885980283;[0];-101.0625
-79.01662807;-2.885979857;[0];-100.8750
-79.01638527;-2.885979431;[0];-100.6875
-79.01614246;-2.885979006;[0];-100.5000
-79.01589966;-2.88597858;[0];-100.2500
-79.01565686;-2.885978154;[0];-100.0625
-79.01541406;-2.885977728;[0];-99.9375
-79.01517126;-2.885977302;[0];-99.7500
-79.01492846;-2.885976876;[0];-99.6250
-79.01468566;-2.88597645;[0];-99.3750
-79.01444286;-2.885976024;[0];-99.1875
-79.01420006;-2.885975598;[0];-99.0000
-79.01395726;-2.885975172;[0];-98.8750
-79.01371445;-2.885974746;[0];-98.7500
-79.01347165;-2.885974319;[0];-98.5000
-79.01322885;-2.885973893;[0];-98.3750
-79.01298605;-2.885973467;[0];-98.2500
-79.01274325;-2.88597304;[0];-98.0625
-79.01250045;-2.885972614;[0];-97.8750
-79.01225765;-2.885972187;[0];-97.7500
-79.01201485;-2.88597176;[0];-97.6250
-79.01177205;-2.885971334;[0];-97.4375
-79.01152925;-2.885970907;[0];-97.2500
-79.01128645;-2.88597048;[0];-97.1250
-79.01104365;-2.885970053;[0];-97.0000
-79.01080085;-2.885969627;[0];-96.8750
-79.01055805;-2.8859692;[0];-96.7500
-79.01031525;-2.885968773;[0];-96.6250
-79.01007245;-2.885968346;[0];-96.5000
-79.00982965;-2.885967919;[0];-96.3750
-79.00958685;-2.885967491;[0];-96.2500
-79.00934405;-2.885967064;[0];-96.1250
-79.00910125;-2.885966637;[0];-96.0625
-79.00885845;-2.88596621;[0];-95.9375
-79.00861565;-2.885965782;[0];-95.8125
-79.00837285;-2.885965355;[0];-95.6875
-79.00813004;-2.885964928;[0];-95.6875
-79.00788724;-2.8859645;[0];-95.6250
-79.00764445;-2.885964073;[0];-95.5000
-79.00740165;-2.885963645;[0];-95.3750
-79.00715885;-2.885963217;[0];-95.3125
-79.00691605;-2.88596279;[0];-95.2500
-79.00667325;-2.885962362;[0];-95.2500
-79.00643045;-2.885961934;[0];-95.1875
-79.00618765;-2.885961506;[0];-95.1250
-79.00594485;-2.885961078;[0];-95.1250
-79.00570205;-2.88596065;[0];-95.0625
-79.00545925;-2.885960222;[0];-95.0625
-79.00521645;-2.885959794;[0];-95.0625
-79.00497365;-2.885959366;[0];-95.0000
-79.00473085;-2.885958938;[0];-95.0000
-79.00448805;-2.88595851;[0];-95.0000
-79.00424525;-2.885958081;[0];-95.0000
-79.00400245;-2.885957653;[0];-95.0000
-79.00375965;-2.885957225;[0];-95.0000
-79.00351685;-2.885956796;[0];-95.0000
-79.00327405;-2.885956368;[0];-95.0000
-79.00303125;-2.885955939;[0];-95.0625
-79.00278845;-2.885955511;[0];-95.0625
-79.00254565;-2.885955082;[0];-95.1250
-79.00230286;-2.885954653;[0];-95.1250
-79.00206006;-2.885954225;[0];-95.1875
-79.00181726;-2.885953796;[0];-95.2500
-79.00157446;-2.885953367;[0];-95.3125
-79.00133166;-2.885952938;[0];-95.3750
-79.00108886;-2.885952509;[0];-95.3750
-79.00084606;-2.88595208;[0];-95.5000
-79.00060326;-2.885951651;[0];-95.6250
-79.00036046;-2.885951222;[0];-95.6875
-79.00011766;-2.885950793;[0];-95.6875
-78.99987487;-2.885950364;[0];-95.8125
-78.99963207;-2.885949934;[0];-95.9375
-78.99938927;-2.885949505;[0];-96.0625
-78.99914647;-2.885949076;[0];-96.1250
-78.99890367;-2.885948646;[0];-96.1875
-78.99866087;-2.885948217;[0];-96.3125
-78.99841807;-2.885947787;[0];-96.5000
-78.99817528;-2.885947358;[0];-96.6250
-78.99793248;-2.885946928;[0];-96.7500
-78.99768968;-2.885946498;[0];-96.8750
-78.99744688;-2.885946069;[0];-97.0000
-78.99720408;-2.885945639;[0];-97.1250
-78.99696128;-2.885945209;[0];-97.2500
-78.99671848;-2.885944779;[0];-97.4375
-78.99647569;-2.885944349;[0];-97.6250
-78.99623289;-2.885943919;[0];-97.7500
-78.99599009;-2.885943489;[0];-97.8750
-78.99574729;-2.885943059;[0];-98.0000
-78.99550449;-2.885942629;[0];-98.2500
-78.99526170;-2.885942199;[0];-98.3750
-78.99501890;-2.885941769;[0];-98.5000
-78.99477610;-2.885941338;[0];-98.6875
-78.99453330;-2.885940908;[0];-98.8750
-78.99429050;-2.885940478;[0];-99.0000
-78.99404771;-2.885940047;[0];-99.1875
-78.99380491;-2.885939617;[0];-99.3750
-78.99356211;-2.885939186;[0];-99.5625
-78.99331931;-2.885938755;[0];-99.7500
-78.99307651;-2.885938325;[0];-99.8750
-78.99283372;-2.885937894;[0];-100.0625
-78.99259092;-2.885937463;[0];-100.2500
-78.99234812;-2.885937032;[0];-100.4375
-78.99210532;-2.885936602;[0];-100.6875
-78.99186253;-2.885936171;[0];-100.8750
-78.99161973;-2.88593574;[0];-101.0625
-78.99137693;-2.885935309;[0];-101.2500
-78.99113413;-2.885934878;[0];-101.4375
-78.99089134;-2.885934446;[0];-101.6250
-78.99064854;-2.885934015;[0];-101.8125
-78.99040574;-2.885933584;[0];-102.0000
-79.01784250;-2.885737861;[0];-101.8750
-79.01759970;-2.885737436;[0];-101.6875
-79.01735689;-2.88573701;[0];-101.5000
-79.01711409;-2.885736585;[0];-101.3125
-79.01687129;-2.885736159;[0];-101.1250
-79.01662849;-2.885735734;[0];-100.9375
-79.01638569;-2.885735308;[0];-100.7500
-79.01614289;-2.885734882;[0];-100.5625
-79.01590009;-2.885734457;[0];-100.3750
-79.01565729;-2.885734031;[0];-100.1875
-79.01541449;-2.885733605;[0];-100.0000
-79.01517168;-2.885733179;[0];-99.8750
-79.01492888;-2.885732753;[0];-99.6875
-79.01468608;-2.885732327;[0];-99.5000
-79.01444328;-2.885731901;[0];-99.3125
-79.01420048;-2.885731475;[0];-99.1250
-79.01395768;-2.885731049;[0];-99.0000
-79.01371488;-2.885730623;[0];-98.8125
-79.01347208;-2.885730196;[0];-98.6250
-79.01322928;-2.88572977;[0];-98.5000
-79.01298648;-2.885729344;[0];-98.3125
-79.01274368;-2.885728917;[0];-98.1250
-79.01250088;-2.885728491;[0];-98.0000
-79.01225807;-2.885728064;[0];-97.8750
-79.01201527;-2.885727638;[0];-97.7500
-79.01177247;-2.885727211;[0];-97.5625
-79.01152967;-2.885726784;[0];-97.3750
-79.01128687;-2.885726358;[0];-97.2500
-79.01104407;-2.885725931;[0];-97.1250
-79.01080127;-2.885725504;[0];-97.0000
-79.01055847;-2.885725077;[0];-96.9375
-79.01031567;-2.88572465;[0];-96.8125
-79.01007287;-2.885724223;[0];-96.6875
-79.00983007;-2.885723796;[0];-96.5625
-79.00958727;-2.885723369;[0];-96.4375
-79.00934447;-2.885722942;[0];-96.3125
-79.00910167;-2.885722515;[0];-96.1875
-79.00885887;-2.885722087;[0];-96.1250
-79.00861607;-2.88572166;[0];-96.0000
-79.00837327;-2.885721233;[0];-95.9375
-79.00813047;-2.885720805;[0];-95.8750
-79.00788767;-2.885720378;[0];-95.7500
-79.00764487;-2.88571995;[0];-95.6875
-79.00740207;-2.885719523;[0];-95.5625
-79.00715927;-2.885719095;[0];-95.5000
-79.00691647;-2.885718668;[0];-95.4375
-79.00667367;-2.88571824;[0];-95.4375
-79.00643087;-2.885717812;[0];-95.4375
-79.00618807;-2.885717384;[0];-95.3125
-79.00594527;-2.885716956;[0];-95.3125
-79.00570247;-2.885716529;[0];-95.3125
-79.00545967;-2.885716101;[0];-95.3125
-79.00521687;-2.885715673;[0];-95.3125
-79.00497407;-2.885715244;[0];-95.2500
-79.00473127;-2.885714816;[0];-95.1875
-79.00448847;-2.885714388;[0];-95.1875
-79.00424568;-2.88571396;[0];-95.1875
-79.00400288;-2.885713532;[0];-95.1875
-79.00376008;-2.885713103;[0];-95.1875
-79.00351728;-2.885712675;[0];-95.1875
-79.00327448;-2.885712246;[0];-95.1875
-79.00303168;-2.885711818;[0];-95.2500
-79.00278888;-2.885711389;[0];-95.3125
-79.00254608;-2.885710961;[0];-95.3125
-79.00230328;-2.885710532;[0];-95.3125
-79.00206048;-2.885710103;[0];-95.3750
-79.00181768;-2.885709675;[0];-95.4375
-79.00157488;-2.885709246;[0];-95.5000
-79.00133209;-2.885708817;[0];-95.5625
-79.00108929;-2.885708388;[0];-95.6250
-79.00084649;-2.885707959;[0];-95.6875
-79.00060369;-2.88570753;[0];-95.7500
-79.00036089;-2.885707101;[0];-95.8750
-79.00011809;-2.885706672;[0];-95.9375
-78.99987529;-2.885706243;[0];-96.0000
-78.99963249;-2.885705814;[0];-96.1250
-78.99938970;-2.885705384;[0];-96.1875
-78.99914690;-2.885704955;[0];-96.3125
-78.99890410;-2.885704526;[0];-96.3750
-78.99866130;-2.885704096;[0];-96.4375
-78.9984185;-2.885703667;[0];-96.6250
-78.99817570;-2.885703237;[0];-96.8125
-78.99793290;-2.885702807;[0];-96.8750
-78.99769011;-2.885702378;[0];-97.0000
-78.99744731;-2.885701948;[0];-97.1250
-78.99720451;-2.885701518;[0];-97.2500
-78.99696171;-2.885701089;[0];-97.3750
-78.99671891;-2.885700659;[0];-97.5625
-78.99647611;-2.885700229;[0];-97.7500
-78.99623332;-2.885699799;[0];-97.8750
-78.99599052;-2.885699369;[0];-98.0000
-78.99574772;-2.885698939;[0];-98.1250
-78.99550492;-2.885698509;[0];-98.3125
-78.99526212;-2.885698079;[0];-98.5000
-78.99501933;-2.885697648;[0];-98.6250
-78.99477653;-2.885697218;[0];-98.8125
-78.99453373;-2.885696788;[0];-99.0000
-78.99429093;-2.885696357;[0];-99.1250
-78.99404813;-2.885695927;[0];-99.3125
-78.99380534;-2.885695497;[0];-99.5000
-78.99356254;-2.885695066;[0];-99.6875
-78.99331974;-2.885694635;[0];-99.8750
-78.99307694;-2.885694205;[0];-100.0000
-78.99283414;-2.885693774;[0];-100.1875
-78.99259135;-2.885693343;[0];-100.3750
-78.99234855;-2.885692913;[0];-100.5625
-78.99210575;-2.885692482;[0];-100.7500
-78.99186295;-2.885692051;[0];-100.9375
-78.99162016;-2.88569162;[0];-101.1250
-78.99137736;-2.885691189;[0];-101.3125
-78.99113456;-2.885690758;[0];-101.5000
-78.99089176;-2.885690327;[0];-101.6875
-78.99064897;-2.885689896;[0];-101.8750
-79.01784292;-2.885493737;[0];-101.9375
-79.01760012;-2.885493312;[0];-101.7500
-79.01735732;-2.885492887;[0];-101.5625
-79.01711452;-2.885492461;[0];-101.3750
-79.01687172;-2.885492036;[0];-101.1875
-79.01662891;-2.88549161;[0];-101.0000
-79.01638611;-2.885491185;[0];-100.8125
-79.01614331;-2.885490759;[0];-100.6250
-79.01590051;-2.885490333;[0];-100.4375
-79.01565771;-2.885489907;[0];-100.2500
-79.01541491;-2.885489482;[0];-100.1250
-79.01517211;-2.885489056;[0];-99.9375
-79.01492931;-2.88548863;[0];-99.7500
-79.01468651;-2.885488204;[0];-99.5625
-79.01444370;-2.885487778;[0];-99.3750
-79.01420090;-2.885487352;[0];-99.2500
-79.01395810;-2.885486926;[0];-99.1250
-79.01371530;-2.8854865;[0];-98.9375
-79.01347250;-2.885486073;[0];-98.7500
-79.01322970;-2.885485647;[0];-98.6250
-79.0129869;-2.885485221;[0];-98.4375
-79.01274410;-2.885484794;[0];-98.3125
-79.01250130;-2.885484368;[0];-98.1875
-79.01225850;-2.885483941;[0];-98.0000
-79.01201570;-2.885483515;[0];-97.8750
-79.01177290;-2.885483088;[0];-97.6875
-79.01153010;-2.885482662;[0];-97.5625
-79.01128730;-2.885482235;[0];-97.4375
-79.01104450;-2.885481808;[0];-97.3125
-79.01080170;-2.885481381;[0];-97.1875
-79.01055890;-2.885480955;[0];-97.0625
-79.01031610;-2.885480528;[0];-96.9375
-79.01007330;-2.885480101;[0];-96.8125
-79.00983050;-2.885479674;[0];-96.7500
-79.00958770;-2.885479247;[0];-96.6250
-79.00934490;-2.88547882;[0];-96.5000
-79.00910210;-2.885478392;[0];-96.3750
-79.00885930;-2.885477965;[0];-96.2500
-79.00861650;-2.885477538;[0];-96.1875
-79.00837370;-2.885477111;[0];-96.1250
-79.00813090;-2.885476683;[0];-96.0625
-79.00788810;-2.885476256;[0];-95.9375
-79.00764530;-2.885475828;[0];-95.8750
-79.00740250;-2.885475401;[0];-95.7500
-79.00715970;-2.885474973;[0];-95.6875
-79.00691690;-2.885474546;[0];-95.6250
-79.00667410;-2.885474118;[0];-95.6250
-79.00643130;-2.88547369;[0];-95.6250
-79.00618850;-2.885473262;[0];-95.5000
-79.00594570;-2.885472835;[0];-95.5000
-79.00570290;-2.885472407;[0];-95.5000
-79.00546010;-2.885471979;[0];-95.5000
-79.00521730;-2.885471551;[0];-95.5000
-79.00497450;-2.885471123;[0];-95.4375
-79.0047317;-2.885470695;[0];-95.3750
-79.0044889;-2.885470266;[0];-95.3750
-79.00424610;-2.885469838;[0];-95.4375
-79.00400330;-2.88546941;[0];-95.3750
-79.00376050;-2.885468982;[0];-95.3750
-79.00351770;-2.885468553;[0];-95.3750
-79.00327490;-2.885468125;[0];-95.3750
-79.00303211;-2.885467696;[0];-95.4375
-79.00278931;-2.885467268;[0];-95.5000
-79.00254651;-2.885466839;[0];-95.5000
-79.00230371;-2.885466411;[0];-95.5000
-79.00206091;-2.885465982;[0];-95.6250
-79.00181811;-2.885465553;[0];-95.6250
-79.00157531;-2.885465125;[0];-95.6875
-79.00133251;-2.885464696;[0];-95.7500
-79.00108971;-2.885464267;[0];-95.8125
-79.00084691;-2.885463838;[0];-95.8750
-79.00060412;-2.885463409;[0];-95.9375
-79.00036132;-2.88546298;[0];-96.0625
-79.00011852;-2.885462551;[0];-96.1250
-78.99987572;-2.885462122;[0];-96.1875
-78.99963292;-2.885461693;[0];-96.2500
-78.99939012;-2.885461263;[0];-96.3750
-78.99914732;-2.885460834;[0];-96.5000
-78.99890452;-2.885460405;[0];-96.5625
-78.99866173;-2.885459975;[0];-96.6250
-78.99841893;-2.885459546;[0];-96.7500
-78.99817613;-2.885459116;[0];-96.9375
-78.99793333;-2.885458687;[0];-97.0625
-78.99769053;-2.885458257;[0];-97.1875
-78.99744773;-2.885457828;[0];-97.3125
-78.99720494;-2.885457398;[0];-97.4375
-78.99696214;-2.885456968;[0];-97.5625
-78.99671934;-2.885456538;[0];-97.6875
-78.99647654;-2.885456108;[0];-97.8750
-78.99623374;-2.885455678;[0];-98.0000
-78.99599095;-2.885455249;[0];-98.1250
-78.99574815;-2.885454819;[0];-98.2500
-78.99550535;-2.885454388;[0];-98.4375
-78.99526255;-2.885453958;[0];-98.6250
-78.99501975;-2.885453528;[0];-98.7500
-78.99477696;-2.885453098;[0];-98.9375
-78.99453416;-2.885452668;[0];-99.1250
-78.99429136;-2.885452237;[0];-99.2500
-78.99404856;-2.885451807;[0];-99.3750
-78.99380576;-2.885451376;[0];-99.5625
-78.99356297;-2.885450946;[0];-99.7500
-78.99332017;-2.885450515;[0];-99.9375
-78.99307737;-2.885450085;[0];-100.1250
-78.99283457;-2.885449654;[0];-100.2500
-78.99259178;-2.885449224;[0];-100.4375
-78.99234898;-2.885448793;[0];-100.6250
-78.99210618;-2.885448362;[0];-100.8125
-78.99186338;-2.885447931;[0];-101.0000
-78.99162059;-2.8854475;[0];-101.1875
-78.99137779;-2.885447069;[0];-101.3750
-78.99113499;-2.885446638;[0];-101.5625
-78.99089219;-2.885446207;[0];-101.7500
-78.99064940;-2.885445776;[0];-101.9375
-79.01784334;-2.885249614;[0];-102.0000
-79.01760054;-2.885249188;[0];-101.8125
-79.01735774;-2.885248763;[0];-101.6250
-79.01711494;-2.885248338;[0];-101.4375
-79.01687214;-2.885247912;[0];-101.2500
-79.01662934;-2.885247487;[0];-101.0625
-79.01638654;-2.885247061;[0];-100.8750
-79.01614374;-2.885246636;[0];-100.6875
-79.01590093;-2.88524621;[0];-100.5000
-79.01565813;-2.885245784;[0];-100.3750
-79.01541533;-2.885245358;[0];-100.2500
-79.01517253;-2.885244933;[0];-100.0625
-79.01492973;-2.885244507;[0];-99.8750
-79.01468693;-2.885244081;[0];-99.6875
-79.01444413;-2.885243655;[0];-99.5000
-79.01420133;-2.885243229;[0];-99.3750
-79.01395853;-2.885242803;[0];-99.1875
-79.01371573;-2.885242376;[0];-99.0625
-79.01347293;-2.88524195;[0];-98.9375
-79.01323013;-2.885241524;[0];-98.7500
-79.01298732;-2.885241098;[0];-98.5625
-79.01274452;-2.885240671;[0];-98.4375
-79.01250172;-2.885240245;[0];-98.3125
-79.01225892;-2.885239819;[0];-98.1875
-79.01201612;-2.885239392;[0];-98.0000
-79.01177332;-2.885238966;[0];-97.8125
-79.01153052;-2.885238539;[0];-97.6875
-79.01128772;-2.885238112;[0];-97.5625
-79.01104492;-2.885237686;[0];-97.4375
-79.01080212;-2.885237259;[0];-97.3125
-79.01055932;-2.885236832;[0];-97.2500
-79.01031652;-2.885236405;[0];-97.1250
-79.01007372;-2.885235978;[0];-97.0000
-79.00983092;-2.885235551;[0];-96.8750
-79.00958812;-2.885235124;[0];-96.7500
-79.00934532;-2.885234697;[0];-96.6875
-79.00910252;-2.88523427;[0];-96.5625
-79.00885972;-2.885233843;[0];-96.4375
-79.00861692;-2.885233416;[0];-96.3125
-79.00837412;-2.885232988;[0];-96.3125
-79.00813132;-2.885232561;[0];-96.2500
-79.00788852;-2.885232134;[0];-96.1250
-79.00764572;-2.885231706;[0];-96.0625
-79.00740292;-2.885231279;[0];-95.9375
-79.00716012;-2.885230851;[0];-95.8750
-79.00691732;-2.885230424;[0];-95.8750
-79.00667452;-2.885229996;[0];-95.8125
-79.00643172;-2.885229568;[0];-95.8125
-79.00618892;-2.885229141;[0];-95.6875
-79.00594612;-2.885228713;[0];-95.6875
-79.00570332;-2.885228285;[0];-95.6875
-79.00546052;-2.885227857;[0];-95.6875
-79.00521772;-2.885227429;[0];-95.6875
-79.00497493;-2.885227001;[0];-95.6250
-79.00473213;-2.885226573;[0];-95.6250
-79.00448933;-2.885226145;[0];-95.6250
-79.00424653;-2.885225717;[0];-95.6250
-79.00400373;-2.885225288;[0];-95.6250
-79.00376093;-2.88522486;[0];-95.6250
-79.00351813;-2.885224432;[0];-95.5625
-79.00327533;-2.885224003;[0];-95.5625
-79.00303253;-2.885223575;[0];-95.6875
-79.00278973;-2.885223147;[0];-95.6875
-79.00254693;-2.885222718;[0];-95.6875
-79.00230413;-2.885222289;[0];-95.6875
-79.00206134;-2.885221861;[0];-95.8125
-79.00181854;-2.885221432;[0];-95.8125
-79.00157574;-2.885221003;[0];-95.8750
-79.00133294;-2.885220575;[0];-95.9375
-79.00109014;-2.885220146;[0];-96.0000
-79.00084734;-2.885219717;[0];-96.0625
-79.00060454;-2.885219288;[0];-96.1250
-79.00036174;-2.885218859;[0];-96.2500
-79.00011894;-2.88521843;[0];-96.3125
-78.99987615;-2.885218001;[0];-96.3125
-78.99963335;-2.885217572;[0];-96.4375
-78.99939055;-2.885217142;[0];-96.5625
-78.99914775;-2.885216713;[0];-96.6875
-78.99890495;-2.885216284;[0];-96.7500
-78.99866215;-2.885215855;[0];-96.8125
-78.99841936;-2.885215425;[0];-96.9375
-78.99817656;-2.885214996;[0];-97.1250
-78.99793376;-2.885214566;[0];-97.2500
-78.99769096;-2.885214137;[0];-97.3125
-78.99744816;-2.885213707;[0];-97.4375
-78.99720536;-2.885213277;[0];-97.5625
-78.99696257;-2.885212848;[0];-97.6875
-78.99671977;-2.885212418;[0];-97.8125
-78.99647697;-2.885211988;[0];-98.0000
-78.99623417;-2.885211558;[0];-98.1875
-78.99599137;-2.885211128;[0];-98.3125
-78.99574857;-2.885210698;[0];-98.4375
-78.99550578;-2.885210268;[0];-98.5625
-78.99526298;-2.885209838;[0];-98.7500
-78.99502018;-2.885209408;[0];-98.8750
-78.99477738;-2.885208978;[0];-99.0625
-78.99453459;-2.885208547;[0];-99.1875
-78.99429179;-2.885208117;[0];-99.3750
-78.99404899;-2.885207687;[0];-99.5000
-78.99380619;-2.885207256;[0];-99.6875
-78.99356339;-2.885206826;[0];-99.8750
-78.99332060;-2.885206395;[0];-100.0625
-78.99307780;-2.885205965;[0];-100.2500
-78.99283500;-2.885205534;[0];-100.3750
-78.99259220;-2.885205104;[0];-100.5000
-78.99234941;-2.885204673;[0];-100.6875
-78.99210661;-2.885204242;[0];-100.8750
-78.99186381;-2.885203811;[0];-101.0625
-78.99162101;-2.88520338;[0];-101.2500
-78.99137822;-2.88520295;[0];-101.4375
-78.99113542;-2.885202519;[0];-101.6250
-78.99089262;-2.885202088;[0];-101.8125
-78.99064982;-2.885201657;[0];-102.0000
-79.01760096;-2.885005065;[0];-101.8750
-79.01735816;-2.88500464;[0];-101.6875
-79.01711536;-2.885004214;[0];-101.5000
-79.01687256;-2.885003789;[0];-101.3125
-79.01662976;-2.885003363;[0];-101.1250
-79.01638696;-2.885002938;[0];-100.9375
-79.01614416;-2.885002512;[0];-100.8125
-79.01590136;-2.885002087;[0];-100.6250
-79.01565856;-2.885001661;[0];-100.5000
-79.01541576;-2.885001235;[0];-100.3125
-79.01517295;-2.885000809;[0];-100.1250
-79.01493015;-2.885000383;[0];-99.9375
-79.01468735;-2.884999958;[0];-99.8125
-79.01444455;-2.884999532;[0];-99.6250
-79.01420175;-2.884999106;[0];-99.5000
-79.01395895;-2.88499868;[0];-99.3125
-79.01371615;-2.884998253;[0];-99.1875
-79.01347335;-2.884997827;[0];-99.0625
-79.01323055;-2.884997401;[0];-98.8750
-79.01298775;-2.884996975;[0];-98.6875
-79.01274495;-2.884996549;[0];-98.5625
-79.01250215;-2.884996122;[0];-98.4375
-79.01225935;-2.884995696;[0];-98.3125
-79.01201655;-2.884995269;[0];-98.1250
-79.01177375;-2.884994843;[0];-98.0000
-79.01153095;-2.884994416;[0];-97.8750
-79.01128815;-2.88499399;[0];-97.7500
-79.01104535;-2.884993563;[0];-97.6250
-79.01080255;-2.884993136;[0];-97.5000
-79.01055975;-2.884992709;[0];-97.3750
-79.01031694;-2.884992283;[0];-97.2500
-79.01007414;-2.884991856;[0];-97.1250
-79.00983134;-2.884991429;[0];-97.0625
-79.00958854;-2.884991002;[0];-96.9375
-79.00934574;-2.884990575;[0];-96.8125
-79.00910294;-2.884990148;[0];-96.7500
-79.00886014;-2.884989721;[0];-96.6250
-79.00861734;-2.884989293;[0];-96.5000
-79.00837455;-2.884988866;[0];-96.5000
-79.00813175;-2.884988439;[0];-96.4375
-79.00788895;-2.884988012;[0];-96.3125
-79.00764615;-2.884987584;[0];-96.1875
-79.00740335;-2.884987157;[0];-96.1250
-79.00716055;-2.884986729;[0];-96.0625
-79.00691775;-2.884986302;[0];-96.0625
-79.00667495;-2.884985874;[0];-96.0000
-79.00643215;-2.884985446;[0];-96.0000
-79.00618935;-2.884985019;[0];-95.8750
-79.00594655;-2.884984591;[0];-95.8750
-79.00570375;-2.884984163;[0];-95.8750
-79.00546095;-2.884983735;[0];-95.8750
-79.00521815;-2.884983307;[0];-95.8750
-79.00497535;-2.884982879;[0];-95.8125
-79.00473255;-2.884982451;[0];-95.8125
-79.00448975;-2.884982023;[0];-95.8125
-79.00424695;-2.884981595;[0];-95.8125
-79.00400415;-2.884981167;[0];-95.8125
-79.00376135;-2.884980739;[0];-95.8125
-79.00351856;-2.88498031;[0];-95.8125
-79.00327576;-2.884979882;[0];-95.8125
-79.00303296;-2.884979454;[0];-95.8750
-79.00279016;-2.884979025;[0];-95.8750
-79.00254736;-2.884978597;[0];-95.8750
-79.00230456;-2.884978168;[0];-95.8750
-79.00206176;-2.88497774;[0];-95.9375
-79.00181896;-2.884977311;[0];-96.0000
-79.00157616;-2.884976882;[0];-96.0625
-79.00133337;-2.884976453;[0];-96.1250
-79.00109057;-2.884976025;[0];-96.1875
-79.00084777;-2.884975596;[0];-96.1875
-79.00060497;-2.884975167;[0];-96.3125
-79.00036217;-2.884974738;[0];-96.4375
-79.00011937;-2.884974309;[0];-96.5000
-78.99987657;-2.88497388;[0];-96.5000
-78.99963377;-2.884973451;[0];-96.6250
-78.99939098;-2.884973022;[0];-96.6875
-78.99914818;-2.884972592;[0];-96.8125
-78.99890538;-2.884972163;[0];-96.9375
-78.99866258;-2.884971734;[0];-97.0000
-78.99841978;-2.884971304;[0];-97.0625
-78.99817698;-2.884970875;[0];-97.2500
-78.99793419;-2.884970445;[0];-97.3750
-78.99769139;-2.884970016;[0];-97.5000
-78.99744859;-2.884969586;[0];-97.6250
-78.99720579;-2.884969157;[0];-97.7500
-78.99696299;-2.884968727;[0];-97.8750
-78.99672019;-2.884968297;[0];-97.9375
-78.99647740;-2.884967868;[0];-98.1250
-78.99623460;-2.884967438;[0];-98.3125
-78.9959918;-2.884967008;[0];-98.4375
-78.99574900;-2.884966578;[0];-98.5625
-78.99550620;-2.884966148;[0];-98.6875
-78.99526341;-2.884965718;[0];-98.8125
-78.99502061;-2.884965288;[0];-99.0000
-78.99477781;-2.884964858;[0];-99.1875
-78.99453501;-2.884964427;[0];-99.3125
-78.99429222;-2.884963997;[0];-99.5000
-78.99404942;-2.884963567;[0];-99.6250
-78.99380662;-2.884963136;[0];-99.7500
-78.99356382;-2.884962706;[0];-99.9375
-78.99332102;-2.884962276;[0];-100.1250
-78.99307823;-2.884961845;[0];-100.3125
-78.99283543;-2.884961414;[0];-100.5000
-78.99259263;-2.884960984;[0];-100.6250
-78.99234983;-2.884960553;[0];-100.7500
-78.99210704;-2.884960122;[0];-100.9375
-78.99186424;-2.884959692;[0];-101.1250
-78.99162144;-2.884959261;[0];-101.3125
-78.99137865;-2.88495883;[0];-101.5000
-78.99113585;-2.884958399;[0];-101.6875
-78.99089305;-2.884957968;[0];-101.8750
-79.01760139;-2.884760941;[0];-101.9375
-79.01735859;-2.884760516;[0];-101.7500
-79.01711579;-2.884760091;[0];-101.5625
-79.01687298;-2.884759665;[0];-101.4375
-79.01663018;-2.88475924;[0];-101.2500
-79.01638738;-2.884758814;[0];-101.0625
-79.01614458;-2.884758389;[0];-100.8750
-79.01590178;-2.884757963;[0];-100.7500
-79.01565898;-2.884757538;[0];-100.6250
-79.01541618;-2.884757112;[0];-100.4375
-79.01517338;-2.884756686;[0];-100.2500
-79.01493058;-2.88475626;[0];-100.0625
-79.01468778;-2.884755834;[0];-99.8750
-79.01444498;-2.884755408;[0];-99.7500
-79.01420218;-2.884754983;[0];-99.5625
-79.01395937;-2.884754557;[0];-99.4375
-79.01371657;-2.88475413;[0];-99.3125
-79.01347377;-2.884753704;[0];-99.1250
-79.01323097;-2.884753278;[0];-98.9375
-79.01298817;-2.884752852;[0];-98.8125
-79.01274537;-2.884752426;[0];-98.6875
-79.01250257;-2.884751999;[0];-98.5625
-79.01225977;-2.884751573;[0];-98.4375
-79.01201697;-2.884751147;[0];-98.2500
-79.01177417;-2.88475072;[0];-98.1250
-79.01153137;-2.884750294;[0];-98.0000
-79.01128857;-2.884749867;[0];-97.8750
-79.01104577;-2.88474944;[0];-97.7500
-79.01080297;-2.884749014;[0];-97.6250
-79.01056017;-2.884748587;[0];-97.5625
-79.01031737;-2.88474816;[0];-97.4375
-79.01007457;-2.884747733;[0];-97.3125
-79.00983177;-2.884747306;[0];-97.1875
-79.00958897;-2.884746879;[0];-97.1250
-79.00934617;-2.884746452;[0];-97.0000
-79.00910337;-2.884746025;[0];-96.8750
-79.00886057;-2.884745598;[0];-96.8125
-79.00861777;-2.884745171;[0];-96.6875
-79.00837497;-2.884744744;[0];-96.6875
-79.00813217;-2.884744317;[0];-96.5625
-79.00788937;-2.884743889;[0];-96.5000
-79.00764657;-2.884743462;[0];-96.3750
-79.00740377;-2.884743035;[0];-96.3125
-79.00716097;-2.884742607;[0];-96.2500
-79.00691817;-2.88474218;[0];-96.2500
-79.00667537;-2.884741752;[0];-96.1875
-79.00643257;-2.884741324;[0];-96.1250
-79.00618977;-2.884740897;[0];-96.0625
-79.00594697;-2.884740469;[0];-96.0625
-79.00570417;-2.884740041;[0];-96.0625
-79.00546138;-2.884739613;[0];-96.0625
-79.00521858;-2.884739186;[0];-96.0625
-79.00497578;-2.884738758;[0];-96.0000
-79.00473298;-2.88473833;[0];-96.0000
-79.00449018;-2.884737902;[0];-96.0000
-79.00424738;-2.884737473;[0];-96.0000
-79.00400458;-2.884737045;[0];-96.0000
-79.00376178;-2.884736617;[0];-96.0000
-79.00351898;-2.884736189;[0];-96.0000
-79.00327618;-2.884735761;[0];-96.0000
-79.00303338;-2.884735332;[0];-96.0625
-79.00279058;-2.884734904;[0];-96.0625
-79.00254779;-2.884734475;[0];-96.0625
-79.00230499;-2.884734047;[0];-96.0625
-79.00206219;-2.884733618;[0];-96.1250
-79.00181939;-2.88473319;[0];-96.1875
-79.00157659;-2.884732761;[0];-96.2500
-79.00133379;-2.884732332;[0];-96.3125
-79.00109099;-2.884731904;[0];-96.3750
-79.00084819;-2.884731475;[0];-96.3750
-79.00060540;-2.884731046;[0];-96.5000
-79.00036260;-2.884730617;[0];-96.5625
-79.00011980;-2.884730188;[0];-96.6875
-78.99987700;-2.884729759;[0];-96.6875
-78.99963420;-2.88472933;[0];-96.7500
-78.99939140;-2.884728901;[0];-96.8750
-78.99914860;-2.884728472;[0];-97.0000
-78.99890581;-2.884728042;[0];-97.0625
-78.99866301;-2.884727613;[0];-97.1875
-78.99842021;-2.884727184;[0];-97.2500
-78.99817741;-2.884726754;[0];-97.3750
-78.99793461;-2.884726325;[0];-97.5625
-78.99769181;-2.884725895;[0];-97.6250
-78.99744902;-2.884725466;[0];-97.7500
-78.99720622;-2.884725036;[0];-97.8750
-78.99696342;-2.884724607;[0];-98.0000
-78.99672062;-2.884724177;[0];-98.1250
-78.99647782;-2.884723747;[0];-98.2500
-78.99623503;-2.884723317;[0];-98.4375
-78.99599223;-2.884722887;[0];-98.5625
-78.99574943;-2.884722458;[0];-98.6875
-78.99550663;-2.884722028;[0];-98.8125
-78.99526383;-2.884721598;[0];-98.9375
-78.99502104;-2.884721167;[0];-99.1250
-78.99477824;-2.884720737;[0];-99.3125
-78.99453544;-2.884720307;[0];-99.4375
-78.99429264;-2.884719877;[0];-99.5625
-78.99404985;-2.884719447;[0];-99.7500
-78.99380705;-2.884719016;[0];-99.8750
-78.99356425;-2.884718586;[0];-100.0625
-78.99332145;-2.884718156;[0];-100.2500
-78.99307866;-2.884717725;[0];-100.3750
-78.99283586;-2.884717295;[0];-100.5625
-78.99259306;-2.884716864;[0];-100.7500
-78.99235026;-2.884716433;[0];-100.8750
-78.99210747;-2.884716003;[0];-101.0625
-78.99186467;-2.884715572;[0];-101.1875
-78.99162187;-2.884715141;[0];-101.3750
-78.99137907;-2.88471471;[0];-101.5625
-78.99113628;-2.884714279;[0];-101.7500
-78.99089348;-2.884713848;[0];-101.9375
-79.01760181;-2.884516818;[0];-102.0000
-79.01735901;-2.884516392;[0];-101.8125
-79.01711621;-2.884515967;[0];-101.6875
-79.01687341;-2.884515542;[0];-101.5000
-79.01663061;-2.884515116;[0];-101.3125
-79.01638781;-2.884514691;[0];-101.1250
-79.01614500;-2.884514265;[0];-101.0000
-79.01590220;-2.88451384;[0];-100.8750
-79.01565940;-2.884513414;[0];-100.6875
-79.01541660;-2.884512989;[0];-100.5000
-79.01517380;-2.884512563;[0];-100.3125
-79.014931;-2.884512137;[0];-100.1250
-79.0146882;-2.884511711;[0];-100.0000
-79.01444540;-2.884511285;[0];-99.8750
-79.01420260;-2.884510859;[0];-99.6875
-79.01395980;-2.884510433;[0];-99.5625
-79.01371700;-2.884510007;[0];-99.4375
-79.01347420;-2.884509581;[0];-99.2500
-79.01323140;-2.884509155;[0];-99.0625
-79.01298860;-2.884508729;[0];-98.9375
-79.01274580;-2.884508303;[0];-98.8125
-79.01250300;-2.884507877;[0];-98.6875
-79.01226020;-2.88450745;[0];-98.5625
-79.01201740;-2.884507024;[0];-98.3750
-79.01177459;-2.884506597;[0];-98.2500
-79.01153179;-2.884506171;[0];-98.1250
-79.01128899;-2.884505744;[0];-98.0000
-79.01104619;-2.884505318;[0];-97.9375
-79.01080339;-2.884504891;[0];-97.8125
-79.01056059;-2.884504464;[0];-97.6875
-79.01031779;-2.884504038;[0];-97.5625
-79.01007499;-2.884503611;[0];-97.5000
-79.00983219;-2.884503184;[0];-97.3750
-79.00958939;-2.884502757;[0];-97.2500
-79.00934659;-2.88450233;[0];-97.1250
-79.00910379;-2.884501903;[0];-97.0625
-79.00886099;-2.884501476;[0];-96.9375
-79.00861819;-2.884501049;[0];-96.8750
-79.00837539;-2.884500622;[0];-96.8750
-79.00813260;-2.884500194;[0];-96.7500
-79.00788980;-2.884499767;[0];-96.6875
-79.00764700;-2.88449934;[0];-96.5625
-79.00740420;-2.884498912;[0];-96.5000
-79.00716140;-2.884498485;[0];-96.4375
-79.00691860;-2.884498058;[0];-96.4375
-79.00667580;-2.88449763;[0];-96.3750
-79.00643300;-2.884497202;[0];-96.3125
-79.00619020;-2.884496775;[0];-96.3125
-79.00594740;-2.884496347;[0];-96.2500
-79.0057046;-2.884495919;[0];-96.2500
-79.0054618;-2.884495492;[0];-96.2500
-79.00521900;-2.884495064;[0];-96.2500
-79.00497620;-2.884494636;[0];-96.1875
-79.00473340;-2.884494208;[0];-96.1875
-79.00449060;-2.88449378;[0];-96.1875
-79.00424780;-2.884493352;[0];-96.1875
-79.00400501;-2.884492924;[0];-96.1875
-79.00376221;-2.884492496;[0];-96.1875
-79.00351941;-2.884492067;[0];-96.1875
-79.00327661;-2.884491639;[0];-96.1875
-79.00303381;-2.884491211;[0];-96.2500
-79.00279101;-2.884490782;[0];-96.2500
-79.00254821;-2.884490354;[0];-96.2500
-79.00230541;-2.884489926;[0];-96.3125
-79.00206261;-2.884489497;[0];-96.3125
-79.00181982;-2.884489068;[0];-96.3750
-79.00157702;-2.88448864;[0];-96.4375
-79.00133422;-2.884488211;[0];-96.5000
-79.00109142;-2.884487782;[0];-96.5625
-79.00084862;-2.884487354;[0];-96.5625
-79.00060582;-2.884486925;[0];-96.6875
-79.00036302;-2.884486496;[0];-96.7500
-79.00012022;-2.884486067;[0];-96.8750
-78.99987743;-2.884485638;[0];-96.8750
-78.99963463;-2.884485209;[0];-96.9375
-78.99939183;-2.88448478;[0];-97.0625
-78.99914903;-2.884484351;[0];-97.1250
-78.99890623;-2.884483921;[0];-97.2500
-78.99866343;-2.884483492;[0];-97.3750
-78.99842064;-2.884483063;[0];-97.3750
-78.99817784;-2.884482634;[0];-97.5000
-78.99793504;-2.884482204;[0];-97.6875
-78.99769224;-2.884481775;[0];-97.8125
-78.99744944;-2.884481345;[0];-97.9375
-78.99720665;-2.884480916;[0];-98.0000
-78.99696385;-2.884480486;[0];-98.1250
-78.99672105;-2.884480056;[0];-98.2500
-78.99647825;-2.884479627;[0];-98.3750
-78.99623545;-2.884479197;[0];-98.5000
-78.99599266;-2.884478767;[0];-98.6875
-78.99574986;-2.884478337;[0];-98.8125
-78.99550706;-2.884477907;[0];-98.9375
-78.99526426;-2.884477477;[0];-99.0625
-78.99502146;-2.884477047;[0];-99.2500
-78.99477867;-2.884476617;[0];-99.4375
-78.99453587;-2.884476187;[0];-99.5625
-78.99429307;-2.884475757;[0];-99.6875
-78.99405027;-2.884475327;[0];-99.8750
-78.99380748;-2.884474896;[0];-100.0000
-78.99356468;-2.884474466;[0];-100.1250
-78.99332188;-2.884474036;[0];-100.3125
-78.99307908;-2.884473605;[0];-100.5000
-78.99283629;-2.884473175;[0];-100.6875
-78.99259349;-2.884472744;[0];-100.8750
-78.99235069;-2.884472313;[0];-101.0000
-78.99210789;-2.884471883;[0];-101.1250
-78.99186510;-2.884471452;[0];-101.3125
-78.99162230;-2.884471021;[0];-101.5000
-78.99137950;-2.884470591;[0];-101.6250
-78.99113671;-2.88447016;[0];-101.8125
-78.99089391;-2.884469729;[0];-102.0000
-79.01735943;-2.884272269;[0];-101.9375
-79.01711663;-2.884271844;[0];-101.7500
-79.01687383;-2.884271418;[0];-101.5625
-79.01663103;-2.884270993;[0];-101.3750
-79.01638823;-2.884270567;[0];-101.2500
-79.01614543;-2.884270142;[0];-101.1250
-79.01590263;-2.884269716;[0];-100.9375
-79.01565983;-2.884269291;[0];-100.7500
-79.01541703;-2.884268865;[0];-100.5625
-79.01517423;-2.88426844;[0];-100.3750
-79.01493142;-2.884268014;[0];-100.2500
-79.01468862;-2.884267588;[0];-100.1250
-79.01444582;-2.884267162;[0];-99.9375
-79.01420302;-2.884266736;[0];-99.8125
-79.01396022;-2.88426631;[0];-99.6875
-79.01371742;-2.884265884;[0];-99.5000
-79.01347462;-2.884265458;[0];-99.3750
-79.01323182;-2.884265032;[0];-99.1875
-79.01298902;-2.884264606;[0];-99.0625
-79.01274622;-2.88426418;[0];-99.0000
-79.01250342;-2.884263754;[0];-98.8125
-79.01226062;-2.884263327;[0];-98.6250
-79.01201782;-2.884262901;[0];-98.5000
-79.01177502;-2.884262475;[0];-98.3750
-79.01153222;-2.884262048;[0];-98.3125
-79.01128942;-2.884261622;[0];-98.1875
-79.01104662;-2.884261195;[0];-98.0625
-79.01080382;-2.884260768;[0];-97.9375
-79.01056102;-2.884260342;[0];-97.8125
-79.01031822;-2.884259915;[0];-97.7500
-79.01007542;-2.884259488;[0];-97.6250
-79.00983262;-2.884259062;[0];-97.5000
-79.00958982;-2.884258635;[0];-97.4375
-79.00934702;-2.884258208;[0];-97.3125
-79.00910422;-2.884257781;[0];-97.1875
-79.00886142;-2.884257354;[0];-97.1250
-79.00861862;-2.884256927;[0];-97.0625
-79.00837582;-2.884256499;[0];-97.0000
-79.00813302;-2.884256072;[0];-96.9375
-79.00789022;-2.884255645;[0];-96.8125
-79.00764742;-2.884255218;[0];-96.7500
-79.00740462;-2.88425479;[0];-96.6250
-79.00716182;-2.884254363;[0];-96.6250
-79.00691902;-2.884253936;[0];-96.6250
-79.00667622;-2.884253508;[0];-96.5625
-79.00643342;-2.884253081;[0];-96.5000
-79.00619062;-2.884252653;[0];-96.5000
-79.00594782;-2.884252225;[0];-96.4375
-79.00570503;-2.884251798;[0];-96.4375
-79.00546223;-2.88425137;[0];-96.4375
-79.00521943;-2.884250942;[0];-96.4375
-79.00497663;-2.884250514;[0];-96.3750
-79.00473383;-2.884250086;[0];-96.3750
-79.00449103;-2.884249658;[0];-96.3750
-79.00424823;-2.88424923;[0];-96.3750
-79.00400543;-2.884248802;[0];-96.3750
-79.00376263;-2.884248374;[0];-96.3750
-79.00351983;-2.884247946;[0];-96.3750
-79.00327703;-2.884247518;[0];-96.3750
-79.00303424;-2.884247089;[0];-96.4375
-79.00279144;-2.884246661;[0];-96.4375
-79.00254864;-2.884246233;[0];-96.4375
-79.00230584;-2.884245804;[0];-96.5000
-79.00206304;-2.884245376;[0];-96.5000
-79.00182024;-2.884244947;[0];-96.5625
-79.00157744;-2.884244519;[0];-96.6250
-79.00133464;-2.88424409;[0];-96.6875
-79.00109185;-2.884243661;[0];-96.7500
-79.00084905;-2.884243233;[0];-96.7500
-79.00060625;-2.884242804;[0];-96.8125
-79.00036345;-2.884242375;[0];-96.9375
-79.00012065;-2.884241946;[0];-97.0000
-78.99987785;-2.884241517;[0];-97.0625
-78.99963505;-2.884241088;[0];-97.1250
-78.99939226;-2.884240659;[0];-97.1875
-78.99914946;-2.88424023;[0];-97.3125
-78.99890666;-2.884239801;[0];-97.4375
-78.99866386;-2.884239371;[0];-97.5000
-78.99842106;-2.884238942;[0];-97.5625
-78.99817827;-2.884238513;[0];-97.6250
-78.99793547;-2.884238084;[0];-97.8125
-78.99769267;-2.884237654;[0];-97.9375
-78.99744987;-2.884237225;[0];-98.0625
-78.99720707;-2.884236795;[0];-98.1875
-78.99696427;-2.884236366;[0];-98.3125
-78.99672148;-2.884235936;[0];-98.3750
-78.99647868;-2.884235506;[0];-98.5000
-78.99623588;-2.884235076;[0];-98.6250
-78.99599308;-2.884234647;[0];-98.8125
-78.99575029;-2.884234217;[0];-98.9375
-78.99550749;-2.884233787;[0];-99.0625
-78.99526469;-2.884233357;[0];-99.1875
-78.99502189;-2.884232927;[0];-99.3125
-78.99477909;-2.884232497;[0];-99.5000
-78.99453630;-2.884232067;[0];-99.6875
-78.99429350;-2.884231637;[0];-99.8125
-78.99405070;-2.884231207;[0];-99.9375
-78.99380790;-2.884230776;[0];-100.1250
-78.99356511;-2.884230346;[0];-100.2500
-78.99332231;-2.884229916;[0];-100.3750
-78.99307951;-2.884229485;[0];-100.5625
-78.99283671;-2.884229055;[0];-100.7500
-78.99259392;-2.884228624;[0];-100.9375
-78.99235112;-2.884228194;[0];-101.1250
-78.99210832;-2.884227763;[0];-101.2500
-78.99186553;-2.884227332;[0];-101.3750
-78.99162273;-2.884226902;[0];-101.5625
-78.99137993;-2.884226471;[0];-101.7500
-78.99113713;-2.88422604;[0];-101.8750
-79.01735986;-2.884028145;[0];-102.0000
-79.01711705;-2.88402772;[0];-101.8125
-79.01687425;-2.884027295;[0];-101.6250
-79.01663145;-2.884026869;[0];-101.4375
-79.01638865;-2.884026444;[0];-101.3125
-79.01614585;-2.884026019;[0];-101.1875
-79.01590305;-2.884025593;[0];-101.0000
-79.01566025;-2.884025168;[0];-100.8125
-79.01541745;-2.884024742;[0];-100.6875
-79.01517465;-2.884024316;[0];-100.5000
-79.01493185;-2.884023891;[0];-100.3750
-79.01468905;-2.884023465;[0];-100.2500
-79.01444625;-2.884023039;[0];-100.0625
-79.01420345;-2.884022613;[0];-99.9375
-79.01396065;-2.884022187;[0];-99.8125
-79.01371785;-2.884021761;[0];-99.6250
-79.01347504;-2.884021335;[0];-99.4375
-79.01323224;-2.884020909;[0];-99.3125
-79.01298944;-2.884020483;[0];-99.2500
-79.01274664;-2.884020057;[0];-99.1250
-79.01250384;-2.884019631;[0];-98.9375
-79.01226104;-2.884019205;[0];-98.7500
-79.01201824;-2.884018778;[0];-98.6875
-79.01177544;-2.884018352;[0];-98.5625
-79.01153264;-2.884017925;[0];-98.4375
-79.01128984;-2.884017499;[0];-98.3125
-79.01104704;-2.884017072;[0];-98.1875
-79.01080424;-2.884016646;[0];-98.1250
-79.01056144;-2.884016219;[0];-98.0000
-79.01031864;-2.884015793;[0];-97.8750
-79.01007584;-2.884015366;[0];-97.8125
-79.00983304;-2.884014939;[0];-97.6875
-79.00959024;-2.884014512;[0];-97.5625
-79.00934744;-2.884014085;[0];-97.5000
-79.00910464;-2.884013658;[0];-97.3750
-79.00886184;-2.884013231;[0];-97.2500
-79.00861904;-2.884012804;[0];-97.2500
-79.00837624;-2.884012377;[0];-97.1875
-79.00813345;-2.88401195;[0];-97.0625
-79.00789065;-2.884011523;[0];-97.0000
-79.00764785;-2.884011096;[0];-96.9375
-79.00740505;-2.884010668;[0];-96.8125
-79.00716225;-2.884010241;[0];-96.8125
-79.00691945;-2.884009814;[0];-96.8125
-79.00667665;-2.884009386;[0];-96.7500
-79.00643385;-2.884008959;[0];-96.6875
-79.00619105;-2.884008531;[0];-96.6250
-79.00594825;-2.884008103;[0];-96.6250
-79.00570545;-2.884007676;[0];-96.6250
-79.00546265;-2.884007248;[0];-96.6250
-79.00521985;-2.88400682;[0];-96.6250
-79.00497705;-2.884006392;[0];-96.5625
-79.00473425;-2.884005965;[0];-96.5625
-79.00449146;-2.884005537;[0];-96.5625
-79.00424866;-2.884005109;[0];-96.5625
-79.00400586;-2.884004681;[0];-96.5625
-79.00376306;-2.884004253;[0];-96.5625
-79.00352026;-2.884003824;[0];-96.5625
-79.00327746;-2.884003396;[0];-96.5625
-79.00303466;-2.884002968;[0];-96.5625
-79.00279186;-2.88400254;[0];-96.6250
-79.00254906;-2.884002111;[0];-96.6250
-79.00230627;-2.884001683;[0];-96.6250
-79.00206347;-2.884001254;[0];-96.6875
-79.00182067;-2.884000826;[0];-96.7500
-79.00157787;-2.884000397;[0];-96.8125
-79.00133507;-2.883999969;[0];-96.8125
-79.00109227;-2.88399954;[0];-96.9375
-79.00084947;-2.883999111;[0];-96.9375
-79.00060668;-2.883998683;[0];-97.0000
-79.00036388;-2.883998254;[0];-97.0625
-79.00012108;-2.883997825;[0];-97.1875
-78.99987828;-2.883997396;[0];-97.2500
-78.99963548;-2.883996967;[0];-97.2500
-78.99939268;-2.883996538;[0];-97.3750
-78.99914988;-2.883996109;[0];-97.5000
-78.99890709;-2.88399568;[0];-97.5625
-78.99866429;-2.883995251;[0];-97.6875
-78.99842149;-2.883994821;[0];-97.7500
-78.99817869;-2.883994392;[0];-97.8125
-78.99793589;-2.883993963;[0];-97.9375
-78.99769310;-2.883993533;[0];-98.1250
-78.99745030;-2.883993104;[0];-98.1875
-78.99720750;-2.883992675;[0];-98.3125
-78.99696470;-2.883992245;[0];-98.4375
-78.99672190;-2.883991815;[0];-98.5625
-78.99647911;-2.883991386;[0];-98.6250
-78.99623631;-2.883990956;[0];-98.7500
-78.99599351;-2.883990526;[0];-98.9375
-78.99575071;-2.883990096;[0];-99.1250
-78.99550792;-2.883989667;[0];-99.2500
-78.99526512;-2.883989237;[0];-99.3125
-78.99502232;-2.883988807;[0];-99.4375
-78.99477952;-2.883988377;[0];-99.6250
-78.99453672;-2.883987947;[0];-99.8125
-78.99429393;-2.883987517;[0];-99.9375
-78.99405113;-2.883987086;[0];-100.0625
-78.99380833;-2.883986656;[0];-100.2500
-78.99356553;-2.883986226;[0];-100.3750
-78.99332274;-2.883985796;[0];-100.5000
-78.99307994;-2.883985365;[0];-100.6875
-78.99283714;-2.883984935;[0];-100.8125
-78.99259435;-2.883984504;[0];-101.0000
-78.99235155;-2.883984074;[0];-101.1875
-78.99210875;-2.883983643;[0];-101.3125
-78.99186595;-2.883983213;[0];-101.4375
-78.99162316;-2.883982782;[0];-101.6250
-78.99138036;-2.883982351;[0];-101.8125
-78.99113756;-2.88398192;[0];-102.0000
-79.01711748;-2.883783597;[0];-101.8750
-79.01687468;-2.883783171;[0];-101.6875
-79.01663188;-2.883782746;[0];-101.5625
-79.01638908;-2.883782321;[0];-101.4375
-79.01614627;-2.883781895;[0];-101.2500
-79.01590347;-2.88378147;[0];-101.1250
-79.01566067;-2.883781044;[0];-100.9375
-79.01541787;-2.883780619;[0];-100.7500
-79.01517507;-2.883780193;[0];-100.6250
-79.01493227;-2.883779767;[0];-100.5000
-79.01468947;-2.883779342;[0];-100.3125
-79.01444667;-2.883778916;[0];-100.1875
-79.01420387;-2.88377849;[0];-100.0625
-79.01396107;-2.883778064;[0];-99.8750
-79.01371827;-2.883777638;[0];-99.7500
-79.01347547;-2.883777212;[0];-99.5625
-79.01323267;-2.883776786;[0];-99.5000
-79.01298987;-2.88377636;[0];-99.3750
-79.01274707;-2.883775934;[0];-99.2500
-79.01250427;-2.883775508;[0];-99.0625
-79.01226147;-2.883775082;[0];-98.9375
-79.01201867;-2.883774655;[0];-98.8125
-79.01177587;-2.883774229;[0];-98.6875
-79.01153307;-2.883773803;[0];-98.5625
-79.01129027;-2.883773376;[0];-98.4375
-79.01104747;-2.88377295;[0];-98.3750
-79.01080467;-2.883772523;[0];-98.2500
-79.01056187;-2.883772097;[0];-98.1250
-79.01031907;-2.88377167;[0];-98.0625
-79.01007627;-2.883771243;[0];-97.9375
-79.00983347;-2.883770817;[0];-97.8125
-79.00959067;-2.88377039;[0];-97.7500
-79.00934787;-2.883769963;[0];-97.6250
-79.00910507;-2.883769536;[0];-97.5625
-79.00886227;-2.883769109;[0];-97.4375
-79.00861947;-2.883768682;[0];-97.4375
-79.00837667;-2.883768255;[0];-97.3750
-79.00813387;-2.883767828;[0];-97.2500
-79.00789107;-2.883767401;[0];-97.1875
-79.00764827;-2.883766974;[0];-97.0625
-79.00740547;-2.883766546;[0];-97.0000
-79.00716267;-2.883766119;[0];-97.0000
-79.00691987;-2.883765692;[0];-97.0000
-79.00667707;-2.883765264;[0];-96.9375
-79.00643427;-2.883764837;[0];-96.8750
-79.00619147;-2.883764409;[0];-96.8125
-79.00594868;-2.883763982;[0];-96.8125
-79.00570588;-2.883763554;[0];-96.8125
-79.00546308;-2.883763126;[0];-96.8125
-79.00522028;-2.883762698;[0];-96.8125
-79.00497748;-2.883762271;[0];-96.7500
-79.00473468;-2.883761843;[0];-96.7500
-79.00449188;-2.883761415;[0];-96.7500
-79.00424908;-2.883760987;[0];-96.7500
-79.00400628;-2.883760559;[0];-96.7500
-79.00376348;-2.883760131;[0];-96.7500
-79.00352069;-2.883759703;[0];-96.7500
-79.00327789;-2.883759275;[0];-96.7500
-79.00303509;-2.883758847;[0];-96.7500
-79.00279229;-2.883758418;[0];-96.8125
-79.00254949;-2.88375799;[0];-96.8125
-79.00230669;-2.883757562;[0];-96.8125
-79.00206389;-2.883757133;[0];-96.8750
-79.00182109;-2.883756705;[0];-96.9375
-79.00157830;-2.883756276;[0];-97.0000
-79.00133550;-2.883755848;[0];-97.0000
-79.00109270;-2.883755419;[0];-97.0625
-79.00084990;-2.88375499;[0];-97.1250
-79.00060710;-2.883754562;[0];-97.1875
-79.00036430;-2.883754133;[0];-97.2500
-79.00012150;-2.883753704;[0];-97.3750
-78.99987871;-2.883753275;[0];-97.4375
-78.99963591;-2.883752846;[0];-97.4375
-78.99939311;-2.883752417;[0];-97.5000
-78.99915031;-2.883751988;[0];-97.6250
-78.99890751;-2.883751559;[0];-97.7500
-78.99866472;-2.88375113;[0];-97.8125
-78.99842192;-2.883750701;[0];-97.9375
-78.99817912;-2.883750271;[0];-97.9375
-78.99793632;-2.883749842;[0];-98.0625
-78.99769352;-2.883749413;[0];-98.2500
-78.99745073;-2.883748983;[0];-98.3750
-78.99720793;-2.883748554;[0];-98.4375
-78.99696513;-2.883748124;[0];-98.5625
-78.99672233;-2.883747695;[0];-98.6875
-78.99647953;-2.883747265;[0];-98.8125
-78.99623674;-2.883746836;[0];-98.9375
-78.99599394;-2.883746406;[0];-99.0625
-78.99575114;-2.883745976;[0];-99.2500
-78.99550834;-2.883745546;[0];-99.3750
-78.99526554;-2.883745116;[0];-99.5000
-78.99502275;-2.883744687;[0];-99.5625
-78.99477995;-2.883744257;[0];-99.6875
-78.99453715;-2.883743827;[0];-99.8750
-78.99429435;-2.883743396;[0];-100.0625
-78.99405156;-2.883742966;[0];-100.1875
-78.99380876;-2.883742536;[0];-100.3125
-78.99356596;-2.883742106;[0];-100.5000
-78.99332317;-2.883741676;[0];-100.6250
-78.99308037;-2.883741245;[0];-100.7500
-78.99283757;-2.883740815;[0];-100.9375
-78.99259477;-2.883740384;[0];-101.1250
-78.99235198;-2.883739954;[0];-101.2500
-78.99210918;-2.883739523;[0];-101.4375
-78.99186638;-2.883739093;[0];-101.5625
-78.99162358;-2.883738662;[0];-101.6875
-78.99138079;-2.883738232;[0];-101.8750
-79.0171179;-2.883539473;[0];-101.9375
-79.01687510;-2.883539048;[0];-101.8125
-79.01663230;-2.883538623;[0];-101.6875
-79.01638950;-2.883538197;[0];-101.5000
-79.01614670;-2.883537772;[0];-101.3750
-79.01590390;-2.883537346;[0];-101.1875
-79.01566110;-2.883536921;[0];-101.0000
-79.01541830;-2.883536495;[0];-100.8750
-79.01517550;-2.88353607;[0];-100.7500
-79.01493269;-2.883535644;[0];-100.5625
-79.01468989;-2.883535219;[0];-100.4375
-79.01444709;-2.883534793;[0];-100.3125
-79.01420429;-2.883534367;[0];-100.1875
-79.01396149;-2.883533941;[0];-100.0000
-79.01371869;-2.883533515;[0];-99.8125
-79.01347589;-2.883533089;[0];-99.6875
-79.01323309;-2.883532663;[0];-99.6250
-79.01299029;-2.883532237;[0];-99.5000
-79.01274749;-2.883531811;[0];-99.3125
-79.01250469;-2.883531385;[0];-99.1875
-79.01226189;-2.883530959;[0];-99.0625
-79.01201909;-2.883530533;[0];-98.9375
-79.01177629;-2.883530106;[0];-98.8125
-79.01153349;-2.88352968;[0];-98.6875
-79.01129069;-2.883529254;[0];-98.6250
-79.01104789;-2.883528827;[0];-98.5000
-79.01080509;-2.883528401;[0];-98.3750
-79.01056229;-2.883527974;[0];-98.3125
-79.01031949;-2.883527548;[0];-98.1875
-79.01007669;-2.883527121;[0];-98.0625
-79.00983389;-2.883526694;[0];-98.0000
-79.00959109;-2.883526267;[0];-97.8750
-79.00934829;-2.883525841;[0];-97.8125
-79.00910549;-2.883525414;[0];-97.6875
-79.00886269;-2.883524987;[0];-97.6250
-79.00861989;-2.88352456;[0];-97.6250
-79.00837709;-2.883524133;[0];-97.5000
-79.00813429;-2.883523706;[0];-97.4375
-79.00789150;-2.883523279;[0];-97.3125
-79.00764870;-2.883522851;[0];-97.2500
-79.00740590;-2.883522424;[0];-97.1875
-79.00716310;-2.883521997;[0];-97.1875
-79.00692030;-2.88352157;[0];-97.1250
-79.00667750;-2.883521142;[0];-97.1250
-79.00643470;-2.883520715;[0];-97.0625
-79.00619190;-2.883520287;[0];-97.0000
-79.0059491;-2.88351986;[0];-97.0000
-79.00570630;-2.883519432;[0];-97.0000
-79.00546350;-2.883519004;[0];-97.0000
-79.00522070;-2.883518577;[0];-97.0000
-79.00497790;-2.883518149;[0];-96.9375
-79.00473511;-2.883517721;[0];-96.9375
-79.00449231;-2.883517293;[0];-96.9375
-79.00424951;-2.883516865;[0];-96.9375
-79.00400671;-2.883516437;[0];-96.9375
-79.00376391;-2.883516009;[0];-96.9375
-79.00352111;-2.883515581;[0];-96.9375
-79.00327831;-2.883515153;[0];-96.8750
-79.00303551;-2.883514725;[0];-96.9375
-79.00279271;-2.883514297;[0];-97.0000
-79.00254992;-2.883513869;[0];-97.0000
-79.00230712;-2.88351344;[0];-97.0000
-79.00206432;-2.883513012;[0];-97.0625
-79.00182152;-2.883512583;[0];-97.1250
-79.00157872;-2.883512155;[0];-97.1250
-79.00133592;-2.883511726;[0];-97.1875
-79.00109312;-2.883511298;[0];-97.2500
-79.00085033;-2.883510869;[0];-97.3125
-79.00060753;-2.883510441;[0];-97.3125
-79.00036473;-2.883510012;[0];-97.4375
-79.00012193;-2.883509583;[0];-97.5000
-78.99987913;-2.883509154;[0];-97.5625
-78.99963633;-2.883508725;[0];-97.6250
-78.99939354;-2.883508296;[0];-97.6875
-78.99915074;-2.883507867;[0];-97.8125
-78.99890794;-2.883507438;[0];-97.8750
-78.99866514;-2.883507009;[0];-98.0000
-78.99842234;-2.88350658;[0];-98.0625
-78.99817955;-2.883506151;[0];-98.1250
-78.99793675;-2.883505722;[0];-98.1875
-78.99769395;-2.883505292;[0];-98.3750
-78.99745115;-2.883504863;[0];-98.5000
-78.99720835;-2.883504433;[0];-98.6250
-78.99696556;-2.883504004;[0];-98.6875
-78.99672276;-2.883503574;[0];-98.8125
-78.99647996;-2.883503145;[0];-98.9375
-78.99623716;-2.883502715;[0];-99.0625
-78.99599437;-2.883502286;[0];-99.1875
-78.99575157;-2.883501856;[0];-99.3125
-78.99550877;-2.883501426;[0];-99.5000
-78.99526597;-2.883500996;[0];-99.6250
-78.99502317;-2.883500566;[0];-99.6875
-78.99478038;-2.883500136;[0];-99.8125
-78.99453758;-2.883499706;[0];-100.0000
-78.99429478;-2.883499276;[0];-100.1875
-78.99405199;-2.883498846;[0];-100.3125
-78.99380919;-2.883498416;[0];-100.4375
-78.99356639;-2.883497986;[0];-100.5625
-78.99332359;-2.883497556;[0];-100.7500
-78.99308080;-2.883497125;[0];-100.8750
-78.99283800;-2.883496695;[0];-101.0000
-78.99259520;-2.883496265;[0];-101.1875
-78.99235240;-2.883495834;[0];-101.3750
-78.99210961;-2.883495404;[0];-101.5000
-78.99186681;-2.883494973;[0];-101.6875
-78.99162401;-2.883494542;[0];-101.8125
-78.99138122;-2.883494112;[0];-101.9375
-79.01711832;-2.883295349;[0];-102.0000
-79.01687552;-2.883294924;[0];-101.8750
-79.01663272;-2.883294499;[0];-101.7500
-79.01638992;-2.883294074;[0];-101.6250
-79.01614712;-2.883293648;[0];-101.4375
-79.01590432;-2.883293223;[0];-101.2500
-79.01566152;-2.883292798;[0];-101.1250
-79.01541872;-2.883292372;[0];-101.0000
-79.01517592;-2.883291947;[0];-100.8750
-79.01493312;-2.883291521;[0];-100.6875
-79.01469032;-2.883291095;[0];-100.5000
-79.01444752;-2.88329067;[0];-100.4375
-79.01420472;-2.883290244;[0];-100.2500
-79.01396192;-2.883289818;[0];-100.1250
-79.01371912;-2.883289392;[0];-99.9375
-79.01347632;-2.883288966;[0];-99.8750
-79.01323352;-2.88328854;[0];-99.7500
-79.01299072;-2.883288114;[0];-99.6250
-79.01274792;-2.883287688;[0];-99.4375
-79.01250512;-2.883287262;[0];-99.3125
-79.01226232;-2.883286836;[0];-99.1875
-79.01201952;-2.88328641;[0];-99.0625
-79.01177672;-2.883285984;[0];-98.9375
-79.01153392;-2.883285557;[0];-98.8750
-79.01129112;-2.883285131;[0];-98.7500
-79.01104832;-2.883284705;[0];-98.6250
-79.01080552;-2.883284278;[0];-98.5625
-79.01056272;-2.883283852;[0];-98.4375
-79.01031992;-2.883283425;[0];-98.3125
-79.01007712;-2.883282998;[0];-98.2500
-79.00983432;-2.883282572;[0];-98.1250
-79.00959152;-2.883282145;[0];-98.0625
-79.00934872;-2.883281718;[0];-97.9375
-79.00910592;-2.883281291;[0];-97.8750
-79.00886312;-2.883280864;[0];-97.8125
-79.00862032;-2.883280438;[0];-97.7500
-79.00837752;-2.883280011;[0];-97.6875
-79.00813472;-2.883279584;[0];-97.5625
-79.00789192;-2.883279156;[0];-97.5000
-79.00764912;-2.883278729;[0];-97.4375
-79.00740632;-2.883278302;[0];-97.3750
-79.00716352;-2.883277875;[0];-97.3125
-79.00692072;-2.883277448;[0];-97.3125
-79.00667792;-2.88327702;[0];-97.3125
-79.00643512;-2.883276593;[0];-97.1875
-79.00619233;-2.883276165;[0];-97.1875
-79.00594953;-2.883275738;[0];-97.1875
-79.00570673;-2.88327531;[0];-97.1875
-79.00546393;-2.883274883;[0];-97.1875
-79.00522113;-2.883274455;[0];-97.1250
-79.00497833;-2.883274027;[0];-97.0625
-79.00473553;-2.883273599;[0];-97.0625
-79.00449273;-2.883273172;[0];-97.1250
-79.00424993;-2.883272744;[0];-97.1250
-79.00400713;-2.883272316;[0];-97.1250
-79.00376434;-2.883271888;[0];-97.0625
-79.00352154;-2.88327146;[0];-97.0625
-79.00327874;-2.883271032;[0];-97.0625
-79.00303594;-2.883270604;[0];-97.1250
-79.00279314;-2.883270175;[0];-97.1875
-79.00255034;-2.883269747;[0];-97.1875
-79.00230754;-2.883269319;[0];-97.1875
-79.00206474;-2.883268891;[0];-97.1875
-79.00182195;-2.883268462;[0];-97.3125
-79.00157915;-2.883268034;[0];-97.3125
-79.00133635;-2.883267605;[0];-97.3125
-79.00109355;-2.883267177;[0];-97.4375
-79.00085075;-2.883266748;[0];-97.5000
-79.00060795;-2.883266319;[0];-97.5000
-79.00036516;-2.883265891;[0];-97.5625
-79.00012236;-2.883265462;[0];-97.6875
-78.99987956;-2.883265033;[0];-97.7500
-78.99963676;-2.883264604;[0];-97.8125
-78.99939396;-2.883264175;[0];-97.8750
-78.99915116;-2.883263746;[0];-97.9375
-78.99890837;-2.883263317;[0];-98.0625
-78.99866557;-2.883262888;[0];-98.1250
-78.99842277;-2.883262459;[0];-98.2500
-78.99817997;-2.88326203;[0];-98.3125
-78.99793717;-2.883261601;[0];-98.3125
-78.99769438;-2.883261172;[0];-98.5000
-78.99745158;-2.883260742;[0];-98.6250
-78.99720878;-2.883260313;[0];-98.7500
-78.99696598;-2.883259883;[0];-98.8750
-78.99672319;-2.883259454;[0];-98.9375
-78.99648039;-2.883259024;[0];-99.0625
-78.99623759;-2.883258595;[0];-99.1875
-78.99599479;-2.883258165;[0];-99.3125
-78.99575200;-2.883257735;[0];-99.4375
-78.99550920;-2.883257306;[0];-99.6250
-78.9952664;-2.883256876;[0];-99.7500
-78.99502360;-2.883256446;[0];-99.8125
-78.99478081;-2.883256016;[0];-99.9375
-78.99453801;-2.883255586;[0];-100.0625
-78.99429521;-2.883255156;[0];-100.2500
-78.99405241;-2.883254726;[0];-100.3750
-78.99380962;-2.883254296;[0];-100.5000
-78.99356682;-2.883253866;[0];-100.6875
-78.99332402;-2.883253436;[0];-100.8125
-78.99308122;-2.883253005;[0];-101.0000
-78.99283843;-2.883252575;[0];-101.1250
-78.99259563;-2.883252145;[0];-101.2500
-78.99235283;-2.883251714;[0];-101.4375
-78.99211004;-2.883251284;[0];-101.6250
-78.99186724;-2.883250853;[0];-101.7500
-78.99162444;-2.883250423;[0];-101.8750
-78.99138164;-2.883249992;[0];-102.0000
-79.01687595;-2.883050801;[0];-102.0000
-79.01663314;-2.883050376;[0];-101.8750
-79.01639034;-2.88304995;[0];-101.6875
-79.01614754;-2.883049525;[0];-101.5000
-79.01590474;-2.8830491;[0];-101.3750
-79.01566194;-2.883048674;[0];-101.1875
-79.01541914;-2.883048249;[0];-101.1250
-79.01517634;-2.883047823;[0];-100.9375
-79.01493354;-2.883047398;[0];-100.7500
-79.01469074;-2.883046972;[0];-100.6250
-79.01444794;-2.883046547;[0];-100.5000
-79.01420514;-2.883046121;[0];-100.3750
-79.01396234;-2.883045695;[0];-100.1875
-79.01371954;-2.883045269;[0];-100.0625
-79.01347674;-2.883044843;[0];-100.0000
-79.01323394;-2.883044418;[0];-99.8750
-79.01299114;-2.883043992;[0];-99.7500
-79.01274834;-2.883043566;[0];-99.5625
-79.01250554;-2.883043139;[0];-99.4375
-79.01226274;-2.883042713;[0];-99.3125
-79.01201994;-2.883042287;[0];-99.1875
-79.01177714;-2.883041861;[0];-99.1250
-79.01153434;-2.883041435;[0];-99.0000
-79.01129154;-2.883041008;[0];-98.8750
-79.01104874;-2.883040582;[0];-98.8125
-79.01080594;-2.883040156;[0];-98.6875
-79.01056314;-2.883039729;[0];-98.5625
-79.01032034;-2.883039303;[0];-98.5000
-79.01007754;-2.883038876;[0];-98.3750
-79.00983474;-2.883038449;[0];-98.3125
-79.00959194;-2.883038023;[0];-98.1875
-79.00934914;-2.883037596;[0];-98.1250
-79.00910634;-2.883037169;[0];-98.0000
-79.00886354;-2.883036742;[0];-97.9375
-79.00862074;-2.883036315;[0];-97.9375
-79.00837794;-2.883035888;[0];-97.8125
-79.00813514;-2.883035461;[0];-97.7500
-79.00789234;-2.883035034;[0];-97.6875
-79.00764955;-2.883034607;[0];-97.5625
-79.00740675;-2.88303418;[0];-97.5625
-79.00716395;-2.883033753;[0];-97.5000
-79.00692115;-2.883033326;[0];-97.5000
-79.00667835;-2.883032898;[0];-97.4375
-79.00643555;-2.883032471;[0];-97.3750
-79.00619275;-2.883032043;[0];-97.3750
-79.00594995;-2.883031616;[0];-97.3750
-79.00570715;-2.883031188;[0];-97.3750
-79.00546435;-2.883030761;[0];-97.3750
-79.00522155;-2.883030333;[0];-97.3125
-79.00497876;-2.883029906;[0];-97.2500
-79.00473596;-2.883029478;[0];-97.2500
-79.00449316;-2.88302905;[0];-97.2500
-79.00425036;-2.883028622;[0];-97.3125
-79.00400756;-2.883028194;[0];-97.2500
-79.00376476;-2.883027766;[0];-97.2500
-79.00352196;-2.883027338;[0];-97.2500
-79.00327916;-2.88302691;[0];-97.2500
-79.00303637;-2.883026482;[0];-97.3125
-79.00279357;-2.883026054;[0];-97.3750
-79.00255077;-2.883025626;[0];-97.3750
-79.00230797;-2.883025198;[0];-97.3750
-79.00206517;-2.883024769;[0];-97.3750
-79.00182237;-2.883024341;[0];-97.4375
-79.00157957;-2.883023913;[0];-97.5000
-79.00133678;-2.883023484;[0];-97.5000
-79.00109398;-2.883023056;[0];-97.5625
-79.00085118;-2.883022627;[0];-97.6250
-79.00060838;-2.883022198;[0];-97.6875
-79.00036558;-2.88302177;[0];-97.7500
-79.00012278;-2.883021341;[0];-97.8125
-78.99987999;-2.883020912;[0];-97.9375
-78.99963719;-2.883020483;[0];-97.9375
-78.99939439;-2.883020055;[0];-98.0000
-78.99915159;-2.883019626;[0];-98.0625
-78.99890879;-2.883019197;[0];-98.1875
-78.99866600;-2.883018768;[0];-98.3125
-78.99842320;-2.883018338;[0];-98.3750
-78.99818040;-2.883017909;[0];-98.4375
-78.99793760;-2.88301748;[0];-98.5000
-78.99769480;-2.883017051;[0];-98.6250
-78.99745201;-2.883016622;[0];-98.8125
-78.99720921;-2.883016192;[0];-98.8750
-78.99696641;-2.883015763;[0];-99.0000
-78.99672361;-2.883015333;[0];-99.1250
-78.99648082;-2.883014904;[0];-99.1875
-78.99623802;-2.883014474;[0];-99.3125
-78.99599522;-2.883014045;[0];-99.4375
-78.99575242;-2.883013615;[0];-99.5625
-78.99550963;-2.883013185;[0];-99.6875
-78.99526683;-2.883012756;[0];-99.8750
-78.99502403;-2.883012326;[0];-99.9375
-78.99478123;-2.883011896;[0];-100.0625
-78.99453844;-2.883011466;[0];-100.1875
-78.99429564;-2.883011036;[0];-100.3750
-78.99405284;-2.883010606;[0];-100.5000
-78.99381004;-2.883010176;[0];-100.6250
-78.99356725;-2.883009746;[0];-100.7500
-78.99332445;-2.883009316;[0];-100.9375
-78.99308165;-2.883008885;[0];-101.0625
-78.99283885;-2.883008455;[0];-101.1875
-78.99259606;-2.883008025;[0];-101.3125
-78.99235326;-2.883007595;[0];-101.5000
-78.99211046;-2.883007164;[0];-101.6875
-78.99186767;-2.883006734;[0];-101.8750
-78.99162487;-2.883006303;[0];-102.0000
-79.01663357;-2.882806252;[0];-101.9375
-79.01639077;-2.882805827;[0];-101.7500
-79.01614797;-2.882805402;[0];-101.5625
-79.01590517;-2.882804976;[0];-101.4375
-79.01566237;-2.882804551;[0];-101.3125
-79.01541957;-2.882804126;[0];-101.1875
-79.01517676;-2.8828037;[0];-101.0000
-79.01493396;-2.882803275;[0];-100.8750
-79.01469116;-2.882802849;[0];-100.7500
-79.01444836;-2.882802423;[0];-100.6250
-79.01420556;-2.882801998;[0];-100.4375
-79.01396276;-2.882801572;[0];-100.3125
-79.01371996;-2.882801146;[0];-100.1875
-79.01347716;-2.88280072;[0];-100.1250
-79.01323436;-2.882800295;[0];-100.0000
-79.01299156;-2.882799869;[0];-99.8125
-79.01274876;-2.882799443;[0];-99.6875
-79.01250596;-2.882799017;[0];-99.5625
-79.01226316;-2.882798591;[0];-99.4375
-79.01202036;-2.882798164;[0];-99.3750
-79.01177756;-2.882797738;[0];-99.2500
-79.01153476;-2.882797312;[0];-99.1250
-79.01129196;-2.882796886;[0];-99.0625
-79.01104916;-2.882796459;[0];-98.9375
-79.01080636;-2.882796033;[0];-98.8125
-79.01056356;-2.882795606;[0];-98.7500
-79.01032076;-2.88279518;[0];-98.6250
-79.01007796;-2.882794753;[0];-98.5625
-79.00983517;-2.882794327;[0];-98.4375
-79.00959237;-2.8827939;[0];-98.3125
-79.00934957;-2.882793473;[0];-98.2500
-79.00910677;-2.882793047;[0];-98.1875
-79.00886397;-2.88279262;[0];-98.1250
-79.00862117;-2.882792193;[0];-98.0625
-79.00837837;-2.882791766;[0];-98.0000
-79.00813557;-2.882791339;[0];-97.8750
-79.00789277;-2.882790912;[0];-97.8125
-79.00764997;-2.882790485;[0];-97.7500
-79.00740717;-2.882790058;[0];-97.6875
-79.00716437;-2.882789631;[0];-97.6875
-79.00692157;-2.882789204;[0];-97.6875
-79.00667877;-2.882788776;[0];-97.6250
-79.00643597;-2.882788349;[0];-97.5625
-79.00619318;-2.882787922;[0];-97.5625
-79.00595038;-2.882787494;[0];-97.5625
-79.00570758;-2.882787067;[0];-97.5625
-79.00546478;-2.882786639;[0];-97.5625
-79.00522198;-2.882786211;[0];-97.5000
-79.00497918;-2.882785784;[0];-97.4375
-79.00473638;-2.882785356;[0];-97.4375
-79.00449358;-2.882784928;[0];-97.4375
-79.00425078;-2.882784501;[0];-97.4375
-79.00400799;-2.882784073;[0];-97.4375
-79.00376519;-2.882783645;[0];-97.4375
-79.00352239;-2.882783217;[0];-97.4375
-79.00327959;-2.882782789;[0];-97.4375
-79.00303679;-2.882782361;[0];-97.4375
-79.00279399;-2.882781933;[0];-97.5000
-79.00255119;-2.882781504;[0];-97.5625
-79.00230840;-2.882781076;[0];-97.5625
-79.00206560;-2.882780648;[0];-97.5625
-79.00182280;-2.88278022;[0];-97.6250
-79.00158;-2.882779791;[0];-97.6875
-79.00133720;-2.882779363;[0];-97.6875
-79.00109440;-2.882778934;[0];-97.7500
-79.00085161;-2.882778506;[0];-97.8125
-79.00060881;-2.882778077;[0];-97.8125
-79.00036601;-2.882777649;[0];-97.8750
-79.00012321;-2.88277722;[0];-98.0000
-78.99988041;-2.882776791;[0];-98.0625
-78.99963761;-2.882776362;[0];-98.1250
-78.99939482;-2.882775934;[0];-98.1875
-78.99915202;-2.882775505;[0];-98.2500
-78.99890922;-2.882775076;[0];-98.3125
-78.99866642;-2.882774647;[0];-98.4375
-78.99842362;-2.882774218;[0];-98.5000
-78.99818083;-2.882773789;[0];-98.6250
-78.99793803;-2.882773359;[0];-98.6875
-78.99769523;-2.88277293;[0];-98.7500
-78.99745243;-2.882772501;[0];-98.9375
-78.99720964;-2.882772072;[0];-99.0000
-78.99696684;-2.882771642;[0];-99.1250
-78.99672404;-2.882771213;[0];-99.2500
-78.99648124;-2.882770783;[0];-99.3125
-78.99623844;-2.882770354;[0];-99.4375
-78.99599565;-2.882769924;[0];-99.5625
-78.99575285;-2.882769495;[0];-99.6875
-78.99551005;-2.882769065;[0];-99.8125
-78.99526725;-2.882768635;[0];-100.0000
-78.99502446;-2.882768206;[0];-100.1250
-78.99478166;-2.882767776;[0];-100.1875
-78.99453886;-2.882767346;[0];-100.3125
-78.99429607;-2.882766916;[0];-100.4375
-78.99405327;-2.882766486;[0];-100.6250
-78.99381047;-2.882766056;[0];-100.7500
-78.99356767;-2.882765626;[0];-100.8750
-78.99332488;-2.882765196;[0];-101.0000
-78.99308208;-2.882764766;[0];-101.1875
-78.99283928;-2.882764335;[0];-101.3125
-78.99259649;-2.882763905;[0];-101.4375
-78.99235369;-2.882763475;[0];-101.5625
-78.99211089;-2.882763044;[0];-101.7500
-78.99186809;-2.882762614;[0];-101.9375
-79.01663399;-2.882562129;[0];-102.0000
-79.01639119;-2.882561704;[0];-101.8125
-79.01614839;-2.882561278;[0];-101.6875
-79.01590559;-2.882560853;[0];-101.5625
-79.01566279;-2.882560428;[0];-101.4375
-79.01541999;-2.882560002;[0];-101.2500
-79.01517719;-2.882559577;[0];-101.1250
-79.01493439;-2.882559151;[0];-101.0000
-79.01469159;-2.882558726;[0];-100.8750
-79.01444879;-2.8825583;[0];-100.6875
-79.01420599;-2.882557875;[0];-100.5625
-79.01396319;-2.882557449;[0];-100.4375
-79.01372039;-2.882557023;[0];-100.3125
-79.01347759;-2.882556597;[0];-100.2500
-79.01323479;-2.882556172;[0];-100.0625
-79.01299199;-2.882555746;[0];-99.9375
-79.01274919;-2.88255532;[0];-99.8125
-79.01250639;-2.882554894;[0];-99.6875
-79.01226359;-2.882554468;[0];-99.5625
-79.01202079;-2.882554042;[0];-99.5000
-79.01177799;-2.882553615;[0];-99.3750
-79.01153519;-2.882553189;[0];-99.2500
-79.01129239;-2.882552763;[0];-99.1875
-79.01104959;-2.882552337;[0];-99.0625
-79.01080679;-2.88255191;[0];-99.0000
-79.01056399;-2.882551484;[0];-98.8750
-79.01032119;-2.882551057;[0];-98.7500
-79.01007839;-2.882550631;[0];-98.6875
-79.00983559;-2.882550204;[0];-98.5625
-79.00959279;-2.882549778;[0];-98.5000
-79.00934999;-2.882549351;[0];-98.3750
-79.00910719;-2.882548924;[0];-98.3125
-79.00886439;-2.882548498;[0];-98.3125
-79.00862159;-2.882548071;[0];-98.2500
-79.00837879;-2.882547644;[0];-98.1250
-79.00813599;-2.882547217;[0];-98.0625
-79.00789319;-2.88254679;[0];-98.0000
-79.00765040;-2.882546363;[0];-97.8750
-79.00740760;-2.882545936;[0];-97.8750
-79.00716480;-2.882545509;[0];-97.8750
-79.00692200;-2.882545081;[0];-97.8750
-79.00667920;-2.882544654;[0];-97.8125
-79.00643640;-2.882544227;[0];-97.7500
-79.0061936;-2.8825438;[0];-97.7500
-79.00595080;-2.882543372;[0];-97.6875
-79.00570800;-2.882542945;[0];-97.6875
-79.00546520;-2.882542517;[0];-97.6875
-79.00522240;-2.88254209;[0];-97.6875
-79.00497961;-2.882541662;[0];-97.6250
-79.00473681;-2.882541234;[0];-97.6250
-79.00449401;-2.882540807;[0];-97.6250
-79.00425121;-2.882540379;[0];-97.6250
-79.00400841;-2.882539951;[0];-97.6250
-79.00376561;-2.882539523;[0];-97.6250
-79.00352281;-2.882539095;[0];-97.6250
-79.00328002;-2.882538667;[0];-97.6250
-79.00303722;-2.882538239;[0];-97.6250
-79.00279442;-2.882537811;[0];-97.6875
-79.00255162;-2.882537383;[0];-97.6875
-79.00230882;-2.882536955;[0];-97.7500
-79.00206602;-2.882536527;[0];-97.7500
-79.00182322;-2.882536098;[0];-97.8125
-79.00158043;-2.88253567;[0];-97.8750
-79.00133763;-2.882535242;[0];-97.8750
-79.00109483;-2.882534813;[0];-97.9375
-79.00085203;-2.882534385;[0];-98.0000
-79.00060923;-2.882533956;[0];-98.0000
-79.00036644;-2.882533528;[0];-98.0625
-79.00012364;-2.882533099;[0];-98.1250
-78.99988084;-2.88253267;[0];-98.2500
-78.99963804;-2.882532242;[0];-98.3125
-78.99939524;-2.882531813;[0];-98.3125
-78.99915244;-2.882531384;[0];-98.3750
-78.99890965;-2.882530955;[0];-98.5000
-78.99866685;-2.882530526;[0];-98.5625
-78.99842405;-2.882530097;[0];-98.6875
-78.99818125;-2.882529668;[0];-98.7500
-78.99793846;-2.882529239;[0];-98.8125
-78.99769566;-2.88252881;[0];-98.8750
-78.99745286;-2.88252838;[0];-99.0000
-78.99721006;-2.882527951;[0];-99.1875
-78.99696726;-2.882527522;[0];-99.2500
-78.99672447;-2.882527092;[0];-99.3750
-78.99648167;-2.882526663;[0];-99.5000
-78.99623887;-2.882526234;[0];-99.5625
-78.99599607;-2.882525804;[0];-99.6875
-78.99575328;-2.882525374;[0];-99.8125
-78.99551048;-2.882524945;[0];-99.9375
-78.99526768;-2.882524515;[0];-100.0625
-78.99502489;-2.882524085;[0];-100.2500
-78.99478209;-2.882523656;[0];-100.3125
-78.99453929;-2.882523226;[0];-100.4375
-78.99429649;-2.882522796;[0];-100.5625
-78.99405370;-2.882522366;[0];-100.6875
-78.99381090;-2.882521936;[0];-100.8750
-78.99356810;-2.882521506;[0];-101.0000
-78.99332530;-2.882521076;[0];-101.1250
-78.99308251;-2.882520646;[0];-101.2500
-78.99283971;-2.882520215;[0];-101.4375
-78.99259691;-2.882519785;[0];-101.5625
-78.99235412;-2.882519355;[0];-101.6875
-78.99211132;-2.882518924;[0];-101.8125
-78.99186852;-2.882518494;[0];-102.0000
-79.01639161;-2.88231758;[0];-101.9375
-79.01614881;-2.882317155;[0];-101.7500
-79.01590601;-2.88231673;[0];-101.6875
-79.01566321;-2.882316304;[0];-101.5000
-79.01542041;-2.882315879;[0];-101.3750
-79.01517761;-2.882315454;[0];-101.2500
-79.01493481;-2.882315028;[0];-101.1250
-79.01469201;-2.882314603;[0];-101.0000
-79.01444921;-2.882314177;[0];-100.8125
-79.01420641;-2.882313752;[0];-100.6875
-79.01396361;-2.882313326;[0];-100.5625
-79.01372081;-2.8823129;[0];-100.4375
-79.01347801;-2.882312474;[0];-100.3750
-79.01323521;-2.882312049;[0];-100.1875
-79.01299241;-2.882311623;[0];-100.0625
-79.01274961;-2.882311197;[0];-99.9375
-79.01250681;-2.882310771;[0];-99.8125
-79.01226401;-2.882310345;[0];-99.6875
-79.01202121;-2.882309919;[0];-99.6250
-79.01177841;-2.882309493;[0];-99.5000
-79.01153561;-2.882309067;[0];-99.4375
-79.01129281;-2.88230864;[0];-99.3125
-79.01105001;-2.882308214;[0];-99.1875
-79.01080721;-2.882307788;[0];-99.1250
-79.01056441;-2.882307361;[0];-99.0000
-79.01032161;-2.882306935;[0];-98.9375
-79.01007881;-2.882306508;[0];-98.8125
-79.00983601;-2.882306082;[0];-98.7500
-79.00959321;-2.882305655;[0];-98.6250
-79.00935041;-2.882305229;[0];-98.5625
-79.00910762;-2.882304802;[0];-98.5000
-79.00886482;-2.882304375;[0];-98.4375
-79.00862202;-2.882303948;[0];-98.3750
-79.00837922;-2.882303522;[0];-98.3125
-79.00813642;-2.882303095;[0];-98.1875
-79.00789362;-2.882302668;[0];-98.1250
-79.00765082;-2.882302241;[0];-98.0625
-79.00740802;-2.882301814;[0];-98.0625
-79.00716522;-2.882301387;[0];-98.0000
-79.00692242;-2.882300959;[0];-98.0000
-79.00667962;-2.882300532;[0];-97.9375
-79.00643682;-2.882300105;[0];-97.8750
-79.00619403;-2.882299678;[0];-97.8750
-79.00595123;-2.88229925;[0];-97.8750
-79.00570843;-2.882298823;[0];-97.8750
-79.00546563;-2.882298395;[0];-97.8750
-79.00522283;-2.882297968;[0];-97.8125
-79.00498003;-2.88229754;[0];-97.8125
-79.00473723;-2.882297113;[0];-97.8125
-79.00449443;-2.882296685;[0];-97.8125
-79.00425164;-2.882296257;[0];-97.8125
-79.00400884;-2.88229583;[0];-97.8125
-79.00376604;-2.882295402;[0];-97.8125
-79.00352324;-2.882294974;[0];-97.8125
-79.00328044;-2.882294546;[0];-97.7500
-79.00303764;-2.882294118;[0];-97.8125
-79.00279484;-2.88229369;[0];-97.8750
-79.00255205;-2.882293262;[0];-97.8750
-79.00230925;-2.882292834;[0];-97.8750
-79.00206645;-2.882292405;[0];-97.8750
-79.00182365;-2.882291977;[0];-97.9375
-79.00158085;-2.882291549;[0];-98.0000
-79.00133805;-2.882291121;[0];-98.0000
-79.00109526;-2.882290692;[0];-98.0625
-79.00085246;-2.882290264;[0];-98.1250
-79.00060966;-2.882289835;[0];-98.1875
-79.00036686;-2.882289407;[0];-98.1875
-79.00012406;-2.882288978;[0];-98.3125
-78.99988127;-2.882288549;[0];-98.3750
-78.99963847;-2.882288121;[0];-98.4375
-78.99939567;-2.882287692;[0];-98.5000
-78.99915287;-2.882287263;[0];-98.5625
-78.99891007;-2.882286834;[0];-98.6250
-78.99866728;-2.882286405;[0];-98.7500
-78.99842448;-2.882285976;[0];-98.8125
-78.99818168;-2.882285547;[0];-98.9375
-78.99793888;-2.882285118;[0];-99.0000
-78.99769608;-2.882284689;[0];-99.0000
-78.99745329;-2.88228426;[0];-99.1250
-78.99721049;-2.882283831;[0];-99.3125
-78.99696769;-2.882283401;[0];-99.4375
-78.99672489;-2.882282972;[0];-99.5000
-78.99648210;-2.882282543;[0];-99.6250
-78.99623930;-2.882282113;[0];-99.6875
-78.99599650;-2.882281684;[0];-99.8125
-78.99575370;-2.882281254;[0];-99.9375
-78.99551091;-2.882280825;[0];-100.0000
-78.99526811;-2.882280395;[0];-100.1875
-78.99502531;-2.882279965;[0];-100.3125
-78.99478252;-2.882279535;[0];-100.4375
-78.99453972;-2.882279106;[0];-100.5625
-78.99429692;-2.882278676;[0];-100.6875
-78.99405412;-2.882278246;[0];-100.8125
-78.99381133;-2.882277816;[0];-100.9375
-78.99356853;-2.882277386;[0];-101.1250
-78.99332573;-2.882276956;[0];-101.1875
-78.99308294;-2.882276526;[0];-101.3750
-78.99284014;-2.882276095;[0];-101.5000
-78.99259734;-2.882275665;[0];-101.6250
-78.99235454;-2.882275235;[0];-101.7500
-78.99211175;-2.882274805;[0];-101.9375
-79.01639204;-2.882073457;[0];-102.0000
-79.01614924;-2.882073032;[0];-101.8750
-79.01590644;-2.882072606;[0];-101.7500
-79.01566363;-2.882072181;[0];-101.6250
-79.01542083;-2.882071756;[0];-101.4375
-79.01517803;-2.88207133;[0];-101.3125
-79.01493523;-2.882070905;[0];-101.2500
-79.01469243;-2.88207048;[0];-101.0625
-79.01444963;-2.882070054;[0];-100.8750
-79.01420683;-2.882069628;[0];-100.8125
-79.01396403;-2.882069203;[0];-100.6875
-79.01372123;-2.882068777;[0];-100.5625
-79.01347843;-2.882068351;[0];-100.4375
-79.01323563;-2.882067926;[0];-100.3125
-79.01299283;-2.8820675;[0];-100.1875
-79.01275003;-2.882067074;[0];-100.0625
-79.01250723;-2.882066648;[0];-99.9375
-79.01226443;-2.882066222;[0];-99.8750
-79.01202163;-2.882065796;[0];-99.7500
-79.01177883;-2.88206537;[0];-99.6250
-79.01153603;-2.882064944;[0];-99.5625
-79.01129324;-2.882064518;[0];-99.4375
-79.01105044;-2.882064091;[0];-99.3750
-79.01080764;-2.882063665;[0];-99.2500
-79.01056484;-2.882063239;[0];-99.1875
-79.01032204;-2.882062812;[0];-99.0625
-79.01007924;-2.882062386;[0];-99.0000
-79.00983644;-2.882061959;[0];-98.8750
-79.00959364;-2.882061533;[0];-98.8125
-79.00935084;-2.882061106;[0];-98.6875
-79.00910804;-2.88206068;[0];-98.6875
-79.00886524;-2.882060253;[0];-98.6250
-79.00862244;-2.882059826;[0];-98.5625
-79.00837964;-2.882059399;[0];-98.4375
-79.00813684;-2.882058973;[0];-98.3750
-79.00789404;-2.882058546;[0];-98.3125
-79.00765124;-2.882058119;[0];-98.2500
-79.00740845;-2.882057692;[0];-98.1875
-79.00716565;-2.882057265;[0];-98.1875
-79.00692285;-2.882056837;[0];-98.1875
-79.00668005;-2.88205641;[0];-98.1250
-79.00643725;-2.882055983;[0];-98.0625
-79.00619445;-2.882055556;[0];-98.0625
-79.00595165;-2.882055128;[0];-98.0625
-79.00570885;-2.882054701;[0];-98.0625
-79.00546605;-2.882054274;[0];-98.0625
-79.00522326;-2.882053846;[0];-98.0000
-79.00498046;-2.882053419;[0];-97.9375
-79.00473766;-2.882052991;[0];-97.9375
-79.00449486;-2.882052563;[0];-97.9375
-79.00425206;-2.882052136;[0];-98.0000
-79.00400926;-2.882051708;[0];-97.9375
-79.00376646;-2.88205128;[0];-97.9375
-79.00352366;-2.882050852;[0];-97.9375
-79.00328087;-2.882050424;[0];-97.9375
-79.00303807;-2.882049996;[0];-97.9375
-79.00279527;-2.882049568;[0];-98.0000
-79.00255247;-2.88204914;[0];-98.0625
-79.00230967;-2.882048712;[0];-98.0625
-79.00206687;-2.882048284;[0];-98.0625
-79.00182408;-2.882047856;[0];-98.1250
-79.00158128;-2.882047428;[0];-98.1875
-79.00133848;-2.882046999;[0];-98.1875
-79.00109568;-2.882046571;[0];-98.2500
-79.00085288;-2.882046143;[0];-98.3125
-79.00061009;-2.882045714;[0];-98.3125
-79.00036729;-2.882045286;[0];-98.3750
-79.00012449;-2.882044857;[0];-98.4375
-78.99988169;-2.882044428;[0];-98.5625
-78.99963889;-2.882044;[0];-98.6250
-78.99939610;-2.882043571;[0];-98.6250
-78.99915330;-2.882043142;[0];-98.6875
-78.9989105;-2.882042713;[0];-98.8125
-78.99866770;-2.882042284;[0];-98.8750
-78.99842490;-2.882041856;[0];-98.9375
-78.99818211;-2.882041427;[0];-99.0625
-78.99793931;-2.882040997;[0];-99.1250
-78.99769651;-2.882040568;[0];-99.1875
-78.99745371;-2.882040139;[0];-99.2500
-78.99721092;-2.88203971;[0];-99.4375
-78.99696812;-2.882039281;[0];-99.5625
-78.99672532;-2.882038851;[0];-99.6250
-78.99648252;-2.882038422;[0];-99.7500
-78.99623973;-2.882037993;[0];-99.8750
-78.99599693;-2.882037563;[0];-99.9375
-78.99575413;-2.882037134;[0];-100.0625
-78.99551133;-2.882036704;[0];-100.1250
-78.99526854;-2.882036275;[0];-100.3125
-78.99502574;-2.882035845;[0];-100.4375
-78.99478294;-2.882035415;[0];-100.5625
-78.99454015;-2.882034985;[0];-100.6875
-78.99429735;-2.882034556;[0];-100.8125
-78.99405455;-2.882034126;[0];-100.8750
-78.99381175;-2.882033696;[0];-101.0625
-78.99356896;-2.882033266;[0];-101.1875
-78.99332616;-2.882032836;[0];-101.3125
-78.99308336;-2.882032406;[0];-101.4375
-78.99284057;-2.882031976;[0];-101.6250
-78.99259777;-2.882031545;[0];-101.7500
-78.99235497;-2.882031115;[0];-101.8750
-78.99211218;-2.882030685;[0];-102.0000
-79.01614966;-2.881828908;[0];-102.0000
-79.01590686;-2.881828483;[0];-101.8750
-79.01566406;-2.881828058;[0];-101.6875
-79.01542126;-2.881827632;[0];-101.5625
-79.01517846;-2.881827207;[0];-101.4375
-79.01493566;-2.881826782;[0];-101.3125
-79.01469286;-2.881826356;[0];-101.1250
-79.01445006;-2.881825931;[0];-101.0000
-79.01420726;-2.881825505;[0];-100.9375
-79.01396446;-2.88182508;[0];-100.8125
-79.01372166;-2.881824654;[0];-100.6875
-79.01347886;-2.881824228;[0];-100.5625
-79.01323606;-2.881823803;[0];-100.3750
-79.01299326;-2.881823377;[0];-100.3125
-79.01275046;-2.881822951;[0];-100.1875
-79.01250766;-2.881822525;[0];-100.0625
-79.01226486;-2.881822099;[0];-100.0000
-79.01202206;-2.881821673;[0];-99.8750
-79.01177926;-2.881821247;[0];-99.7500
-79.01153646;-2.881820821;[0];-99.6875
-79.01129366;-2.881820395;[0];-99.5625
-79.01105086;-2.881819969;[0];-99.5000
-79.01080806;-2.881819543;[0];-99.3750
-79.01056526;-2.881819116;[0];-99.3125
-79.01032246;-2.88181869;[0];-99.1875
-79.01007966;-2.881818263;[0];-99.1250
-79.00983686;-2.881817837;[0];-99.0000
-79.00959406;-2.881817411;[0];-98.9375
-79.00935126;-2.881816984;[0];-98.8750
-79.00910846;-2.881816557;[0];-98.8125
-79.00886566;-2.881816131;[0];-98.7500
-79.00862287;-2.881815704;[0];-98.6875
-79.00838007;-2.881815277;[0];-98.6250
-79.00813727;-2.88181485;[0];-98.5000
-79.00789447;-2.881814423;[0];-98.4375
-79.00765167;-2.881813997;[0];-98.3750
-79.00740887;-2.88181357;[0];-98.3750
-79.00716607;-2.881813143;[0];-98.3750
-79.00692327;-2.881812715;[0];-98.3125
-79.00668047;-2.881812288;[0];-98.2500
-79.00643767;-2.881811861;[0];-98.2500
-79.00619488;-2.881811434;[0];-98.2500
-79.00595208;-2.881811007;[0];-98.2500
-79.00570928;-2.881810579;[0];-98.1875
-79.00546648;-2.881810152;[0];-98.1875
-79.00522368;-2.881809724;[0];-98.1875
-79.00498088;-2.881809297;[0];-98.1250
-79.00473808;-2.881808869;[0];-98.1250
-79.00449528;-2.881808442;[0];-98.1250
-79.00425249;-2.881808014;[0];-98.1250
-79.00400969;-2.881807586;[0];-98.1250
-79.00376689;-2.881807159;[0];-98.1250
-79.00352409;-2.881806731;[0];-98.1250
-79.00328129;-2.881806303;[0];-98.1250
-79.00303849;-2.881805875;[0];-98.1250
-79.00279570;-2.881805447;[0];-98.1875
-79.00255290;-2.881805019;[0];-98.2500
-79.00231010;-2.881804591;[0];-98.2500
-79.0020673;-2.881804163;[0];-98.2500
-79.00182450;-2.881803735;[0];-98.2500
-79.00158170;-2.881803306;[0];-98.3125
-79.00133891;-2.881802878;[0];-98.3750
-79.00109611;-2.88180245;[0];-98.3750
-79.00085331;-2.881802021;[0];-98.4375
-79.00061051;-2.881801593;[0];-98.5000
-79.00036771;-2.881801165;[0];-98.5000
-79.00012492;-2.881800736;[0];-98.6250
-78.99988212;-2.881800307;[0];-98.6875
-78.99963932;-2.881799879;[0];-98.7500
-78.99939652;-2.88179945;[0];-98.8125
-78.99915372;-2.881799021;[0];-98.8750
-78.99891093;-2.881798593;[0];-98.9375
-78.99866813;-2.881798164;[0];-99.0000
-78.99842533;-2.881797735;[0];-99.1250
-78.99818253;-2.881797306;[0];-99.1875
-78.99793974;-2.881796877;[0];-99.3125
-78.99769694;-2.881796448;[0];-99.3125
-78.99745414;-2.881796019;[0];-99.3750
-78.99721134;-2.881795589;[0];-99.5625
-78.99696855;-2.88179516;[0];-99.6875
-78.99672575;-2.881794731;[0];-99.7500
-78.99648295;-2.881794302;[0];-99.8750
-78.99624015;-2.881793872;[0];-100.0000
-78.99599736;-2.881793443;[0];-100.0625
-78.99575456;-2.881793013;[0];-100.1875
-78.99551176;-2.881792584;[0];-100.3125
-78.99526896;-2.881792154;[0];-100.3750
-78.99502617;-2.881791725;[0];-100.5625
-78.99478337;-2.881791295;[0];-100.6875
-78.99454057;-2.881790865;[0];-100.8125
-78.99429778;-2.881790435;[0];-100.9375
-78.99405498;-2.881790006;[0];-101.0000
-78.99381218;-2.881789576;[0];-101.1250
-78.99356938;-2.881789146;[0];-101.3125
-78.99332659;-2.881788716;[0];-101.4375
-78.99308379;-2.881788286;[0];-101.5625
-78.99284099;-2.881787856;[0];-101.6875
-78.99259820;-2.881787426;[0];-101.8750
-78.9923554;-2.881786995;[0];-102.0000
-79.01590728;-2.88158436;[0];-101.9375
-79.01566448;-2.881583934;[0];-101.7500
-79.01542168;-2.881583509;[0];-101.6875
-79.01517888;-2.881583084;[0];-101.5625
-79.01493608;-2.881582659;[0];-101.3750
-79.01469328;-2.881582233;[0];-101.2500
-79.01445048;-2.881581808;[0];-101.1250
-79.01420768;-2.881581382;[0];-101.0000
-79.01396488;-2.881580957;[0];-100.9375
-79.01372208;-2.881580531;[0];-100.8125
-79.01347928;-2.881580105;[0];-100.6875
-79.01323648;-2.88157968;[0];-100.5000
-79.01299368;-2.881579254;[0];-100.4375
-79.01275088;-2.881578828;[0];-100.3125
-79.01250808;-2.881578402;[0];-100.1875
-79.01226528;-2.881577976;[0];-100.1250
-79.01202248;-2.881577551;[0];-100.0000
-79.01177968;-2.881577125;[0];-99.9375
-79.01153688;-2.881576698;[0];-99.8125
-79.01129408;-2.881576272;[0];-99.7500
-79.01105128;-2.881575846;[0];-99.6250
-79.01080848;-2.88157542;[0];-99.5000
-79.01056568;-2.881574994;[0];-99.4375
-79.01032289;-2.881574567;[0];-99.3750
-79.01008009;-2.881574141;[0];-99.2500
-79.00983729;-2.881573715;[0];-99.1875
-79.00959449;-2.881573288;[0];-99.0625
-79.00935169;-2.881572862;[0];-99.0000
-79.00910889;-2.881572435;[0];-99.0000
-79.00886609;-2.881572008;[0];-98.9375
-79.00862329;-2.881571582;[0];-98.8125
-79.00838049;-2.881571155;[0];-98.7500
-79.00813769;-2.881570728;[0];-98.6875
-79.00789489;-2.881570301;[0];-98.6250
-79.00765209;-2.881569874;[0];-98.5625
-79.00740929;-2.881569447;[0];-98.5625
-79.00716650;-2.88156902;[0];-98.5000
-79.00692370;-2.881568593;[0];-98.5000
-79.00668090;-2.881568166;[0];-98.4375
-79.00643810;-2.881567739;[0];-98.3750
-79.0061953;-2.881567312;[0];-98.3750
-79.00595250;-2.881566885;[0];-98.3750
-79.00570970;-2.881566457;[0];-98.3750
-79.00546690;-2.88156603;[0];-98.3750
-79.00522411;-2.881565603;[0];-98.3125
-79.00498131;-2.881565175;[0];-98.3125
-79.00473851;-2.881564748;[0];-98.3125
-79.00449571;-2.88156432;[0];-98.3125
-79.00425291;-2.881563892;[0];-98.3125
-79.00401011;-2.881563465;[0];-98.3125
-79.00376731;-2.881563037;[0];-98.3125
-79.00352452;-2.881562609;[0];-98.3125
-79.00328172;-2.881562181;[0];-98.3125
-79.00303892;-2.881561754;[0];-98.3125
-79.00279612;-2.881561326;[0];-98.3750
-79.00255332;-2.881560898;[0];-98.3750
-79.00231052;-2.88156047;[0];-98.3750
-79.00206773;-2.881560042;[0];-98.3750
-79.00182493;-2.881559613;[0];-98.4375
-79.00158213;-2.881559185;[0];-98.5000
-79.00133933;-2.881558757;[0];-98.5000
-79.00109653;-2.881558329;[0];-98.5625
-79.00085374;-2.8815579;[0];-98.6250
-79.00061094;-2.881557472;[0];-98.6875
-79.00036814;-2.881557043;[0];-98.6875
-79.00012534;-2.881556615;[0];-98.7500
-78.99988254;-2.881556186;[0];-98.8125
-78.99963975;-2.881555758;[0];-98.9375
-78.99939695;-2.881555329;[0];-99.0000
-78.99915415;-2.8815549;[0];-99.0000
-78.99891135;-2.881554472;[0];-99.0625
-78.99866856;-2.881554043;[0];-99.1875
-78.99842576;-2.881553614;[0];-99.2500
-78.99818296;-2.881553185;[0];-99.3125
-78.99794016;-2.881552756;[0];-99.4375
-78.99769736;-2.881552327;[0];-99.5000
-78.99745457;-2.881551898;[0];-99.5000
-78.99721177;-2.881551469;[0];-99.6875
-78.99696897;-2.88155104;[0];-99.8125
-78.99672618;-2.881550611;[0];-99.9375
-78.99648338;-2.881550181;[0];-100.0000
-78.99624058;-2.881549752;[0];-100.1250
-78.99599778;-2.881549323;[0];-100.1875
-78.99575499;-2.881548893;[0];-100.3125
-78.99551219;-2.881548464;[0];-100.4375
-78.99526939;-2.881548034;[0];-100.5000
-78.99502659;-2.881547604;[0];-100.6250
-78.99478380;-2.881547175;[0];-100.8125
-78.994541;-2.881546745;[0];-100.9375
-78.99429820;-2.881546315;[0];-101.0000
-78.99405541;-2.881545886;[0];-101.1250
-78.99381261;-2.881545456;[0];-101.2500
-78.99356981;-2.881545026;[0];-101.3750
-78.99332702;-2.881544596;[0];-101.5625
-78.99308422;-2.881544166;[0];-101.6875
-78.99284142;-2.881543736;[0];-101.7500
-78.99259863;-2.881543306;[0];-101.9375
-79.01590770;-2.881340236;[0];-102.0000
-79.01566490;-2.881339811;[0];-101.8750
-79.01542210;-2.881339386;[0];-101.7500
-79.01517930;-2.881338961;[0];-101.6250
-79.01493650;-2.881338535;[0];-101.5000
-79.01469370;-2.88133811;[0];-101.3750
-79.01445090;-2.881337685;[0];-101.2500
-79.01420810;-2.881337259;[0];-101.1250
-79.01396530;-2.881336834;[0];-101.0625
-79.01372250;-2.881336408;[0];-100.9375
-79.01347970;-2.881335982;[0];-100.7500
-79.01323690;-2.881335557;[0];-100.6250
-79.01299410;-2.881335131;[0];-100.5625
-79.01275130;-2.881334705;[0];-100.4375
-79.01250850;-2.88133428;[0];-100.3125
-79.01226570;-2.881333854;[0];-100.2500
-79.01202291;-2.881333428;[0];-100.1250
-79.01178011;-2.881333002;[0];-100.0625
-79.01153731;-2.881332576;[0];-99.9375
-79.01129451;-2.88133215;[0];-99.8750
-79.01105171;-2.881331724;[0];-99.7500
-79.01080891;-2.881331297;[0];-99.6875
-79.01056611;-2.881330871;[0];-99.5625
-79.01032331;-2.881330445;[0];-99.5000
-79.01008051;-2.881330018;[0];-99.3750
-79.00983771;-2.881329592;[0];-99.3125
-79.00959491;-2.881329166;[0];-99.2500
-79.00935211;-2.881328739;[0];-99.1875
-79.00910931;-2.881328313;[0];-99.1250
-79.00886651;-2.881327886;[0];-99.0625
-79.00862371;-2.881327459;[0];-99.0000
-79.00838092;-2.881327033;[0];-98.8750
-79.00813812;-2.881326606;[0];-98.8125
-79.00789532;-2.881326179;[0];-98.7500
-79.00765252;-2.881325752;[0];-98.6875
-79.00740972;-2.881325325;[0];-98.6875
-79.00716692;-2.881324898;[0];-98.6875
-79.00692412;-2.881324471;[0];-98.6250
-79.00668132;-2.881324044;[0];-98.5625
-79.00643852;-2.881323617;[0];-98.5625
-79.00619573;-2.88132319;[0];-98.5625
-79.00595293;-2.881322763;[0];-98.5625
-79.00571013;-2.881322336;[0];-98.5625
-79.00546733;-2.881321908;[0];-98.5625
-79.00522453;-2.881321481;[0];-98.5000
-79.00498173;-2.881321053;[0];-98.4375
-79.00473893;-2.881320626;[0];-98.4375
-79.00449614;-2.881320198;[0];-98.4375
-79.00425334;-2.881319771;[0];-98.5000
-79.00401054;-2.881319343;[0];-98.4375
-79.00376774;-2.881318916;[0];-98.4375
-79.00352494;-2.881318488;[0];-98.4375
-79.00328214;-2.88131806;[0];-98.4375
-79.00303934;-2.881317632;[0];-98.4375
-79.00279655;-2.881317204;[0];-98.5000
-79.00255375;-2.881316776;[0];-98.5625
-79.00231095;-2.881316348;[0];-98.5625
-79.00206815;-2.88131592;[0];-98.5625
-79.00182535;-2.881315492;[0];-98.5625
-79.00158256;-2.881315064;[0];-98.6250
-79.00133976;-2.881314636;[0];-98.6875
-79.00109696;-2.881314208;[0];-98.6875
-79.00085416;-2.881313779;[0];-98.7500
-79.00061136;-2.881313351;[0];-98.8125
-79.00036857;-2.881312922;[0];-98.8750
-79.00012577;-2.881312494;[0];-98.8750
-78.99988297;-2.881312065;[0];-99.0000
-78.99964017;-2.881311637;[0];-99.0625
-78.99939737;-2.881311208;[0];-99.1250
-78.99915458;-2.88131078;[0];-99.1875
-78.99891178;-2.881310351;[0];-99.1875
-78.99866898;-2.881309922;[0];-99.3125
-78.99842618;-2.881309493;[0];-99.3750
-78.99818339;-2.881309064;[0];-99.5000
-78.99794059;-2.881308635;[0];-99.5625
-78.99769779;-2.881308206;[0];-99.6250
-78.99745499;-2.881307777;[0];-99.6875
-78.99721220;-2.881307348;[0];-99.7500
-78.99696940;-2.881306919;[0];-99.9375
-78.99672660;-2.88130649;[0];-100.0625
-78.99648380;-2.881306061;[0];-100.1250
-78.99624101;-2.881305631;[0];-100.2500
-78.99599821;-2.881305202;[0];-100.3125
-78.99575541;-2.881304773;[0];-100.4375
-78.99551262;-2.881304343;[0];-100.5625
-78.99526982;-2.881303914;[0];-100.6250
-78.99502702;-2.881303484;[0];-100.7500
-78.99478422;-2.881303055;[0];-100.9375
-78.99454143;-2.881302625;[0];-101.0625
-78.99429863;-2.881302195;[0];-101.1250
-78.99405583;-2.881301765;[0];-101.2500
-78.99381304;-2.881301336;[0];-101.3750
-78.99357024;-2.881300906;[0];-101.5000
-78.99332744;-2.881300476;[0];-101.6250
-78.99308465;-2.881300046;[0];-101.7500
-78.99284185;-2.881299616;[0];-101.8750
-78.99259905;-2.881299186;[0];-102.0000
-79.01566533;-2.881095688;[0];-102.0000
-79.01542253;-2.881095263;[0];-101.8750
-79.01517973;-2.881094837;[0];-101.7500
-79.01493693;-2.881094412;[0];-101.5625
-79.01469413;-2.881093987;[0];-101.5000
-79.01445133;-2.881093561;[0];-101.3750
-79.01420853;-2.881093136;[0];-101.2500
-79.01396573;-2.881092711;[0];-101.1875
-79.01372293;-2.881092285;[0];-101.0000
-79.01348013;-2.881091859;[0];-100.8750
-79.01323733;-2.881091434;[0];-100.7500
-79.01299453;-2.881091008;[0];-100.6875
-79.01275173;-2.881090582;[0];-100.5625
-79.01250893;-2.881090157;[0];-100.4375
-79.01226613;-2.881089731;[0];-100.3750
-79.01202333;-2.881089305;[0];-100.2500
-79.01178053;-2.881088879;[0];-100.1875
-79.01153773;-2.881088453;[0];-100.0625
-79.01129493;-2.881088027;[0];-100.0000
-79.01105213;-2.881087601;[0];-99.8750
-79.01080933;-2.881087175;[0];-99.8125
-79.01056653;-2.881086749;[0];-99.6875
-79.01032373;-2.881086322;[0];-99.6250
-79.01008093;-2.881085896;[0];-99.5625
-79.00983813;-2.88108547;[0];-99.4375
-79.00959534;-2.881085043;[0];-99.3750
-79.00935254;-2.881084617;[0];-99.3125
-79.00910974;-2.88108419;[0];-99.3125
-79.00886694;-2.881083764;[0];-99.1875
-79.00862414;-2.881083337;[0];-99.1250
-79.00838134;-2.88108291;[0];-99.0625
-79.00813854;-2.881082484;[0];-99.0000
-79.00789574;-2.881082057;[0];-98.8750
-79.00765294;-2.88108163;[0];-98.8750
-79.00741014;-2.881081203;[0];-98.8750
-79.00716735;-2.881080776;[0];-98.8750
-79.00692455;-2.881080349;[0];-98.8125
-79.00668175;-2.881079922;[0];-98.7500
-79.00643895;-2.881079495;[0];-98.7500
-79.00619615;-2.881079068;[0];-98.6875
-79.00595335;-2.881078641;[0];-98.6875
-79.00571055;-2.881078214;[0];-98.6875
-79.00546775;-2.881077786;[0];-98.6875
-79.00522496;-2.881077359;[0];-98.6250
-79.00498216;-2.881076932;[0];-98.6250
-79.00473936;-2.881076504;[0];-98.6250
-79.00449656;-2.881076077;[0];-98.6250
-79.00425376;-2.881075649;[0];-98.6250
-79.00401096;-2.881075222;[0];-98.6250
-79.00376817;-2.881074794;[0];-98.6250
-79.00352537;-2.881074366;[0];-98.6250
-79.00328257;-2.881073939;[0];-98.6250
-79.00303977;-2.881073511;[0];-98.6250
-79.00279697;-2.881073083;[0];-98.6875
-79.00255417;-2.881072655;[0];-98.6875
-79.00231138;-2.881072227;[0];-98.6875
-79.00206858;-2.881071799;[0];-98.7500
-79.00182578;-2.881071371;[0];-98.7500
-79.00158298;-2.881070943;[0];-98.8125
-79.00134018;-2.881070515;[0];-98.8750
-79.00109739;-2.881070086;[0];-98.8750
-79.00085459;-2.881069658;[0];-98.9375
-79.00061179;-2.88106923;[0];-99.0000
-79.00036899;-2.881068801;[0];-99.0000
-79.00012619;-2.881068373;[0];-99.0625
-78.99988340;-2.881067944;[0];-99.1250
-78.99964060;-2.881067516;[0];-99.1875
-78.99939780;-2.881067087;[0];-99.3125
-78.99915500;-2.881066659;[0];-99.3125
-78.99891221;-2.88106623;[0];-99.3750
-78.99866941;-2.881065801;[0];-99.4375
-78.99842661;-2.881065373;[0];-99.5000
-78.99818381;-2.881064944;[0];-99.6250
-78.99794102;-2.881064515;[0];-99.6875
-78.99769822;-2.881064086;[0];-99.8125
-78.99745542;-2.881063657;[0];-99.8125
-78.99721262;-2.881063228;[0];-99.8750
-78.99696983;-2.881062799;[0];-100.0625
-78.99672703;-2.88106237;[0];-100.1875
-78.99648423;-2.88106194;[0];-100.2500
-78.99624143;-2.881061511;[0];-100.3750
-78.99599864;-2.881061082;[0];-100.4375
-78.99575584;-2.881060652;[0];-100.5625
-78.99551304;-2.881060223;[0];-100.6250
-78.99527025;-2.881059793;[0];-100.7500
-78.99502745;-2.881059364;[0];-100.8750
-78.99478465;-2.881058934;[0];-101.0000
-78.99454186;-2.881058505;[0];-101.1875
-78.99429906;-2.881058075;[0];-101.2500
-78.99405626;-2.881057645;[0];-101.3750
-78.99381346;-2.881057216;[0];-101.4375
-78.99357067;-2.881056786;[0];-101.5625
-78.99332787;-2.881056356;[0];-101.7500
-78.99308507;-2.881055926;[0];-101.8750
-78.99284228;-2.881055496;[0];-102.0000
-79.01542295;-2.880851139;[0];-102.0000
-79.01518015;-2.880850714;[0];-101.8125
-79.01493735;-2.880850289;[0];-101.6875
-79.01469455;-2.880849864;[0];-101.5625
-79.01445175;-2.880849438;[0];-101.5000
-79.01420895;-2.880849013;[0];-101.3750
-79.01396615;-2.880848587;[0];-101.2500
-79.01372335;-2.880848162;[0];-101.1250
-79.01348055;-2.880847736;[0];-101.0000
-79.01323775;-2.880847311;[0];-100.8750
-79.01299495;-2.880846885;[0];-100.8125
-79.01275215;-2.88084646;[0];-100.6875
-79.01250935;-2.880846034;[0];-100.5625
-79.01226655;-2.880845608;[0];-100.5000
-79.01202375;-2.880845182;[0];-100.3750
-79.01178095;-2.880844756;[0];-100.3125
-79.01153815;-2.88084433;[0];-100.1875
-79.01129535;-2.880843904;[0];-100.1250
-79.01105255;-2.880843478;[0];-100.0000
-79.01080976;-2.880843052;[0];-99.9375
-79.01056696;-2.880842626;[0];-99.8750
-79.01032416;-2.8808422;[0];-99.7500
-79.01008136;-2.880841774;[0];-99.6875
-79.00983856;-2.880841347;[0];-99.5625
-79.00959576;-2.880840921;[0];-99.5000
-79.00935296;-2.880840494;[0];-99.5000
-79.00911016;-2.880840068;[0];-99.4375
-79.00886736;-2.880839641;[0];-99.3750
-79.00862456;-2.880839215;[0];-99.2500
-79.00838176;-2.880838788;[0];-99.1875
-79.00813897;-2.880838362;[0];-99.1250
-79.00789617;-2.880837935;[0];-99.0625
-79.00765337;-2.880837508;[0];-99.0625
-79.00741057;-2.880837081;[0];-99.0000
-79.00716777;-2.880836654;[0];-99.0000
-79.00692497;-2.880836227;[0];-98.9375
-79.00668217;-2.8808358;[0];-98.8750
-79.00643937;-2.880835373;[0];-98.8750
-79.00619657;-2.880834946;[0];-98.8750
-79.00595378;-2.880834519;[0];-98.8750
-79.00571098;-2.880834092;[0];-98.8750
-79.00546818;-2.880833665;[0];-98.8750
-79.00522538;-2.880833237;[0];-98.8125
-79.00498258;-2.88083281;[0];-98.7500
-79.00473978;-2.880832383;[0];-98.7500
-79.00449699;-2.880831955;[0];-98.8125
-79.00425419;-2.880831528;[0];-98.8125
-79.00401139;-2.8808311;[0];-98.8125
-79.00376859;-2.880830672;[0];-98.7500
-79.00352579;-2.880830245;[0];-98.7500
-79.00328299;-2.880829817;[0];-98.7500
-79.00304020;-2.880829389;[0];-98.7500
-79.00279740;-2.880828961;[0];-98.8125
-79.00255460;-2.880828534;[0];-98.8750
-79.00231180;-2.880828106;[0];-98.8750
-79.00206900;-2.880827678;[0];-98.8750
-79.00182621;-2.88082725;[0];-98.8750
-79.00158341;-2.880826822;[0];-98.9375
-79.00134061;-2.880826393;[0];-99.0000
-79.00109781;-2.880825965;[0];-99.0000
-79.00085501;-2.880825537;[0];-99.0625
-79.00061222;-2.880825109;[0];-99.1250
-79.00036942;-2.88082468;[0];-99.1875
-79.00012662;-2.880824252;[0];-99.1875
-78.99988382;-2.880823824;[0];-99.2500
-78.99964103;-2.880823395;[0];-99.3750
-78.99939823;-2.880822966;[0];-99.4375
-78.99915543;-2.880822538;[0];-99.5000
-78.99891263;-2.880822109;[0];-99.5000
-78.99866983;-2.880821681;[0];-99.5625
-78.99842704;-2.880821252;[0];-99.6875
-78.99818424;-2.880820823;[0];-99.7500
-78.99794144;-2.880820394;[0];-99.8750
-78.99769865;-2.880819965;[0];-99.9375
-78.99745585;-2.880819536;[0];-100.0000
-78.99721305;-2.880819107;[0];-100.0000
-78.99697025;-2.880818678;[0];-100.1875
-78.99672746;-2.880818249;[0];-100.3125
-78.99648466;-2.88081782;[0];-100.3750
-78.99624186;-2.880817391;[0];-100.5000
-78.99599906;-2.880816961;[0];-100.5625
-78.99575627;-2.880816532;[0];-100.6875
-78.99551347;-2.880816103;[0];-100.7500
-78.99527067;-2.880815673;[0];-100.8750
-78.99502788;-2.880815244;[0];-101.0000
-78.99478508;-2.880814814;[0];-101.1250
-78.99454228;-2.880814385;[0];-101.2500
-78.99429949;-2.880813955;[0];-101.3750
-78.99405669;-2.880813525;[0];-101.5000
-78.99381389;-2.880813096;[0];-101.5625
-78.99357110;-2.880812666;[0];-101.6875
-78.99332830;-2.880812236;[0];-101.8125
-78.99308550;-2.880811806;[0];-102.0000
-79.01518057;-2.880606591;[0];-101.9375
-79.01493777;-2.880606166;[0];-101.8125
-79.01469497;-2.88060574;[0];-101.6875
-79.01445217;-2.880605315;[0];-101.6250
-79.01420937;-2.88060489;[0];-101.5000
-79.01396657;-2.880604464;[0];-101.3750
-79.01372377;-2.880604039;[0];-101.1875
-79.01348097;-2.880603613;[0];-101.1250
-79.01323817;-2.880603188;[0];-101.0000
-79.01299537;-2.880602762;[0];-100.8750
-79.01275257;-2.880602337;[0];-100.8125
-79.01250978;-2.880601911;[0];-100.6875
-79.01226698;-2.880601485;[0];-100.6250
-79.01202418;-2.880601059;[0];-100.5000
-79.01178138;-2.880600634;[0];-100.4375
-79.01153858;-2.880600208;[0];-100.3125
-79.01129578;-2.880599782;[0];-100.2500
-79.01105298;-2.880599356;[0];-100.1875
-79.01081018;-2.88059893;[0];-100.0625
-79.01056738;-2.880598503;[0];-100.0000
-79.01032458;-2.880598077;[0];-99.8750
-79.01008178;-2.880597651;[0];-99.8125
-79.00983898;-2.880597225;[0];-99.7500
-79.00959618;-2.880596798;[0];-99.6250
-79.00935338;-2.880596372;[0];-99.6250
-79.00911059;-2.880595946;[0];-99.5625
-79.00886779;-2.880595519;[0];-99.5000
-79.00862499;-2.880595093;[0];-99.4375
-79.00838219;-2.880594666;[0];-99.3125
-79.00813939;-2.880594239;[0];-99.2500
-79.00789659;-2.880593813;[0];-99.1875
-79.00765379;-2.880593386;[0];-99.1875
-79.00741099;-2.880592959;[0];-99.1875
-79.00716819;-2.880592532;[0];-99.1875
-79.00692540;-2.880592105;[0];-99.1250
-79.00668260;-2.880591678;[0];-99.0625
-79.00643980;-2.880591251;[0];-99.0625
-79.00619700;-2.880590824;[0];-99.0625
-79.00595420;-2.880590397;[0];-99.0000
-79.00571140;-2.88058997;[0];-99.0000
-79.00546860;-2.880589543;[0];-99.0000
-79.00522581;-2.880589116;[0];-98.9375
-79.00498301;-2.880588688;[0];-98.9375
-79.00474021;-2.880588261;[0];-98.9375
-79.00449741;-2.880587833;[0];-98.9375
-79.00425461;-2.880587406;[0];-98.9375
-79.00401181;-2.880586978;[0];-98.9375
-79.00376902;-2.880586551;[0];-98.9375
-79.00352622;-2.880586123;[0];-98.9375
-79.00328342;-2.880585696;[0];-98.9375
-79.00304062;-2.880585268;[0];-98.9375
-79.00279782;-2.88058484;[0];-99.0000
-79.00255503;-2.880584412;[0];-99.0000
-79.00231223;-2.880583984;[0];-99.0625
-79.00206943;-2.880583556;[0];-99.0625
-79.00182663;-2.880583128;[0];-99.0625
-79.00158383;-2.8805827;[0];-99.1250
-79.00134104;-2.880582272;[0];-99.1875
-79.00109824;-2.880581844;[0];-99.1875
-79.00085544;-2.880581416;[0];-99.1875
-79.00061264;-2.880580988;[0];-99.3125
-79.00036984;-2.880580559;[0];-99.3125
-79.00012705;-2.880580131;[0];-99.3125
-78.99988425;-2.880579703;[0];-99.4375
-78.99964145;-2.880579274;[0];-99.5000
-78.99939865;-2.880578846;[0];-99.5625
-78.99915586;-2.880578417;[0];-99.6250
-78.99891306;-2.880577988;[0];-99.6250
-78.99867026;-2.88057756;[0];-99.7500
-78.99842746;-2.880577131;[0];-99.8125
-78.99818467;-2.880576702;[0];-99.8750
-78.99794187;-2.880576273;[0];-100.0000
-78.99769907;-2.880575845;[0];-100.0625
-78.99745627;-2.880575416;[0];-100.1250
-78.99721348;-2.880574987;[0];-100.1875
-78.99697068;-2.880574558;[0];-100.2500
-78.99672788;-2.880574129;[0];-100.4375
-78.99648509;-2.880573699;[0];-100.5000
-78.99624229;-2.88057327;[0];-100.6250
-78.99599949;-2.880572841;[0];-100.6875
-78.99575669;-2.880572412;[0];-100.8125
-78.99551390;-2.880571982;[0];-100.8750
-78.9952711;-2.880571553;[0];-101.0000
-78.99502830;-2.880571123;[0];-101.1250
-78.99478551;-2.880570694;[0];-101.1875
-78.99454271;-2.880570264;[0];-101.3750
-78.99429991;-2.880569835;[0];-101.5000
-78.99405712;-2.880569405;[0];-101.5625
-78.99381432;-2.880568975;[0];-101.6875
-78.99357152;-2.880568546;[0];-101.8125
-78.99332873;-2.880568116;[0];-101.8750
-79.01518099;-2.880362468;[0];-102.0000
-79.01493819;-2.880362042;[0];-101.9375
-79.01469540;-2.880361617;[0];-101.8125
-79.01445260;-2.880361192;[0];-101.6875
-79.01420980;-2.880360767;[0];-101.6250
-79.01396700;-2.880360341;[0];-101.4375
-79.01372420;-2.880359916;[0];-101.3125
-79.01348140;-2.88035949;[0];-101.1875
-79.01323860;-2.880359065;[0];-101.1250
-79.01299580;-2.880358639;[0];-101.0000
-79.01275300;-2.880358214;[0];-100.9375
-79.01251020;-2.880357788;[0];-100.8125
-79.01226740;-2.880357362;[0];-100.7500
-79.01202460;-2.880356937;[0];-100.6250
-79.0117818;-2.880356511;[0];-100.5625
-79.011539;-2.880356085;[0];-100.4375
-79.01129620;-2.880355659;[0];-100.3750
-79.01105340;-2.880355233;[0];-100.3125
-79.01081060;-2.880354807;[0];-100.1875
-79.01056780;-2.880354381;[0];-100.1250
-79.01032500;-2.880353955;[0];-100.0000
-79.01008221;-2.880353529;[0];-99.9375
-79.00983941;-2.880353102;[0];-99.8750
-79.00959661;-2.880352676;[0];-99.8125
-79.00935381;-2.88035225;[0];-99.7500
-79.00911101;-2.880351823;[0];-99.7500
-79.00886821;-2.880351397;[0];-99.6250
-79.00862541;-2.88035097;[0];-99.5625
-79.00838261;-2.880350544;[0];-99.5000
-79.00813981;-2.880350117;[0];-99.4375
-79.00789702;-2.88034969;[0];-99.3750
-79.00765422;-2.880349264;[0];-99.3750
-79.00741142;-2.880348837;[0];-99.3125
-79.00716862;-2.88034841;[0];-99.3125
-79.00692582;-2.880347983;[0];-99.2500
-79.00668302;-2.880347556;[0];-99.1875
-79.00644022;-2.880347129;[0];-99.1875
-79.00619742;-2.880346702;[0];-99.1875
-79.00595463;-2.880346275;[0];-99.1875
-79.00571183;-2.880345848;[0];-99.1875
-79.00546903;-2.880345421;[0];-99.1875
-79.00522623;-2.880344994;[0];-99.1250
-79.00498343;-2.880344566;[0];-99.0625
-79.00474063;-2.880344139;[0];-99.0625
-79.00449784;-2.880343712;[0];-99.1250
-79.00425504;-2.880343284;[0];-99.1250
-79.00401224;-2.880342857;[0];-99.1250
-79.00376944;-2.880342429;[0];-99.0625
-79.00352664;-2.880342002;[0];-99.0625
-79.00328384;-2.880341574;[0];-99.0625
-79.00304105;-2.880341146;[0];-99.0625
-79.00279825;-2.880340719;[0];-99.1250
-79.00255545;-2.880340291;[0];-99.1875
-79.00231265;-2.880339863;[0];-99.1875
-79.00206985;-2.880339435;[0];-99.1875
-79.00182706;-2.880339007;[0];-99.1875
-79.00158426;-2.880338579;[0];-99.2500
-79.00134146;-2.880338151;[0];-99.3125
-79.00109866;-2.880337723;[0];-99.3125
-79.00085587;-2.880337295;[0];-99.3750
-79.00061307;-2.880336867;[0];-99.4375
-79.00037027;-2.880336438;[0];-99.5000
-79.00012747;-2.88033601;[0];-99.5000
-78.99988467;-2.880335582;[0];-99.5625
-78.99964188;-2.880335153;[0];-99.6250
-78.99939908;-2.880334725;[0];-99.6875
-78.99915628;-2.880334296;[0];-99.7500
-78.99891348;-2.880333868;[0];-99.8125
-78.99867069;-2.880333439;[0];-99.8750
-78.99842789;-2.88033301;[0];-99.9375
-78.99818509;-2.880332582;[0];-100.0000
-78.99794230;-2.880332153;[0];-100.1250
-78.99769950;-2.880331724;[0];-100.1875
-78.9974567;-2.880331295;[0];-100.2500
-78.99721390;-2.880330866;[0];-100.3125
-78.99697111;-2.880330437;[0];-100.3750
-78.99672831;-2.880330008;[0];-100.5000
-78.99648551;-2.880329579;[0];-100.6250
-78.99624272;-2.88032915;[0];-100.7500
-78.99599992;-2.880328721;[0];-100.8125
-78.99575712;-2.880328291;[0];-100.9375
-78.99551432;-2.880327862;[0];-101.0000
-78.99527153;-2.880327433;[0];-101.1250
-78.99502873;-2.880327003;[0];-101.1875
-78.99478593;-2.880326574;[0];-101.3125
-78.99454314;-2.880326144;[0];-101.4375
-78.99430034;-2.880325715;[0];-101.6250
-78.99405754;-2.880325285;[0];-101.6875
-78.99381475;-2.880324855;[0];-101.8125
-78.99357195;-2.880324426;[0];-101.8750
-78.99332915;-2.880323996;[0];-102.0000
-79.01493862;-2.880117919;[0];-102.0000
-79.01469582;-2.880117494;[0];-101.9375
-79.01445302;-2.880117069;[0];-101.8125
-79.01421022;-2.880116644;[0];-101.6875
-79.01396742;-2.880116218;[0];-101.5625
-79.01372462;-2.880115793;[0];-101.4375
-79.01348182;-2.880115367;[0];-101.3125
-79.01323902;-2.880114942;[0];-101.2500
-79.01299622;-2.880114516;[0];-101.1250
-79.01275342;-2.880114091;[0];-101.0625
-79.01251062;-2.880113665;[0];-100.9375
-79.01226782;-2.88011324;[0];-100.8750
-79.01202502;-2.880112814;[0];-100.7500
-79.01178222;-2.880112388;[0];-100.6875
-79.01153942;-2.880111962;[0];-100.6250
-79.01129663;-2.880111536;[0];-100.5000
-79.01105383;-2.88011111;[0];-100.4375
-79.01081103;-2.880110684;[0];-100.3125
-79.01056823;-2.880110258;[0];-100.2500
-79.01032543;-2.880109832;[0];-100.1875
-79.01008263;-2.880109406;[0];-100.0625
-79.00983983;-2.88010898;[0];-100.0000
-79.00959703;-2.880108554;[0];-99.9375
-79.00935423;-2.880108127;[0];-99.9375
-79.00911143;-2.880107701;[0];-99.8750
-79.00886863;-2.880107274;[0];-99.7500
-79.00862584;-2.880106848;[0];-99.6875
-79.00838304;-2.880106421;[0];-99.6250
-79.00814024;-2.880105995;[0];-99.5625
-79.00789744;-2.880105568;[0];-99.5000
-79.00765464;-2.880105142;[0];-99.5000
-79.00741184;-2.880104715;[0];-99.5000
-79.00716904;-2.880104288;[0];-99.5000
-79.00692624;-2.880103861;[0];-99.3750
-79.00668345;-2.880103434;[0];-99.3750
-79.00644065;-2.880103007;[0];-99.3750
-79.00619785;-2.88010258;[0];-99.3750
-79.00595505;-2.880102153;[0];-99.3125
-79.00571225;-2.880101726;[0];-99.3125
-79.00546945;-2.880101299;[0];-99.3125
-79.00522666;-2.880100872;[0];-99.2500
-79.00498386;-2.880100445;[0];-99.2500
-79.00474106;-2.880100017;[0];-99.2500
-79.00449826;-2.88009959;[0];-99.2500
-79.00425546;-2.880099163;[0];-99.2500
-79.00401266;-2.880098735;[0];-99.2500
-79.00376987;-2.880098308;[0];-99.2500
-79.00352707;-2.88009788;[0];-99.2500
-79.00328427;-2.880097453;[0];-99.2500
-79.00304147;-2.880097025;[0];-99.2500
-79.00279867;-2.880096597;[0];-99.3125
-79.00255588;-2.880096169;[0];-99.3125
-79.00231308;-2.880095742;[0];-99.3750
-79.00207028;-2.880095314;[0];-99.3750
-79.00182748;-2.880094886;[0];-99.3750
-79.00158468;-2.880094458;[0];-99.3750
-79.00134189;-2.88009403;[0];-99.5000
-79.00109909;-2.880093602;[0];-99.5000
-79.00085629;-2.880093174;[0];-99.5000
-79.00061349;-2.880092745;[0];-99.5625
-79.00037070;-2.880092317;[0];-99.6250
-79.00012790;-2.880091889;[0];-99.6250
-78.99988510;-2.880091461;[0];-99.6875
-78.99964230;-2.880091032;[0];-99.7500
-78.99939951;-2.880090604;[0];-99.8750
-78.99915671;-2.880090175;[0];-99.9375
-78.99891391;-2.880089747;[0];-99.9375
-78.99867111;-2.880089318;[0];-100.0000
-78.99842832;-2.88008889;[0];-100.0625
-78.99818552;-2.880088461;[0];-100.1875
-78.99794272;-2.880088032;[0];-100.2500
-78.99769992;-2.880087603;[0];-100.3125
-78.99745713;-2.880087174;[0];-100.4375
-78.99721433;-2.880086745;[0];-100.4375
-78.99697153;-2.880086317;[0];-100.5000
-78.99672874;-2.880085888;[0];-100.6250
-78.99648594;-2.880085458;[0];-100.7500
-78.99624314;-2.880085029;[0];-100.8750
-78.99600035;-2.8800846;[0];-100.9375
-78.99575755;-2.880084171;[0];-101.0625
-78.99551475;-2.880083742;[0];-101.1250
-78.99527195;-2.880083312;[0];-101.2500
-78.99502916;-2.880082883;[0];-101.3125
-78.99478636;-2.880082454;[0];-101.4375
-78.99454356;-2.880082024;[0];-101.5625
-78.99430077;-2.880081595;[0];-101.6875
-78.99405797;-2.880081165;[0];-101.8125
-78.99381517;-2.880080735;[0];-101.9375
-78.99357238;-2.880080306;[0];-102.0000
-79.01445344;-2.879872946;[0];-101.9375
-79.01421064;-2.87987252;[0];-101.8125
-79.01396784;-2.879872095;[0];-101.6250
-79.01372504;-2.87987167;[0];-101.5625
-79.01348224;-2.879871244;[0];-101.4375
-79.01323944;-2.879870819;[0];-101.3750
-79.01299664;-2.879870394;[0];-101.2500
-79.01275384;-2.879869968;[0];-101.1875
-79.01251105;-2.879869542;[0];-101.0625
-79.01226825;-2.879869117;[0];-101.0000
-79.01202545;-2.879868691;[0];-100.8750
-79.01178265;-2.879868265;[0];-100.8125
-79.01153985;-2.879867839;[0];-100.7500
-79.01129705;-2.879867414;[0];-100.6250
-79.01105425;-2.879866988;[0];-100.5625
-79.01081145;-2.879866562;[0];-100.4375
-79.01056865;-2.879866136;[0];-100.3750
-79.01032585;-2.87986571;[0];-100.3125
-79.01008305;-2.879865284;[0];-100.1875
-79.00984025;-2.879864857;[0];-100.1250
-79.00959746;-2.879864431;[0];-100.1250
-79.00935466;-2.879864005;[0];-100.0625
-79.00911186;-2.879863579;[0];-100.0000
-79.00886906;-2.879863152;[0];-99.9375
-79.00862626;-2.879862726;[0];-99.8750
-79.00838346;-2.879862299;[0];-99.7500
-79.00814066;-2.879861873;[0];-99.6875
-79.00789786;-2.879861446;[0];-99.6875
-79.00765507;-2.879861019;[0];-99.6250
-79.00741227;-2.879860593;[0];-99.6250
-79.00716947;-2.879860166;[0];-99.6250
-79.00692667;-2.879859739;[0];-99.5625
-79.00668387;-2.879859312;[0];-99.5000
-79.00644107;-2.879858885;[0];-99.5000
-79.00619827;-2.879858459;[0];-99.5000
-79.00595548;-2.879858032;[0];-99.5000
-79.00571268;-2.879857604;[0];-99.5000
-79.00546988;-2.879857177;[0];-99.5000
-79.00522708;-2.87985675;[0];-99.4375
-79.00498428;-2.879856323;[0];-99.3750
-79.00474148;-2.879855896;[0];-99.3750
-79.00449869;-2.879855468;[0];-99.4375
-79.00425589;-2.879855041;[0];-99.4375
-79.00401309;-2.879854614;[0];-99.4375
-79.00377029;-2.879854186;[0];-99.3750
-79.00352749;-2.879853759;[0];-99.3750
-79.00328470;-2.879853331;[0];-99.3750
-79.00304190;-2.879852903;[0];-99.3750
-79.00279910;-2.879852476;[0];-99.4375
-79.00255630;-2.879852048;[0];-99.5000
-79.00231350;-2.87985162;[0];-99.5000
-79.00207071;-2.879851192;[0];-99.5000
-79.00182791;-2.879850765;[0];-99.5000
-79.00158511;-2.879850337;[0];-99.5625
-79.00134231;-2.879849909;[0];-99.6250
-79.00109951;-2.879849481;[0];-99.6250
-79.00085672;-2.879849053;[0];-99.6250
-79.00061392;-2.879848624;[0];-99.7500
-79.00037112;-2.879848196;[0];-99.7500
-79.00012832;-2.879847768;[0];-99.8125
-78.99988553;-2.87984734;[0];-99.8125
-78.99964273;-2.879846911;[0];-99.9375
-78.99939993;-2.879846483;[0];-100.0000
-78.99915713;-2.879846054;[0];-100.0625
-78.99891434;-2.879845626;[0];-100.1250
-78.99867154;-2.879845197;[0];-100.1250
-78.99842874;-2.879844769;[0];-100.1875
-78.99818595;-2.87984434;[0];-100.3125
-78.99794315;-2.879843911;[0];-100.3750
-78.99770035;-2.879843483;[0];-100.4375
-78.99745755;-2.879843054;[0];-100.5625
-78.99721476;-2.879842625;[0];-100.6250
-78.99697196;-2.879842196;[0];-100.6250
-78.99672916;-2.879841767;[0];-100.7500
-78.99648637;-2.879841338;[0];-100.8750
-78.99624357;-2.879840909;[0];-101.0000
-78.99600077;-2.87984048;[0];-101.0625
-78.99575798;-2.879840051;[0];-101.1875
-78.99551518;-2.879839621;[0];-101.2500
-78.99527238;-2.879839192;[0];-101.3750
-78.99502958;-2.879838763;[0];-101.4375
-78.99478679;-2.879838333;[0];-101.5625
-78.99454399;-2.879837904;[0];-101.6250
-78.99430119;-2.879837474;[0];-101.7500
-78.99405840;-2.879837045;[0];-101.9375
-78.99381560;-2.879836615;[0];-102.0000
-79.01445386;-2.879628823;[0];-102.0000
-79.01421106;-2.879628397;[0];-101.8750
-79.01396827;-2.879627972;[0];-101.7500
-79.01372547;-2.879627547;[0];-101.6875
-79.01348267;-2.879627121;[0];-101.5625
-79.01323987;-2.879626696;[0];-101.5000
-79.01299707;-2.879626271;[0];-101.3750
-79.01275427;-2.879625845;[0];-101.3125
-79.01251147;-2.87962542;[0];-101.1875
-79.01226867;-2.879624994;[0];-101.1250
-79.01202587;-2.879624568;[0];-101.0000
-79.01178307;-2.879624143;[0];-100.9375
-79.01154027;-2.879623717;[0];-100.8750
-79.01129747;-2.879623291;[0];-100.7500
-79.01105467;-2.879622865;[0];-100.6875
-79.01081187;-2.879622439;[0];-100.5625
-79.01056908;-2.879622013;[0];-100.5000
-79.01032628;-2.879621587;[0];-100.4375
-79.01008348;-2.879621161;[0];-100.3750
-79.00984068;-2.879620735;[0];-100.2500
-79.00959788;-2.879620309;[0];-100.2500
-79.00935508;-2.879619882;[0];-100.1875
-79.00911228;-2.879619456;[0];-100.1250
-79.00886948;-2.87961903;[0];-100.0625
-79.00862668;-2.879618603;[0];-100.0000
-79.00838389;-2.879618177;[0];-99.9375
-79.00814109;-2.87961775;[0];-99.8125
-79.00789829;-2.879617324;[0];-99.8125
-79.00765549;-2.879616897;[0];-99.8125
-79.00741269;-2.879616471;[0];-99.8125
-79.00716989;-2.879616044;[0];-99.7500
-79.00692709;-2.879615617;[0];-99.6875
-79.00668430;-2.87961519;[0];-99.6875
-79.00644150;-2.879614764;[0];-99.6250
-79.00619870;-2.879614337;[0];-99.6250
-79.0059559;-2.87961391;[0];-99.6250
-79.00571310;-2.879613483;[0];-99.6250
-79.00547030;-2.879613056;[0];-99.6250
-79.00522751;-2.879612628;[0];-99.5625
-79.00498471;-2.879612201;[0];-99.5625
-79.00474191;-2.879611774;[0];-99.5625
-79.00449911;-2.879611347;[0];-99.5625
-79.00425631;-2.879610919;[0];-99.5625
-79.00401351;-2.879610492;[0];-99.5625
-79.00377072;-2.879610065;[0];-99.5625
-79.00352792;-2.879609637;[0];-99.5625
-79.00328512;-2.87960921;[0];-99.5625
-79.00304232;-2.879608782;[0];-99.5625
-79.00279952;-2.879608354;[0];-99.5625
-79.00255673;-2.879607927;[0];-99.6250
-79.00231393;-2.879607499;[0];-99.6250
-79.00207113;-2.879607071;[0];-99.6250
-79.00182833;-2.879606643;[0];-99.6875
-79.00158554;-2.879606215;[0];-99.6875
-79.00134274;-2.879605787;[0];-99.7500
-79.00109994;-2.879605359;[0];-99.8125
-79.00085714;-2.879604931;[0];-99.8125
-79.00061435;-2.879604503;[0];-99.8750
-79.00037155;-2.879604075;[0];-99.9375
-79.00012875;-2.879603647;[0];-99.9375
-78.99988595;-2.879603219;[0];-100.0000
-78.99964316;-2.87960279;[0];-100.0625
-78.99940036;-2.879602362;[0];-100.1250
-78.99915756;-2.879601934;[0];-100.1875
-78.99891476;-2.879601505;[0];-100.2500
-78.99867197;-2.879601077;[0];-100.2500
-78.99842917;-2.879600648;[0];-100.3750
-78.99818637;-2.879600219;[0];-100.4375
-78.99794357;-2.879599791;[0];-100.5000
-78.99770078;-2.879599362;[0];-100.5625
-78.99745798;-2.879598933;[0];-100.6875
-78.99721518;-2.879598504;[0];-100.7500
-78.99697239;-2.879598075;[0];-100.7500
-78.99672959;-2.879597647;[0];-100.8750
-78.99648679;-2.879597218;[0];-101.0000
-78.99624400;-2.879596788;[0];-101.1250
-78.99600120;-2.879596359;[0];-101.1875
-78.99575840;-2.87959593;[0];-101.3125
-78.99551561;-2.879595501;[0];-101.3750
-78.99527281;-2.879595072;[0];-101.5000
-78.99503001;-2.879594642;[0];-101.5625
-78.99478721;-2.879594213;[0];-101.6875
-78.99454442;-2.879593784;[0];-101.7500
-78.99430162;-2.879593354;[0];-101.8750
-78.99405883;-2.879592925;[0];-102.0000
-79.01421149;-2.879384274;[0];-102.0000
-79.01396869;-2.879383849;[0];-101.8750
-79.01372589;-2.879383424;[0];-101.7500
-79.01348309;-2.879382998;[0];-101.6875
-79.01324029;-2.879382573;[0];-101.5625
-79.01299749;-2.879382148;[0];-101.5000
-79.01275469;-2.879381722;[0];-101.4375
-79.01251189;-2.879381297;[0];-101.3125
-79.01226909;-2.879380871;[0];-101.2500
-79.01202629;-2.879380445;[0];-101.1250
-79.01178349;-2.87938002;[0];-101.0625
-79.01154069;-2.879379594;[0];-101.0000
-79.01129790;-2.879379168;[0];-100.8750
-79.01105510;-2.879378742;[0];-100.8125
-79.01081230;-2.879378317;[0];-100.7500
-79.01056950;-2.879377891;[0];-100.6250
-79.01032670;-2.879377465;[0];-100.5625
-79.0100839;-2.879377039;[0];-100.5000
-79.00984110;-2.879376612;[0];-100.4375
-79.00959830;-2.879376186;[0];-100.3750
-79.00935550;-2.87937576;[0];-100.3750
-79.00911271;-2.879375334;[0];-100.2500
-79.00886991;-2.879374908;[0];-100.1875
-79.00862711;-2.879374481;[0];-100.1250
-79.00838431;-2.879374055;[0];-100.0625
-79.00814151;-2.879373628;[0];-100.0000
-79.00789871;-2.879373202;[0];-99.9375
-79.00765591;-2.879372775;[0];-99.9375
-79.00741312;-2.879372349;[0];-99.9375
-79.00717032;-2.879371922;[0];-99.8750
-79.00692752;-2.879371495;[0];-99.8125
-79.00668472;-2.879371068;[0];-99.8125
-79.00644192;-2.879370642;[0];-99.8125
-79.00619912;-2.879370215;[0];-99.8125
-79.00595632;-2.879369788;[0];-99.8125
-79.00571353;-2.879369361;[0];-99.8125
-79.00547073;-2.879368934;[0];-99.8125
-79.00522793;-2.879368507;[0];-99.7500
-79.00498513;-2.87936808;[0];-99.6875
-79.00474233;-2.879367652;[0];-99.6875
-79.00449954;-2.879367225;[0];-99.6875
-79.00425674;-2.879366798;[0];-99.7500
-79.00401394;-2.87936637;[0];-99.6875
-79.00377114;-2.879365943;[0];-99.6875
-79.00352834;-2.879365516;[0];-99.6875
-79.00328555;-2.879365088;[0];-99.6875
-79.00304275;-2.879364661;[0];-99.6875
-79.00279995;-2.879364233;[0];-99.7500
-79.00255715;-2.879363805;[0];-99.8125
-79.00231435;-2.879363378;[0];-99.8125
-79.00207156;-2.87936295;[0];-99.8125
-79.00182876;-2.879362522;[0];-99.8125
-79.00158596;-2.879362094;[0];-99.8125
-79.00134316;-2.879361666;[0];-99.8750
-79.00110037;-2.879361238;[0];-99.9375
-79.00085757;-2.87936081;[0];-99.9375
-79.00061477;-2.879360382;[0];-100.0000
-79.00037197;-2.879359954;[0];-100.0625
-79.00012918;-2.879359526;[0];-100.0625
-78.99988638;-2.879359098;[0];-100.1250
-78.99964358;-2.879358669;[0];-100.1875
-78.99940078;-2.879358241;[0];-100.2500
-78.99915799;-2.879357813;[0];-100.3125
-78.99891519;-2.879357384;[0];-100.3750
-78.99867239;-2.879356956;[0];-100.4375
-78.99842960;-2.879356527;[0];-100.5000
-78.99818680;-2.879356099;[0];-100.5625
-78.99794400;-2.87935567;[0];-100.6250
-78.99770120;-2.879355241;[0];-100.7500
-78.99745841;-2.879354813;[0];-100.8125
-78.99721561;-2.879354384;[0];-100.8750
-78.99697281;-2.879353955;[0];-100.9375
-78.99673002;-2.879353526;[0];-100.9375
-78.99648722;-2.879353097;[0];-101.1250
-78.99624442;-2.879352668;[0];-101.2500
-78.99600163;-2.879352239;[0];-101.3125
-78.99575883;-2.87935181;[0];-101.4375
-78.99551603;-2.879351381;[0];-101.5000
-78.99527324;-2.879350952;[0];-101.5625
-78.99503044;-2.879350522;[0];-101.6875
-78.99478764;-2.879350093;[0];-101.7500
-78.99454485;-2.879349664;[0];-101.8750
-78.99430205;-2.879349234;[0];-101.9375
-79.01396911;-2.879139726;[0];-102.0000
-79.01372631;-2.879139301;[0];-101.8750
-79.01348351;-2.879138875;[0];-101.8125
-79.01324071;-2.87913845;[0];-101.6875
-79.01299791;-2.879138025;[0];-101.6250
-79.01275511;-2.879137599;[0];-101.5000
-79.01251231;-2.879137174;[0];-101.4375
-79.01226952;-2.879136748;[0];-101.3750
-79.01202672;-2.879136323;[0];-101.2500
-79.01178392;-2.879135897;[0];-101.1875
-79.01154112;-2.879135471;[0];-101.1250
-79.01129832;-2.879135046;[0];-101.0000
-79.01105552;-2.87913462;[0];-100.9375
-79.01081272;-2.879134194;[0];-100.8750
-79.01056992;-2.879133768;[0];-100.7500
-79.01032712;-2.879133342;[0];-100.6875
-79.01008432;-2.879132916;[0];-100.6250
-79.00984153;-2.87913249;[0];-100.5625
-79.00959873;-2.879132064;[0];-100.5625
-79.00935593;-2.879131638;[0];-100.5000
-79.00911313;-2.879131211;[0];-100.3750
-79.00887033;-2.879130785;[0];-100.3125
-79.00862753;-2.879130359;[0];-100.2500
-79.00838473;-2.879129932;[0];-100.1875
-79.00814194;-2.879129506;[0];-100.1250
-79.00789914;-2.87912908;[0];-100.1250
-79.00765634;-2.879128653;[0];-100.1250
-79.00741354;-2.879128226;[0];-100.0625
-79.00717074;-2.8791278;[0];-100.0625
-79.00692794;-2.879127373;[0];-100.0000
-79.00668514;-2.879126946;[0];-99.9375
-79.00644235;-2.87912652;[0];-99.9375
-79.00619955;-2.879126093;[0];-99.9375
-79.00595675;-2.879125666;[0];-99.9375
-79.00571395;-2.879125239;[0];-99.9375
-79.00547115;-2.879124812;[0];-99.9375
-79.00522835;-2.879124385;[0];-99.8750
-79.00498556;-2.879123958;[0];-99.8750
-79.00474276;-2.879123531;[0];-99.8750
-79.00449996;-2.879123103;[0];-99.8750
-79.00425716;-2.879122676;[0];-99.8750
-79.00401436;-2.879122249;[0];-99.8750
-79.00377157;-2.879121822;[0];-99.8750
-79.00352877;-2.879121394;[0];-99.8750
-79.00328597;-2.879120967;[0];-99.8750
-79.00304317;-2.879120539;[0];-99.8750
-79.00280038;-2.879120112;[0];-99.8750
-79.00255758;-2.879119684;[0];-99.9375
-79.00231478;-2.879119256;[0];-99.9375
-79.00207198;-2.879118829;[0];-99.9375
-79.00182918;-2.879118401;[0];-99.9375
-79.00158639;-2.879117973;[0];-100.0000
-79.00134359;-2.879117545;[0];-100.0625
-79.00110079;-2.879117117;[0];-100.0625
-79.00085799;-2.879116689;[0];-100.1250
-79.00061520;-2.879116261;[0];-100.1250
-79.00037240;-2.879115833;[0];-100.1875
-79.00012960;-2.879115405;[0];-100.2500
-78.99988680;-2.879114977;[0];-100.2500
-78.99964401;-2.879114548;[0];-100.3125
-78.99940121;-2.87911412;[0];-100.3750
-78.99915841;-2.879113692;[0];-100.5000
-78.99891562;-2.879113263;[0];-100.5625
-78.99867282;-2.879112835;[0];-100.5625
-78.99843002;-2.879112406;[0];-100.6250
-78.99818722;-2.879111978;[0];-100.6875
-78.99794443;-2.879111549;[0];-100.7500
-78.99770163;-2.879111121;[0];-100.8750
-78.99745883;-2.879110692;[0];-100.9375
-78.99721604;-2.879110263;[0];-101.0000
-78.99697324;-2.879109834;[0];-101.0625
-78.99673044;-2.879109406;[0];-101.0625
-78.99648765;-2.879108977;[0];-101.1875
-78.99624485;-2.879108548;[0];-101.3125
-78.99600205;-2.879108119;[0];-101.4375
-78.99575926;-2.87910769;[0];-101.5000
-78.99551646;-2.87910726;[0];-101.6250
-78.99527366;-2.879106831;[0];-101.6875
-78.99503087;-2.879106402;[0];-101.8125
-78.99478807;-2.879105973;[0];-101.8750
-78.99454527;-2.879105543;[0];-102.0000
-79.01372673;-2.878895178;[0];-102.0000
-79.01348394;-2.878894752;[0];-101.9375
-79.01324114;-2.878894327;[0];-101.8125
-79.01299834;-2.878893902;[0];-101.7500
-79.01275554;-2.878893476;[0];-101.6250
-79.01251274;-2.878893051;[0];-101.5625
-79.01226994;-2.878892625;[0];-101.5000
-79.01202714;-2.8788922;[0];-101.3750
-79.01178434;-2.878891774;[0];-101.3125
-79.01154154;-2.878891349;[0];-101.2500
-79.01129874;-2.878890923;[0];-101.1250
-79.01105594;-2.878890497;[0];-101.0625
-79.01081314;-2.878890071;[0];-101.0000
-79.01057035;-2.878889645;[0];-100.8750
-79.01032755;-2.878889219;[0];-100.8125
-79.01008475;-2.878888794;[0];-100.7500
-79.00984195;-2.878888367;[0];-100.6875
-79.00959915;-2.878887941;[0];-100.6875
-79.00935635;-2.878887515;[0];-100.6250
-79.00911355;-2.878887089;[0];-100.5625
-79.00887075;-2.878886663;[0];-100.4375
-79.00862796;-2.878886237;[0];-100.3750
-79.00838516;-2.87888581;[0];-100.3125
-79.00814236;-2.878885384;[0];-100.2500
-79.00789956;-2.878884957;[0];-100.2500
-79.00765676;-2.878884531;[0];-100.2500
-79.00741396;-2.878884104;[0];-100.2500
-79.00717117;-2.878883678;[0];-100.1875
-79.00692837;-2.878883251;[0];-100.1250
-79.00668557;-2.878882824;[0];-100.1250
-79.00644277;-2.878882398;[0];-100.1250
-79.00619997;-2.878881971;[0];-100.1250
-79.00595717;-2.878881544;[0];-100.1250
-79.00571438;-2.878881117;[0];-100.1250
-79.00547158;-2.87888069;[0];-100.0625
-79.00522878;-2.878880263;[0];-100.0000
-79.00498598;-2.878879836;[0];-100.0000
-79.00474318;-2.878879409;[0];-100.0000
-79.00450039;-2.878878982;[0];-100.0000
-79.00425759;-2.878878555;[0];-100.0000
-79.00401479;-2.878878127;[0];-100.0000
-79.00377199;-2.8788777;[0];-100.0000
-79.00352919;-2.878877273;[0];-100.0000
-79.00328640;-2.878876845;[0];-100.0000
-79.00304360;-2.878876418;[0];-100.0000
-79.0028008;-2.87887599;[0];-100.0000
-79.00255800;-2.878875563;[0];-100.0625
-79.00231521;-2.878875135;[0];-100.1250
-79.00207241;-2.878874707;[0];-100.1250
-79.00182961;-2.878874279;[0];-100.1250
-79.00158681;-2.878873852;[0];-100.1250
-79.00134402;-2.878873424;[0];-100.1875
-79.00110122;-2.878872996;[0];-100.2500
-79.00085842;-2.878872568;[0];-100.2500
-79.00061562;-2.87887214;[0];-100.3125
-79.00037283;-2.878871712;[0];-100.3750
-79.00013003;-2.878871284;[0];-100.3750
-78.99988723;-2.878870856;[0];-100.3750
-78.99964443;-2.878870428;[0];-100.4375
-78.99940164;-2.878869999;[0];-100.5625
-78.99915884;-2.878869571;[0];-100.6250
-78.99891604;-2.878869143;[0];-100.6875
-78.99867324;-2.878868714;[0];-100.6875
-78.99843045;-2.878868286;[0];-100.7500
-78.99818765;-2.878867857;[0];-100.8125
-78.99794485;-2.878867429;[0];-100.8750
-78.99770206;-2.878867;[0];-101.0000
-78.99745926;-2.878866571;[0];-101.0625
-78.99721646;-2.878866143;[0];-101.1250
-78.99697367;-2.878865714;[0];-101.1875
-78.99673087;-2.878865285;[0];-101.2500
-78.99648807;-2.878864856;[0];-101.3125
-78.99624528;-2.878864427;[0];-101.4375
-78.99600248;-2.878863998;[0];-101.5625
-78.99575968;-2.878863569;[0];-101.6250
-78.99551689;-2.87886314;[0];-101.7500
-78.99527409;-2.878862711;[0];-101.8125
-78.99503129;-2.878862282;[0];-101.9375
-78.99478850;-2.878861852;[0];-102.0000
-79.01348436;-2.878650629;[0];-102.0000
-79.01324156;-2.878650204;[0];-101.9375
-79.01299876;-2.878649779;[0];-101.8750
-79.01275596;-2.878649353;[0];-101.7500
-79.01251316;-2.878648928;[0];-101.6875
-79.01227036;-2.878648503;[0];-101.6250
-79.01202756;-2.878648077;[0];-101.5000
-79.01178476;-2.878647651;[0];-101.4375
-79.01154197;-2.878647226;[0];-101.3750
-79.01129917;-2.8786468;[0];-101.2500
-79.01105637;-2.878646374;[0];-101.1875
-79.01081357;-2.878645949;[0];-101.1250
-79.01057077;-2.878645523;[0];-101.0000
-79.01032797;-2.878645097;[0];-100.9375
-79.01008517;-2.878644671;[0];-100.8750
-79.00984237;-2.878644245;[0];-100.8750
-79.00959957;-2.878643819;[0];-100.8125
-79.00935678;-2.878643393;[0];-100.7500
-79.00911398;-2.878642967;[0];-100.6875
-79.00887118;-2.878642541;[0];-100.6250
-79.00862838;-2.878642114;[0];-100.5000
-79.00838558;-2.878641688;[0];-100.4375
-79.00814278;-2.878641262;[0];-100.4375
-79.00789998;-2.878640835;[0];-100.3750
-79.00765719;-2.878640409;[0];-100.3750
-79.00741439;-2.878639982;[0];-100.3750
-79.00717159;-2.878639556;[0];-100.3125
-79.00692879;-2.878639129;[0];-100.2500
-79.00668599;-2.878638702;[0];-100.2500
-79.00644319;-2.878638276;[0];-100.2500
-79.00620040;-2.878637849;[0];-100.2500
-79.00595760;-2.878637422;[0];-100.2500
-79.0057148;-2.878636995;[0];-100.2500
-79.00547200;-2.878636568;[0];-100.1875
-79.00522920;-2.878636141;[0];-100.1875
-79.00498641;-2.878635714;[0];-100.1250
-79.00474361;-2.878635287;[0];-100.1250
-79.00450081;-2.87863486;[0];-100.1875
-79.00425801;-2.878634433;[0];-100.1875
-79.00401521;-2.878634006;[0];-100.1875
-79.00377242;-2.878633578;[0];-100.1250
-79.00352962;-2.878633151;[0];-100.1250
-79.00328682;-2.878632724;[0];-100.1250
-79.00304402;-2.878632296;[0];-100.1250
-79.00280123;-2.878631869;[0];-100.1875
-79.00255843;-2.878631441;[0];-100.2500
-79.00231563;-2.878631014;[0];-100.2500
-79.00207283;-2.878630586;[0];-100.2500
-79.00183004;-2.878630158;[0];-100.2500
-79.00158724;-2.87862973;[0];-100.2500
-79.00134444;-2.878629303;[0];-100.3125
-79.00110164;-2.878628875;[0];-100.3750
-79.00085885;-2.878628447;[0];-100.3750
-79.00061605;-2.878628019;[0];-100.4375
-79.00037325;-2.878627591;[0];-100.5000
-79.00013045;-2.878627163;[0];-100.5000
-78.99988766;-2.878626735;[0];-100.5625
-78.99964486;-2.878626307;[0];-100.6250
-78.99940206;-2.878625878;[0];-100.6875
-78.99915927;-2.87862545;[0];-100.7500
-78.99891647;-2.878625022;[0];-100.8125
-78.99867367;-2.878624593;[0];-100.8750
-78.99843087;-2.878624165;[0];-100.8750
-78.99818808;-2.878623736;[0];-100.9375
-78.99794528;-2.878623308;[0];-101.0000
-78.99770248;-2.878622879;[0];-101.1250
-78.99745969;-2.878622451;[0];-101.1875
-78.99721689;-2.878622022;[0];-101.2500
-78.99697409;-2.878621593;[0];-101.3125
-78.99673130;-2.878621164;[0];-101.3750
-78.99648850;-2.878620736;[0];-101.4375
-78.99624570;-2.878620307;[0];-101.5625
-78.99600291;-2.878619878;[0];-101.6875
-78.99576011;-2.878619449;[0];-101.7500
-78.99551731;-2.87861902;[0];-101.8750
-78.99527452;-2.878618591;[0];-101.9375
-78.99503172;-2.878618161;[0];-102.0000
-79.01299918;-2.878405656;[0];-101.9375
-79.01275638;-2.878405231;[0];-101.8750
-79.01251358;-2.878404805;[0];-101.8125
-79.01227079;-2.87840438;[0];-101.6875
-79.01202799;-2.878403954;[0];-101.6250
-79.01178519;-2.878403529;[0];-101.5625
-79.01154239;-2.878403103;[0];-101.4375
-79.01129959;-2.878402677;[0];-101.3750
-79.01105679;-2.878402252;[0];-101.3125
-79.01081399;-2.878401826;[0];-101.2500
-79.01057119;-2.8784014;[0];-101.1250
-79.01032839;-2.878400974;[0];-101.0625
-79.01008560;-2.878400549;[0];-101.0000
-79.00984280;-2.878400123;[0];-101.0000
-79.00960000;-2.878399697;[0];-100.9375
-79.00935720;-2.87839927;[0];-100.8750
-79.00911440;-2.878398844;[0];-100.8125
-79.00887160;-2.878398418;[0];-100.7500
-79.00862880;-2.878397992;[0];-100.6875
-79.00838601;-2.878397566;[0];-100.5625
-79.00814321;-2.878397139;[0];-100.5625
-79.00790041;-2.878396713;[0];-100.5625
-79.00765761;-2.878396287;[0];-100.5625
-79.00741481;-2.87839586;[0];-100.5000
-79.00717201;-2.878395434;[0];-100.4375
-79.00692922;-2.878395007;[0];-100.3750
-79.00668642;-2.87839458;[0];-100.3750
-79.00644362;-2.878394154;[0];-100.3750
-79.00620082;-2.878393727;[0];-100.3750
-79.00595802;-2.8783933;[0];-100.3750
-79.00571523;-2.878392873;[0];-100.3750
-79.00547243;-2.878392447;[0];-100.3750
-79.00522963;-2.87839202;[0];-100.3125
-79.00498683;-2.878391593;[0];-100.3125
-79.00474403;-2.878391166;[0];-100.3125
-79.00450124;-2.878390738;[0];-100.3125
-79.00425844;-2.878390311;[0];-100.3125
-79.00401564;-2.878389884;[0];-100.3125
-79.00377284;-2.878389457;[0];-100.3125
-79.00353004;-2.87838903;[0];-100.3125
-79.00328725;-2.878388602;[0];-100.3125
-79.00304445;-2.878388175;[0];-100.3125
-79.00280165;-2.878387747;[0];-100.3125
-79.00255885;-2.87838732;[0];-100.3750
-79.00231606;-2.878386892;[0];-100.3750
-79.00207326;-2.878386465;[0];-100.3750
-79.00183046;-2.878386037;[0];-100.3750
-79.00158766;-2.878385609;[0];-100.3750
-79.00134487;-2.878385181;[0];-100.4375
-79.00110207;-2.878384754;[0];-100.5000
-79.00085927;-2.878384326;[0];-100.5625
-79.00061647;-2.878383898;[0];-100.5625
-79.00037368;-2.87838347;[0];-100.6250
-79.00013088;-2.878383042;[0];-100.6875
-78.99988808;-2.878382614;[0];-100.6875
-78.99964529;-2.878382186;[0];-100.7500
-78.99940249;-2.878381757;[0];-100.8125
-78.99915969;-2.878381329;[0];-100.8750
-78.99891689;-2.878380901;[0];-100.9375
-78.99867410;-2.878380473;[0];-101.0000
-78.9984313;-2.878380044;[0];-101.0000
-78.99818850;-2.878379616;[0];-101.0625
-78.99794571;-2.878379187;[0];-101.1250
-78.99770291;-2.878378759;[0];-101.2500
-78.99746011;-2.87837833;[0];-101.3125
-78.99721732;-2.878377901;[0];-101.3750
-78.99697452;-2.878377473;[0];-101.4375
-78.99673172;-2.878377044;[0];-101.5000
-78.99648893;-2.878376615;[0];-101.5625
-78.99624613;-2.878376186;[0];-101.6250
-78.99600333;-2.878375757;[0];-101.8125
-78.99576054;-2.878375328;[0];-101.8750
-78.99551774;-2.878374899;[0];-101.9375
-79.01275681;-2.878161108;[0];-102.0000
-79.01251401;-2.878160682;[0];-101.9375
-79.01227121;-2.878160257;[0];-101.8125
-79.01202841;-2.878159831;[0];-101.7500
-79.01178561;-2.878159406;[0];-101.6875
-79.01154281;-2.87815898;[0];-101.5625
-79.01130001;-2.878158555;[0];-101.5000
-79.01105721;-2.878158129;[0];-101.4375
-79.01081442;-2.878157703;[0];-101.3750
-79.01057162;-2.878157278;[0];-101.2500
-79.01032882;-2.878156852;[0];-101.1875
-79.01008602;-2.878156426;[0];-101.1250
-79.00984322;-2.878156;[0];-101.1250
-79.00960042;-2.878155574;[0];-101.0625
-79.00935762;-2.878155148;[0];-101.0000
-79.00911483;-2.878154722;[0];-100.9375
-79.00887203;-2.878154296;[0];-100.8750
-79.00862923;-2.87815387;[0];-100.8125
-79.00838643;-2.878153443;[0];-100.7500
-79.00814363;-2.878153017;[0];-100.6875
-79.00790083;-2.878152591;[0];-100.6875
-79.00765803;-2.878152164;[0];-100.6875
-79.00741524;-2.878151738;[0];-100.6875
-79.00717244;-2.878151312;[0];-100.6250
-79.00692964;-2.878150885;[0];-100.5625
-79.00668684;-2.878150458;[0];-100.5625
-79.00644404;-2.878150032;[0];-100.5625
-79.00620125;-2.878149605;[0];-100.5625
-79.00595845;-2.878149178;[0];-100.5000
-79.00571565;-2.878148752;[0];-100.5000
-79.00547285;-2.878148325;[0];-100.5000
-79.00523005;-2.878147898;[0];-100.4375
-79.00498726;-2.878147471;[0];-100.4375
-79.00474446;-2.878147044;[0];-100.4375
-79.00450166;-2.878146617;[0];-100.4375
-79.00425886;-2.87814619;[0];-100.4375
-79.00401606;-2.878145762;[0];-100.4375
-79.00377327;-2.878145335;[0];-100.4375
-79.00353047;-2.878144908;[0];-100.4375
-79.00328767;-2.878144481;[0];-100.4375
-79.00304487;-2.878144053;[0];-100.4375
-79.00280208;-2.878143626;[0];-100.4375
-79.00255928;-2.878143198;[0];-100.5000
-79.00231648;-2.878142771;[0];-100.5625
-79.00207368;-2.878142343;[0];-100.5625
-79.00183089;-2.878141916;[0];-100.5625
-79.00158809;-2.878141488;[0];-100.5625
-79.00134529;-2.87814106;[0];-100.6250
-79.00110249;-2.878140632;[0];-100.6875
-79.00085970;-2.878140205;[0];-100.6875
-79.00061690;-2.878139777;[0];-100.6875
-79.00037410;-2.878139349;[0];-100.7500
-79.00013131;-2.878138921;[0];-100.8125
-78.99988851;-2.878138493;[0];-100.8125
-78.99964571;-2.878138065;[0];-100.8750
-78.99940291;-2.878137637;[0];-100.9375
-78.99916012;-2.878137208;[0];-101.0000
-78.99891732;-2.87813678;[0];-101.0625
-78.99867452;-2.878136352;[0];-101.1250
-78.99843173;-2.878135923;[0];-101.1250
-78.99818893;-2.878135495;[0];-101.1875
-78.99794613;-2.878135067;[0];-101.2500
-78.99770334;-2.878134638;[0];-101.3750
-78.99746054;-2.878134209;[0];-101.4375
-78.99721774;-2.878133781;[0];-101.5000
-78.99697495;-2.878133352;[0];-101.5625
-78.99673215;-2.878132923;[0];-101.6250
-78.99648935;-2.878132495;[0];-101.6875
-78.99624656;-2.878132066;[0];-101.7500
-78.99600376;-2.878131637;[0];-101.8750
-78.99576096;-2.878131208;[0];-102.0000
-79.01251443;-2.877916559;[0];-102.0000
-79.01227163;-2.877916134;[0];-101.9375
-79.01202883;-2.877915709;[0];-101.8750
-79.01178603;-2.877915283;[0];-101.8125
-79.01154324;-2.877914858;[0];-101.6875
-79.01130044;-2.877914432;[0];-101.6250
-79.01105764;-2.877914006;[0];-101.5625
-79.01081484;-2.877913581;[0];-101.5000
-79.01057204;-2.877913155;[0];-101.3750
-79.01032924;-2.877912729;[0];-101.3125
-79.01008644;-2.877912303;[0];-101.3125
-79.00984364;-2.877911878;[0];-101.2500
-79.00960085;-2.877911452;[0];-101.1875
-79.00935805;-2.877911026;[0];-101.1250
-79.00911525;-2.8779106;[0];-101.0625
-79.00887245;-2.877910174;[0];-101.0000
-79.00862965;-2.877909747;[0];-100.9375
-79.00838685;-2.877909321;[0];-100.8750
-79.00814406;-2.877908895;[0];-100.8125
-79.00790126;-2.877908469;[0];-100.8125
-79.00765846;-2.877908042;[0];-100.8125
-79.00741566;-2.877907616;[0];-100.8125
-79.00717286;-2.877907189;[0];-100.7500
-79.00693006;-2.877906763;[0];-100.6875
-79.00668727;-2.877906336;[0];-100.6875
-79.00644447;-2.87790591;[0];-100.6875
-79.00620167;-2.877905483;[0];-100.6875
-79.00595887;-2.877905056;[0];-100.6875
-79.00571607;-2.87790463;[0];-100.6875
-79.00547328;-2.877904203;[0];-100.6250
-79.00523048;-2.877903776;[0];-100.5625
-79.00498768;-2.877903349;[0];-100.5625
-79.00474488;-2.877902922;[0];-100.5625
-79.00450208;-2.877902495;[0];-100.5625
-79.00425929;-2.877902068;[0];-100.6250
-79.00401649;-2.877901641;[0];-100.5625
-79.00377369;-2.877901214;[0];-100.5625
-79.00353089;-2.877900786;[0];-100.5625
-79.00328810;-2.877900359;[0];-100.5625
-79.00304530;-2.877899932;[0];-100.5625
-79.00280250;-2.877899504;[0];-100.5625
-79.00255970;-2.877899077;[0];-100.6250
-79.00231691;-2.87789865;[0];-100.6875
-79.00207411;-2.877898222;[0];-100.6875
-79.00183131;-2.877897794;[0];-100.6875
-79.00158851;-2.877897367;[0];-100.6875
-79.00134572;-2.877896939;[0];-100.7500
-79.00110292;-2.877896511;[0];-100.8125
-79.00086012;-2.877896084;[0];-100.8125
-79.00061733;-2.877895656;[0];-100.8125
-79.00037453;-2.877895228;[0];-100.8750
-79.00013173;-2.8778948;[0];-100.9375
-78.99988893;-2.877894372;[0];-100.9375
-78.99964614;-2.877893944;[0];-101.0000
-78.99940334;-2.877893516;[0];-101.0625
-78.99916054;-2.877893087;[0];-101.1250
-78.99891775;-2.877892659;[0];-101.1875
-78.99867495;-2.877892231;[0];-101.2500
-78.99843215;-2.877891803;[0];-101.3125
-78.99818936;-2.877891374;[0];-101.3125
-78.99794656;-2.877890946;[0];-101.3750
-78.99770376;-2.877890517;[0];-101.5000
-78.99746097;-2.877890089;[0];-101.5625
-78.99721817;-2.87788966;[0];-101.6250
-78.99697537;-2.877889232;[0];-101.6875
-78.99673258;-2.877888803;[0];-101.7500
-78.99648978;-2.877888374;[0];-101.8125
-78.99624698;-2.877887945;[0];-101.8750
-78.99600419;-2.877887517;[0];-102.0000
-79.01202926;-2.877671586;[0];-102.0000
-79.01178646;-2.87767116;[0];-101.8750
-79.01154366;-2.877670735;[0];-101.8125
-79.01130086;-2.877670309;[0];-101.7500
-79.01105806;-2.877669884;[0];-101.6875
-79.01081526;-2.877669458;[0];-101.6250
-79.01057246;-2.877669033;[0];-101.5000
-79.01032966;-2.877668607;[0];-101.4375
-79.01008687;-2.877668181;[0];-101.4375
-79.00984407;-2.877667755;[0];-101.3750
-79.00960127;-2.877667329;[0];-101.3125
-79.00935847;-2.877666903;[0];-101.2500
-79.00911567;-2.877666477;[0];-101.1875
-79.00887287;-2.877666051;[0];-101.1250
-79.00863008;-2.877665625;[0];-101.0625
-79.00838728;-2.877665199;[0];-101.0000
-79.00814448;-2.877664773;[0];-101.0000
-79.00790168;-2.877664347;[0];-100.9375
-79.00765888;-2.87766392;[0];-100.9375
-79.00741608;-2.877663494;[0];-100.9375
-79.00717329;-2.877663067;[0];-100.8750
-79.00693049;-2.877662641;[0];-100.8125
-79.00668769;-2.877662214;[0];-100.8125
-79.00644489;-2.877661788;[0];-100.8125
-79.00620209;-2.877661361;[0];-100.8125
-79.00595930;-2.877660935;[0];-100.8125
-79.00571650;-2.877660508;[0];-100.8125
-79.0054737;-2.877660081;[0];-100.7500
-79.00523090;-2.877659654;[0];-100.7500
-79.00498811;-2.877659227;[0];-100.7500
-79.00474531;-2.8776588;[0];-100.7500
-79.00450251;-2.877658373;[0];-100.7500
-79.00425971;-2.877657946;[0];-100.7500
-79.00401691;-2.877657519;[0];-100.7500
-79.00377412;-2.877657092;[0];-100.7500
-79.00353132;-2.877656665;[0];-100.7500
-79.00328852;-2.877656238;[0];-100.6875
-79.00304572;-2.87765581;[0];-100.6875
-79.00280293;-2.877655383;[0];-100.7500
-79.00256013;-2.877654956;[0];-100.8125
-79.00231733;-2.877654528;[0];-100.8125
-79.00207453;-2.877654101;[0];-100.8125
-79.00183174;-2.877653673;[0];-100.8125
-79.00158894;-2.877653246;[0];-100.8125
-79.00134614;-2.877652818;[0];-100.8750
-79.00110335;-2.87765239;[0];-100.9375
-79.00086055;-2.877651962;[0];-100.9375
-79.00061775;-2.877651535;[0];-100.9375
-79.00037495;-2.877651107;[0];-101.0000
-79.00013216;-2.877650679;[0];-101.0625
-78.99988936;-2.877650251;[0];-101.1250
-78.99964656;-2.877649823;[0];-101.1250
-78.99940377;-2.877649395;[0];-101.1875
-78.99916097;-2.877648967;[0];-101.2500
-78.99891817;-2.877648538;[0];-101.3125
-78.99867537;-2.87764811;[0];-101.3750
-78.99843258;-2.877647682;[0];-101.4375
-78.99818978;-2.877647254;[0];-101.4375
-78.99794698;-2.877646825;[0];-101.5000
-78.99770419;-2.877646397;[0];-101.5625
-78.99746139;-2.877645968;[0];-101.6875
-78.99721859;-2.87764554;[0];-101.7500
-78.99697580;-2.877645111;[0];-101.8125
-78.99673300;-2.877644682;[0];-101.8750
-78.99649020;-2.877644254;[0];-101.9375
-78.99624741;-2.877643825;[0];-101.9375
-79.01178688;-2.877427038;[0];-102.0000
-79.01154408;-2.877426612;[0];-101.9375
-79.01130128;-2.877426187;[0];-101.8750
-79.01105848;-2.877425761;[0];-101.8125
-79.01081569;-2.877425336;[0];-101.6875
-79.01057289;-2.87742491;[0];-101.6250
-79.01033009;-2.877424484;[0];-101.5625
-79.01008729;-2.877424058;[0];-101.5625
-79.00984449;-2.877423633;[0];-101.5000
-79.00960169;-2.877423207;[0];-101.4375
-79.00935889;-2.877422781;[0];-101.3750
-79.00911610;-2.877422355;[0];-101.3125
-79.00887330;-2.877421929;[0];-101.2500
-79.00863050;-2.877421503;[0];-101.1875
-79.00838770;-2.877421077;[0];-101.1250
-79.00814490;-2.877420651;[0];-101.1250
-79.00790210;-2.877420224;[0];-101.1250
-79.00765931;-2.877419798;[0];-101.1250
-79.00741651;-2.877419372;[0];-101.0625
-79.00717371;-2.877418945;[0];-101.0000
-79.00693091;-2.877418519;[0];-101.0000
-79.00668811;-2.877418092;[0];-100.9375
-79.00644532;-2.877417666;[0];-100.9375
-79.00620252;-2.877417239;[0];-100.9375
-79.00595972;-2.877416813;[0];-100.9375
-79.00571692;-2.877416386;[0];-100.9375
-79.00547413;-2.877415959;[0];-100.9375
-79.00523133;-2.877415532;[0];-100.8750
-79.00498853;-2.877415106;[0];-100.8750
-79.00474573;-2.877414679;[0];-100.8750
-79.00450293;-2.877414252;[0];-100.8750
-79.00426014;-2.877413825;[0];-100.8750
-79.00401734;-2.877413398;[0];-100.8750
-79.00377454;-2.877412971;[0];-100.8750
-79.00353174;-2.877412543;[0];-100.8750
-79.00328895;-2.877412116;[0];-100.8750
-79.00304615;-2.877411689;[0];-100.8750
-79.00280335;-2.877411262;[0];-100.8750
-79.00256055;-2.877410834;[0];-100.9375
-79.00231776;-2.877410407;[0];-100.9375
-79.00207496;-2.877409979;[0];-100.9375
-79.00183216;-2.877409552;[0];-100.9375
-79.00158936;-2.877409124;[0];-101.0000
-79.00134657;-2.877408697;[0];-101.0000
-79.00110377;-2.877408269;[0];-101.0625
-79.00086097;-2.877407841;[0];-101.0625
-79.00061818;-2.877407413;[0];-101.1250
-79.00037538;-2.877406986;[0];-101.1250
-79.00013258;-2.877406558;[0];-101.1875
-78.99988979;-2.87740613;[0];-101.2500
-78.99964699;-2.877405702;[0];-101.2500
-78.99940419;-2.877405274;[0];-101.3125
-78.99916139;-2.877404846;[0];-101.3750
-78.99891860;-2.877404418;[0];-101.4375
-78.9986758;-2.877403989;[0];-101.5000
-78.99843300;-2.877403561;[0];-101.5625
-78.99819021;-2.877403133;[0];-101.5625
-78.99794741;-2.877402704;[0];-101.6250
-78.99770461;-2.877402276;[0];-101.6875
-78.99746182;-2.877401848;[0];-101.8125
-78.99721902;-2.877401419;[0];-101.8750
-78.99697622;-2.877400991;[0];-101.9375
-78.99673343;-2.877400562;[0];-102.0000
-79.01130171;-2.877182064;[0];-102.0000
-79.01105891;-2.877181639;[0];-101.9375
-79.01081611;-2.877181213;[0];-101.8125
-79.01057331;-2.877180787;[0];-101.7500
-79.01033051;-2.877180362;[0];-101.6875
-79.01008771;-2.877179936;[0];-101.6875
-79.00984491;-2.87717951;[0];-101.6250
-79.00960212;-2.877179084;[0];-101.5625
-79.00935932;-2.877178658;[0];-101.5000
-79.00911652;-2.877178233;[0];-101.4375
-79.00887372;-2.877177807;[0];-101.3750
-79.00863092;-2.877177381;[0];-101.3125
-79.00838813;-2.877176954;[0];-101.2500
-79.00814533;-2.877176528;[0];-101.2500
-79.00790253;-2.877176102;[0];-101.2500
-79.00765973;-2.877175676;[0];-101.2500
-79.00741693;-2.87717525;[0];-101.1875
-79.00717413;-2.877174823;[0];-101.1250
-79.00693134;-2.877174397;[0];-101.1250
-79.00668854;-2.87717397;[0];-101.1250
-79.00644574;-2.877173544;[0];-101.1250
-79.00620294;-2.877173117;[0];-101.1250
-79.00596015;-2.877172691;[0];-101.0625
-79.00571735;-2.877172264;[0];-101.0625
-79.00547455;-2.877171837;[0];-101.0625
-79.00523175;-2.877171411;[0];-101.0000
-79.00498895;-2.877170984;[0];-101.0000
-79.00474616;-2.877170557;[0];-101.0000
-79.00450336;-2.87717013;[0];-101.0000
-79.00426056;-2.877169703;[0];-101.0000
-79.00401776;-2.877169276;[0];-101.0000
-79.00377497;-2.877168849;[0];-101.0000
-79.00353217;-2.877168422;[0];-101.0000
-79.00328937;-2.877167995;[0];-101.0000
-79.00304657;-2.877167567;[0];-101.0000
-79.00280378;-2.87716714;[0];-101.0000
-79.00256098;-2.877166713;[0];-101.0625
-79.00231818;-2.877166285;[0];-101.1250
-79.00207538;-2.877165858;[0];-101.1250
-79.00183259;-2.877165431;[0];-101.1250
-79.00158979;-2.877165003;[0];-101.1250
-79.00134699;-2.877164575;[0];-101.1250
-79.00110420;-2.877164148;[0];-101.1875
-79.00086140;-2.87716372;[0];-101.2500
-79.00061860;-2.877163292;[0];-101.2500
-79.00037580;-2.877162865;[0];-101.2500
-79.00013301;-2.877162437;[0];-101.3125
-78.99989021;-2.877162009;[0];-101.3750
-78.99964741;-2.877161581;[0];-101.3750
-78.99940462;-2.877161153;[0];-101.4375
-78.99916182;-2.877160725;[0];-101.5000
-78.99891902;-2.877160297;[0];-101.5625
-78.99867623;-2.877159869;[0];-101.6250
-78.99843343;-2.87715944;[0];-101.6875
-78.99819063;-2.877159012;[0];-101.6875
-78.99794784;-2.877158584;[0];-101.7500
-78.99770504;-2.877158155;[0];-101.8125
-78.99746224;-2.877157727;[0];-101.9375
-78.99721945;-2.877157299;[0];-102.0000
-79.01105933;-2.876937516;[0];-102.0000
-79.01081653;-2.87693709;[0];-101.9375
-79.01057373;-2.876936665;[0];-101.8750
-79.01033094;-2.876936239;[0];-101.8125
-79.01008814;-2.876935813;[0];-101.8125
-79.00984534;-2.876935388;[0];-101.7500
-79.00960254;-2.876934962;[0];-101.6875
-79.00935974;-2.876934536;[0];-101.6250
-79.00911694;-2.87693411;[0];-101.5625
-79.00887415;-2.876933684;[0];-101.5000
-79.00863135;-2.876933258;[0];-101.4375
-79.00838855;-2.876932832;[0];-101.3750
-79.00814575;-2.876932406;[0];-101.3750
-79.00790295;-2.87693198;[0];-101.3750
-79.00766015;-2.876931554;[0];-101.3750
-79.00741736;-2.876931127;[0];-101.3125
-79.00717456;-2.876930701;[0];-101.2500
-79.00693176;-2.876930275;[0];-101.2500
-79.00668896;-2.876929848;[0];-101.2500
-79.00644617;-2.876929422;[0];-101.2500
-79.00620337;-2.876928995;[0];-101.2500
-79.00596057;-2.876928569;[0];-101.2500
-79.00571777;-2.876928142;[0];-101.2500
-79.00547497;-2.876927716;[0];-101.1875
-79.00523218;-2.876927289;[0];-101.1250
-79.00498938;-2.876926862;[0];-101.1250
-79.00474658;-2.876926435;[0];-101.1250
-79.00450378;-2.876926008;[0];-101.1250
-79.00426099;-2.876925581;[0];-101.1250
-79.00401819;-2.876925154;[0];-101.1250
-79.00377539;-2.876924727;[0];-101.1250
-79.00353259;-2.8769243;[0];-101.1250
-79.00328980;-2.876923873;[0];-101.1250
-79.00304700;-2.876923446;[0];-101.1250
-79.00280420;-2.876923019;[0];-101.1250
-79.00256140;-2.876922591;[0];-101.1875
-79.00231861;-2.876922164;[0];-101.2500
-79.00207581;-2.876921737;[0];-101.2500
-79.00183301;-2.876921309;[0];-101.2500
-79.00159022;-2.876920882;[0];-101.2500
-79.00134742;-2.876920454;[0];-101.2500
-79.00110462;-2.876920027;[0];-101.3125
-79.00086182;-2.876919599;[0];-101.3750
-79.00061903;-2.876919171;[0];-101.3750
-79.00037623;-2.876918744;[0];-101.4375
-79.00013343;-2.876918316;[0];-101.5000
-78.99989064;-2.876917888;[0];-101.5000
-78.99964784;-2.87691746;[0];-101.5000
-78.99940504;-2.876917032;[0];-101.5625
-78.99916225;-2.876916604;[0];-101.6250
-78.99891945;-2.876916176;[0];-101.6875
-78.99867665;-2.876915748;[0];-101.7500
-78.99843386;-2.87691532;[0];-101.8125
-78.99819106;-2.876914891;[0];-101.8125
-78.99794826;-2.876914463;[0];-101.8750
-78.99770547;-2.876914035;[0];-101.9375
-78.99746267;-2.876913606;[0];-102.0000
-79.01057416;-2.876692542;[0];-102.0000
-79.01033136;-2.876692117;[0];-102.0000
-79.01008856;-2.876691691;[0];-101.9375
-79.00984576;-2.876691265;[0];-101.8750
-79.00960296;-2.876690839;[0];-101.8125
-79.00936017;-2.876690414;[0];-101.7500
-79.00911737;-2.876689988;[0];-101.6875
-79.00887457;-2.876689562;[0];-101.6250
-79.00863177;-2.876689136;[0];-101.5625
-79.00838897;-2.87668871;[0];-101.5625
-79.00814617;-2.876688284;[0];-101.5000
-79.00790338;-2.876687858;[0];-101.5000
-79.00766058;-2.876687432;[0];-101.5000
-79.00741778;-2.876687005;[0];-101.4375
-79.00717498;-2.876686579;[0];-101.3750
-79.00693218;-2.876686153;[0];-101.3750
-79.00668939;-2.876685726;[0];-101.3750
-79.00644659;-2.8766853;[0];-101.3750
-79.00620379;-2.876684873;[0];-101.3750
-79.00596099;-2.876684447;[0];-101.3750
-79.00571820;-2.87668402;[0];-101.3750
-79.00547540;-2.876683594;[0];-101.3125
-79.0052326;-2.876683167;[0];-101.2500
-79.00498980;-2.87668274;[0];-101.2500
-79.00474701;-2.876682314;[0];-101.2500
-79.00450421;-2.876681887;[0];-101.3125
-79.00426141;-2.87668146;[0];-101.3125
-79.00401861;-2.876681033;[0];-101.3125
-79.00377582;-2.876680606;[0];-101.2500
-79.00353302;-2.876680179;[0];-101.2500
-79.00329022;-2.876679752;[0];-101.2500
-79.00304742;-2.876679325;[0];-101.2500
-79.00280463;-2.876678897;[0];-101.2500
-79.00256183;-2.87667847;[0];-101.3125
-79.00231903;-2.876678043;[0];-101.3750
-79.00207623;-2.876677615;[0];-101.3750
-79.00183344;-2.876677188;[0];-101.3750
-79.00159064;-2.876676761;[0];-101.3750
-79.00134784;-2.876676333;[0];-101.3750
-79.00110505;-2.876675905;[0];-101.4375
-79.00086225;-2.876675478;[0];-101.5000
-79.00061945;-2.87667505;[0];-101.5000
-79.00037666;-2.876674622;[0];-101.5625
-79.00013386;-2.876674195;[0];-101.6250
-78.99989106;-2.876673767;[0];-101.6250
-78.99964827;-2.876673339;[0];-101.6875
-78.99940547;-2.876672911;[0];-101.6875
-78.99916267;-2.876672483;[0];-101.7500
-78.99891988;-2.876672055;[0];-101.8125
-78.99867708;-2.876671627;[0];-101.8750
-78.99843428;-2.876671199;[0];-101.9375
-78.99819149;-2.876670771;[0];-102.0000
-78.99794869;-2.876670342;[0];-102.0000
-79.00984619;-2.876447143;[0];-102.0000
-79.00960339;-2.876446717;[0];-101.9375
-79.00936059;-2.876446291;[0];-101.8750
-79.00911779;-2.876445865;[0];-101.8125
-79.00887499;-2.87644544;[0];-101.7500
-79.00863219;-2.876445014;[0];-101.6875
-79.00838940;-2.876444588;[0];-101.6875
-79.00814660;-2.876444162;[0];-101.6875
-79.0079038;-2.876443736;[0];-101.6250
-79.00766100;-2.876443309;[0];-101.6250
-79.00741820;-2.876442883;[0];-101.5625
-79.00717541;-2.876442457;[0];-101.5000
-79.00693261;-2.876442031;[0];-101.5000
-79.00668981;-2.876441604;[0];-101.5000
-79.00644701;-2.876441178;[0];-101.5000
-79.00620422;-2.876440752;[0];-101.5000
-79.00596142;-2.876440325;[0];-101.5000
-79.00571862;-2.876439899;[0];-101.5000
-79.00547582;-2.876439472;[0];-101.4375
-79.00523303;-2.876439045;[0];-101.4375
-79.00499023;-2.876438619;[0];-101.4375
-79.00474743;-2.876438192;[0];-101.4375
-79.00450463;-2.876437765;[0];-101.4375
-79.00426184;-2.876437338;[0];-101.4375
-79.00401904;-2.876436911;[0];-101.4375
-79.00377624;-2.876436484;[0];-101.4375
-79.00353344;-2.876436057;[0];-101.4375
-79.00329065;-2.87643563;[0];-101.3750
-79.00304785;-2.876435203;[0];-101.3750
-79.00280505;-2.876434776;[0];-101.3750
-79.00256225;-2.876434349;[0];-101.4375
-79.00231946;-2.876433921;[0];-101.5000
-79.00207666;-2.876433494;[0];-101.5000
-79.00183386;-2.876433067;[0];-101.5000
-79.00159107;-2.876432639;[0];-101.5000
-79.00134827;-2.876432212;[0];-101.5000
-79.00110547;-2.876431784;[0];-101.5625
-79.00086267;-2.876431357;[0];-101.6250
-79.00061988;-2.876430929;[0];-101.6250
-79.00037708;-2.876430501;[0];-101.6875
-79.00013428;-2.876430074;[0];-101.7500
-78.99989149;-2.876429646;[0];-101.7500
-78.99964869;-2.876429218;[0];-101.8125
-78.99940589;-2.87642879;[0];-101.8125
-78.99916310;-2.876428362;[0];-101.8750
-78.9989203;-2.876427934;[0];-101.9375
-78.99867750;-2.876427506;[0];-102.0000
-79.00936101;-2.876202169;[0];-102.0000
-79.00911821;-2.876201743;[0];-101.9375
-79.00887542;-2.876201317;[0];-101.8750
-79.00863262;-2.876200891;[0];-101.8125
-79.00838982;-2.876200465;[0];-101.8125
-79.00814702;-2.876200039;[0];-101.8125
-79.00790422;-2.876199613;[0];-101.7500
-79.00766143;-2.876199187;[0];-101.7500
-79.00741863;-2.876198761;[0];-101.6875
-79.00717583;-2.876198335;[0];-101.6250
-79.00693303;-2.876197909;[0];-101.6250
-79.00669024;-2.876197482;[0];-101.6250
-79.00644744;-2.876197056;[0];-101.6250
-79.00620464;-2.87619663;[0];-101.6250
-79.00596184;-2.876196203;[0];-101.6250
-79.00571904;-2.876195777;[0];-101.6250
-79.00547625;-2.87619535;[0];-101.5625
-79.00523345;-2.876194923;[0];-101.5625
-79.00499065;-2.876194497;[0];-101.5625
-79.00474785;-2.87619407;[0];-101.5625
-79.00450506;-2.876193643;[0];-101.5625
-79.00426226;-2.876193217;[0];-101.5625
-79.00401946;-2.87619279;[0];-101.5625
-79.00377667;-2.876192363;[0];-101.5625
-79.00353387;-2.876191936;[0];-101.5625
-79.00329107;-2.876191509;[0];-101.5625
-79.00304827;-2.876191082;[0];-101.5625
-79.00280548;-2.876190654;[0];-101.5625
-79.00256268;-2.876190227;[0];-101.5625
-79.00231988;-2.8761898;[0];-101.6250
-79.00207708;-2.876189373;[0];-101.6250
-79.00183429;-2.876188945;[0];-101.6250
-79.00159149;-2.876188518;[0];-101.6250
-79.00134869;-2.876188091;[0];-101.6250
-79.00110590;-2.876187663;[0];-101.6875
-79.0008631;-2.876187236;[0];-101.7500
-79.00062030;-2.876186808;[0];-101.7500
-79.00037751;-2.87618638;[0];-101.8125
-79.00013471;-2.876185953;[0];-101.8750
-78.99989191;-2.876185525;[0];-101.9375
-78.99964912;-2.876185097;[0];-101.9375
-78.99940632;-2.876184669;[0];-101.9375
-78.99916352;-2.876184241;[0];-102.0000
-79.00887584;-2.875957195;[0];-102.0000
-79.00863304;-2.875956769;[0];-101.9375
-79.00839024;-2.875956343;[0];-101.9375
-79.00814745;-2.875955917;[0];-101.9375
-79.00790465;-2.875955491;[0];-101.9375
-79.00766185;-2.875955065;[0];-101.8750
-79.00741905;-2.875954639;[0];-101.8125
-79.00717625;-2.875954213;[0];-101.8125
-79.00693346;-2.875953787;[0];-101.7500
-79.00669066;-2.87595336;[0];-101.7500
-79.00644786;-2.875952934;[0];-101.7500
-79.00620506;-2.875952508;[0];-101.7500
-79.00596227;-2.875952081;[0];-101.7500
-79.00571947;-2.875951655;[0];-101.7500
-79.00547667;-2.875951228;[0];-101.6875
-79.00523387;-2.875950802;[0];-101.6875
-79.00499108;-2.875950375;[0];-101.6875
-79.00474828;-2.875949948;[0];-101.6875
-79.00450548;-2.875949522;[0];-101.6875
-79.00426268;-2.875949095;[0];-101.6875
-79.00401989;-2.875948668;[0];-101.6875
-79.00377709;-2.875948241;[0];-101.6875
-79.00353429;-2.875947814;[0];-101.6875
-79.00329150;-2.875947387;[0];-101.6875
-79.00304870;-2.87594696;[0];-101.6875
-79.0028059;-2.875946533;[0];-101.6875
-79.00256310;-2.875946106;[0];-101.6875
-79.00232031;-2.875945679;[0];-101.7500
-79.00207751;-2.875945251;[0];-101.7500
-79.00183471;-2.875944824;[0];-101.7500
-79.00159192;-2.875944397;[0];-101.7500
-79.00134912;-2.875943969;[0];-101.8125
-79.00110632;-2.875943542;[0];-101.8125
-79.00086353;-2.875943114;[0];-101.8750
-79.00062073;-2.875942687;[0];-101.9375
-79.00037793;-2.875942259;[0];-101.9375
-79.00013514;-2.875941832;[0];-102.0000
-78.99989234;-2.875941404;[0];-102.0000
-79.00766227;-2.875710943;[0];-102.0000
-79.00741948;-2.875710517;[0];-101.9375
-79.00717668;-2.875710091;[0];-101.9375
-79.00693388;-2.875709665;[0];-101.9375
-79.00669108;-2.875709238;[0];-101.8750
-79.00644829;-2.875708812;[0];-101.8750
-79.00620549;-2.875708386;[0];-101.8750
-79.00596269;-2.875707959;[0];-101.8750
-79.00571989;-2.875707533;[0];-101.8750
-79.00547710;-2.875707106;[0];-101.8750
-79.00523430;-2.87570668;[0];-101.8125
-79.0049915;-2.875706253;[0];-101.8125
-79.00474870;-2.875705827;[0];-101.8125
-79.00450591;-2.8757054;[0];-101.8125
-79.00426311;-2.875704973;[0];-101.8125
-79.00402031;-2.875704546;[0];-101.8125
-79.00377751;-2.87570412;[0];-101.8125
-79.00353472;-2.875703693;[0];-101.8125
-79.00329192;-2.875703266;[0];-101.8125
-79.00304912;-2.875702839;[0];-101.8125
-79.00280633;-2.875702412;[0];-101.8125
-79.00256353;-2.875701985;[0];-101.8125
-79.00232073;-2.875701557;[0];-101.8750
-79.00207793;-2.87570113;[0];-101.8750
-79.00183514;-2.875700703;[0];-101.8750
-79.00159234;-2.875700276;[0];-101.9375
-79.00134954;-2.875699848;[0];-101.9375
-79.00110675;-2.875699421;[0];-101.9375
-79.00086395;-2.875698993;[0];-102.0000
-79.00620591;-2.875464264;[0];-102.0000
-79.00596311;-2.875463837;[0];-102.0000
-79.00572032;-2.875463411;[0];-102.0000
-79.00547752;-2.875462985;[0];-102.0000
-79.00523472;-2.875462558;[0];-101.9375
-79.00499192;-2.875462132;[0];-101.9375
-79.00474913;-2.875461705;[0];-101.9375
-79.00450633;-2.875461278;[0];-101.9375
-79.00426353;-2.875460852;[0];-101.9375
-79.00402074;-2.875460425;[0];-101.9375
-79.00377794;-2.875459998;[0];-101.9375
-79.00353514;-2.875459571;[0];-101.9375
-79.00329234;-2.875459144;[0];-101.9375
-79.00304955;-2.875458717;[0];-101.9375
-79.00280675;-2.87545829;[0];-101.9375
-79.00256395;-2.875457863;[0];-102.0000
-79.00232116;-2.875457436;[0];-102.0000