type	GSM
timestamp	12:49:57	13-June-2026
resolution	27
xmin	-80.00035823
xmax	-77.99968707
ymin	-3.004020319
ymax	-1.997274615
x_num_pixels	8249
y_num_pixels	4112


-78.99372941;-2.928660606;[0];-102.0000
-78.99615792;-2.928420852;[0];-102.0000
-78.99591511;-2.928420416;[0];-102.0000
-78.99567231;-2.928419979;[0];-102.0000
-78.99542950;-2.928419543;[0];-101.9375
-78.99518669;-2.928419106;[0];-101.9375
-78.99494388;-2.92841867;[0];-101.9375
-78.99470108;-2.928418233;[0];-101.9375
-78.99445827;-2.928417796;[0];-101.9375
-78.99421546;-2.92841736;[0];-101.9375
-78.99397266;-2.928416923;[0];-101.8750
-78.99372985;-2.928416486;[0];-101.8750
-78.99348704;-2.928416049;[0];-101.8750
-78.99324424;-2.928415612;[0];-101.9375
-78.99300143;-2.928415175;[0];-101.9375
-78.99275862;-2.928414738;[0];-101.9375
-78.99251582;-2.928414301;[0];-101.9375
-78.99227301;-2.928413864;[0];-102.0000
-78.99203020;-2.928413427;[0];-102.0000
-78.99178740;-2.928412989;[0];-102.0000
-78.99154459;-2.928412552;[0];-102.0000
-78.99130178;-2.928412115;[0];-102.0000
-78.99737239;-2.928178913;[0];-102.0000
-78.99712958;-2.928178477;[0];-101.9375
-78.99688678;-2.928178041;[0];-101.9375
-78.99664397;-2.928177605;[0];-101.9375
-78.99640116;-2.928177168;[0];-101.8750
-78.99615835;-2.928176732;[0];-101.8750
-78.99591555;-2.928176296;[0];-101.8750
-78.99567274;-2.928175859;[0];-101.8125
-78.99542993;-2.928175423;[0];-101.7500
-78.99518713;-2.928174986;[0];-101.7500
-78.99494432;-2.92817455;[0];-101.8125
-78.99470151;-2.928174113;[0];-101.8125
-78.99445870;-2.928173677;[0];-101.8125
-78.99421590;-2.92817324;[0];-101.7500
-78.99397309;-2.928172803;[0];-101.7500
-78.99373028;-2.928172366;[0];-101.7500
-78.99348748;-2.928171929;[0];-101.7500
-78.99324467;-2.928171492;[0];-101.7500
-78.99300186;-2.928171055;[0];-101.8125
-78.99275906;-2.928170618;[0];-101.8125
-78.99251625;-2.928170181;[0];-101.8125
-78.99227344;-2.928169744;[0];-101.8750
-78.99203064;-2.928169307;[0];-101.8750
-78.99178783;-2.92816887;[0];-101.8750
-78.99154502;-2.928168432;[0];-101.8125
-78.99130222;-2.928167995;[0];-101.8750
-78.99105941;-2.928167558;[0];-101.9375
-78.99081660;-2.92816712;[0];-102.0000
-78.99057380;-2.928166683;[0];-102.0000
-78.99810125;-2.9279361;[0];-102.0000
-78.99785844;-2.927935665;[0];-101.9375
-78.99761563;-2.927935229;[0];-101.8750
-78.99737283;-2.927934793;[0];-101.8125
-78.99713002;-2.927934357;[0];-101.8125
-78.99688721;-2.92793392;[0];-101.8125
-78.99664440;-2.927933484;[0];-101.7500
-78.99640160;-2.927933048;[0];-101.6875
-78.99615879;-2.927932612;[0];-101.6875
-78.99591598;-2.927932176;[0];-101.6875
-78.99567317;-2.927931739;[0];-101.6250
-78.99543037;-2.927931303;[0];-101.6250
-78.99518756;-2.927930866;[0];-101.6250
-78.99494475;-2.92793043;[0];-101.6250
-78.99470195;-2.927929993;[0];-101.6250
-78.99445914;-2.927929557;[0];-101.6250
-78.99421633;-2.92792912;[0];-101.5625
-78.99397353;-2.927928683;[0];-101.5625
-78.99373072;-2.927928246;[0];-101.5625
-78.99348791;-2.92792781;[0];-101.6250
-78.99324510;-2.927927373;[0];-101.6250
-78.99300230;-2.927926936;[0];-101.6250
-78.99275949;-2.927926499;[0];-101.6875
-78.99251668;-2.927926062;[0];-101.6875
-78.99227388;-2.927925625;[0];-101.6875
-78.99203107;-2.927925187;[0];-101.7500
-78.99178826;-2.92792475;[0];-101.6875
-78.99154546;-2.927924313;[0];-101.6875
-78.99130265;-2.927923876;[0];-101.7500
-78.99105985;-2.927923438;[0];-101.8125
-78.99081704;-2.927923001;[0];-101.8750
-78.99057423;-2.927922563;[0];-101.8750
-78.99033143;-2.927922126;[0];-101.9375
-78.99008862;-2.927921688;[0];-101.9375
-78.98984581;-2.927921251;[0];-102.0000
-78.98960301;-2.927920813;[0];-102.0000
-78.99907291;-2.927693723;[0];-102.0000
-78.99883010;-2.927693287;[0];-101.9375
-78.99858730;-2.927692851;[0];-101.8750
-78.99834449;-2.927692416;[0];-101.8750
-78.99810168;-2.92769198;[0];-101.8125
-78.99785887;-2.927691544;[0];-101.7500
-78.99761607;-2.927691108;[0];-101.6875
-78.99737326;-2.927690672;[0];-101.6250
-78.99713045;-2.927690236;[0];-101.6250
-78.99688764;-2.9276898;[0];-101.6250
-78.99664484;-2.927689364;[0];-101.5625
-78.99640203;-2.927688928;[0];-101.5625
-78.99615922;-2.927688492;[0];-101.5625
-78.99591642;-2.927688055;[0];-101.5000
-78.99567361;-2.927687619;[0];-101.5000
-78.99543080;-2.927687183;[0];-101.4375
-78.99518799;-2.927686746;[0];-101.5000
-78.99494519;-2.92768631;[0];-101.5000
-78.99470238;-2.927685873;[0];-101.5000
-78.99445957;-2.927685437;[0];-101.4375
-78.99421677;-2.927685;[0];-101.4375
-78.99397396;-2.927684563;[0];-101.4375
-78.99373115;-2.927684127;[0];-101.4375
-78.99348835;-2.92768369;[0];-101.4375
-78.99324554;-2.927683253;[0];-101.5000
-78.99300273;-2.927682816;[0];-101.5000
-78.99275993;-2.927682379;[0];-101.5000
-78.99251712;-2.927681942;[0];-101.5625
-78.99227431;-2.927681505;[0];-101.5625
-78.99203151;-2.927681068;[0];-101.5625
-78.99178870;-2.927680631;[0];-101.5625
-78.99154589;-2.927680193;[0];-101.5625
-78.99130309;-2.927679756;[0];-101.6250
-78.99106028;-2.927679319;[0];-101.6875
-78.99081747;-2.927678881;[0];-101.6875
-78.99057467;-2.927678444;[0];-101.7500
-78.99033186;-2.927678007;[0];-101.7500
-78.99008906;-2.927677569;[0];-101.8125
-78.98984625;-2.927677131;[0];-101.8125
-78.98960344;-2.927676694;[0];-101.8750
-78.98936064;-2.927676256;[0];-101.9375
-78.98911783;-2.927675818;[0];-102.0000
-78.99955896;-2.927450473;[0];-102.0000
-78.99931615;-2.927450038;[0];-101.9375
-78.99907334;-2.927449602;[0];-101.8125
-78.99883054;-2.927449167;[0];-101.7500
-78.99858773;-2.927448731;[0];-101.7500
-78.99834492;-2.927448295;[0];-101.7500
-78.99810211;-2.927447859;[0];-101.6875
-78.99785931;-2.927447424;[0];-101.5625
-78.99761650;-2.927446988;[0];-101.5000
-78.99737369;-2.927446552;[0];-101.5000
-78.99713089;-2.927446116;[0];-101.5000
-78.99688808;-2.92744568;[0];-101.4375
-78.99664527;-2.927445244;[0];-101.3750
-78.99640246;-2.927444808;[0];-101.3750
-78.99615966;-2.927444371;[0];-101.3750
-78.99591685;-2.927443935;[0];-101.3750
-78.99567404;-2.927443499;[0];-101.3125
-78.99543124;-2.927443063;[0];-101.3125
-78.99518843;-2.927442626;[0];-101.3125
-78.99494562;-2.92744219;[0];-101.3125
-78.99470281;-2.927441753;[0];-101.3125
-78.99446001;-2.927441317;[0];-101.3125
-78.9942172;-2.92744088;[0];-101.2500
-78.99397439;-2.927440443;[0];-101.2500
-78.99373159;-2.927440007;[0];-101.3125
-78.99348878;-2.92743957;[0];-101.3125
-78.99324597;-2.927439133;[0];-101.3125
-78.99300317;-2.927438696;[0];-101.3750
-78.99276036;-2.927438259;[0];-101.3750
-78.99251755;-2.927437822;[0];-101.3750
-78.99227475;-2.927437385;[0];-101.4375
-78.99203194;-2.927436948;[0];-101.3750
-78.99178913;-2.927436511;[0];-101.3750
-78.99154633;-2.927436074;[0];-101.4375
-78.99130352;-2.927435637;[0];-101.5000
-78.99106072;-2.927435199;[0];-101.5625
-78.99081791;-2.927434762;[0];-101.5625
-78.99057510;-2.927434325;[0];-101.6250
-78.99033230;-2.927433887;[0];-101.6250
-78.99008949;-2.92743345;[0];-101.6875
-78.98984668;-2.927433012;[0];-101.6875
-78.98960388;-2.927432575;[0];-101.7500
-78.98936107;-2.927432137;[0];-101.8125
-78.98911827;-2.927431699;[0];-101.8750
-78.98887546;-2.927431261;[0];-101.9375
-78.98863265;-2.927430824;[0];-102.0000
-78.98838985;-2.927430386;[0];-102.0000
-79.00004501;-2.927207223;[0];-101.9375
-78.99980220;-2.927206788;[0];-101.8750
-78.99955939;-2.927206352;[0];-101.8125
-78.99931658;-2.927205917;[0];-101.7500
-78.99907378;-2.927205481;[0];-101.6875
-78.99883097;-2.927205046;[0];-101.5625
-78.99858816;-2.92720461;[0];-101.5625
-78.99834536;-2.927204175;[0];-101.5625
-78.99810255;-2.927203739;[0];-101.5000
-78.99785974;-2.927203303;[0];-101.4375
-78.99761693;-2.927202867;[0];-101.3750
-78.99737413;-2.927202431;[0];-101.3125
-78.99713132;-2.927201995;[0];-101.3125
-78.99688851;-2.927201559;[0];-101.2500
-78.99664570;-2.927201123;[0];-101.2500
-78.99640290;-2.927200687;[0];-101.2500
-78.99616009;-2.927200251;[0];-101.2500
-78.99591728;-2.927199815;[0];-101.1875
-78.99567448;-2.927199379;[0];-101.1250
-78.99543167;-2.927198942;[0];-101.1250
-78.99518886;-2.927198506;[0];-101.1875
-78.99494606;-2.92719807;[0];-101.1875
-78.99470325;-2.927197633;[0];-101.1250
-78.99446044;-2.927197197;[0];-101.1250
-78.99421764;-2.92719676;[0];-101.1250
-78.99397483;-2.927196324;[0];-101.1250
-78.99373202;-2.927195887;[0];-101.1250
-78.99348922;-2.92719545;[0];-101.1875
-78.99324641;-2.927195013;[0];-101.1875
-78.99300360;-2.927194577;[0];-101.1875
-78.99276080;-2.92719414;[0];-101.2500
-78.99251799;-2.927193703;[0];-101.2500
-78.99227518;-2.927193266;[0];-101.2500
-78.99203238;-2.927192829;[0];-101.1875
-78.99178957;-2.927192392;[0];-101.2500
-78.99154676;-2.927191954;[0];-101.3125
-78.99130396;-2.927191517;[0];-101.3750
-78.99106115;-2.92719108;[0];-101.3750
-78.99081834;-2.927190643;[0];-101.4375
-78.99057554;-2.927190205;[0];-101.4375
-78.99033273;-2.927189768;[0];-101.5000
-78.99008993;-2.92718933;[0];-101.5000
-78.98984712;-2.927188893;[0];-101.5625
-78.98960431;-2.927188455;[0];-101.6250
-78.98936151;-2.927188018;[0];-101.6875
-78.98911870;-2.92718758;[0];-101.7500
-78.98887590;-2.927187142;[0];-101.8125
-78.98863309;-2.927186704;[0];-101.8750
-78.98839028;-2.927186267;[0];-101.8750
-78.98814748;-2.927185829;[0];-101.9375
-78.98790467;-2.927185391;[0];-102.0000
-79.00053106;-2.926963973;[0];-101.9375
-79.00028825;-2.926963538;[0];-101.8750
-79.00004544;-2.926963102;[0];-101.8125
-78.99980263;-2.926962667;[0];-101.6875
-78.99955983;-2.926962232;[0];-101.6250
-78.99931702;-2.926961796;[0];-101.5625
-78.99907421;-2.926961361;[0];-101.5000
-78.99883140;-2.926960925;[0];-101.4375
-78.99858860;-2.92696049;[0];-101.4375
-78.99834579;-2.926960054;[0];-101.3750
-78.99810298;-2.926959618;[0];-101.3125
-78.99786017;-2.926959183;[0];-101.2500
-78.99761737;-2.926958747;[0];-101.1875
-78.99737456;-2.926958311;[0];-101.1875
-78.99713175;-2.926957875;[0];-101.1875
-78.99688895;-2.926957439;[0];-101.1250
-78.99664614;-2.926957003;[0];-101.0625
-78.99640333;-2.926956567;[0];-101.0625
-78.99616052;-2.926956131;[0];-101.0625
-78.99591772;-2.926955695;[0];-101.0000
-78.99567491;-2.926955259;[0];-101.0000
-78.99543210;-2.926954822;[0];-101.0000
-78.99518930;-2.926954386;[0];-101.0000
-78.99494649;-2.92695395;[0];-101.0000
-78.99470368;-2.926953513;[0];-101.0000
-78.99446088;-2.926953077;[0];-100.9375
-78.99421807;-2.92695264;[0];-100.9375
-78.99397526;-2.926952204;[0];-101.0000
-78.99373246;-2.926951767;[0];-101.0000
-78.99348965;-2.92695133;[0];-101.0000
-78.99324684;-2.926950894;[0];-101.0000
-78.99300404;-2.926950457;[0];-101.0625
-78.99276123;-2.92695002;[0];-101.0625
-78.99251842;-2.926949583;[0];-101.0625
-78.99227562;-2.926949146;[0];-101.0625
-78.99203281;-2.926948709;[0];-101.0625
-78.99179000;-2.926948272;[0];-101.1250
-78.99154720;-2.926947835;[0];-101.1875
-78.99130439;-2.926947398;[0];-101.2500
-78.99106159;-2.92694696;[0];-101.2500
-78.99081878;-2.926946523;[0];-101.3125
-78.99057597;-2.926946086;[0];-101.3125
-78.99033317;-2.926945649;[0];-101.3750
-78.99009036;-2.926945211;[0];-101.3750
-78.98984755;-2.926944774;[0];-101.4375
-78.98960475;-2.926944336;[0];-101.5000
-78.98936194;-2.926943898;[0];-101.6250
-78.98911914;-2.926943461;[0];-101.6250
-78.98887633;-2.926943023;[0];-101.6875
-78.98863352;-2.926942585;[0];-101.6875
-78.98839072;-2.926942148;[0];-101.7500
-78.98814791;-2.92694171;[0];-101.8125
-78.98790511;-2.926941272;[0];-101.8750
-78.98766230;-2.926940834;[0];-101.9375
-78.98741950;-2.926940396;[0];-102.0000
-79.00101710;-2.926720722;[0];-101.9375
-79.00077430;-2.926720287;[0];-101.8750
-79.00053149;-2.926719852;[0];-101.8125
-79.00028868;-2.926719417;[0];-101.6875
-79.00004587;-2.926718982;[0];-101.6250
-78.99980307;-2.926718546;[0];-101.5625
-78.99956026;-2.926718111;[0];-101.4375
-78.99931745;-2.926717676;[0];-101.3750
-78.99907464;-2.92671724;[0];-101.3125
-78.99883184;-2.926716805;[0];-101.2500
-78.99858903;-2.926716369;[0];-101.2500
-78.99834622;-2.926715934;[0];-101.1875
-78.99810341;-2.926715498;[0];-101.1250
-78.99786061;-2.926715062;[0];-101.0625
-78.9976178;-2.926714626;[0];-101.0000
-78.99737499;-2.926714191;[0];-101.0000
-78.99713219;-2.926713755;[0];-101.0000
-78.99688938;-2.926713319;[0];-100.9375
-78.99664657;-2.926712883;[0];-100.9375
-78.99640376;-2.926712447;[0];-100.9375
-78.99616096;-2.926712011;[0];-100.8750
-78.99591815;-2.926711575;[0];-100.8125
-78.99567534;-2.926711138;[0];-100.8125
-78.99543254;-2.926710702;[0];-100.8125
-78.99518973;-2.926710266;[0];-100.8750
-78.99494692;-2.92670983;[0];-100.8125
-78.99470412;-2.926709393;[0];-100.8125
-78.99446131;-2.926708957;[0];-100.8125
-78.99421850;-2.92670852;[0];-100.8125
-78.99397570;-2.926708084;[0];-100.8125
-78.99373289;-2.926707647;[0];-100.8125
-78.99349008;-2.92670721;[0];-100.8750
-78.99324728;-2.926706774;[0];-100.8750
-78.99300447;-2.926706337;[0];-100.8750
-78.99276166;-2.9267059;[0];-100.9375
-78.99251886;-2.926705463;[0];-100.9375
-78.99227605;-2.926705026;[0];-100.8750
-78.99203325;-2.926704589;[0];-100.9375
-78.99179044;-2.926704152;[0];-101.0000
-78.99154763;-2.926703715;[0];-101.0625
-78.99130483;-2.926703278;[0];-101.0625
-78.99106202;-2.926702841;[0];-101.1250
-78.99081921;-2.926702404;[0];-101.1250
-78.99057641;-2.926701967;[0];-101.1875
-78.99033360;-2.926701529;[0];-101.1875
-78.99009080;-2.926701092;[0];-101.2500
-78.98984799;-2.926700654;[0];-101.3125
-78.98960518;-2.926700217;[0];-101.3750
-78.98936238;-2.926699779;[0];-101.4375
-78.98911957;-2.926699342;[0];-101.5000
-78.98887677;-2.926698904;[0];-101.5625
-78.98863396;-2.926698466;[0];-101.5625
-78.98839115;-2.926698029;[0];-101.6250
-78.98814835;-2.926697591;[0];-101.6875
-78.98790554;-2.926697153;[0];-101.7500
-78.98766274;-2.926696715;[0];-101.8750
-78.98741993;-2.926696277;[0];-101.8750
-78.98717713;-2.926695839;[0];-101.9375
-78.98693432;-2.926695401;[0];-102.0000
-79.00150315;-2.926477471;[0];-101.9375
-79.00126034;-2.926477036;[0];-101.8750
-79.00101754;-2.926476601;[0];-101.8125
-79.00077473;-2.926476166;[0];-101.6875
-79.00053192;-2.926475731;[0];-101.6250
-79.00028911;-2.926475296;[0];-101.5000
-79.00004631;-2.926474861;[0];-101.4375
-78.99980350;-2.926474426;[0];-101.3750
-78.99956069;-2.92647399;[0];-101.2500
-78.99931788;-2.926473555;[0];-101.1875
-78.99907508;-2.92647312;[0];-101.1250
-78.99883227;-2.926472684;[0];-101.1250
-78.99858946;-2.926472249;[0];-101.0625
-78.99834665;-2.926471813;[0];-101.0000
-78.99810385;-2.926471377;[0];-100.9375
-78.99786104;-2.926470942;[0];-100.8750
-78.99761823;-2.926470506;[0];-100.8750
-78.99737543;-2.92647007;[0];-100.8750
-78.99713262;-2.926469634;[0];-100.8125
-78.99688981;-2.926469199;[0];-100.7500
-78.99664701;-2.926468763;[0];-100.7500
-78.99640420;-2.926468327;[0];-100.7500
-78.99616139;-2.926467891;[0];-100.6875
-78.99591858;-2.926467454;[0];-100.6875
-78.99567578;-2.926467018;[0];-100.6875
-78.99543297;-2.926466582;[0];-100.6875
-78.99519016;-2.926466146;[0];-100.6875
-78.99494736;-2.92646571;[0];-100.6250
-78.99470455;-2.926465273;[0];-100.6250
-78.99446174;-2.926464837;[0];-100.6250
-78.99421894;-2.9264644;[0];-100.6250
-78.99397613;-2.926463964;[0];-100.6875
-78.99373332;-2.926463527;[0];-100.6875
-78.99349052;-2.926463091;[0];-100.6875
-78.99324771;-2.926462654;[0];-100.7500
-78.99300491;-2.926462217;[0];-100.7500
-78.99276210;-2.926461781;[0];-100.7500
-78.99251929;-2.926461344;[0];-100.7500
-78.99227649;-2.926460907;[0];-100.7500
-78.99203368;-2.92646047;[0];-100.8125
-78.99179087;-2.926460033;[0];-100.8750
-78.99154807;-2.926459596;[0];-100.8750
-78.99130526;-2.926459159;[0];-100.9375
-78.99106246;-2.926458722;[0];-100.9375
-78.99081965;-2.926458284;[0];-101.0000
-78.99057684;-2.926457847;[0];-101.0625
-78.99033404;-2.92645741;[0];-101.0625
-78.99009123;-2.926456972;[0];-101.1250
-78.98984842;-2.926456535;[0];-101.1875
-78.98960562;-2.926456098;[0];-101.2500
-78.98936281;-2.92645566;[0];-101.3125
-78.98912001;-2.926455223;[0];-101.3750
-78.98887720;-2.926454785;[0];-101.3750
-78.98863440;-2.926454347;[0];-101.4375
-78.98839159;-2.92645391;[0];-101.5000
-78.98814878;-2.926453472;[0];-101.5625
-78.98790598;-2.926453034;[0];-101.6875
-78.98766317;-2.926452596;[0];-101.6875
-78.98742037;-2.926452158;[0];-101.7500
-78.98717756;-2.92645172;[0];-101.8125
-78.98693476;-2.926451282;[0];-101.9375
-78.98669195;-2.926450844;[0];-102.0000
-79.00198920;-2.92623422;[0];-102.0000
-79.00174639;-2.926233785;[0];-101.8750
-79.00150358;-2.92623335;[0];-101.8125
-79.00126078;-2.926232915;[0];-101.6875
-79.00101797;-2.92623248;[0];-101.6250
-79.00077516;-2.926232045;[0];-101.5000
-79.00053235;-2.92623161;[0];-101.4375
-79.00028955;-2.926231175;[0];-101.3125
-79.00004674;-2.92623074;[0];-101.2500
-78.99980393;-2.926230305;[0];-101.1875
-78.99956112;-2.92622987;[0];-101.0625
-78.99931832;-2.926229434;[0];-101.0000
-78.99907551;-2.926228999;[0];-100.9375
-78.99883270;-2.926228563;[0];-100.9375
-78.99858990;-2.926228128;[0];-100.8750
-78.99834709;-2.926227692;[0];-100.8125
-78.99810428;-2.926227257;[0];-100.7500
-78.99786147;-2.926226821;[0];-100.6875
-78.99761867;-2.926226386;[0];-100.6875
-78.99737586;-2.92622595;[0];-100.6875
-78.99713305;-2.926225514;[0];-100.6250
-78.99689025;-2.926225078;[0];-100.5625
-78.99664744;-2.926224642;[0];-100.5625
-78.99640463;-2.926224206;[0];-100.5625
-78.99616183;-2.92622377;[0];-100.5000
-78.99591902;-2.926223334;[0];-100.5000
-78.99567621;-2.926222898;[0];-100.5000
-78.99543340;-2.926222462;[0];-100.5000
-78.99519060;-2.926222026;[0];-100.5000
-78.99494779;-2.92622159;[0];-100.5000
-78.99470498;-2.926221153;[0];-100.4375
-78.99446218;-2.926220717;[0];-100.4375
-78.99421937;-2.92622028;[0];-100.5000
-78.99397657;-2.926219844;[0];-100.5000
-78.99373376;-2.926219407;[0];-100.5000
-78.99349095;-2.926218971;[0];-100.5625
-78.99324815;-2.926218534;[0];-100.5625
-78.99300534;-2.926218098;[0];-100.5625
-78.99276253;-2.926217661;[0];-100.5625
-78.99251973;-2.926217224;[0];-100.5625
-78.99227692;-2.926216787;[0];-100.6250
-78.99203411;-2.92621635;[0];-100.6875
-78.99179131;-2.926215913;[0];-100.7500
-78.99154850;-2.926215476;[0];-100.7500
-78.99130570;-2.926215039;[0];-100.8125
-78.99106289;-2.926214602;[0];-100.8125
-78.99082008;-2.926214165;[0];-100.8750
-78.99057728;-2.926213728;[0];-100.8750
-78.99033447;-2.926213291;[0];-100.9375
-78.99009167;-2.926212853;[0];-101.0000
-78.98984886;-2.926212416;[0];-101.1250
-78.98960605;-2.926211978;[0];-101.1250
-78.98936325;-2.926211541;[0];-101.1875
-78.98912044;-2.926211103;[0];-101.2500
-78.98887764;-2.926210666;[0];-101.2500
-78.98863483;-2.926210228;[0];-101.3125
-78.98839203;-2.92620979;[0];-101.3750
-78.98814922;-2.926209353;[0];-101.5000
-78.98790641;-2.926208915;[0];-101.5625
-78.98766361;-2.926208477;[0];-101.5625
-78.98742080;-2.926208039;[0];-101.6250
-78.98717800;-2.926207601;[0];-101.7500
-78.98693519;-2.926207163;[0];-101.8125
-78.98669239;-2.926206725;[0];-101.8750
-78.98644958;-2.926206287;[0];-101.9375
-78.98620678;-2.926205849;[0];-102.0000
-79.00223244;-2.925990533;[0];-101.9375
-79.00198963;-2.925990099;[0];-101.8125
-79.00174682;-2.925989664;[0];-101.6875
-79.00150402;-2.925989229;[0];-101.6250
-79.00126121;-2.925988794;[0];-101.5000
-79.00101840;-2.925988359;[0];-101.4375
-79.00077559;-2.925987924;[0];-101.3125
-79.00053279;-2.925987489;[0];-101.2500
-79.00028998;-2.925987054;[0];-101.1875
-79.00004717;-2.925986619;[0];-101.0625
-78.99980436;-2.925986184;[0];-101.0000
-78.99956156;-2.925985749;[0];-100.9375
-78.99931875;-2.925985314;[0];-100.8125
-78.99907594;-2.925984878;[0];-100.7500
-78.99883314;-2.925984443;[0];-100.7500
-78.99859033;-2.925984007;[0];-100.6875
-78.99834752;-2.925983572;[0];-100.6250
-78.99810471;-2.925983136;[0];-100.5625
-78.99786191;-2.925982701;[0];-100.5000
-78.9976191;-2.925982265;[0];-100.5000
-78.99737629;-2.925981829;[0];-100.5000
-78.99713349;-2.925981394;[0];-100.4375
-78.99689068;-2.925980958;[0];-100.4375
-78.99664787;-2.925980522;[0];-100.4375
-78.99640507;-2.925980086;[0];-100.3750
-78.99616226;-2.92597965;[0];-100.3125
-78.99591945;-2.925979214;[0];-100.3125
-78.99567665;-2.925978778;[0];-100.3125
-78.99543384;-2.925978342;[0];-100.3750
-78.99519103;-2.925977906;[0];-100.3125
-78.99494823;-2.92597747;[0];-100.3125
-78.99470542;-2.925977033;[0];-100.3125
-78.99446261;-2.925976597;[0];-100.3125
-78.99421981;-2.925976161;[0];-100.3125
-78.99397700;-2.925975724;[0];-100.3750
-78.99373419;-2.925975288;[0];-100.3750
-78.99349139;-2.925974851;[0];-100.3750
-78.99324858;-2.925974414;[0];-100.4375
-78.99300577;-2.925973978;[0];-100.4375
-78.99276297;-2.925973541;[0];-100.3750
-78.99252016;-2.925973104;[0];-100.3750
-78.99227736;-2.925972668;[0];-100.5000
-78.99203455;-2.925972231;[0];-100.5625
-78.99179174;-2.925971794;[0];-100.5625
-78.99154894;-2.925971357;[0];-100.6250
-78.99130613;-2.92597092;[0];-100.6250
-78.99106332;-2.925970483;[0];-100.6875
-78.99082052;-2.925970046;[0];-100.6875
-78.99057771;-2.925969608;[0];-100.7500
-78.99033491;-2.925969171;[0];-100.8125
-78.9900921;-2.925968734;[0];-100.8750
-78.98984930;-2.925968297;[0];-100.9375
-78.98960649;-2.925967859;[0];-101.0000
-78.98936368;-2.925967422;[0];-101.0625
-78.98912088;-2.925966984;[0];-101.0625
-78.98887807;-2.925966547;[0];-101.1250
-78.98863527;-2.925966109;[0];-101.1875
-78.98839246;-2.925965671;[0];-101.3125
-78.98814966;-2.925965234;[0];-101.3750
-78.98790685;-2.925964796;[0];-101.3750
-78.98766404;-2.925964358;[0];-101.4375
-78.98742124;-2.92596392;[0];-101.5625
-78.98717843;-2.925963482;[0];-101.6250
-78.98693563;-2.925963044;[0];-101.6875
-78.98669282;-2.925962606;[0];-101.7500
-78.98645002;-2.925962168;[0];-101.8125
-78.98620721;-2.92596173;[0];-101.8750
-78.98596441;-2.925961292;[0];-102.0000
-79.00247568;-2.925746847;[0];-101.8750
-79.00223287;-2.925746412;[0];-101.7500
-79.00199006;-2.925745978;[0];-101.6250
-79.00174726;-2.925745543;[0];-101.5000
-79.00150445;-2.925745108;[0];-101.4375
-79.00126164;-2.925744673;[0];-101.3125
-79.00101883;-2.925744238;[0];-101.2500
-79.00077603;-2.925743804;[0];-101.1250
-79.00053322;-2.925743369;[0];-101.0625
-79.00029041;-2.925742934;[0];-101.0000
-79.00004760;-2.925742498;[0];-100.8750
-78.99980480;-2.925742063;[0];-100.8125
-78.99956199;-2.925741628;[0];-100.7500
-78.99931918;-2.925741193;[0];-100.6250
-78.99907638;-2.925740758;[0];-100.6250
-78.99883357;-2.925740322;[0];-100.5625
-78.99859076;-2.925739887;[0];-100.5000
-78.99834795;-2.925739451;[0];-100.4375
-78.99810515;-2.925739016;[0];-100.3750
-78.99786234;-2.92573858;[0];-100.3750
-78.99761953;-2.925738145;[0];-100.3750
-78.99737673;-2.925737709;[0];-100.3125
-78.99713392;-2.925737273;[0];-100.2500
-78.99689111;-2.925736838;[0];-100.2500
-78.99664831;-2.925736402;[0];-100.2500
-78.99640550;-2.925735966;[0];-100.1875
-78.99616269;-2.92573553;[0];-100.1875
-78.99591989;-2.925735094;[0];-100.1875
-78.99567708;-2.925734658;[0];-100.1875
-78.99543427;-2.925734222;[0];-100.1875
-78.99519147;-2.925733786;[0];-100.1250
-78.99494866;-2.925733349;[0];-100.1250
-78.99470585;-2.925732913;[0];-100.1250
-78.99446305;-2.925732477;[0];-100.1250
-78.99422024;-2.925732041;[0];-100.1875
-78.99397743;-2.925731604;[0];-100.1875
-78.99373463;-2.925731168;[0];-100.1875
-78.99349182;-2.925730731;[0];-100.2500
-78.99324901;-2.925730295;[0];-100.2500
-78.99300621;-2.925729858;[0];-100.2500
-78.99276340;-2.925729421;[0];-100.2500
-78.99252060;-2.925728985;[0];-100.2500
-78.99227779;-2.925728548;[0];-100.3750
-78.99203498;-2.925728111;[0];-100.3750
-78.99179218;-2.925727674;[0];-100.4375
-78.99154937;-2.925727237;[0];-100.4375
-78.99130657;-2.9257268;[0];-100.5000
-78.99106376;-2.925726363;[0];-100.5000
-78.99082095;-2.925725926;[0];-100.5625
-78.99057815;-2.925725489;[0];-100.6250
-78.99033534;-2.925725052;[0];-100.6875
-78.99009254;-2.925724615;[0];-100.7500
-78.98984973;-2.925724177;[0];-100.8125
-78.98960692;-2.92572374;[0];-100.8750
-78.98936412;-2.925723303;[0];-100.8750
-78.98912131;-2.925722865;[0];-100.9375
-78.98887851;-2.925722428;[0];-101.0000
-78.98863570;-2.92572199;[0];-101.1250
-78.98839290;-2.925721552;[0];-101.1875
-78.98815009;-2.925721115;[0];-101.2500
-78.98790728;-2.925720677;[0];-101.2500
-78.98766448;-2.925720239;[0];-101.3750
-78.98742167;-2.925719801;[0];-101.4375
-78.98717887;-2.925719364;[0];-101.5000
-78.98693606;-2.925718926;[0];-101.5625
-78.98669326;-2.925718488;[0];-101.6250
-78.98645045;-2.92571805;[0];-101.6875
-78.98620765;-2.925717611;[0];-101.8125
-78.98596484;-2.925717173;[0];-101.8750
-78.98572204;-2.925716735;[0];-101.9375
-79.00296173;-2.925503595;[0];-102.0000
-79.00271892;-2.92550316;[0];-101.8750
-79.00247611;-2.925502726;[0];-101.6875
-79.00223330;-2.925502291;[0];-101.5625
-79.00199050;-2.925501857;[0];-101.4375
-79.00174769;-2.925501422;[0];-101.3750
-79.00150488;-2.925500987;[0];-101.2500
-79.00126207;-2.925500552;[0];-101.1250
-79.00101927;-2.925500118;[0];-101.0625
-79.00077646;-2.925499683;[0];-100.9375
-79.00053365;-2.925499248;[0];-100.8750
-79.00029084;-2.925498813;[0];-100.8125
-79.00004804;-2.925498378;[0];-100.6875
-78.99980523;-2.925497943;[0];-100.6250
-78.99956242;-2.925497507;[0];-100.5625
-78.99931962;-2.925497072;[0];-100.4375
-78.99907681;-2.925496637;[0];-100.4375
-78.99883400;-2.925496202;[0];-100.3750
-78.99859119;-2.925495766;[0];-100.3125
-78.99834839;-2.925495331;[0];-100.2500
-78.99810558;-2.925494895;[0];-100.1875
-78.99786277;-2.92549446;[0];-100.1875
-78.99761997;-2.925494024;[0];-100.1875
-78.99737716;-2.925493589;[0];-100.1250
-78.99713435;-2.925493153;[0];-100.0625
-78.99689155;-2.925492717;[0];-100.0625
-78.99664874;-2.925492281;[0];-100.0625
-78.99640593;-2.925491846;[0];-100.0000
-78.99616313;-2.92549141;[0];-100.0000
-78.99592032;-2.925490974;[0];-100.0000
-78.99567751;-2.925490538;[0];-100.0000
-78.99543471;-2.925490102;[0];-100.0000
-78.99519190;-2.925489666;[0];-99.9375
-78.99494909;-2.925489229;[0];-99.9375
-78.99470629;-2.925488793;[0];-99.9375
-78.99446348;-2.925488357;[0];-100.0000
-78.99422067;-2.925487921;[0];-100.0000
-78.99397787;-2.925487484;[0];-100.0000
-78.99373506;-2.925487048;[0];-100.0625
-78.99349225;-2.925486611;[0];-100.0625
-78.99324945;-2.925486175;[0];-100.0625
-78.99300664;-2.925485738;[0];-100.0625
-78.99276384;-2.925485302;[0];-100.0625
-78.99252103;-2.925484865;[0];-100.1250
-78.99227822;-2.925484428;[0];-100.1875
-78.99203542;-2.925483991;[0];-100.2500
-78.99179261;-2.925483555;[0];-100.2500
-78.99154981;-2.925483118;[0];-100.3125
-78.991307;-2.925482681;[0];-100.3125
-78.99106419;-2.925482244;[0];-100.3750
-78.99082139;-2.925481807;[0];-100.4375
-78.99057858;-2.92548137;[0];-100.5000
-78.99033578;-2.925480932;[0];-100.5625
-78.99009297;-2.925480495;[0];-100.6250
-78.98985017;-2.925480058;[0];-100.6875
-78.98960736;-2.925479621;[0];-100.6875
-78.98936455;-2.925479183;[0];-100.7500
-78.98912175;-2.925478746;[0];-100.8125
-78.98887894;-2.925478308;[0];-100.9375
-78.98863614;-2.925477871;[0];-101.0000
-78.98839333;-2.925477433;[0];-101.0625
-78.98815053;-2.925476996;[0];-101.0625
-78.98790772;-2.925476558;[0];-101.1875
-78.98766491;-2.92547612;[0];-101.2500
-78.98742211;-2.925475682;[0];-101.3125
-78.98717930;-2.925475245;[0];-101.3750
-78.98693650;-2.925474807;[0];-101.4375
-78.98669369;-2.925474369;[0];-101.5000
-78.98645089;-2.925473931;[0];-101.6250
-78.98620808;-2.925473493;[0];-101.6875
-78.98596528;-2.925473055;[0];-101.8125
-78.98572247;-2.925472616;[0];-101.8750
-78.98547967;-2.925472178;[0];-101.9375
-78.98523686;-2.92547174;[0];-102.0000
-79.00344777;-2.925260342;[0];-102.0000
-79.00320497;-2.925259908;[0];-101.9375
-79.00296216;-2.925259473;[0];-101.8125
-79.00271935;-2.925259039;[0];-101.6875
-79.00247654;-2.925258605;[0];-101.5000
-79.00223374;-2.92525817;[0];-101.3750
-79.00199093;-2.925257735;[0];-101.2500
-79.00174812;-2.925257301;[0];-101.1875
-79.00150531;-2.925256866;[0];-101.0625
-79.00126251;-2.925256431;[0];-100.9375
-79.00101970;-2.925255997;[0];-100.8750
-79.00077689;-2.925255562;[0];-100.7500
-79.00053408;-2.925255127;[0];-100.6875
-79.00029128;-2.925254692;[0];-100.6250
-79.00004847;-2.925254257;[0];-100.5000
-78.99980566;-2.925253822;[0];-100.4375
-78.99956286;-2.925253387;[0];-100.3750
-78.99932005;-2.925252951;[0];-100.2500
-78.99907724;-2.925252516;[0];-100.2500
-78.99883443;-2.925252081;[0];-100.1875
-78.99859163;-2.925251646;[0];-100.1250
-78.99834882;-2.92525121;[0];-100.0625
-78.99810601;-2.925250775;[0];-100.0000
-78.99786321;-2.925250339;[0];-100.0000
-78.9976204;-2.925249904;[0];-100.0000
-78.99737759;-2.925249468;[0];-99.9375
-78.99713479;-2.925249033;[0];-99.8750
-78.99689198;-2.925248597;[0];-99.8750
-78.99664917;-2.925248161;[0];-99.8125
-78.99640637;-2.925247725;[0];-99.8125
-78.99616356;-2.925247289;[0];-99.8125
-78.99592075;-2.925246854;[0];-99.8125
-78.99567795;-2.925246418;[0];-99.8125
-78.99543514;-2.925245982;[0];-99.8125
-78.99519233;-2.925245546;[0];-99.7500
-78.99494953;-2.925245109;[0];-99.8125
-78.99470672;-2.925244673;[0];-99.8125
-78.99446391;-2.925244237;[0];-99.8125
-78.99422111;-2.925243801;[0];-99.8125
-78.99397830;-2.925243364;[0];-99.8750
-78.99373550;-2.925242928;[0];-99.8750
-78.99349269;-2.925242492;[0];-99.9375
-78.99324988;-2.925242055;[0];-99.8750
-78.99300708;-2.925241619;[0];-99.8750
-78.99276427;-2.925241182;[0];-99.9375
-78.99252146;-2.925240745;[0];-100.0000
-78.99227866;-2.925240309;[0];-100.0625
-78.99203585;-2.925239872;[0];-100.0625
-78.99179305;-2.925239435;[0];-100.1250
-78.99155024;-2.925238998;[0];-100.1250
-78.99130743;-2.925238561;[0];-100.1875
-78.99106463;-2.925238124;[0];-100.2500
-78.99082182;-2.925237687;[0];-100.3125
-78.99057902;-2.92523725;[0];-100.3750
-78.99033621;-2.925236813;[0];-100.4375
-78.99009341;-2.925236376;[0];-100.5000
-78.98985060;-2.925235939;[0];-100.5000
-78.98960779;-2.925235501;[0];-100.5625
-78.98936499;-2.925235064;[0];-100.6250
-78.98912218;-2.925234627;[0];-100.6875
-78.98887938;-2.925234189;[0];-100.8125
-78.98863657;-2.925233752;[0];-100.8750
-78.98839377;-2.925233314;[0];-100.8750
-78.98815096;-2.925232877;[0];-100.9375
-78.98790816;-2.925232439;[0];-101.0625
-78.98766535;-2.925232001;[0];-101.1250
-78.98742255;-2.925231564;[0];-101.1875
-78.98717974;-2.925231126;[0];-101.2500
-78.98693693;-2.925230688;[0];-101.3125
-78.98669413;-2.92523025;[0];-101.4375
-78.98645132;-2.925229812;[0];-101.5000
-78.98620852;-2.925229374;[0];-101.6250
-78.98596571;-2.925228936;[0];-101.6875
-78.98572291;-2.925228498;[0];-101.7500
-78.98548010;-2.92522806;[0];-101.8125
-78.98523730;-2.925227621;[0];-101.8750
-78.98499449;-2.925227183;[0];-101.9375
-79.00369101;-2.925016655;[0];-102.0000
-79.00344821;-2.925016221;[0];-101.8750
-79.00320540;-2.925015787;[0];-101.7500
-79.00296259;-2.925015352;[0];-101.6250
-79.00271978;-2.925014918;[0];-101.5000
-79.00247698;-2.925014483;[0];-101.3125
-79.00223417;-2.925014049;[0];-101.1875
-79.00199136;-2.925013614;[0];-101.0625
-79.00174855;-2.92501318;[0];-101.0000
-79.00150575;-2.925012745;[0];-100.8750
-79.00126294;-2.92501231;[0];-100.7500
-79.00102013;-2.925011876;[0];-100.6875
-79.00077732;-2.925011441;[0];-100.5625
-79.00053452;-2.925011006;[0];-100.5000
-79.00029171;-2.925010571;[0];-100.3750
-79.00004890;-2.925010136;[0];-100.3125
-78.99980610;-2.925009701;[0];-100.2500
-78.99956329;-2.925009266;[0];-100.1250
-78.99932048;-2.925008831;[0];-100.0625
-78.99907767;-2.925008396;[0];-100.0625
-78.99883487;-2.92500796;[0];-100.0000
-78.99859206;-2.925007525;[0];-99.9375
-78.99834925;-2.92500709;[0];-99.8750
-78.99810645;-2.925006654;[0];-99.8125
-78.99786364;-2.925006219;[0];-99.8125
-78.99762083;-2.925005783;[0];-99.7500
-78.99737803;-2.925005348;[0];-99.7500
-78.99713522;-2.925004912;[0];-99.7500
-78.99689241;-2.925004477;[0];-99.6875
-78.99664961;-2.925004041;[0];-99.6250
-78.99640680;-2.925003605;[0];-99.6250
-78.99616399;-2.925003169;[0];-99.6250
-78.99592119;-2.925002733;[0];-99.6875
-78.99567838;-2.925002297;[0];-99.6250
-78.99543557;-2.925001861;[0];-99.6250
-78.99519277;-2.925001425;[0];-99.6250
-78.99494996;-2.925000989;[0];-99.6250
-78.99470715;-2.925000553;[0];-99.6250
-78.99446435;-2.925000117;[0];-99.6250
-78.99422154;-2.924999681;[0];-99.6875
-78.99397874;-2.924999245;[0];-99.6875
-78.99373593;-2.924998808;[0];-99.7500
-78.99349312;-2.924998372;[0];-99.7500
-78.99325032;-2.924997935;[0];-99.6875
-78.99300751;-2.924997499;[0];-99.6875
-78.99276470;-2.924997062;[0];-99.8125
-78.99252190;-2.924996626;[0];-99.8750
-78.99227909;-2.924996189;[0];-99.8750
-78.99203629;-2.924995752;[0];-99.9375
-78.99179348;-2.924995316;[0];-99.9375
-78.99155068;-2.924994879;[0];-100.0000
-78.99130787;-2.924994442;[0];-100.0625
-78.99106506;-2.924994005;[0];-100.0625
-78.99082226;-2.924993568;[0];-100.1875
-78.99057945;-2.924993131;[0];-100.2500
-78.99033665;-2.924992694;[0];-100.3125
-78.99009384;-2.924992257;[0];-100.3125
-78.98985103;-2.924991819;[0];-100.3750
-78.98960823;-2.924991382;[0];-100.4375
-78.98936542;-2.924990945;[0];-100.5000
-78.98912262;-2.924990508;[0];-100.6250
-78.98887981;-2.92499007;[0];-100.6875
-78.98863701;-2.924989633;[0];-100.6875
-78.98839420;-2.924989195;[0];-100.7500
-78.98815140;-2.924988758;[0];-100.8750
-78.98790859;-2.92498832;[0];-100.9375
-78.98766579;-2.924987882;[0];-101.0000
-78.98742298;-2.924987445;[0];-101.0625
-78.98718018;-2.924987007;[0];-101.1250
-78.98693737;-2.924986569;[0];-101.2500
-78.98669456;-2.924986131;[0];-101.3125
-78.98645176;-2.924985693;[0];-101.3750
-78.98620895;-2.924985255;[0];-101.5000
-78.98596615;-2.924984817;[0];-101.5625
-78.98572334;-2.924984379;[0];-101.6250
-78.98548054;-2.924983941;[0];-101.6875
-78.98523773;-2.924983503;[0];-101.7500
-78.98499493;-2.924983065;[0];-101.8750
-78.98475212;-2.924982626;[0];-101.9375
-79.00393425;-2.924772968;[0];-102.0000
-79.00369145;-2.924772534;[0];-101.8750
-79.00344864;-2.9247721;[0];-101.6875
-79.00320583;-2.924771665;[0];-101.5625
-79.00296302;-2.924771231;[0];-101.4375
-79.00272022;-2.924770797;[0];-101.3125
-79.00247741;-2.924770362;[0];-101.1250
-79.0022346;-2.924769928;[0];-101.0000
-79.00199179;-2.924769493;[0];-100.8750
-79.00174899;-2.924769059;[0];-100.8125
-79.00150618;-2.924768624;[0];-100.6875
-79.00126337;-2.924768189;[0];-100.5625
-79.00102056;-2.924767755;[0];-100.5000
-79.00077776;-2.92476732;[0];-100.3750
-79.00053495;-2.924766885;[0];-100.3125
-79.00029214;-2.92476645;[0];-100.1875
-79.00004934;-2.924766015;[0];-100.1250
-78.99980653;-2.92476558;[0];-100.0625
-78.99956372;-2.924765145;[0];-99.9375
-78.99932091;-2.92476471;[0];-99.8750
-78.99907811;-2.924764275;[0];-99.8750
-78.9988353;-2.92476384;[0];-99.8125
-78.99859249;-2.924763404;[0];-99.7500
-78.99834969;-2.924762969;[0];-99.6875
-78.99810688;-2.924762534;[0];-99.6250
-78.99786407;-2.924762098;[0];-99.6250
-78.99762127;-2.924761663;[0];-99.5625
-78.99737846;-2.924761227;[0];-99.5625
-78.99713565;-2.924760792;[0];-99.5625
-78.99689285;-2.924760356;[0];-99.5000
-78.99665004;-2.924759921;[0];-99.4375
-78.99640723;-2.924759485;[0];-99.4375
-78.99616443;-2.924759049;[0];-99.5000
-78.99592162;-2.924758613;[0];-99.5000
-78.99567881;-2.924758177;[0];-99.4375
-78.99543601;-2.924757741;[0];-99.4375
-78.9951932;-2.924757305;[0];-99.4375
-78.99495039;-2.924756869;[0];-99.4375
-78.99470759;-2.924756433;[0];-99.4375
-78.99446478;-2.924755997;[0];-99.5000
-78.99422198;-2.924755561;[0];-99.5000
-78.99397917;-2.924755125;[0];-99.5000
-78.99373636;-2.924754688;[0];-99.5625
-78.99349356;-2.924754252;[0];-99.5625
-78.99325075;-2.924753816;[0];-99.5000
-78.99300795;-2.924753379;[0];-99.5625
-78.99276514;-2.924752943;[0];-99.6875
-78.99252233;-2.924752506;[0];-99.6875
-78.99227953;-2.924752069;[0];-99.7500
-78.99203672;-2.924751633;[0];-99.7500
-78.99179392;-2.924751196;[0];-99.8125
-78.99155111;-2.924750759;[0];-99.8125
-78.99130830;-2.924750322;[0];-99.8750
-78.99106550;-2.924749885;[0];-99.9375
-78.99082269;-2.924749448;[0];-100.0625
-78.99057989;-2.924749011;[0];-100.1250
-78.99033708;-2.924748574;[0];-100.1250
-78.99009428;-2.924748137;[0];-100.1875
-78.98985147;-2.9247477;[0];-100.2500
-78.98960866;-2.924747263;[0];-100.3125
-78.98936586;-2.924746826;[0];-100.3750
-78.98912305;-2.924746388;[0];-100.5000
-78.98888025;-2.924745951;[0];-100.5000
-78.98863744;-2.924745514;[0];-100.5625
-78.98839464;-2.924745076;[0];-100.6875
-78.98815183;-2.924744639;[0];-100.7500
-78.98790903;-2.924744201;[0];-100.8125
-78.98766622;-2.924743763;[0];-100.8750
-78.98742342;-2.924743326;[0];-100.9375
-78.98718061;-2.924742888;[0];-101.0000
-78.98693781;-2.92474245;[0];-101.1250
-78.986695;-2.924742012;[0];-101.1875
-78.98645220;-2.924741575;[0];-101.3125
-78.98620939;-2.924741137;[0];-101.3750
-78.98596659;-2.924740699;[0];-101.4375
-78.98572378;-2.924740261;[0];-101.5000
-78.98548098;-2.924739822;[0];-101.5625
-78.98523817;-2.924739384;[0];-101.6875
-78.98499537;-2.924738946;[0];-101.7500
-78.98475256;-2.924738508;[0];-101.8750
-78.98450976;-2.924738069;[0];-101.9375
-79.00417749;-2.924529281;[0];-101.9375
-79.00393469;-2.924528847;[0];-101.8125
-79.00369188;-2.924528412;[0];-101.6875
-79.00344907;-2.924527978;[0];-101.5000
-79.00320626;-2.924527544;[0];-101.3750
-79.00296346;-2.92452711;[0];-101.2500
-79.00272065;-2.924526675;[0];-101.1250
-79.00247784;-2.924526241;[0];-100.9375
-79.00223503;-2.924525807;[0];-100.8125
-79.00199223;-2.924525372;[0];-100.6875
-79.00174942;-2.924524938;[0];-100.6250
-79.00150661;-2.924524503;[0];-100.5000
-79.00126380;-2.924524068;[0];-100.3750
-79.00102100;-2.924523634;[0];-100.3125
-79.00077819;-2.924523199;[0];-100.1875
-79.00053538;-2.924522764;[0];-100.1250
-79.00029258;-2.924522329;[0];-100.0000
-79.00004977;-2.924521894;[0];-99.9375
-78.99980696;-2.924521459;[0];-99.8125
-78.99956415;-2.924521024;[0];-99.7500
-78.99932135;-2.924520589;[0];-99.6875
-78.99907854;-2.924520154;[0];-99.6875
-78.99883573;-2.924519719;[0];-99.6250
-78.99859293;-2.924519284;[0];-99.5625
-78.99835012;-2.924518849;[0];-99.5000
-78.99810731;-2.924518413;[0];-99.5000
-78.99786451;-2.924517978;[0];-99.4375
-78.99762170;-2.924517542;[0];-99.3750
-78.99737889;-2.924517107;[0];-99.3750
-78.99713609;-2.924516671;[0];-99.3750
-78.99689328;-2.924516236;[0];-99.3125
-78.99665047;-2.9245158;[0];-99.2500
-78.99640767;-2.924515365;[0];-99.3125
-78.99616486;-2.924514929;[0];-99.3125
-78.99592205;-2.924514493;[0];-99.3125
-78.99567925;-2.924514057;[0];-99.2500
-78.99543644;-2.924513621;[0];-99.2500
-78.99519363;-2.924513185;[0];-99.2500
-78.99495083;-2.924512749;[0];-99.2500
-78.99470802;-2.924512313;[0];-99.3125
-78.99446522;-2.924511877;[0];-99.3125
-78.99422241;-2.924511441;[0];-99.3125
-78.99397960;-2.924511005;[0];-99.3750
-78.99373680;-2.924510568;[0];-99.3750
-78.99349399;-2.924510132;[0];-99.3750
-78.99325119;-2.924509696;[0];-99.3750
-78.99300838;-2.924509259;[0];-99.4375
-78.99276557;-2.924508823;[0];-99.5000
-78.99252277;-2.924508386;[0];-99.5625
-78.99227996;-2.92450795;[0];-99.5625
-78.99203716;-2.924507513;[0];-99.6250
-78.99179435;-2.924507076;[0];-99.6250
-78.99155154;-2.92450664;[0];-99.6875
-78.99130874;-2.924506203;[0];-99.7500
-78.99106593;-2.924505766;[0];-99.8125
-78.99082313;-2.924505329;[0];-99.9375
-78.99058032;-2.924504892;[0];-99.9375
-78.99033752;-2.924504455;[0];-100.0000
-78.99009471;-2.924504018;[0];-100.0625
-78.98985190;-2.924503581;[0];-100.1250
-78.98960910;-2.924503144;[0];-100.1875
-78.98936629;-2.924502707;[0];-100.2500
-78.98912349;-2.924502269;[0];-100.3125
-78.98888068;-2.924501832;[0];-100.3750
-78.98863788;-2.924501395;[0];-100.4375
-78.98839507;-2.924500957;[0];-100.5625
-78.98815227;-2.92450052;[0];-100.6250
-78.98790946;-2.924500082;[0];-100.6875
-78.98766666;-2.924499645;[0];-100.7500
-78.98742385;-2.924499207;[0];-100.8125
-78.98718105;-2.924498769;[0];-100.9375
-78.98693824;-2.924498331;[0];-101.0000
-78.98669544;-2.924497894;[0];-101.1250
-78.98645263;-2.924497456;[0];-101.1875
-78.98620983;-2.924497018;[0];-101.2500
-78.98596702;-2.92449658;[0];-101.3125
-78.98572422;-2.924496142;[0];-101.3750
-78.98548141;-2.924495704;[0];-101.5000
-78.98523861;-2.924495266;[0];-101.5625
-78.98499580;-2.924494828;[0];-101.6875
-78.98475300;-2.924494389;[0];-101.7500
-78.98451019;-2.924493951;[0];-101.8750
-78.98426739;-2.924493513;[0];-102.0000
-79.00442073;-2.924285593;[0];-102.0000
-79.00417792;-2.924285159;[0];-101.7500
-79.00393512;-2.924284725;[0];-101.6250
-79.00369231;-2.924284291;[0];-101.5000
-79.00344950;-2.924283857;[0];-101.3125
-79.00320669;-2.924283423;[0];-101.1875
-79.00296389;-2.924282989;[0];-101.0625
-79.00272108;-2.924282554;[0];-100.9375
-79.00247827;-2.92428212;[0];-100.7500
-79.00223547;-2.924281685;[0];-100.6250
-79.00199266;-2.924281251;[0];-100.5000
-79.00174985;-2.924280817;[0];-100.3750
-79.00150704;-2.924280382;[0];-100.3125
-79.00126424;-2.924279947;[0];-100.1875
-79.00102143;-2.924279513;[0];-100.1250
-79.00077862;-2.924279078;[0];-100.0000
-79.00053581;-2.924278643;[0];-99.9375
-79.00029301;-2.924278208;[0];-99.8125
-79.0000502;-2.924277774;[0];-99.7500
-78.99980739;-2.924277339;[0];-99.6250
-78.99956459;-2.924276904;[0];-99.5625
-78.99932178;-2.924276469;[0];-99.5625
-78.99907897;-2.924276034;[0];-99.5000
-78.99883617;-2.924275598;[0];-99.4375
-78.99859336;-2.924275163;[0];-99.3750
-78.99835055;-2.924274728;[0];-99.3125
-78.99810775;-2.924274293;[0];-99.3125
-78.99786494;-2.924273857;[0];-99.2500
-78.99762213;-2.924273422;[0];-99.1875
-78.99737933;-2.924272987;[0];-99.1875
-78.99713652;-2.924272551;[0];-99.1875
-78.99689371;-2.924272116;[0];-99.1250
-78.99665091;-2.92427168;[0];-99.1250
-78.9964081;-2.924271244;[0];-99.1250
-78.99616529;-2.924270809;[0];-99.1250
-78.99592249;-2.924270373;[0];-99.1250
-78.99567968;-2.924269937;[0];-99.0625
-78.99543687;-2.924269501;[0];-99.0625
-78.99519407;-2.924269065;[0];-99.0625
-78.99495126;-2.924268629;[0];-99.1250
-78.99470846;-2.924268193;[0];-99.1250
-78.99446565;-2.924267757;[0];-99.1250
-78.99422284;-2.924267321;[0];-99.1875
-78.99398004;-2.924266885;[0];-99.1875
-78.99373723;-2.924266449;[0];-99.1875
-78.99349443;-2.924266012;[0];-99.1875
-78.99325162;-2.924265576;[0];-99.2500
-78.99300881;-2.92426514;[0];-99.3125
-78.99276601;-2.924264703;[0];-99.3750
-78.99252320;-2.924264267;[0];-99.3750
-78.99228040;-2.92426383;[0];-99.4375
-78.99203759;-2.924263393;[0];-99.4375
-78.99179478;-2.924262957;[0];-99.5000
-78.99155198;-2.92426252;[0];-99.5625
-78.99130917;-2.924262083;[0];-99.6250
-78.99106637;-2.924261647;[0];-99.6875
-78.99082356;-2.92426121;[0];-99.7500
-78.99058076;-2.924260773;[0];-99.8125
-78.99033795;-2.924260336;[0];-99.8125
-78.99009514;-2.924259899;[0];-99.8750
-78.98985234;-2.924259462;[0];-100.0000
-78.98960953;-2.924259025;[0];-100.0625
-78.98936673;-2.924258587;[0];-100.1250
-78.98912392;-2.92425815;[0];-100.1875
-78.98888112;-2.924257713;[0];-100.2500
-78.98863831;-2.924257275;[0];-100.3750
-78.98839551;-2.924256838;[0];-100.4375
-78.98815270;-2.924256401;[0];-100.5000
-78.98790990;-2.924255963;[0];-100.5625
-78.98766709;-2.924255526;[0];-100.6250
-78.98742429;-2.924255088;[0];-100.7500
-78.98718148;-2.92425465;[0];-100.8125
-78.98693868;-2.924254213;[0];-100.9375
-78.98669587;-2.924253775;[0];-101.0000
-78.98645307;-2.924253337;[0];-101.0625
-78.98621026;-2.924252899;[0];-101.1250
-78.98596746;-2.924252461;[0];-101.1875
-78.98572465;-2.924252023;[0];-101.3125
-78.98548185;-2.924251585;[0];-101.3750
-78.98523904;-2.924251147;[0];-101.5000
-78.98499624;-2.924250709;[0];-101.5625
-78.98475343;-2.924250271;[0];-101.6875
-78.98451063;-2.924249833;[0];-101.8125
-78.98426782;-2.924249394;[0];-101.8750
-78.98402502;-2.924248956;[0];-102.0000
-79.00466397;-2.924041906;[0];-101.9375
-79.00442116;-2.924041472;[0];-101.8125
-79.00417836;-2.924041038;[0];-101.5625
-79.00393555;-2.924040604;[0];-101.4375
-79.00369274;-2.92404017;[0];-101.3125
-79.00344993;-2.924039736;[0];-101.1250
-79.00320713;-2.924039301;[0];-101.0000
-79.00296432;-2.924038867;[0];-100.8750
-79.00272151;-2.924038433;[0];-100.7500
-79.00247870;-2.924037999;[0];-100.5625
-79.00223590;-2.924037564;[0];-100.4375
-79.00199309;-2.92403713;[0];-100.3125
-79.00175028;-2.924036695;[0];-100.1875
-79.00150748;-2.924036261;[0];-100.1250
-79.00126467;-2.924035826;[0];-100.0000
-79.00102186;-2.924035392;[0];-99.8750
-79.00077905;-2.924034957;[0];-99.8125
-79.00053625;-2.924034522;[0];-99.6875
-79.00029344;-2.924034088;[0];-99.6250
-79.00005063;-2.924033653;[0];-99.5000
-78.99980783;-2.924033218;[0];-99.4375
-78.99956502;-2.924032783;[0];-99.3750
-78.99932221;-2.924032348;[0];-99.3750
-78.99907941;-2.924031913;[0];-99.3125
-78.99883660;-2.924031478;[0];-99.2500
-78.99859379;-2.924031043;[0];-99.1250
-78.99835099;-2.924030608;[0];-99.1250
-78.99810818;-2.924030172;[0];-99.1250
-78.99786537;-2.924029737;[0];-99.0625
-78.99762257;-2.924029302;[0];-99.0000
-78.99737976;-2.924028866;[0];-99.0000
-78.99713695;-2.924028431;[0];-98.9375
-78.99689415;-2.924027995;[0];-98.9375
-78.99665134;-2.92402756;[0];-98.9375
-78.99640853;-2.924027124;[0];-98.9375
-78.99616573;-2.924026688;[0];-98.9375
-78.99592292;-2.924026253;[0];-98.8750
-78.99568011;-2.924025817;[0];-98.8750
-78.99543731;-2.924025381;[0];-98.8750
-78.99519450;-2.924024945;[0];-98.8750
-78.99495170;-2.924024509;[0];-98.9375
-78.99470889;-2.924024073;[0];-98.9375
-78.99446608;-2.924023637;[0];-99.0000
-78.99422328;-2.924023201;[0];-99.0000
-78.99398047;-2.924022765;[0];-99.0000
-78.99373767;-2.924022329;[0];-99.0000
-78.99349486;-2.924021892;[0];-99.0000
-78.99325205;-2.924021456;[0];-99.0625
-78.99300925;-2.92402102;[0];-99.1250
-78.99276644;-2.924020583;[0];-99.1875
-78.99252364;-2.924020147;[0];-99.1875
-78.99228083;-2.92401971;[0];-99.2500
-78.99203802;-2.924019274;[0];-99.3125
-78.99179522;-2.924018837;[0];-99.3125
-78.99155241;-2.924018401;[0];-99.4375
-78.99130961;-2.924017964;[0];-99.5000
-78.99106680;-2.924017527;[0];-99.5625
-78.99082400;-2.92401709;[0];-99.6250
-78.99058119;-2.924016653;[0];-99.6250
-78.99033838;-2.924016216;[0];-99.6875
-78.99009558;-2.924015779;[0];-99.7500
-78.98985277;-2.924015342;[0];-99.8750
-78.98960997;-2.924014905;[0];-99.9375
-78.98936716;-2.924014468;[0];-100.0000
-78.98912436;-2.924014031;[0];-100.0625
-78.98888155;-2.924013594;[0];-100.1250
-78.98863875;-2.924013156;[0];-100.2500
-78.98839594;-2.924012719;[0];-100.3125
-78.98815314;-2.924012282;[0];-100.3750
-78.98791033;-2.924011844;[0];-100.4375
-78.98766753;-2.924011407;[0];-100.5000
-78.98742472;-2.924010969;[0];-100.6250
-78.98718192;-2.924010531;[0];-100.7500
-78.98693911;-2.924010094;[0];-100.8125
-78.98669631;-2.924009656;[0];-100.8750
-78.98645350;-2.924009218;[0];-100.9375
-78.98621070;-2.92400878;[0];-101.0000
-78.98596789;-2.924008343;[0];-101.1250
-78.98572509;-2.924007905;[0];-101.1875
-78.98548228;-2.924007467;[0];-101.3125
-78.98523948;-2.924007029;[0];-101.3750
-78.98499667;-2.92400659;[0];-101.5000
-78.98475387;-2.924006152;[0];-101.6250
-78.98451106;-2.924005714;[0];-101.6875
-78.98426826;-2.924005276;[0];-101.8125
-78.98402545;-2.924004838;[0];-101.8750
-78.98378265;-2.924004399;[0];-102.0000
-79.00490721;-2.923798218;[0];-101.9375
-79.00466440;-2.923797784;[0];-101.7500
-79.00442160;-2.92379735;[0];-101.6250
-79.00417879;-2.923796916;[0];-101.3750
-79.00393598;-2.923796482;[0];-101.2500
-79.00369317;-2.923796048;[0];-101.1250
-79.00345037;-2.923795614;[0];-100.9375
-79.00320756;-2.92379518;[0];-100.8125
-79.00296475;-2.923794746;[0];-100.6875
-79.00272194;-2.923794312;[0];-100.5625
-79.00247914;-2.923793878;[0];-100.3750
-79.00223633;-2.923793443;[0];-100.2500
-79.00199352;-2.923793009;[0];-100.1250
-79.00175071;-2.923792574;[0];-100.0000
-79.00150791;-2.92379214;[0];-99.8750
-79.0012651;-2.923791705;[0];-99.8125
-79.00102229;-2.923791271;[0];-99.6875
-79.00077949;-2.923790836;[0];-99.6250
-79.00053668;-2.923790402;[0];-99.5000
-79.00029387;-2.923789967;[0];-99.4375
-79.00005107;-2.923789532;[0];-99.3125
-78.99980826;-2.923789097;[0];-99.2500
-78.99956545;-2.923788662;[0];-99.1875
-78.99932265;-2.923788227;[0];-99.1875
-78.99907984;-2.923787792;[0];-99.0625
-78.99883703;-2.923787357;[0];-99.0000
-78.99859423;-2.923786922;[0];-98.9375
-78.99835142;-2.923786487;[0];-98.9375
-78.99810861;-2.923786052;[0];-98.8750
-78.99786581;-2.923785616;[0];-98.8125
-78.99762300;-2.923785181;[0];-98.8125
-78.99738019;-2.923784746;[0];-98.8125
-78.99713739;-2.92378431;[0];-98.7500
-78.99689458;-2.923783875;[0];-98.7500
-78.99665177;-2.923783439;[0];-98.7500
-78.99640897;-2.923783004;[0];-98.7500
-78.99616616;-2.923782568;[0];-98.7500
-78.99592335;-2.923782132;[0];-98.6875
-78.99568055;-2.923781697;[0];-98.6875
-78.99543774;-2.923781261;[0];-98.6875
-78.99519494;-2.923780825;[0];-98.7500
-78.99495213;-2.923780389;[0];-98.7500
-78.99470932;-2.923779953;[0];-98.7500
-78.99446652;-2.923779517;[0];-98.8125
-78.99422371;-2.923779081;[0];-98.8125
-78.99398091;-2.923778645;[0];-98.8125
-78.99373810;-2.923778209;[0];-98.8125
-78.99349529;-2.923777773;[0];-98.8750
-78.99325249;-2.923777336;[0];-98.9375
-78.99300968;-2.9237769;[0];-99.0000
-78.99276688;-2.923776464;[0];-99.0000
-78.99252407;-2.923776027;[0];-99.0625
-78.99228126;-2.923775591;[0];-99.0625
-78.99203846;-2.923775154;[0];-99.1250
-78.99179565;-2.923774718;[0];-99.1875
-78.99155285;-2.923774281;[0];-99.3125
-78.99131004;-2.923773844;[0];-99.3750
-78.99106724;-2.923773408;[0];-99.3750
-78.99082443;-2.923772971;[0];-99.4375
-78.99058162;-2.923772534;[0];-99.5000
-78.99033882;-2.923772097;[0];-99.5625
-78.99009601;-2.92377166;[0];-99.6250
-78.98985321;-2.923771223;[0];-99.7500
-78.98961040;-2.923770786;[0];-99.8125
-78.98936760;-2.923770349;[0];-99.8125
-78.98912479;-2.923769912;[0];-99.9375
-78.98888199;-2.923769475;[0];-100.0625
-78.98863918;-2.923769037;[0];-100.1250
-78.98839638;-2.9237686;[0];-100.1250
-78.98815357;-2.923768163;[0];-100.2500
-78.98791077;-2.923767725;[0];-100.3125
-78.98766796;-2.923767288;[0];-100.4375
-78.98742516;-2.92376685;[0];-100.5000
-78.98718235;-2.923766413;[0];-100.6250
-78.98693955;-2.923765975;[0];-100.6875
-78.98669674;-2.923765537;[0];-100.7500
-78.98645394;-2.923765099;[0];-100.8125
-78.98621113;-2.923764662;[0];-100.9375
-78.98596833;-2.923764224;[0];-101.0000
-78.98572552;-2.923763786;[0];-101.1250
-78.98548272;-2.923763348;[0];-101.1875
-78.98523991;-2.92376291;[0];-101.3125
-78.98499711;-2.923762472;[0];-101.4375
-78.98475430;-2.923762034;[0];-101.5000
-78.98451150;-2.923761596;[0];-101.6250
-78.98426870;-2.923761157;[0];-101.6875
-78.98402589;-2.923760719;[0];-101.8125
-78.98378309;-2.923760281;[0];-101.8750
-78.98354028;-2.923759842;[0];-101.9375
-79.00515045;-2.92355453;[0];-101.9375
-79.00490764;-2.923554096;[0];-101.7500
-79.00466483;-2.923553663;[0];-101.5625
-79.00442203;-2.923553229;[0];-101.4375
-79.00417922;-2.923552795;[0];-101.1875
-79.00393641;-2.923552361;[0];-101.0625
-79.00369360;-2.923551927;[0];-100.9375
-79.00345080;-2.923551493;[0];-100.7500
-79.00320799;-2.923551059;[0];-100.6250
-79.00296518;-2.923550625;[0];-100.5000
-79.00272238;-2.923550191;[0];-100.3125
-79.00247957;-2.923549756;[0];-100.1250
-79.00223676;-2.923549322;[0];-100.0000
-79.00199395;-2.923548888;[0];-99.9375
-79.00175115;-2.923548453;[0];-99.8125
-79.00150834;-2.923548019;[0];-99.6875
-79.00126553;-2.923547584;[0];-99.6250
-79.00102273;-2.92354715;[0];-99.5000
-79.00077992;-2.923546715;[0];-99.3750
-79.00053711;-2.923546281;[0];-99.3125
-79.00029431;-2.923545846;[0];-99.1875
-79.00005150;-2.923545411;[0];-99.1250
-78.99980869;-2.923544976;[0];-99.0000
-78.99956588;-2.923544542;[0];-99.0000
-78.99932308;-2.923544107;[0];-98.9375
-78.99908027;-2.923543672;[0];-98.8750
-78.99883746;-2.923543237;[0];-98.8125
-78.99859466;-2.923542802;[0];-98.7500
-78.99835185;-2.923542366;[0];-98.7500
-78.99810904;-2.923541931;[0];-98.6875
-78.99786624;-2.923541496;[0];-98.6250
-78.99762343;-2.923541061;[0];-98.6250
-78.99738063;-2.923540625;[0];-98.6250
-78.99713782;-2.92354019;[0];-98.5625
-78.99689501;-2.923539755;[0];-98.5625
-78.99665221;-2.923539319;[0];-98.5625
-78.99640940;-2.923538883;[0];-98.5625
-78.99616659;-2.923538448;[0];-98.5625
-78.99592379;-2.923538012;[0];-98.5000
-78.99568098;-2.923537577;[0];-98.5000
-78.99543817;-2.923537141;[0];-98.5000
-78.99519537;-2.923536705;[0];-98.5625
-78.99495256;-2.923536269;[0];-98.5625
-78.99470976;-2.923535833;[0];-98.6250
-78.99446695;-2.923535397;[0];-98.6250
-78.99422414;-2.923534961;[0];-98.6250
-78.99398134;-2.923534525;[0];-98.6250
-78.99373853;-2.923534089;[0];-98.6250
-78.99349573;-2.923533653;[0];-98.7500
-78.99325292;-2.923533217;[0];-98.7500
-78.99301012;-2.92353278;[0];-98.8125
-78.99276731;-2.923532344;[0];-98.8750
-78.99252450;-2.923531908;[0];-98.8750
-78.99228170;-2.923531471;[0];-98.9375
-78.99203889;-2.923531035;[0];-99.0000
-78.99179609;-2.923530598;[0];-99.0625
-78.99155328;-2.923530161;[0];-99.1250
-78.99131048;-2.923529725;[0];-99.1875
-78.99106767;-2.923529288;[0];-99.2500
-78.99082486;-2.923528851;[0];-99.3125
-78.99058206;-2.923528415;[0];-99.3125
-78.99033925;-2.923527978;[0];-99.4375
-78.99009645;-2.923527541;[0];-99.5000
-78.98985364;-2.923527104;[0];-99.5625
-78.98961084;-2.923526667;[0];-99.6250
-78.98936803;-2.92352623;[0];-99.7500
-78.98912523;-2.923525793;[0];-99.8125
-78.98888242;-2.923525355;[0];-99.8750
-78.98863962;-2.923524918;[0];-99.9375
-78.98839681;-2.923524481;[0];-100.0000
-78.98815401;-2.923524044;[0];-100.1250
-78.98791120;-2.923523606;[0];-100.1875
-78.98766840;-2.923523169;[0];-100.3125
-78.98742559;-2.923522731;[0];-100.4375
-78.98718279;-2.923522294;[0];-100.5000
-78.98693998;-2.923521856;[0];-100.5625
-78.98669718;-2.923521418;[0];-100.6250
-78.98645437;-2.923520981;[0];-100.6875
-78.98621157;-2.923520543;[0];-100.8125
-78.98596876;-2.923520105;[0];-100.9375
-78.98572596;-2.923519667;[0];-101.0000
-78.98548315;-2.923519229;[0];-101.1250
-78.98524035;-2.923518791;[0];-101.1875
-78.98499754;-2.923518353;[0];-101.3125
-78.98475474;-2.923517915;[0];-101.4375
-78.98451194;-2.923517477;[0];-101.5000
-78.98426913;-2.923517039;[0];-101.6250
-78.98402633;-2.923516601;[0];-101.6875
-78.98378352;-2.923516162;[0];-101.7500
-78.98354072;-2.923515724;[0];-101.8750
-78.98329791;-2.923515286;[0];-101.9375
-79.00539369;-2.923310842;[0];-101.9375
-79.00515088;-2.923310408;[0];-101.7500
-79.00490807;-2.923309975;[0];-101.5625
-79.00466527;-2.923309541;[0];-101.3750
-79.00442246;-2.923309107;[0];-101.2500
-79.00417965;-2.923308673;[0];-101.0000
-79.00393684;-2.92330824;[0];-100.8750
-79.00369404;-2.923307806;[0];-100.6875
-79.00345123;-2.923307372;[0];-100.5000
-79.00320842;-2.923306938;[0];-100.3750
-79.00296561;-2.923306504;[0];-100.2500
-79.00272281;-2.923306069;[0];-100.1250
-79.00248;-2.923305635;[0];-99.9375
-79.00223719;-2.923305201;[0];-99.8125
-79.00199439;-2.923304767;[0];-99.6875
-79.00175158;-2.923304332;[0];-99.6250
-79.00150877;-2.923303898;[0];-99.5000
-79.00126597;-2.923303463;[0];-99.3750
-79.00102316;-2.923303029;[0];-99.3125
-79.00078035;-2.923302594;[0];-99.1875
-79.00053754;-2.92330216;[0];-99.0625
-79.00029474;-2.923301725;[0];-99.0000
-79.00005193;-2.92330129;[0];-98.9375
-78.99980912;-2.923300856;[0];-98.8125
-78.99956632;-2.923300421;[0];-98.8125
-78.99932351;-2.923299986;[0];-98.7500
-78.99908070;-2.923299551;[0];-98.6875
-78.99883790;-2.923299116;[0];-98.6250
-78.99859509;-2.923298681;[0];-98.5625
-78.99835228;-2.923298246;[0];-98.5625
-78.99810948;-2.923297811;[0];-98.5000
-78.99786667;-2.923297376;[0];-98.4375
-78.99762386;-2.92329694;[0];-98.4375
-78.99738106;-2.923296505;[0];-98.3750
-78.99713825;-2.92329607;[0];-98.3750
-78.99689545;-2.923295634;[0];-98.3750
-78.99665264;-2.923295199;[0];-98.3750
-78.99640983;-2.923294763;[0];-98.3750
-78.99616703;-2.923294328;[0];-98.3125
-78.99592422;-2.923293892;[0];-98.3125
-78.99568141;-2.923293456;[0];-98.3125
-78.99543861;-2.923293021;[0];-98.3750
-78.99519580;-2.923292585;[0];-98.3750
-78.99495300;-2.923292149;[0];-98.3750
-78.99471019;-2.923291713;[0];-98.4375
-78.99446738;-2.923291277;[0];-98.4375
-78.99422458;-2.923290841;[0];-98.4375
-78.99398177;-2.923290405;[0];-98.4375
-78.99373897;-2.923289969;[0];-98.5000
-78.99349616;-2.923289533;[0];-98.5625
-78.99325336;-2.923289097;[0];-98.6250
-78.99301055;-2.923288661;[0];-98.6250
-78.99276774;-2.923288224;[0];-98.6875
-78.99252494;-2.923287788;[0];-98.7500
-78.99228213;-2.923287351;[0];-98.7500
-78.99203933;-2.923286915;[0];-98.8125
-78.99179652;-2.923286479;[0];-98.9375
-78.99155372;-2.923286042;[0];-99.0000
-78.99131091;-2.923285605;[0];-99.0625
-78.99106810;-2.923285169;[0];-99.0625
-78.99082530;-2.923284732;[0];-99.1250
-78.99058249;-2.923284295;[0];-99.1875
-78.99033969;-2.923283858;[0];-99.3125
-78.99009688;-2.923283421;[0];-99.3750
-78.98985408;-2.923282985;[0];-99.4375
-78.98961127;-2.923282548;[0];-99.5000
-78.98936847;-2.923282111;[0];-99.6250
-78.98912566;-2.923281673;[0];-99.6875
-78.98888286;-2.923281236;[0];-99.7500
-78.98864005;-2.923280799;[0];-99.8125
-78.98839725;-2.923280362;[0];-99.9375
-78.98815444;-2.923279925;[0];-100.0000
-78.98791164;-2.923279487;[0];-100.1250
-78.98766883;-2.92327905;[0];-100.1875
-78.98742603;-2.923278612;[0];-100.3125
-78.98718322;-2.923278175;[0];-100.3750
-78.98694042;-2.923277737;[0];-100.4375
-78.98669761;-2.9232773;[0];-100.5000
-78.98645481;-2.923276862;[0];-100.6250
-78.98621200;-2.923276424;[0];-100.7500
-78.98596920;-2.923275986;[0];-100.8125
-78.98572639;-2.923275549;[0];-100.9375
-78.98548359;-2.923275111;[0];-101.0000
-78.98524078;-2.923274673;[0];-101.1250
-78.98499798;-2.923274235;[0];-101.2500
-78.98475518;-2.923273797;[0];-101.3125
-78.98451237;-2.923273359;[0];-101.4375
-78.98426957;-2.923272921;[0];-101.5000
-78.98402676;-2.923272482;[0];-101.5625
-78.98378396;-2.923272044;[0];-101.6875
-78.98354115;-2.923271606;[0];-101.8125
-78.98329835;-2.923271167;[0];-101.9375
-79.00563693;-2.923067154;[0];-101.9375
-79.00539412;-2.92306672;[0];-101.7500
-79.00515131;-2.923066287;[0];-101.5625
-79.00490850;-2.923065853;[0];-101.3750
-79.00466570;-2.92306542;[0];-101.1875
-79.00442289;-2.923064986;[0];-101.0625
-79.00418008;-2.923064552;[0];-100.8125
-79.00393728;-2.923064118;[0];-100.6875
-79.00369447;-2.923063684;[0];-100.5000
-79.00345166;-2.92306325;[0];-100.3125
-79.00320885;-2.923062816;[0];-100.1875
-79.00296605;-2.923062382;[0];-100.0625
-79.00272324;-2.923061948;[0];-99.9375
-79.00248043;-2.923061514;[0];-99.7500
-79.00223763;-2.92306108;[0];-99.6250
-79.00199482;-2.923060646;[0];-99.5000
-79.00175201;-2.923060211;[0];-99.3750
-79.00150920;-2.923059777;[0];-99.3125
-79.00126640;-2.923059342;[0];-99.1875
-79.00102359;-2.923058908;[0];-99.0625
-79.00078078;-2.923058473;[0];-99.0000
-79.00053798;-2.923058039;[0];-98.8750
-79.00029517;-2.923057604;[0];-98.8125
-79.00005236;-2.92305717;[0];-98.6875
-78.99980956;-2.923056735;[0];-98.6250
-78.99956675;-2.9230563;[0];-98.5625
-78.99932394;-2.923055865;[0];-98.5625
-78.99908114;-2.92305543;[0];-98.4375
-78.99883833;-2.923054995;[0];-98.3750
-78.99859552;-2.92305456;[0];-98.3750
-78.99835272;-2.923054125;[0];-98.3125
-78.99810991;-2.92305369;[0];-98.2500
-78.99786710;-2.923053255;[0];-98.2500
-78.99762430;-2.92305282;[0];-98.2500
-78.99738149;-2.923052385;[0];-98.1875
-78.99713868;-2.923051949;[0];-98.1875
-78.99689588;-2.923051514;[0];-98.1875
-78.99665307;-2.923051078;[0];-98.1875
-78.99641027;-2.923050643;[0];-98.1875
-78.99616746;-2.923050207;[0];-98.1250
-78.99592465;-2.923049772;[0];-98.1250
-78.99568185;-2.923049336;[0];-98.1250
-78.99543904;-2.923048901;[0];-98.1875
-78.99519624;-2.923048465;[0];-98.1875
-78.99495343;-2.923048029;[0];-98.1875
-78.99471062;-2.923047593;[0];-98.2500
-78.99446782;-2.923047157;[0];-98.2500
-78.99422501;-2.923046721;[0];-98.2500
-78.99398221;-2.923046285;[0];-98.2500
-78.9937394;-2.923045849;[0];-98.3750
-78.99349659;-2.923045413;[0];-98.3750
-78.99325379;-2.923044977;[0];-98.4375
-78.99301098;-2.923044541;[0];-98.5000
-78.99276818;-2.923044105;[0];-98.5000
-78.99252537;-2.923043668;[0];-98.5625
-78.99228257;-2.923043232;[0];-98.6250
-78.99203976;-2.923042795;[0];-98.6875
-78.99179696;-2.923042359;[0];-98.7500
-78.99155415;-2.923041922;[0];-98.8125
-78.99131134;-2.923041486;[0];-98.8750
-78.99106854;-2.923041049;[0];-98.9375
-78.99082573;-2.923040613;[0];-99.0000
-78.99058293;-2.923040176;[0];-99.0625
-78.99034012;-2.923039739;[0];-99.1875
-78.99009732;-2.923039302;[0];-99.2500
-78.98985451;-2.923038865;[0];-99.3125
-78.98961171;-2.923038428;[0];-99.3750
-78.98936890;-2.923037991;[0];-99.5000
-78.98912610;-2.923037554;[0];-99.5625
-78.98888329;-2.923037117;[0];-99.6250
-78.98864049;-2.92303668;[0];-99.6875
-78.98839768;-2.923036243;[0];-99.8125
-78.98815488;-2.923035805;[0];-99.8750
-78.98791207;-2.923035368;[0];-100.0000
-78.98766927;-2.923034931;[0];-100.1250
-78.98742646;-2.923034493;[0];-100.1250
-78.98718366;-2.923034056;[0];-100.1875
-78.98694085;-2.923033618;[0];-100.3125
-78.98669805;-2.923033181;[0];-100.4375
-78.98645524;-2.923032743;[0];-100.5000
-78.98621244;-2.923032305;[0];-100.6250
-78.98596963;-2.923031868;[0];-100.7500
-78.98572683;-2.92303143;[0];-100.8125
-78.98548402;-2.923030992;[0];-100.9375
-78.98524122;-2.923030554;[0];-101.0625
-78.98499842;-2.923030116;[0];-101.1250
-78.98475561;-2.923029678;[0];-101.1875
-78.98451281;-2.92302924;[0];-101.3125
-78.98427000;-2.923028802;[0];-101.3750
-78.98402720;-2.923028364;[0];-101.5000
-78.98378439;-2.923027926;[0];-101.6250
-78.98354159;-2.923027487;[0];-101.7500
-78.98329879;-2.923027049;[0];-101.8750
-78.98305598;-2.923026611;[0];-101.9375
-79.00588017;-2.922823466;[0];-101.9375
-79.00563736;-2.922823032;[0];-101.7500
-79.00539455;-2.922822599;[0];-101.5625
-79.00515174;-2.922822165;[0];-101.4375
-79.00490894;-2.922821732;[0];-101.1875
-79.00466613;-2.922821298;[0];-101.0000
-79.00442332;-2.922820864;[0];-100.8750
-79.00418051;-2.922820431;[0];-100.6250
-79.00393771;-2.922819997;[0];-100.5000
-79.00369490;-2.922819563;[0];-100.3125
-79.00345209;-2.922819129;[0];-100.1250
-79.00320929;-2.922818695;[0];-100.0000
-79.00296648;-2.922818261;[0];-99.8750
-79.00272367;-2.922817827;[0];-99.6875
-79.00248086;-2.922817393;[0];-99.5625
-79.00223806;-2.922816959;[0];-99.4375
-79.00199525;-2.922816524;[0];-99.3125
-79.00175244;-2.92281609;[0];-99.1875
-79.00150964;-2.922815656;[0];-99.0625
-79.00126683;-2.922815221;[0];-99.0000
-79.00102402;-2.922814787;[0];-98.8750
-79.00078122;-2.922814353;[0];-98.7500
-79.00053841;-2.922813918;[0];-98.6875
-79.00029560;-2.922813483;[0];-98.5625
-79.00005280;-2.922813049;[0];-98.5000
-78.99980999;-2.922812614;[0];-98.4375
-78.99956718;-2.922812179;[0];-98.3750
-78.99932438;-2.922811744;[0];-98.3125
-78.99908157;-2.92281131;[0];-98.2500
-78.99883876;-2.922810875;[0];-98.1875
-78.99859596;-2.92281044;[0];-98.1250
-78.99835315;-2.922810005;[0];-98.1250
-78.99811034;-2.92280957;[0];-98.0625
-78.99786754;-2.922809135;[0];-98.0625
-78.99762473;-2.922808699;[0];-98.0000
-78.99738192;-2.922808264;[0];-97.9375
-78.99713912;-2.922807829;[0];-97.9375
-78.99689631;-2.922807394;[0];-98.0000
-78.99665351;-2.922806958;[0];-98.0000
-78.99641070;-2.922806523;[0];-97.9375
-78.99616789;-2.922806087;[0];-97.9375
-78.99592509;-2.922805652;[0];-97.9375
-78.99568228;-2.922805216;[0];-97.9375
-78.99543948;-2.92280478;[0];-98.0000
-78.99519667;-2.922804345;[0];-98.0000
-78.99495386;-2.922803909;[0];-98.0000
-78.99471106;-2.922803473;[0];-98.0625
-78.99446825;-2.922803037;[0];-98.0625
-78.99422545;-2.922802601;[0];-98.0000
-78.99398264;-2.922802165;[0];-98.1250
-78.99373983;-2.922801729;[0];-98.1875
-78.99349703;-2.922801293;[0];-98.2500
-78.99325422;-2.922800857;[0];-98.2500
-78.99301142;-2.922800421;[0];-98.3125
-78.99276861;-2.922799985;[0];-98.3125
-78.99252581;-2.922799549;[0];-98.3750
-78.992283;-2.922799112;[0];-98.5000
-78.99204019;-2.922798676;[0];-98.5625
-78.99179739;-2.922798239;[0];-98.6250
-78.99155458;-2.922797803;[0];-98.6875
-78.99131178;-2.922797366;[0];-98.6875
-78.99106897;-2.92279693;[0];-98.7500
-78.99082617;-2.922796493;[0];-98.8750
-78.99058336;-2.922796056;[0];-98.9375
-78.99034056;-2.92279562;[0];-99.0000
-78.99009775;-2.922795183;[0];-99.0625
-78.98985495;-2.922794746;[0];-99.1875
-78.98961214;-2.922794309;[0];-99.2500
-78.98936934;-2.922793872;[0];-99.3125
-78.98912653;-2.922793435;[0];-99.3750
-78.98888373;-2.922792998;[0];-99.5000
-78.98864092;-2.922792561;[0];-99.5625
-78.98839812;-2.922792124;[0];-99.6875
-78.98815531;-2.922791686;[0];-99.8125
-78.98791251;-2.922791249;[0];-99.8750
-78.98766970;-2.922790812;[0];-99.9375
-78.98742690;-2.922790374;[0];-100.0000
-78.98718409;-2.922789937;[0];-100.1250
-78.98694129;-2.9227895;[0];-100.1875
-78.98669848;-2.922789062;[0];-100.3125
-78.98645568;-2.922788624;[0];-100.4375
-78.98621287;-2.922788187;[0];-100.5000
-78.98597007;-2.922787749;[0];-100.6250
-78.98572726;-2.922787311;[0];-100.7500
-78.98548446;-2.922786873;[0];-100.8125
-78.98524166;-2.922786436;[0];-100.9375
-78.98499885;-2.922785998;[0];-101.0000
-78.98475605;-2.92278556;[0];-101.1250
-78.98451324;-2.922785122;[0];-101.1875
-78.98427044;-2.922784684;[0];-101.3125
-78.98402763;-2.922784246;[0];-101.4375
-78.98378483;-2.922783807;[0];-101.5625
-78.98354203;-2.922783369;[0];-101.6875
-78.98329922;-2.922782931;[0];-101.7500
-78.98305642;-2.922782492;[0];-101.8750
-78.98281361;-2.922782054;[0];-101.9375
-79.00612340;-2.922579777;[0];-101.9375
-79.00588060;-2.922579344;[0];-101.8125
-79.00563779;-2.922578911;[0];-101.5625
-79.00539498;-2.922578477;[0];-101.3750
-79.00515217;-2.922578044;[0];-101.2500
-79.00490937;-2.92257761;[0];-101.0000
-79.00466656;-2.922577177;[0];-100.8125
-79.00442375;-2.922576743;[0];-100.6875
-79.00418095;-2.922576309;[0];-100.4375
-79.00393814;-2.922575875;[0];-100.3125
-79.00369533;-2.922575442;[0];-100.1250
-79.00345252;-2.922575008;[0];-99.9375
-79.00320972;-2.922574574;[0];-99.8125
-79.00296691;-2.92257414;[0];-99.6875
-79.00272410;-2.922573706;[0];-99.5000
-79.00248130;-2.922573272;[0];-99.3125
-79.00223849;-2.922572838;[0];-99.1875
-79.00199568;-2.922572403;[0];-99.0625
-79.00175288;-2.922571969;[0];-99.0000
-79.00151007;-2.922571535;[0];-98.8750
-79.00126726;-2.9225711;[0];-98.7500
-79.00102445;-2.922570666;[0];-98.6250
-79.00078165;-2.922570232;[0];-98.5625
-79.00053884;-2.922569797;[0];-98.4375
-79.00029603;-2.922569363;[0];-98.3750
-79.00005323;-2.922568928;[0];-98.2500
-78.99981042;-2.922568493;[0];-98.1875
-78.99956761;-2.922568059;[0];-98.1875
-78.99932481;-2.922567624;[0];-98.1250
-78.99908200;-2.922567189;[0];-98.0000
-78.99883920;-2.922566754;[0];-97.9375
-78.99859639;-2.922566319;[0];-97.9375
-78.99835358;-2.922565884;[0];-97.8750
-78.99811078;-2.922565449;[0];-97.8750
-78.99786797;-2.922565014;[0];-97.8750
-78.99762516;-2.922564579;[0];-97.8125
-78.99738236;-2.922564144;[0];-97.7500
-78.99713955;-2.922563708;[0];-97.7500
-78.99689674;-2.922563273;[0];-97.8125
-78.99665394;-2.922562838;[0];-97.7500
-78.99641113;-2.922562402;[0];-97.7500
-78.99616833;-2.922561967;[0];-97.7500
-78.99592552;-2.922561531;[0];-97.7500
-78.99568271;-2.922561096;[0];-97.7500
-78.99543991;-2.92256066;[0];-97.8125
-78.99519710;-2.922560225;[0];-97.8125
-78.99495430;-2.922559789;[0];-97.8750
-78.99471149;-2.922559353;[0];-97.8750
-78.99446869;-2.922558917;[0];-97.8125
-78.99422588;-2.922558481;[0];-97.8750
-78.99398307;-2.922558046;[0];-97.9375
-78.99374027;-2.92255761;[0];-98.0000
-78.99349746;-2.922557174;[0];-98.0625
-78.99325466;-2.922556737;[0];-98.0625
-78.99301185;-2.922556301;[0];-98.1250
-78.99276905;-2.922555865;[0];-98.1875
-78.99252624;-2.922555429;[0];-98.2500
-78.99228343;-2.922554993;[0];-98.3125
-78.99204063;-2.922554556;[0];-98.3750
-78.99179782;-2.92255412;[0];-98.4375
-78.99155502;-2.922553683;[0];-98.5000
-78.99131221;-2.922553247;[0];-98.5625
-78.99106941;-2.92255281;[0];-98.6250
-78.99082660;-2.922552374;[0];-98.7500
-78.99058380;-2.922551937;[0];-98.8125
-78.99034099;-2.9225515;[0];-98.8750
-78.99009819;-2.922551064;[0];-98.9375
-78.98985538;-2.922550627;[0];-99.0625
-78.98961258;-2.92255019;[0];-99.1250
-78.98936977;-2.922549753;[0];-99.1875
-78.98912697;-2.922549316;[0];-99.2500
-78.98888416;-2.922548879;[0];-99.3750
-78.98864136;-2.922548442;[0];-99.5000
-78.98839855;-2.922548005;[0];-99.5625
-78.98815575;-2.922547567;[0];-99.6875
-78.98791294;-2.92254713;[0];-99.7500
-78.98767014;-2.922546693;[0];-99.8125
-78.98742733;-2.922546256;[0];-99.8750
-78.98718453;-2.922545818;[0];-100.0000
-78.98694172;-2.922545381;[0];-100.1250
-78.98669892;-2.922544943;[0];-100.1875
-78.98645611;-2.922544506;[0];-100.3125
-78.98621331;-2.922544068;[0];-100.4375
-78.98597050;-2.92254363;[0];-100.5625
-78.9857277;-2.922543193;[0];-100.6250
-78.98548490;-2.922542755;[0];-100.7500
-78.98524209;-2.922542317;[0];-100.8125
-78.98499929;-2.922541879;[0];-100.9375
-78.98475648;-2.922541441;[0];-101.0000
-78.98451368;-2.922541003;[0];-101.1250
-78.98427087;-2.922540565;[0];-101.2500
-78.98402807;-2.922540127;[0];-101.3750
-78.98378527;-2.922539689;[0];-101.5000
-78.98354246;-2.922539251;[0];-101.5625
-78.98329966;-2.922538813;[0];-101.6875
-78.98305685;-2.922538374;[0];-101.7500
-78.98281405;-2.922537936;[0];-101.8750
-78.98257125;-2.922537497;[0];-101.9375
-79.00636664;-2.922336089;[0];-102.0000
-79.00612384;-2.922335656;[0];-101.7500
-79.00588103;-2.922335222;[0];-101.6250
-79.00563822;-2.922334789;[0];-101.3750
-79.00539541;-2.922334356;[0];-101.1875
-79.00515261;-2.922333922;[0];-101.0000
-79.00490980;-2.922333489;[0];-100.8125
-79.00466699;-2.922333055;[0];-100.6250
-79.00442418;-2.922332621;[0];-100.4375
-79.00418138;-2.922332188;[0];-100.2500
-79.00393857;-2.922331754;[0];-100.1250
-79.00369576;-2.92233132;[0];-99.9375
-79.00345296;-2.922330886;[0];-99.7500
-79.00321015;-2.922330452;[0];-99.5625
-79.00296734;-2.922330019;[0];-99.4375
-79.00272453;-2.922329585;[0];-99.2500
-79.00248173;-2.92232915;[0];-99.1250
-79.00223892;-2.922328716;[0];-99.0000
-79.00199611;-2.922328282;[0];-98.8750
-79.00175331;-2.922327848;[0];-98.7500
-79.0015105;-2.922327414;[0];-98.6250
-79.00126769;-2.922326979;[0];-98.5625
-79.00102489;-2.922326545;[0];-98.4375
-79.00078208;-2.922326111;[0];-98.3125
-79.00053927;-2.922325676;[0];-98.2500
-79.00029647;-2.922325242;[0];-98.1250
-79.00005366;-2.922324807;[0];-98.0625
-78.99981085;-2.922324372;[0];-98.0000
-78.99956805;-2.922323938;[0];-97.9375
-78.99932524;-2.922323503;[0];-97.8750
-78.99908243;-2.922323068;[0];-97.8125
-78.99883963;-2.922322633;[0];-97.7500
-78.99859682;-2.922322199;[0];-97.7500
-78.99835401;-2.922321764;[0];-97.6875
-78.99811121;-2.922321329;[0];-97.6250
-78.99786840;-2.922320894;[0];-97.6250
-78.99762560;-2.922320458;[0];-97.5625
-78.99738279;-2.922320023;[0];-97.5625
-78.99713998;-2.922319588;[0];-97.5625
-78.99689718;-2.922319153;[0];-97.5625
-78.99665437;-2.922318718;[0];-97.5625
-78.99641157;-2.922318282;[0];-97.5000
-78.99616876;-2.922317847;[0];-97.5625
-78.99592595;-2.922317411;[0];-97.5625
-78.99568315;-2.922316976;[0];-97.5625
-78.99544034;-2.92231654;[0];-97.6250
-78.99519754;-2.922316105;[0];-97.6250
-78.99495473;-2.922315669;[0];-97.6875
-78.99471192;-2.922315233;[0];-97.6250
-78.99446912;-2.922314797;[0];-97.6250
-78.99422631;-2.922314362;[0];-97.7500
-78.99398351;-2.922313926;[0];-97.8125
-78.99374070;-2.92231349;[0];-97.8125
-78.99349790;-2.922313054;[0];-97.8750
-78.99325509;-2.922312618;[0];-97.9375
-78.99301228;-2.922312182;[0];-97.9375
-78.99276948;-2.922311745;[0];-98.0000
-78.99252667;-2.922311309;[0];-98.1250
-78.99228387;-2.922310873;[0];-98.1875
-78.99204106;-2.922310437;[0];-98.2500
-78.99179826;-2.92231;[0];-98.2500
-78.99155545;-2.922309564;[0];-98.3125
-78.99131265;-2.922309127;[0];-98.4375
-78.99106984;-2.922308691;[0];-98.5000
-78.99082704;-2.922308254;[0];-98.5625
-78.99058423;-2.922307818;[0];-98.6250
-78.99034143;-2.922307381;[0];-98.7500
-78.99009862;-2.922306944;[0];-98.8125
-78.98985582;-2.922306507;[0];-98.9375
-78.98961301;-2.922306071;[0];-99.0000
-78.98937021;-2.922305634;[0];-99.0625
-78.98912740;-2.922305197;[0];-99.1250
-78.98888460;-2.92230476;[0];-99.2500
-78.98864179;-2.922304323;[0];-99.3750
-78.98839899;-2.922303886;[0];-99.5000
-78.98815618;-2.922303448;[0];-99.5625
-78.98791338;-2.922303011;[0];-99.6250
-78.98767057;-2.922302574;[0];-99.6875
-78.98742777;-2.922302137;[0];-99.8125
-78.98718496;-2.922301699;[0];-99.8750
-78.98694216;-2.922301262;[0];-100.0000
-78.98669935;-2.922300824;[0];-100.1250
-78.98645655;-2.922300387;[0];-100.2500
-78.98621374;-2.922299949;[0];-100.3125
-78.98597094;-2.922299512;[0];-100.4375
-78.98572814;-2.922299074;[0];-100.5625
-78.98548533;-2.922298636;[0];-100.6250
-78.98524253;-2.922298198;[0];-100.7500
-78.98499972;-2.922297761;[0];-100.8125
-78.98475692;-2.922297323;[0];-100.9375
-78.98451411;-2.922296885;[0];-101.0625
-78.98427131;-2.922296447;[0];-101.1875
-78.98402851;-2.922296009;[0];-101.3125
-78.98378570;-2.922295571;[0];-101.3750
-78.98354290;-2.922295132;[0];-101.5000
-78.98330009;-2.922294694;[0];-101.5625
-78.98305729;-2.922294256;[0];-101.6875
-78.98281449;-2.922293818;[0];-101.8125
-78.98257168;-2.922293379;[0];-101.8750
-78.98232888;-2.922292941;[0];-102.0000
-79.00636707;-2.922091967;[0];-101.8125
-79.00612427;-2.922091534;[0];-101.5625
-79.00588146;-2.922091101;[0];-101.4375
-79.00563865;-2.922090667;[0];-101.1875
-79.00539584;-2.922090234;[0];-101.0000
-79.00515304;-2.922089801;[0];-100.8125
-79.00491023;-2.922089367;[0];-100.6250
-79.00466742;-2.922088934;[0];-100.4375
-79.00442462;-2.9220885;[0];-100.2500
-79.00418181;-2.922088066;[0];-100.0625
-79.00393900;-2.922087633;[0];-99.8750
-79.00369619;-2.922087199;[0];-99.6875
-79.00345339;-2.922086765;[0];-99.5000
-79.00321058;-2.922086331;[0];-99.3750
-79.00296777;-2.922085897;[0];-99.2500
-79.00272497;-2.922085463;[0];-99.0625
-79.00248216;-2.922085029;[0];-98.8750
-79.00223935;-2.922084595;[0];-98.7500
-79.00199655;-2.922084161;[0];-98.6875
-79.00175374;-2.922083727;[0];-98.5625
-79.00151093;-2.922083293;[0];-98.4375
-79.00126813;-2.922082858;[0];-98.3125
-79.00102532;-2.922082424;[0];-98.1875
-79.00078251;-2.92208199;[0];-98.1250
-79.00053971;-2.922081555;[0];-98.0000
-79.00029690;-2.922081121;[0];-97.9375
-79.00005409;-2.922080686;[0];-97.8125
-78.99981129;-2.922080252;[0];-97.8125
-78.99956848;-2.922079817;[0];-97.7500
-78.99932567;-2.922079382;[0];-97.6250
-78.99908287;-2.922078948;[0];-97.5625
-78.99884006;-2.922078513;[0];-97.5625
-78.99859725;-2.922078078;[0];-97.5000
-78.99835445;-2.922077643;[0];-97.4375
-78.99811164;-2.922077208;[0];-97.4375
-78.99786884;-2.922076773;[0];-97.4375
-78.99762603;-2.922076338;[0];-97.3750
-78.99738322;-2.922075903;[0];-97.3750
-78.99714042;-2.922075468;[0];-97.3750
-78.99689761;-2.922075032;[0];-97.3750
-78.99665480;-2.922074597;[0];-97.3125
-78.99641200;-2.922074162;[0];-97.3125
-78.99616919;-2.922073727;[0];-97.3125
-78.99592639;-2.922073291;[0];-97.3750
-78.99568358;-2.922072856;[0];-97.3750
-78.99544077;-2.92207242;[0];-97.4375
-78.99519797;-2.922071984;[0];-97.4375
-78.99495516;-2.922071549;[0];-97.4375
-78.99471236;-2.922071113;[0];-97.4375
-78.99446955;-2.922070677;[0];-97.5000
-78.99422675;-2.922070242;[0];-97.5625
-78.99398394;-2.922069806;[0];-97.6250
-78.99374114;-2.92206937;[0];-97.6250
-78.99349833;-2.922068934;[0];-97.6875
-78.99325552;-2.922068498;[0];-97.7500
-78.99301272;-2.922068062;[0];-97.7500
-78.99276991;-2.922067626;[0];-97.8750
-78.99252711;-2.922067189;[0];-97.9375
-78.99228430;-2.922066753;[0];-98.0000
-78.99204150;-2.922066317;[0];-98.0625
-78.99179869;-2.922065881;[0];-98.1250
-78.99155589;-2.922065444;[0];-98.1875
-78.99131308;-2.922065008;[0];-98.2500
-78.99107028;-2.922064571;[0];-98.3750
-78.99082747;-2.922064135;[0];-98.4375
-78.99058467;-2.922063698;[0];-98.5000
-78.99034186;-2.922063262;[0];-98.6250
-78.99009906;-2.922062825;[0];-98.6875
-78.98985625;-2.922062388;[0];-98.7500
-78.98961345;-2.922061951;[0];-98.8125
-78.98937064;-2.922061514;[0];-98.9375
-78.98912784;-2.922061078;[0];-99.0625
-78.98888503;-2.922060641;[0];-99.1250
-78.98864223;-2.922060204;[0];-99.2500
-78.98839942;-2.922059766;[0];-99.3125
-78.98815662;-2.922059329;[0];-99.3750
-78.98791381;-2.922058892;[0];-99.5000
-78.98767101;-2.922058455;[0];-99.5625
-78.98742820;-2.922058018;[0];-99.6875
-78.98718540;-2.92205758;[0];-99.8125
-78.98694259;-2.922057143;[0];-99.9375
-78.98669979;-2.922056706;[0];-100.0000
-78.98645698;-2.922056268;[0];-100.1250
-78.98621418;-2.922055831;[0];-100.2500
-78.98597138;-2.922055393;[0];-100.3125
-78.98572857;-2.922054955;[0];-100.4375
-78.98548577;-2.922054518;[0];-100.5000
-78.98524296;-2.92205408;[0];-100.6250
-78.98500016;-2.922053642;[0];-100.7500
-78.98475735;-2.922053204;[0];-100.8125
-78.98451455;-2.922052766;[0];-101.0000
-78.98427175;-2.922052328;[0];-101.1250
-78.98402894;-2.92205189;[0];-101.1875
-78.98378614;-2.922051452;[0];-101.3125
-78.98354333;-2.922051014;[0];-101.3750
-78.98330053;-2.922050576;[0];-101.5000
-78.98305773;-2.922050138;[0];-101.6250
-78.98281492;-2.922049699;[0];-101.6875
-78.98257212;-2.922049261;[0];-101.8125
-78.98232931;-2.922048823;[0];-101.8750
-78.98208651;-2.922048384;[0];-102.0000
-79.00661031;-2.921848279;[0];-101.8750
-79.00636750;-2.921847845;[0];-101.6875
-79.00612470;-2.921847412;[0];-101.4375
-79.00588189;-2.921846979;[0];-101.2500
-79.00563908;-2.921846546;[0];-101.0000
-79.00539628;-2.921846112;[0];-100.8125
-79.00515347;-2.921845679;[0];-100.6250
-79.00491066;-2.921845245;[0];-100.4375
-79.00466785;-2.921844812;[0];-100.2500
-79.00442505;-2.921844378;[0];-100.0625
-79.00418224;-2.921843945;[0];-99.8125
-79.00393943;-2.921843511;[0];-99.6875
-79.00369663;-2.921843077;[0];-99.5000
-79.00345382;-2.921842644;[0];-99.3125
-79.00321101;-2.92184221;[0];-99.1875
-79.00296820;-2.921841776;[0];-99.0625
-79.00272540;-2.921841342;[0];-98.8125
-79.00248259;-2.921840908;[0];-98.6875
-79.00223978;-2.921840474;[0];-98.5625
-79.00199698;-2.92184004;[0];-98.4375
-79.00175417;-2.921839606;[0];-98.3125
-79.00151136;-2.921839172;[0];-98.1875
-79.00126856;-2.921838737;[0];-98.1250
-79.00102575;-2.921838303;[0];-98.0000
-79.00078294;-2.921837869;[0];-97.8750
-79.00054014;-2.921837434;[0];-97.8125
-79.00029733;-2.921837;[0];-97.6875
-79.00005452;-2.921836565;[0];-97.6250
-78.99981172;-2.921836131;[0];-97.5625
-78.99956891;-2.921835696;[0];-97.5000
-78.99932611;-2.921835262;[0];-97.4375
-78.99908330;-2.921834827;[0];-97.3750
-78.99884049;-2.921834392;[0];-97.3750
-78.99859769;-2.921833957;[0];-97.3125
-78.99835488;-2.921833522;[0];-97.2500
-78.99811207;-2.921833088;[0];-97.2500
-78.99786927;-2.921832653;[0];-97.1875
-78.99762646;-2.921832218;[0];-97.1250
-78.99738366;-2.921831782;[0];-97.1875
-78.99714085;-2.921831347;[0];-97.1875
-78.99689804;-2.921830912;[0];-97.1250
-78.99665524;-2.921830477;[0];-97.1250
-78.99641243;-2.921830042;[0];-97.1250
-78.99616963;-2.921829606;[0];-97.1250
-78.99592682;-2.921829171;[0];-97.1875
-78.99568401;-2.921828735;[0];-97.1875
-78.99544121;-2.9218283;[0];-97.2500
-78.99519840;-2.921827864;[0];-97.2500
-78.99495560;-2.921827429;[0];-97.2500
-78.99471279;-2.921826993;[0];-97.2500
-78.99446999;-2.921826557;[0];-97.3125
-78.99422718;-2.921826122;[0];-97.3750
-78.99398437;-2.921825686;[0];-97.4375
-78.99374157;-2.92182525;[0];-97.4375
-78.99349876;-2.921824814;[0];-97.5000
-78.99325596;-2.921824378;[0];-97.5625
-78.99301315;-2.921823942;[0];-97.6250
-78.99277035;-2.921823506;[0];-97.7500
-78.99252754;-2.92182307;[0];-97.8125
-78.99228474;-2.921822634;[0];-97.8125
-78.99204193;-2.921822197;[0];-97.8750
-78.99179913;-2.921821761;[0];-97.9375
-78.99155632;-2.921821325;[0];-98.0625
-78.99131352;-2.921820888;[0];-98.1250
-78.99107071;-2.921820452;[0];-98.1875
-78.99082790;-2.921820015;[0];-98.2500
-78.99058510;-2.921819579;[0];-98.3750
-78.99034229;-2.921819142;[0];-98.5000
-78.99009949;-2.921818706;[0];-98.5625
-78.98985668;-2.921818269;[0];-98.6250
-78.98961388;-2.921817832;[0];-98.6875
-78.98937108;-2.921817395;[0];-98.8125
-78.98912827;-2.921816958;[0];-98.9375
-78.98888547;-2.921816521;[0];-99.0000
-78.98864266;-2.921816084;[0];-99.1250
-78.98839986;-2.921815647;[0];-99.1875
-78.98815705;-2.92181521;[0];-99.2500
-78.98791425;-2.921814773;[0];-99.3750
-78.98767144;-2.921814336;[0];-99.5000
-78.98742864;-2.921813899;[0];-99.5625
-78.98718583;-2.921813461;[0];-99.6875
-78.98694303;-2.921813024;[0];-99.8125
-78.98670022;-2.921812587;[0];-99.9375
-78.98645742;-2.921812149;[0];-100.0000
-78.98621461;-2.921811712;[0];-100.1250
-78.98597181;-2.921811274;[0];-100.2500
-78.98572901;-2.921810837;[0];-100.3125
-78.98548620;-2.921810399;[0];-100.4375
-78.98524340;-2.921809961;[0];-100.5000
-78.98500059;-2.921809523;[0];-100.6250
-78.98475779;-2.921809086;[0];-100.8125
-78.98451499;-2.921808648;[0];-100.9375
-78.98427218;-2.92180821;[0];-101.0000
-78.98402938;-2.921807772;[0];-101.1250
-78.98378657;-2.921807334;[0];-101.1875
-78.98354377;-2.921806896;[0];-101.3125
-78.98330096;-2.921806458;[0];-101.3750
-78.98305816;-2.921806019;[0];-101.5000
-78.98281536;-2.921805581;[0];-101.6250
-78.98257255;-2.921805143;[0];-101.6875
-78.98232975;-2.921804705;[0];-101.8125
-78.98208695;-2.921804266;[0];-101.9375
-79.00685355;-2.92160459;[0];-101.9375
-79.00661074;-2.921604157;[0];-101.7500
-79.00636794;-2.921603724;[0];-101.5000
-79.00612513;-2.92160329;[0];-101.2500
-79.00588232;-2.921602857;[0];-101.0000
-79.00563951;-2.921602424;[0];-100.8125
-79.00539671;-2.921601991;[0];-100.6250
-79.00515390;-2.921601557;[0];-100.4375
-79.00491109;-2.921601124;[0];-100.2500
-79.00466829;-2.92160069;[0];-100.0000
-79.00442548;-2.921600257;[0];-99.8750
-79.00418267;-2.921599823;[0];-99.6250
-79.00393986;-2.92159939;[0];-99.5000
-79.00369706;-2.921598956;[0];-99.2500
-79.00345425;-2.921598522;[0];-99.0625
-79.00321144;-2.921598089;[0];-98.9375
-79.00296864;-2.921597655;[0];-98.8125
-79.00272583;-2.921597221;[0];-98.6250
-79.00248302;-2.921596787;[0];-98.4375
-79.00224022;-2.921596353;[0];-98.3125
-79.00199741;-2.921595919;[0];-98.1875
-79.00175460;-2.921595485;[0];-98.1250
-79.00151180;-2.921595051;[0];-98.0000
-79.00126899;-2.921594616;[0];-97.8750
-79.00102618;-2.921594182;[0];-97.7500
-79.00078338;-2.921593748;[0];-97.6250
-79.00054057;-2.921593314;[0];-97.5625
-79.00029776;-2.921592879;[0];-97.4375
-79.00005496;-2.921592445;[0];-97.3750
-78.99981215;-2.92159201;[0];-97.3750
-78.99956934;-2.921591576;[0];-97.2500
-78.99932654;-2.921591141;[0];-97.1875
-78.99908373;-2.921590706;[0];-97.1250
-78.99884093;-2.921590272;[0];-97.1250
-78.99859812;-2.921589837;[0];-97.0625
-78.99835531;-2.921589402;[0];-97.0625
-78.99811251;-2.921588967;[0];-97.0000
-78.9978697;-2.921588532;[0];-96.9375
-78.99762689;-2.921588097;[0];-96.9375
-78.99738409;-2.921587662;[0];-96.9375
-78.99714128;-2.921587227;[0];-97.0000
-78.99689848;-2.921586792;[0];-96.9375
-78.99665567;-2.921586357;[0];-96.8750
-78.99641286;-2.921585921;[0];-96.9375
-78.99617006;-2.921585486;[0];-96.9375
-78.99592725;-2.921585051;[0];-97.0000
-78.99568445;-2.921584615;[0];-97.0000
-78.99544164;-2.92158418;[0];-97.0000
-78.99519884;-2.921583744;[0];-97.0625
-78.99495603;-2.921583309;[0];-97.0000
-78.99471322;-2.921582873;[0];-97.0625
-78.99447042;-2.921582437;[0];-97.1875
-78.99422761;-2.921582002;[0];-97.1875
-78.99398481;-2.921581566;[0];-97.2500
-78.99374200;-2.92158113;[0];-97.2500
-78.99349920;-2.921580694;[0];-97.3125
-78.99325639;-2.921580258;[0];-97.3750
-78.99301359;-2.921579822;[0];-97.5000
-78.99277078;-2.921579386;[0];-97.5625
-78.99252798;-2.92157895;[0];-97.6250
-78.99228517;-2.921578514;[0];-97.6875
-78.99204236;-2.921578078;[0];-97.6875
-78.99179956;-2.921577641;[0];-97.8125
-78.99155675;-2.921577205;[0];-97.9375
-78.99131395;-2.921576769;[0];-98.0000
-78.99107114;-2.921576332;[0];-98.0625
-78.99082834;-2.921575896;[0];-98.1250
-78.99058553;-2.921575459;[0];-98.2500
-78.99034273;-2.921575023;[0];-98.3125
-78.99009992;-2.921574586;[0];-98.3750
-78.98985712;-2.92157415;[0];-98.5000
-78.98961431;-2.921573713;[0];-98.5625
-78.98937151;-2.921573276;[0];-98.6875
-78.98912870;-2.921572839;[0];-98.8125
-78.9888859;-2.921572402;[0];-98.8750
-78.98864310;-2.921571965;[0];-98.9375
-78.98840029;-2.921571528;[0];-99.0625
-78.98815749;-2.921571091;[0];-99.1250
-78.98791468;-2.921570654;[0];-99.2500
-78.98767188;-2.921570217;[0];-99.3750
-78.98742907;-2.92156978;[0];-99.5000
-78.98718627;-2.921569343;[0];-99.6250
-78.98694346;-2.921568905;[0];-99.6875
-78.98670066;-2.921568468;[0];-99.8125
-78.98645785;-2.921568031;[0];-99.9375
-78.98621505;-2.921567593;[0];-100.0000
-78.98597225;-2.921567156;[0];-100.1250
-78.98572944;-2.921566718;[0];-100.1875
-78.98548664;-2.92156628;[0];-100.3125
-78.98524383;-2.921565843;[0];-100.4375
-78.98500103;-2.921565405;[0];-100.5625
-78.98475822;-2.921564967;[0];-100.6875
-78.98451542;-2.921564529;[0];-100.8125
-78.98427262;-2.921564091;[0];-100.9375
-78.98402981;-2.921563653;[0];-101.0000
-78.98378701;-2.921563215;[0];-101.1250
-78.98354420;-2.921562777;[0];-101.1875
-78.9833014;-2.921562339;[0];-101.3125
-78.98305860;-2.921561901;[0];-101.4375
-78.98281579;-2.921561463;[0];-101.5000
-78.98257299;-2.921561025;[0];-101.6250
-78.98233019;-2.921560586;[0];-101.7500
-78.98208738;-2.921560148;[0];-101.8750
-78.98184458;-2.92155971;[0];-102.0000
-79.00709679;-2.921360901;[0];-102.0000
-79.00685398;-2.921360468;[0];-101.7500
-79.00661117;-2.921360035;[0];-101.5625
-79.00636837;-2.921359602;[0];-101.3125
-79.00612556;-2.921359169;[0];-101.0625
-79.00588275;-2.921358736;[0];-100.8125
-79.00563994;-2.921358302;[0];-100.6250
-79.00539714;-2.921357869;[0];-100.3750
-79.00515433;-2.921357436;[0];-100.2500
-79.00491152;-2.921357002;[0];-100.0000
-79.00466872;-2.921356569;[0];-99.8125
-79.00442591;-2.921356135;[0];-99.6250
-79.00418310;-2.921355702;[0];-99.4375
-79.00394030;-2.921355268;[0];-99.2500
-79.00369749;-2.921354835;[0];-99.0625
-79.00345468;-2.921354401;[0];-98.8750
-79.00321187;-2.921353967;[0];-98.7500
-79.00296907;-2.921353533;[0];-98.6250
-79.00272626;-2.9213531;[0];-98.3750
-79.00248345;-2.921352666;[0];-98.2500
-79.00224065;-2.921352232;[0];-98.1250
-79.00199784;-2.921351798;[0];-98.0000
-79.00175503;-2.921351364;[0];-97.8750
-79.00151223;-2.92135093;[0];-97.7500
-79.00126942;-2.921350495;[0];-97.6250
-79.00102661;-2.921350061;[0];-97.5000
-79.00078381;-2.921349627;[0];-97.4375
-79.00054100;-2.921349193;[0];-97.3125
-79.00029820;-2.921348758;[0];-97.2500
-79.00005539;-2.921348324;[0];-97.1875
-78.99981258;-2.921347889;[0];-97.1250
-78.99956978;-2.921347455;[0];-97.0625
-78.99932697;-2.92134702;[0];-96.9375
-78.99908416;-2.921346586;[0];-96.9375
-78.99884136;-2.921346151;[0];-96.8750
-78.99859855;-2.921345716;[0];-96.8125
-78.99835575;-2.921345281;[0];-96.8125
-78.99811294;-2.921344846;[0];-96.8125
-78.99787013;-2.921344412;[0];-96.7500
-78.99762733;-2.921343977;[0];-96.7500
-78.99738452;-2.921343542;[0];-96.7500
-78.99714172;-2.921343107;[0];-96.7500
-78.99689891;-2.921342671;[0];-96.6875
-78.99665610;-2.921342236;[0];-96.6875
-78.99641330;-2.921341801;[0];-96.7500
-78.99617049;-2.921341366;[0];-96.7500
-78.99592769;-2.92134093;[0];-96.7500
-78.99568488;-2.921340495;[0];-96.8125
-78.99544207;-2.92134006;[0];-96.8125
-78.99519927;-2.921339624;[0];-96.8125
-78.99495646;-2.921339189;[0];-96.8125
-78.99471366;-2.921338753;[0];-96.9375
-78.99447085;-2.921338317;[0];-97.0000
-78.99422805;-2.921337882;[0];-97.0000
-78.99398524;-2.921337446;[0];-97.0625
-78.99374244;-2.92133701;[0];-97.1250
-78.99349963;-2.921336574;[0];-97.1250
-78.99325682;-2.921336138;[0];-97.2500
-78.99301402;-2.921335702;[0];-97.3125
-78.99277121;-2.921335266;[0];-97.3750
-78.99252841;-2.92133483;[0];-97.4375
-78.99228560;-2.921334394;[0];-97.5000
-78.99204280;-2.921333958;[0];-97.5625
-78.99179999;-2.921333522;[0];-97.6875
-78.99155719;-2.921333086;[0];-97.7500
-78.99131438;-2.921332649;[0];-97.8125
-78.99107158;-2.921332213;[0];-97.8750
-78.99082877;-2.921331776;[0];-98.0000
-78.99058597;-2.92133134;[0];-98.0625
-78.99034316;-2.921330903;[0];-98.1250
-78.99010036;-2.921330467;[0];-98.2500
-78.98985755;-2.92133003;[0];-98.3750
-78.98961475;-2.921329594;[0];-98.4375
-78.98937194;-2.921329157;[0];-98.5625
-78.98912914;-2.92132872;[0];-98.6875
-78.98888633;-2.921328283;[0];-98.7500
-78.98864353;-2.921327846;[0];-98.8125
-78.98840073;-2.921327409;[0];-98.9375
-78.98815792;-2.921326972;[0];-99.0625
-78.98791512;-2.921326535;[0];-99.1250
-78.98767231;-2.921326098;[0];-99.2500
-78.98742951;-2.921325661;[0];-99.3750
-78.98718670;-2.921325224;[0];-99.5000
-78.98694390;-2.921324786;[0];-99.6250
-78.98670109;-2.921324349;[0];-99.6875
-78.98645829;-2.921323912;[0];-99.8125
-78.98621549;-2.921323474;[0];-99.9375
-78.98597268;-2.921323037;[0];-100.0000
-78.98572988;-2.921322599;[0];-100.1250
-78.98548707;-2.921322162;[0];-100.2500
-78.98524427;-2.921321724;[0];-100.3750
-78.98500146;-2.921321286;[0];-100.5000
-78.98475866;-2.921320849;[0];-100.6250
-78.98451586;-2.921320411;[0];-100.6875
-78.98427305;-2.921319973;[0];-100.8125
-78.98403025;-2.921319535;[0];-100.9375
-78.98378744;-2.921319097;[0];-101.0000
-78.98354464;-2.921318659;[0];-101.1250
-78.98330184;-2.921318221;[0];-101.2500
-78.98305903;-2.921317783;[0];-101.3125
-78.98281623;-2.921317345;[0];-101.4375
-78.98257343;-2.921316907;[0];-101.5625
-78.98233062;-2.921316468;[0];-101.6875
-78.98208782;-2.92131603;[0];-101.8125
-78.98184501;-2.921315592;[0];-101.9375
-78.98160221;-2.921315153;[0];-102.0000
-79.00709722;-2.921116779;[0];-101.8125
-79.00685441;-2.921116346;[0];-101.5625
-79.00661160;-2.921115913;[0];-101.3750
-79.00636880;-2.92111548;[0];-101.1250
-79.00612599;-2.921115047;[0];-100.8750
-79.00588318;-2.921114614;[0];-100.6250
-79.00564038;-2.921114181;[0];-100.4375
-79.00539757;-2.921113747;[0];-100.1875
-79.00515476;-2.921113314;[0];-100.0625
-79.00491195;-2.921112881;[0];-99.8125
-79.00466915;-2.921112447;[0];-99.6250
-79.00442634;-2.921112014;[0];-99.4375
-79.00418353;-2.921111581;[0];-99.1875
-79.00394073;-2.921111147;[0];-99.0625
-79.00369792;-2.921110713;[0];-98.8125
-79.00345511;-2.92111028;[0];-98.6250
-79.00321231;-2.921109846;[0];-98.5000
-79.00296950;-2.921109412;[0];-98.3750
-79.00272669;-2.921108978;[0];-98.1250
-79.00248389;-2.921108545;[0];-98.0000
-79.00224108;-2.921108111;[0];-97.8750
-79.00199827;-2.921107677;[0];-97.7500
-79.00175547;-2.921107243;[0];-97.6250
-79.00151266;-2.921106809;[0];-97.5000
-79.00126985;-2.921106374;[0];-97.3750
-79.00102705;-2.92110594;[0];-97.3125
-79.00078424;-2.921105506;[0];-97.1875
-79.00054143;-2.921105072;[0];-97.0625
-79.00029863;-2.921104637;[0];-97.0000
-79.00005582;-2.921104203;[0];-96.9375
-78.99981301;-2.921103769;[0];-96.8750
-78.99957021;-2.921103334;[0];-96.8125
-78.99932740;-2.9211029;[0];-96.7500
-78.99908460;-2.921102465;[0];-96.6875
-78.99884179;-2.92110203;[0];-96.6875
-78.99859898;-2.921101596;[0];-96.6250
-78.99835618;-2.921101161;[0];-96.6250
-78.99811337;-2.921100726;[0];-96.5625
-78.99787057;-2.921100291;[0];-96.5000
-78.99762776;-2.921099856;[0];-96.5000
-78.99738495;-2.921099421;[0];-96.5625
-78.99714215;-2.921098986;[0];-96.5000
-78.99689934;-2.921098551;[0];-96.5000
-78.99665654;-2.921098116;[0];-96.5000
-78.99641373;-2.921097681;[0];-96.5000
-78.99617092;-2.921097246;[0];-96.5625
-78.99592812;-2.92109681;[0];-96.5625
-78.99568531;-2.921096375;[0];-96.6250
-78.99544251;-2.92109594;[0];-96.6250
-78.99519970;-2.921095504;[0];-96.5625
-78.99495690;-2.921095069;[0];-96.6250
-78.99471409;-2.921094633;[0];-96.7500
-78.99447129;-2.921094197;[0];-96.7500
-78.99422848;-2.921093762;[0];-96.8125
-78.99398567;-2.921093326;[0];-96.8750
-78.99374287;-2.92109289;[0];-96.9375
-78.99350006;-2.921092454;[0];-97.0000
-78.99325726;-2.921092019;[0];-97.0625
-78.99301445;-2.921091583;[0];-97.1250
-78.99277165;-2.921091147;[0];-97.1875
-78.99252884;-2.921090711;[0];-97.2500
-78.99228604;-2.921090275;[0];-97.3125
-78.99204323;-2.921089838;[0];-97.4375
-78.99180043;-2.921089402;[0];-97.5000
-78.99155762;-2.921088966;[0];-97.5625
-78.99131482;-2.92108853;[0];-97.6250
-78.99107201;-2.921088093;[0];-97.7500
-78.99082921;-2.921087657;[0];-97.8750
-78.99058640;-2.921087221;[0];-97.9375
-78.99034360;-2.921086784;[0];-98.0000
-78.99010079;-2.921086348;[0];-98.1250
-78.98985799;-2.921085911;[0];-98.2500
-78.98961518;-2.921085474;[0];-98.3750
-78.98937238;-2.921085038;[0];-98.4375
-78.98912957;-2.921084601;[0];-98.5000
-78.98888677;-2.921084164;[0];-98.5625
-78.98864396;-2.921083727;[0];-98.6875
-78.98840116;-2.92108329;[0];-98.8125
-78.98815836;-2.921082853;[0];-98.9375
-78.98791555;-2.921082416;[0];-99.0625
-78.98767275;-2.921081979;[0];-99.1875
-78.98742994;-2.921081542;[0];-99.2500
-78.98718714;-2.921081105;[0];-99.3750
-78.98694433;-2.921080668;[0];-99.5000
-78.98670153;-2.92108023;[0];-99.6250
-78.98645872;-2.921079793;[0];-99.6875
-78.98621592;-2.921079356;[0];-99.8125
-78.98597312;-2.921078918;[0];-99.8750
-78.98573031;-2.921078481;[0];-100.0625
-78.98548751;-2.921078043;[0];-100.1875
-78.98524470;-2.921077605;[0];-100.3125
-78.98500190;-2.921077168;[0];-100.4375
-78.98475910;-2.92107673;[0];-100.5000
-78.98451629;-2.921076292;[0];-100.6250
-78.98427349;-2.921075855;[0];-100.7500
-78.98403068;-2.921075417;[0];-100.8125
-78.98378788;-2.921074979;[0];-100.9375
-78.98354508;-2.921074541;[0];-101.0000
-78.98330227;-2.921074103;[0];-101.1250
-78.98305947;-2.921073665;[0];-101.2500
-78.98281666;-2.921073227;[0];-101.3750
-78.98257386;-2.921072788;[0];-101.5000
-78.98233106;-2.92107235;[0];-101.6250
-78.98208825;-2.921071912;[0];-101.7500
-78.98184545;-2.921071473;[0];-101.8125
-78.98160265;-2.921071035;[0];-101.9375
-79.00734046;-2.92087309;[0];-101.8750
-79.00709765;-2.920872657;[0];-101.6250
-79.00685484;-2.920872224;[0];-101.3750
-79.00661204;-2.920871791;[0];-101.1875
-79.00636923;-2.920871358;[0];-100.9375
-79.00612642;-2.920870925;[0];-100.6875
-79.00588361;-2.920870492;[0];-100.4375
-79.00564081;-2.920870059;[0];-100.2500
-79.00539800;-2.920869626;[0];-100.0000
-79.00515519;-2.920869193;[0];-99.8125
-79.00491239;-2.920868759;[0];-99.6250
-79.00466958;-2.920868326;[0];-99.3750
-79.00442677;-2.920867893;[0];-99.2500
-79.00418396;-2.920867459;[0];-99.0000
-79.00394116;-2.920867026;[0];-98.8125
-79.00369835;-2.920866592;[0];-98.6250
-79.00345554;-2.920866158;[0];-98.4375
-79.00321274;-2.920865725;[0];-98.3125
-79.00296993;-2.920865291;[0];-98.1250
-79.00272712;-2.920864857;[0];-97.9375
-79.00248432;-2.920864423;[0];-97.7500
-79.00224151;-2.920863989;[0];-97.6250
-79.00199870;-2.920863556;[0];-97.5000
-79.00175590;-2.920863122;[0];-97.3750
-79.00151309;-2.920862688;[0];-97.3125
-79.00127028;-2.920862253;[0];-97.1875
-79.00102748;-2.920861819;[0];-97.0625
-79.00078467;-2.920861385;[0];-96.9375
-79.00054187;-2.920860951;[0];-96.8750
-79.00029906;-2.920860517;[0];-96.7500
-79.00005625;-2.920860082;[0];-96.7500
-78.99981345;-2.920859648;[0];-96.6250
-78.99957064;-2.920859213;[0];-96.5625
-78.99932783;-2.920858779;[0];-96.5000
-78.99908503;-2.920858344;[0];-96.5000
-78.99884222;-2.92085791;[0];-96.4375
-78.99859942;-2.920857475;[0];-96.3750
-78.99835661;-2.92085704;[0];-96.3750
-78.99811380;-2.920856605;[0];-96.3125
-78.99787100;-2.920856171;[0];-96.3125
-78.99762819;-2.920855736;[0];-96.3125
-78.99738539;-2.920855301;[0];-96.3125
-78.99714258;-2.920854866;[0];-96.2500
-78.99689977;-2.920854431;[0];-96.2500
-78.99665697;-2.920853996;[0];-96.3125
-78.99641416;-2.920853561;[0];-96.3125
-78.99617136;-2.920853125;[0];-96.3125
-78.99592855;-2.92085269;[0];-96.3750
-78.99568575;-2.920852255;[0];-96.3750
-78.99544294;-2.920851819;[0];-96.3750
-78.99520014;-2.920851384;[0];-96.3750
-78.99495733;-2.920850949;[0];-96.5000
-78.99471452;-2.920850513;[0];-96.5625
-78.99447172;-2.920850077;[0];-96.5625
-78.99422891;-2.920849642;[0];-96.6250
-78.99398611;-2.920849206;[0];-96.6875
-78.99374330;-2.92084877;[0];-96.6875
-78.99350050;-2.920848335;[0];-96.8125
-78.99325769;-2.920847899;[0];-96.9375
-78.99301489;-2.920847463;[0];-96.9375
-78.99277208;-2.920847027;[0];-97.0000
-78.99252928;-2.920846591;[0];-97.0625
-78.99228647;-2.920846155;[0];-97.1875
-78.99204367;-2.920845719;[0];-97.3125
-78.99180086;-2.920845283;[0];-97.3750
-78.99155806;-2.920844847;[0];-97.4375
-78.99131525;-2.92084441;[0];-97.5000
-78.99107245;-2.920843974;[0];-97.6250
-78.99082964;-2.920843538;[0];-97.6875
-78.99058684;-2.920843101;[0];-97.7500
-78.99034403;-2.920842665;[0];-97.8750
-78.99010123;-2.920842228;[0];-98.0000
-78.98985842;-2.920841792;[0];-98.1250
-78.98961562;-2.920841355;[0];-98.2500
-78.98937281;-2.920840918;[0];-98.3125
-78.98913001;-2.920840482;[0];-98.3750
-78.98888720;-2.920840045;[0];-98.5000
-78.98864440;-2.920839608;[0];-98.5625
-78.98840159;-2.920839171;[0];-98.6875
-78.98815879;-2.920838734;[0];-98.8125
-78.98791599;-2.920838297;[0];-98.9375
-78.98767318;-2.92083786;[0];-99.0625
-78.98743038;-2.920837423;[0];-99.1875
-78.98718757;-2.920836986;[0];-99.2500
-78.98694477;-2.920836549;[0];-99.3750
-78.98670196;-2.920836111;[0];-99.5000
-78.98645916;-2.920835674;[0];-99.5625
-78.98621636;-2.920835237;[0];-99.6875
-78.98597355;-2.920834799;[0];-99.8125
-78.98573075;-2.920834362;[0];-100.0000
-78.98548794;-2.920833924;[0];-100.1250
-78.98524514;-2.920833487;[0];-100.1875
-78.98500233;-2.920833049;[0];-100.3125
-78.98475953;-2.920832612;[0];-100.4375
-78.98451673;-2.920832174;[0];-100.5000
-78.98427392;-2.920831736;[0];-100.6250
-78.98403112;-2.920831298;[0];-100.7500
-78.98378832;-2.92083086;[0];-100.8125
-78.98354551;-2.920830422;[0];-100.9375
-78.98330271;-2.920829984;[0];-101.0625
-78.98305990;-2.920829546;[0];-101.1875
-78.9828171;-2.920829108;[0];-101.3125
-78.98257430;-2.92082867;[0];-101.4375
-78.98233149;-2.920828232;[0];-101.5625
-78.98208869;-2.920827794;[0];-101.6250
-78.98184589;-2.920827355;[0];-101.7500
-78.98160308;-2.920826917;[0];-101.8750
-78.98136028;-2.920826479;[0];-101.9375
-79.00758369;-2.920629401;[0];-102.0000
-79.00734089;-2.920628968;[0];-101.7500
-79.00709808;-2.920628535;[0];-101.4375
-79.00685527;-2.920628102;[0];-101.1875
-79.00661247;-2.92062767;[0];-101.0000
-79.00636966;-2.920627237;[0];-100.7500
-79.00612685;-2.920626804;[0];-100.5000
-79.00588404;-2.920626371;[0];-100.2500
-79.00564124;-2.920625937;[0];-100.0625
-79.00539843;-2.920625504;[0];-99.8125
-79.00515562;-2.920625071;[0];-99.6250
-79.00491282;-2.920624638;[0];-99.3750
-79.00467001;-2.920624204;[0];-99.1875
-79.00442720;-2.920623771;[0];-99.0000
-79.00418440;-2.920623338;[0];-98.7500
-79.00394159;-2.920622904;[0];-98.6250
-79.00369878;-2.920622471;[0];-98.3750
-79.00345598;-2.920622037;[0];-98.1875
-79.00321317;-2.920621603;[0];-98.0625
-79.00297036;-2.92062117;[0];-97.8750
-79.00272756;-2.920620736;[0];-97.6875
-79.00248475;-2.920620302;[0];-97.5625
-79.00224194;-2.920619868;[0];-97.4375
-79.00199914;-2.920619434;[0];-97.3125
-79.00175633;-2.920619;[0];-97.1875
-79.00151352;-2.920618566;[0];-97.0625
-79.00127072;-2.920618132;[0];-96.9375
-79.00102791;-2.920617698;[0];-96.8125
-79.00078510;-2.920617264;[0];-96.6875
-79.00054230;-2.92061683;[0];-96.6250
-79.00029949;-2.920616396;[0];-96.5000
-79.00005668;-2.920615961;[0];-96.5000
-78.99981388;-2.920615527;[0];-96.4375
-78.99957107;-2.920615093;[0];-96.3125
-78.99932827;-2.920614658;[0];-96.2500
-78.99908546;-2.920614224;[0];-96.2500
-78.99884265;-2.920613789;[0];-96.1875
-78.99859985;-2.920613354;[0];-96.1875
-78.99835704;-2.92061292;[0];-96.1250
-78.99811424;-2.920612485;[0];-96.0625
-78.99787143;-2.92061205;[0];-96.0625
-78.99762862;-2.920611615;[0];-96.1250
-78.99738582;-2.92061118;[0];-96.0625
-78.99714301;-2.920610745;[0];-96.0625
-78.99690021;-2.92061031;[0];-96.0625
-78.99665740;-2.920609875;[0];-96.0625
-78.99641460;-2.92060944;[0];-96.1250
-78.99617179;-2.920609005;[0];-96.1250
-78.99592898;-2.92060857;[0];-96.1875
-78.99568618;-2.920608135;[0];-96.1875
-78.99544337;-2.920607699;[0];-96.1250
-78.99520057;-2.920607264;[0];-96.2500
-78.99495776;-2.920606828;[0];-96.3125
-78.99471496;-2.920606393;[0];-96.3750
-78.99447215;-2.920605957;[0];-96.3750
-78.99422935;-2.920605522;[0];-96.4375
-78.99398654;-2.920605086;[0];-96.5000
-78.99374374;-2.920604651;[0];-96.5625
-78.99350093;-2.920604215;[0];-96.6875
-78.99325813;-2.920603779;[0];-96.7500
-78.99301532;-2.920603343;[0];-96.7500
-78.99277252;-2.920602907;[0];-96.8125
-78.99252971;-2.920602471;[0];-96.9375
-78.99228691;-2.920602035;[0];-97.0000
-78.99204410;-2.920601599;[0];-97.1250
-78.99180130;-2.920601163;[0];-97.1875
-78.99155849;-2.920600727;[0];-97.2500
-78.99131569;-2.920600291;[0];-97.3750
-78.99107288;-2.920599854;[0];-97.4375
-78.99083008;-2.920599418;[0];-97.5000
-78.99058727;-2.920598982;[0];-97.6250
-78.99034447;-2.920598545;[0];-97.7500
-78.99010166;-2.920598109;[0];-97.8750
-78.98985886;-2.920597672;[0];-98.0000
-78.98961605;-2.920597236;[0];-98.0625
-78.98937325;-2.920596799;[0];-98.1250
-78.98913044;-2.920596362;[0];-98.2500
-78.98888764;-2.920595926;[0];-98.3750
-78.98864483;-2.920595489;[0];-98.5000
-78.98840203;-2.920595052;[0];-98.6250
-78.98815922;-2.920594615;[0];-98.6875
-78.98791642;-2.920594178;[0];-98.8125
-78.98767362;-2.920593741;[0];-98.9375
-78.98743081;-2.920593304;[0];-99.0625
-78.98718801;-2.920592867;[0];-99.1875
-78.98694520;-2.92059243;[0];-99.2500
-78.98670240;-2.920591993;[0];-99.3750
-78.98645959;-2.920591555;[0];-99.5000
-78.98621679;-2.920591118;[0];-99.6250
-78.98597399;-2.920590681;[0];-99.7500
-78.98573118;-2.920590243;[0];-99.8750
-78.98548838;-2.920589806;[0];-100.0000
-78.98524557;-2.920589368;[0];-100.1250
-78.98500277;-2.920588931;[0];-100.1875
-78.98475997;-2.920588493;[0];-100.3125
-78.98451716;-2.920588055;[0];-100.4375
-78.98427436;-2.920587618;[0];-100.5000
-78.98403155;-2.92058718;[0];-100.6250
-78.98378875;-2.920586742;[0];-100.7500
-78.98354595;-2.920586304;[0];-100.8750
-78.98330314;-2.920585866;[0];-101.0000
-78.98306034;-2.920585428;[0];-101.1250
-78.98281754;-2.92058499;[0];-101.2500
-78.98257473;-2.920584552;[0];-101.3750
-78.98233193;-2.920584114;[0];-101.4375
-78.98208913;-2.920583676;[0];-101.5625
-78.98184632;-2.920583237;[0];-101.6875
-78.98160352;-2.920582799;[0];-101.7500
-78.98136072;-2.920582361;[0];-101.8750
-78.98111791;-2.920581922;[0];-102.0000
-79.00758413;-2.920385279;[0];-101.8125
-79.00734132;-2.920384846;[0];-101.5625
-79.00709851;-2.920384413;[0];-101.3125
-79.00685570;-2.920383981;[0];-101.0000
-79.00661290;-2.920383548;[0];-100.8125
-79.00637009;-2.920383115;[0];-100.5625
-79.00612728;-2.920382682;[0];-100.3125
-79.00588448;-2.920382249;[0];-100.0000
-79.00564167;-2.920381816;[0];-99.8750
-79.00539886;-2.920381383;[0];-99.6250
-79.00515605;-2.920380949;[0];-99.3750
-79.00491325;-2.920380516;[0];-99.1875
-79.00467044;-2.920380083;[0];-98.9375
-79.00442763;-2.92037965;[0];-98.8125
-79.00418483;-2.920379216;[0];-98.5625
-79.00394202;-2.920378783;[0];-98.3750
-79.00369921;-2.920378349;[0];-98.1875
-79.00345641;-2.920377916;[0];-98.0000
-79.00321360;-2.920377482;[0];-97.8125
-79.00297079;-2.920377048;[0];-97.6875
-79.00272799;-2.920376615;[0];-97.4375
-79.00248518;-2.920376181;[0];-97.3125
-79.00224237;-2.920375747;[0];-97.1875
-79.00199957;-2.920375313;[0];-97.0625
-79.00175676;-2.920374879;[0];-96.9375
-79.00151395;-2.920374445;[0];-96.8125
-79.00127115;-2.920374011;[0];-96.6875
-79.00102834;-2.920373577;[0];-96.5625
-79.00078554;-2.920373143;[0];-96.4375
-79.00054273;-2.920372709;[0];-96.3750
-79.00029992;-2.920372275;[0];-96.3125
-79.00005712;-2.920371841;[0];-96.2500
-78.99981431;-2.920371406;[0];-96.1875
-78.99957150;-2.920370972;[0];-96.0625
-78.99932870;-2.920370537;[0];-96.0625
-78.99908589;-2.920370103;[0];-96.0000
-78.99884309;-2.920369668;[0];-95.9375
-78.99860028;-2.920369234;[0];-95.9375
-78.99835747;-2.920368799;[0];-95.8750
-78.99811467;-2.920368364;[0];-95.8750
-78.99787186;-2.92036793;[0];-95.8750
-78.99762906;-2.920367495;[0];-95.8750
-78.99738625;-2.92036706;[0];-95.8125
-78.99714345;-2.920366625;[0];-95.8125
-78.99690064;-2.92036619;[0];-95.8125
-78.99665783;-2.920365755;[0];-95.8750
-78.99641503;-2.92036532;[0];-95.8750
-78.99617222;-2.920364885;[0];-95.9375
-78.99592942;-2.92036445;[0];-95.9375
-78.99568661;-2.920364014;[0];-95.9375
-78.99544381;-2.920363579;[0];-95.9375
-78.99520100;-2.920363144;[0];-96.0625
-78.99495820;-2.920362708;[0];-96.1250
-78.99471539;-2.920362273;[0];-96.1250
-78.99447259;-2.920361837;[0];-96.1875
-78.99422978;-2.920361402;[0];-96.2500
-78.99398697;-2.920360966;[0];-96.3125
-78.99374417;-2.920360531;[0];-96.3750
-78.99350136;-2.920360095;[0];-96.5000
-78.99325856;-2.920359659;[0];-96.5625
-78.99301575;-2.920359223;[0];-96.6250
-78.99277295;-2.920358788;[0];-96.6875
-78.99253014;-2.920358352;[0];-96.7500
-78.99228734;-2.920357916;[0];-96.8750
-78.99204453;-2.92035748;[0];-96.9375
-78.99180173;-2.920357044;[0];-97.0000
-78.99155892;-2.920356607;[0];-97.1250
-78.99131612;-2.920356171;[0];-97.1875
-78.99107331;-2.920355735;[0];-97.3125
-78.99083051;-2.920355299;[0];-97.3750
-78.99058770;-2.920354862;[0];-97.5000
-78.99034490;-2.920354426;[0];-97.6250
-78.99010210;-2.92035399;[0];-97.7500
-78.98985929;-2.920353553;[0];-97.8125
-78.98961649;-2.920353117;[0];-97.8750
-78.98937368;-2.92035268;[0];-98.0000
-78.98913088;-2.920352243;[0];-98.1250
-78.98888807;-2.920351807;[0];-98.2500
-78.98864527;-2.92035137;[0];-98.3750
-78.98840246;-2.920350933;[0];-98.5000
-78.98815966;-2.920350496;[0];-98.6250
-78.98791685;-2.920350059;[0];-98.7500
-78.98767405;-2.920349622;[0];-98.8125
-78.98743125;-2.920349185;[0];-98.9375
-78.98718844;-2.920348748;[0];-99.0625
-78.98694564;-2.920348311;[0];-99.1250
-78.98670283;-2.920347874;[0];-99.2500
-78.98646003;-2.920347437;[0];-99.4375
-78.98621723;-2.920346999;[0];-99.5625
-78.98597442;-2.920346562;[0];-99.6875
-78.98573162;-2.920346125;[0];-99.8125
-78.98548881;-2.920345687;[0];-99.8750
-78.98524601;-2.92034525;[0];-100.0000
-78.98500321;-2.920344812;[0];-100.1250
-78.98476040;-2.920344375;[0];-100.1875
-78.98451760;-2.920343937;[0];-100.3125
-78.98427479;-2.920343499;[0];-100.4375
-78.98403199;-2.920343061;[0];-100.5625
-78.98378919;-2.920342624;[0];-100.6875
-78.98354638;-2.920342186;[0];-100.8125
-78.98330358;-2.920341748;[0];-100.9375
-78.98306078;-2.92034131;[0];-101.0625
-78.98281797;-2.920340872;[0];-101.1875
-78.98257517;-2.920340434;[0];-101.2500
-78.98233236;-2.920339996;[0];-101.3750
-78.98208956;-2.920339557;[0];-101.5000
-78.98184676;-2.920339119;[0];-101.5625
-78.98160395;-2.920338681;[0];-101.6875
-78.98136115;-2.920338243;[0];-101.8125
-78.98111835;-2.920337804;[0];-102.0000
-79.00782736;-2.92014159;[0];-101.9375
-79.00758456;-2.920141157;[0];-101.6875
-79.00734175;-2.920140724;[0];-101.3750
-79.00709894;-2.920140292;[0];-101.1250
-79.00685613;-2.920139859;[0];-100.8125
-79.00661333;-2.920139426;[0];-100.5625
-79.00637052;-2.920138993;[0];-100.3750
-79.00612771;-2.92013856;[0];-100.1250
-79.00588491;-2.920138127;[0];-99.8125
-79.00564210;-2.920137694;[0];-99.6250
-79.00539929;-2.920137261;[0];-99.3750
-79.00515648;-2.920136828;[0];-99.1875
-79.00491368;-2.920136395;[0];-99.0000
-79.00467087;-2.920135961;[0];-98.7500
-79.00442806;-2.920135528;[0];-98.5625
-79.00418526;-2.920135095;[0];-98.3125
-79.00394245;-2.920134661;[0];-98.1250
-79.00369964;-2.920134228;[0];-97.9375
-79.00345684;-2.920133794;[0];-97.7500
-79.00321403;-2.920133361;[0];-97.5625
-79.00297122;-2.920132927;[0];-97.4375
-79.00272842;-2.920132494;[0];-97.1875
-79.00248561;-2.92013206;[0];-97.0625
-79.00224281;-2.920131626;[0];-96.9375
-79.00200000;-2.920131192;[0];-96.8125
-79.00175719;-2.920130758;[0];-96.6875
-79.00151439;-2.920130324;[0];-96.5625
-79.00127158;-2.92012989;[0];-96.4375
-79.00102877;-2.920129456;[0];-96.3125
-79.00078597;-2.920129022;[0];-96.1875
-79.00054316;-2.920128588;[0];-96.1250
-79.00030036;-2.920128154;[0];-96.0625
-79.00005755;-2.92012772;[0];-96.0000
-78.99981474;-2.920127285;[0];-95.9375
-78.99957194;-2.920126851;[0];-95.8125
-78.99932913;-2.920126417;[0];-95.8125
-78.99908632;-2.920125982;[0];-95.7500
-78.99884352;-2.920125548;[0];-95.6875
-78.99860071;-2.920125113;[0];-95.6875
-78.99835791;-2.920124678;[0];-95.6250
-78.99811510;-2.920124244;[0];-95.6250
-78.99787230;-2.920123809;[0];-95.6250
-78.99762949;-2.920123374;[0];-95.6250
-78.99738668;-2.92012294;[0];-95.5625
-78.99714388;-2.920122505;[0];-95.6250
-78.99690107;-2.92012207;[0];-95.6250
-78.99665827;-2.920121635;[0];-95.6250
-78.99641546;-2.9201212;[0];-95.6875
-78.99617266;-2.920120765;[0];-95.6875
-78.99592985;-2.920120329;[0];-95.6875
-78.99568704;-2.920119894;[0];-95.6875
-78.99544424;-2.920119459;[0];-95.7500
-78.99520143;-2.920119024;[0];-95.8750
-78.99495863;-2.920118588;[0];-95.8750
-78.99471582;-2.920118153;[0];-95.9375
-78.99447302;-2.920117717;[0];-96.0000
-78.99423021;-2.920117282;[0];-96.0625
-78.99398741;-2.920116846;[0];-96.1250
-78.99374460;-2.920116411;[0];-96.2500
-78.99350180;-2.920115975;[0];-96.3125
-78.99325899;-2.920115539;[0];-96.3750
-78.99301619;-2.920115104;[0];-96.3750
-78.99277338;-2.920114668;[0];-96.5000
-78.99253058;-2.920114232;[0];-96.6250
-78.99228777;-2.920113796;[0];-96.6875
-78.99204497;-2.92011336;[0];-96.7500
-78.99180216;-2.920112924;[0];-96.8750
-78.99155936;-2.920112488;[0];-97.0000
-78.99131655;-2.920112052;[0];-97.0625
-78.99107375;-2.920111616;[0];-97.1250
-78.99083094;-2.920111179;[0];-97.2500
-78.99058814;-2.920110743;[0];-97.3750
-78.99034533;-2.920110307;[0];-97.5000
-78.99010253;-2.92010987;[0];-97.5625
-78.98985972;-2.920109434;[0];-97.6875
-78.98961692;-2.920108997;[0];-97.7500
-78.98937412;-2.920108561;[0];-97.8750
-78.98913131;-2.920108124;[0];-98.0000
-78.98888851;-2.920107687;[0];-98.1250
-78.98864570;-2.920107251;[0];-98.2500
-78.98840290;-2.920106814;[0];-98.3750
-78.98816009;-2.920106377;[0];-98.5000
-78.98791729;-2.92010594;[0];-98.6250
-78.98767449;-2.920105503;[0];-98.6875
-78.98743168;-2.920105066;[0];-98.8125
-78.98718888;-2.920104629;[0];-98.9375
-78.98694607;-2.920104192;[0];-99.0625
-78.98670327;-2.920103755;[0];-99.1875
-78.98646046;-2.920103318;[0];-99.3750
-78.98621766;-2.920102881;[0];-99.4375
-78.98597486;-2.920102443;[0];-99.5625
-78.98573205;-2.920102006;[0];-99.6875
-78.98548925;-2.920101569;[0];-99.8125
-78.98524644;-2.920101131;[0];-99.8750
-78.98500364;-2.920100694;[0];-100.0000
-78.98476084;-2.920100256;[0];-100.1250
-78.98451803;-2.920099818;[0];-100.2500
-78.98427523;-2.920099381;[0];-100.3750
-78.98403243;-2.920098943;[0];-100.5000
-78.98378962;-2.920098505;[0];-100.6250
-78.98354682;-2.920098067;[0];-100.7500
-78.98330401;-2.92009763;[0];-100.8750
-78.98306121;-2.920097192;[0];-100.9375
-78.98281841;-2.920096754;[0];-101.0625
-78.98257560;-2.920096316;[0];-101.1875
-78.9823328;-2.920095877;[0];-101.3125
-78.98209000;-2.920095439;[0];-101.3750
-78.98184719;-2.920095001;[0];-101.5625
-78.98160439;-2.920094563;[0];-101.6875
-78.98136159;-2.920094125;[0];-101.8125
-78.98111878;-2.920093686;[0];-101.9375
-79.0080706;-2.9198979;[0];-102.0000
-79.00782779;-2.919897468;[0];-101.8125
-79.00758499;-2.919897035;[0];-101.5000
-79.00734218;-2.919896602;[0];-101.1875
-79.00709937;-2.91989617;[0];-100.9375
-79.00685656;-2.919895737;[0];-100.6250
-79.00661376;-2.919895304;[0];-100.3750
-79.00637095;-2.919894871;[0];-100.1875
-79.00612814;-2.919894438;[0];-99.9375
-79.00588534;-2.919894005;[0];-99.6250
-79.00564253;-2.919893572;[0];-99.4375
-79.00539972;-2.919893139;[0];-99.1875
-79.00515692;-2.919892706;[0];-98.9375
-79.00491411;-2.919892273;[0];-98.7500
-79.00467130;-2.91989184;[0];-98.5000
-79.00442850;-2.919891407;[0];-98.3125
-79.00418569;-2.919890973;[0];-98.0625
-79.00394288;-2.91989054;[0];-97.9375
-79.00370008;-2.919890107;[0];-97.6875
-79.00345727;-2.919889673;[0];-97.5000
-79.00321446;-2.91988924;[0];-97.3750
-79.00297166;-2.919888806;[0];-97.1875
-79.00272885;-2.919888372;[0];-96.9375
-79.00248604;-2.919887939;[0];-96.8125
-79.00224324;-2.919887505;[0];-96.6875
-79.00200043;-2.919887071;[0];-96.5625
-79.00175762;-2.919886637;[0];-96.4375
-79.00151482;-2.919886203;[0];-96.3125
-79.00127201;-2.919885769;[0];-96.1875
-79.00102921;-2.919885335;[0];-96.0625
-79.00078640;-2.919884901;[0];-95.9375
-79.00054359;-2.919884467;[0];-95.8750
-79.00030079;-2.919884033;[0];-95.8125
-79.00005798;-2.919883599;[0];-95.7500
-78.99981517;-2.919883165;[0];-95.6250
-78.99957237;-2.91988273;[0];-95.6250
-78.99932956;-2.919882296;[0];-95.5625
-78.99908676;-2.919881862;[0];-95.5000
-78.99884395;-2.919881427;[0];-95.5000
-78.99860115;-2.919880993;[0];-95.4375
-78.99835834;-2.919880558;[0];-95.3750
-78.99811553;-2.919880123;[0];-95.4375
-78.99787273;-2.919879689;[0];-95.4375
-78.99762992;-2.919879254;[0];-95.3750
-78.99738712;-2.919878819;[0];-95.3750
-78.99714431;-2.919878384;[0];-95.3750
-78.99690151;-2.919877949;[0];-95.3750
-78.99665870;-2.919877514;[0];-95.4375
-78.99641589;-2.919877079;[0];-95.4375
-78.99617309;-2.919876644;[0];-95.5000
-78.99593028;-2.919876209;[0];-95.4375
-78.99568748;-2.919875774;[0];-95.5000
-78.99544467;-2.919875339;[0];-95.6250
-78.99520187;-2.919874904;[0];-95.6250
-78.99495906;-2.919874468;[0];-95.6875
-78.99471626;-2.919874033;[0];-95.7500
-78.99447345;-2.919873597;[0];-95.8125
-78.99423065;-2.919873162;[0];-95.8750
-78.99398784;-2.919872726;[0];-96.0000
-78.99374504;-2.919872291;[0];-96.0625
-78.99350223;-2.919871855;[0];-96.1250
-78.99325943;-2.91987142;[0];-96.1875
-78.99301662;-2.919870984;[0];-96.2500
-78.99277382;-2.919870548;[0];-96.3750
-78.99253101;-2.919870112;[0];-96.4375
-78.99228821;-2.919869676;[0];-96.5000
-78.99204540;-2.91986924;[0];-96.6250
-78.99180260;-2.919868804;[0];-96.7500
-78.99155979;-2.919868368;[0];-96.8125
-78.99131699;-2.919867932;[0];-96.8750
-78.99107418;-2.919867496;[0];-97.0000
-78.99083138;-2.91986706;[0];-97.1250
-78.99058857;-2.919866624;[0];-97.2500
-78.99034577;-2.919866187;[0];-97.3750
-78.99010296;-2.919865751;[0];-97.4375
-78.98986016;-2.919865314;[0];-97.5000
-78.98961735;-2.919864878;[0];-97.6250
-78.98937455;-2.919864441;[0];-97.7500
-78.98913175;-2.919864005;[0];-97.8750
-78.98888894;-2.919863568;[0];-98.0000
-78.98864614;-2.919863132;[0];-98.1250
-78.98840333;-2.919862695;[0];-98.2500
-78.98816053;-2.919862258;[0];-98.3750
-78.98791772;-2.919861821;[0];-98.5000
-78.98767492;-2.919861384;[0];-98.6250
-78.98743212;-2.919860947;[0];-98.6875
-78.98718931;-2.91986051;[0];-98.8125
-78.98694651;-2.919860073;[0];-99.0000
-78.98670370;-2.919859636;[0];-99.1250
-78.98646090;-2.919859199;[0];-99.2500
-78.98621810;-2.919858762;[0];-99.3750
-78.98597529;-2.919858325;[0];-99.5000
-78.98573249;-2.919857887;[0];-99.5625
-78.98548968;-2.91985745;[0];-99.6875
-78.98524688;-2.919857012;[0];-99.8125
-78.98500408;-2.919856575;[0];-99.9375
-78.98476127;-2.919856137;[0];-100.0000
-78.98451847;-2.9198557;[0];-100.1250
-78.98427566;-2.919855262;[0];-100.3125
-78.98403286;-2.919854825;[0];-100.4375
-78.98379006;-2.919854387;[0];-100.5625
-78.98354725;-2.919853949;[0];-100.6875
-78.98330445;-2.919853511;[0];-100.7500
-78.98306165;-2.919853073;[0];-100.8750
-78.98281884;-2.919852635;[0];-101.0000
-78.98257604;-2.919852197;[0];-101.0625
-78.98233324;-2.919851759;[0];-101.1875
-78.98209043;-2.919851321;[0];-101.3750
-78.98184763;-2.919850883;[0];-101.5000
-78.98160483;-2.919850445;[0];-101.6250
-78.98136202;-2.919850007;[0];-101.7500
-78.98111922;-2.919849568;[0];-101.8750
-78.98087642;-2.91984913;[0];-102.0000
-79.00807103;-2.919653778;[0];-101.8125
-79.00782822;-2.919653346;[0];-101.6250
-79.00758542;-2.919652913;[0];-101.3125
-79.00734261;-2.91965248;[0];-101.0625
-79.00709980;-2.919652048;[0];-100.7500
-79.00685699;-2.919651615;[0];-100.4375
-79.00661419;-2.919651182;[0];-100.1875
-79.00637138;-2.919650749;[0];-100.0000
-79.00612857;-2.919650317;[0];-99.6875
-79.00588577;-2.919649884;[0];-99.4375
-79.00564296;-2.919649451;[0];-99.1875
-79.00540015;-2.919649018;[0];-99.0000
-79.00515735;-2.919648585;[0];-98.7500
-79.00491454;-2.919648152;[0];-98.5625
-79.00467173;-2.919647718;[0];-98.3125
-79.00442893;-2.919647285;[0];-98.1250
-79.00418612;-2.919646852;[0];-97.8750
-79.00394331;-2.919646419;[0];-97.6875
-79.00370051;-2.919645985;[0];-97.4375
-79.0034577;-2.919645552;[0];-97.2500
-79.00321489;-2.919645118;[0];-97.1250
-79.00297209;-2.919644685;[0];-96.9375
-79.00272928;-2.919644251;[0];-96.6875
-79.00248647;-2.919643817;[0];-96.5625
-79.00224367;-2.919643384;[0];-96.4375
-79.00200086;-2.91964295;[0];-96.3125
-79.00175806;-2.919642516;[0];-96.1875
-79.00151525;-2.919642082;[0];-96.0625
-79.00127244;-2.919641648;[0];-95.9375
-79.00102964;-2.919641214;[0];-95.8125
-79.00078683;-2.91964078;[0];-95.6875
-79.00054402;-2.919640346;[0];-95.6250
-79.00030122;-2.919639912;[0];-95.5625
-79.00005841;-2.919639478;[0];-95.5000
-78.99981561;-2.919639044;[0];-95.3750
-78.9995728;-2.91963861;[0];-95.3750
-78.99932999;-2.919638175;[0];-95.3125
-78.99908719;-2.919637741;[0];-95.2500
-78.99884438;-2.919637306;[0];-95.2500
-78.99860158;-2.919636872;[0];-95.1875
-78.99835877;-2.919636437;[0];-95.1875
-78.99811597;-2.919636003;[0];-95.1875
-78.99787316;-2.919635568;[0];-95.1875
-78.99763035;-2.919635133;[0];-95.1250
-78.99738755;-2.919634699;[0];-95.1250
-78.99714474;-2.919634264;[0];-95.1875
-78.99690194;-2.919633829;[0];-95.1875
-78.99665913;-2.919633394;[0];-95.1875
-78.99641633;-2.919632959;[0];-95.2500
-78.99617352;-2.919632524;[0];-95.2500
-78.99593072;-2.919632089;[0];-95.1875
-78.99568791;-2.919631654;[0];-95.3125
-78.99544511;-2.919631219;[0];-95.3750
-78.9952023;-2.919630783;[0];-95.4375
-78.99495949;-2.919630348;[0];-95.5000
-78.99471669;-2.919629913;[0];-95.5625
-78.99447388;-2.919629477;[0];-95.5625
-78.99423108;-2.919629042;[0];-95.6875
-78.99398827;-2.919628607;[0];-95.8125
-78.99374547;-2.919628171;[0];-95.8750
-78.99350266;-2.919627735;[0];-95.8750
-78.99325986;-2.9196273;[0];-96.0000
-78.99301705;-2.919626864;[0];-96.1250
-78.99277425;-2.919626428;[0];-96.1875
-78.99253144;-2.919625993;[0];-96.2500
-78.99228864;-2.919625557;[0];-96.3750
-78.99204583;-2.919625121;[0];-96.5000
-78.99180303;-2.919624685;[0];-96.5625
-78.99156023;-2.919624249;[0];-96.6250
-78.99131742;-2.919623813;[0];-96.7500
-78.99107462;-2.919623377;[0];-96.8750
-78.99083181;-2.91962294;[0];-97.0000
-78.99058901;-2.919622504;[0];-97.1250
-78.99034620;-2.919622068;[0];-97.1875
-78.99010340;-2.919621632;[0];-97.2500
-78.98986059;-2.919621195;[0];-97.3750
-78.98961779;-2.919620759;[0];-97.5000
-78.98937498;-2.919620322;[0];-97.6250
-78.98913218;-2.919619886;[0];-97.7500
-78.98888938;-2.919619449;[0];-97.8750
-78.98864657;-2.919619012;[0];-98.0000
-78.98840377;-2.919618576;[0];-98.1250
-78.98816096;-2.919618139;[0];-98.2500
-78.98791816;-2.919617702;[0];-98.3750
-78.98767535;-2.919617265;[0];-98.5000
-78.98743255;-2.919616828;[0];-98.6250
-78.98718975;-2.919616391;[0];-98.7500
-78.98694694;-2.919615954;[0];-98.9375
-78.98670414;-2.919615517;[0];-99.0000
-78.98646133;-2.91961508;[0];-99.1250
-78.98621853;-2.919614643;[0];-99.2500
-78.98597573;-2.919614206;[0];-99.3750
-78.98573292;-2.919613769;[0];-99.5000
-78.98549012;-2.919613331;[0];-99.5625
-78.98524731;-2.919612894;[0];-99.6875
-78.98500451;-2.919612456;[0];-99.8125
-78.98476171;-2.919612019;[0];-99.9375
-78.98451890;-2.919611581;[0];-100.1250
-78.98427610;-2.919611144;[0];-100.2500
-78.98403330;-2.919610706;[0];-100.3750
-78.98379049;-2.919610268;[0];-100.4375
-78.98354769;-2.919609831;[0];-100.5625
-78.98330489;-2.919609393;[0];-100.6875
-78.98306208;-2.919608955;[0];-100.8125
-78.98281928;-2.919608517;[0];-100.8750
-78.98257648;-2.919608079;[0];-101.0625
-78.98233367;-2.919607641;[0];-101.1875
-78.98209087;-2.919607203;[0];-101.3125
-78.98184807;-2.919606765;[0];-101.4375
-78.98160526;-2.919606327;[0];-101.5625
-78.98136246;-2.919605889;[0];-101.7500
-78.98111966;-2.91960545;[0];-101.8750
-78.98087685;-2.919605012;[0];-102.0000
-79.00831427;-2.919410088;[0];-102.0000
-79.00807146;-2.919409656;[0];-101.6875
-79.00782865;-2.919409224;[0];-101.4375
-79.00758585;-2.919408791;[0];-101.1875
-79.00734304;-2.919408358;[0];-100.8750
-79.00710023;-2.919407926;[0];-100.5625
-79.00685743;-2.919407493;[0];-100.2500
-79.00661462;-2.91940706;[0];-100.0000
-79.00637181;-2.919406628;[0];-99.7500
-79.00612900;-2.919406195;[0];-99.5000
-79.00588620;-2.919405762;[0];-99.2500
-79.00564339;-2.919405329;[0];-99.0000
-79.00540058;-2.919404896;[0];-98.7500
-79.00515778;-2.919404463;[0];-98.5000
-79.00491497;-2.91940403;[0];-98.3125
-79.00467216;-2.919403597;[0];-98.0625
-79.00442936;-2.919403164;[0];-97.8750
-79.00418655;-2.91940273;[0];-97.6250
-79.00394374;-2.919402297;[0];-97.4375
-79.00370094;-2.919401864;[0];-97.1875
-79.00345813;-2.91940143;[0];-97.0000
-79.00321532;-2.919400997;[0];-96.8750
-79.00297252;-2.919400563;[0];-96.6875
-79.00272971;-2.91940013;[0];-96.4375
-79.00248691;-2.919399696;[0];-96.3125
-79.00224410;-2.919399263;[0];-96.1875
-79.00200129;-2.919398829;[0];-96.0625
-79.00175849;-2.919398395;[0];-95.9375
-79.00151568;-2.919397961;[0];-95.8125
-79.00127287;-2.919397527;[0];-95.6875
-79.00103007;-2.919397093;[0];-95.5625
-79.00078726;-2.919396659;[0];-95.4375
-79.00054446;-2.919396225;[0];-95.3750
-79.00030165;-2.919395791;[0];-95.3125
-79.00005884;-2.919395357;[0];-95.2500
-78.99981604;-2.919394923;[0];-95.1250
-78.99957323;-2.919394489;[0];-95.1250
-78.99933043;-2.919394054;[0];-95.0625
-78.99908762;-2.91939362;[0];-95.0000
-78.99884482;-2.919393186;[0];-95.0000
-78.99860201;-2.919392751;[0];-94.9375
-78.99835920;-2.919392317;[0];-94.9375
-78.99811640;-2.919391882;[0];-94.9375
-78.99787359;-2.919391448;[0];-94.9375
-78.99763079;-2.919391013;[0];-94.8750
-78.99738798;-2.919390578;[0];-94.8750
-78.99714518;-2.919390143;[0];-94.9375
-78.99690237;-2.919389709;[0];-94.9375
-78.99665956;-2.919389274;[0];-95.0000
-78.99641676;-2.919388839;[0];-95.0000
-78.99617395;-2.919388404;[0];-95.0000
-78.99593115;-2.919387969;[0];-95.0625
-78.99568834;-2.919387534;[0];-95.1250
-78.99544554;-2.919387099;[0];-95.1875
-78.99520273;-2.919386663;[0];-95.2500
-78.99495993;-2.919386228;[0];-95.2500
-78.99471712;-2.919385793;[0];-95.3125
-78.99447432;-2.919385358;[0];-95.4375
-78.99423151;-2.919384922;[0];-95.5625
-78.99398871;-2.919384487;[0];-95.5625
-78.99374590;-2.919384051;[0];-95.6250
-78.99350310;-2.919383616;[0];-95.6875
-78.99326029;-2.91938318;[0];-95.8125
-78.99301749;-2.919382744;[0];-95.9375
-78.99277468;-2.919382309;[0];-96.0000
-78.99253188;-2.919381873;[0];-96.1250
-78.99228907;-2.919381437;[0];-96.1875
-78.99204627;-2.919381001;[0];-96.3125
-78.99180346;-2.919380565;[0];-96.3750
-78.99156066;-2.919380129;[0];-96.5000
-78.99131785;-2.919379693;[0];-96.6250
-78.99107505;-2.919379257;[0];-96.7500
-78.99083224;-2.919378821;[0];-96.8750
-78.99058944;-2.919378385;[0];-96.9375
-78.99034664;-2.919377949;[0];-97.0000
-78.99010383;-2.919377512;[0];-97.1250
-78.98986103;-2.919377076;[0];-97.3125
-78.98961822;-2.919376639;[0];-97.4375
-78.98937542;-2.919376203;[0];-97.5625
-78.98913261;-2.919375767;[0];-97.6875
-78.98888981;-2.91937533;[0];-97.8125
-78.98864701;-2.919374893;[0];-97.8750
-78.98840420;-2.919374457;[0];-98.0000
-78.98816140;-2.91937402;[0];-98.1250
-78.98791859;-2.919373583;[0];-98.2500
-78.98767579;-2.919373146;[0];-98.3750
-78.98743298;-2.919372709;[0];-98.5625
-78.98719018;-2.919372273;[0];-98.6875
-78.98694738;-2.919371836;[0];-98.8125
-78.98670457;-2.919371399;[0];-98.9375
-78.98646177;-2.919370961;[0];-99.0000
-78.98621896;-2.919370524;[0];-99.1250
-78.98597616;-2.919370087;[0];-99.2500
-78.98573336;-2.91936965;[0];-99.3750
-78.98549055;-2.919369213;[0];-99.5000
-78.98524775;-2.919368775;[0];-99.6250
-78.98500495;-2.919368338;[0];-99.7500
-78.98476214;-2.9193679;[0];-99.8750
-78.98451934;-2.919367463;[0];-100.0625
-78.98427654;-2.919367025;[0];-100.1250
-78.98403373;-2.919366588;[0];-100.2500
-78.98379093;-2.91936615;[0];-100.3750
-78.98354812;-2.919365712;[0];-100.5000
-78.98330532;-2.919365275;[0];-100.5625
-78.98306252;-2.919364837;[0];-100.6875
-78.98281971;-2.919364399;[0];-100.8750
-78.98257691;-2.919363961;[0];-101.0000
-78.98233411;-2.919363523;[0];-101.1250
-78.98209130;-2.919363085;[0];-101.2500
-78.98184850;-2.919362647;[0];-101.4375
-78.98160570;-2.919362209;[0];-101.5625
-78.98136289;-2.919361771;[0];-101.6875
-78.98112009;-2.919361332;[0];-101.8125
-78.98087729;-2.919360894;[0];-101.9375
-79.00831470;-2.919165966;[0];-101.8750
-79.00807189;-2.919165534;[0];-101.5000
-79.00782908;-2.919165102;[0];-101.2500
-79.00758628;-2.919164669;[0];-101.0000
-79.00734347;-2.919164237;[0];-100.6875
-79.00710066;-2.919163804;[0];-100.3750
-79.00685786;-2.919163371;[0];-100.0625
-79.00661505;-2.919162939;[0];-99.8125
-79.00637224;-2.919162506;[0];-99.5625
-79.00612943;-2.919162073;[0];-99.3125
-79.00588663;-2.91916164;[0];-99.0000
-79.00564382;-2.919161207;[0];-98.7500
-79.00540101;-2.919160774;[0];-98.5625
-79.00515821;-2.919160341;[0];-98.3125
-79.00491540;-2.919159908;[0];-98.0625
-79.00467259;-2.919159475;[0];-97.8125
-79.00442979;-2.919159042;[0];-97.6250
-79.00418698;-2.919158609;[0];-97.3750
-79.00394418;-2.919158176;[0];-97.1875
-79.00370137;-2.919157742;[0];-96.9375
-79.00345856;-2.919157309;[0];-96.7500
-79.00321576;-2.919156876;[0];-96.6250
-79.00297295;-2.919156442;[0];-96.3750
-79.00273014;-2.919156009;[0];-96.1875
-79.00248734;-2.919155575;[0];-96.0625
-79.00224453;-2.919155141;[0];-95.9375
-79.00200172;-2.919154708;[0];-95.8125
-79.00175892;-2.919154274;[0];-95.6250
-79.00151611;-2.91915384;[0];-95.5000
-79.00127331;-2.919153406;[0];-95.3750
-79.0010305;-2.919152972;[0];-95.3125
-79.00078769;-2.919152539;[0];-95.1875
-79.00054489;-2.919152105;[0];-95.1250
-79.00030208;-2.91915167;[0];-95.0625
-79.00005928;-2.919151236;[0];-94.9375
-78.99981647;-2.919150802;[0];-94.8750
-78.99957366;-2.919150368;[0];-94.8750
-78.99933086;-2.919149934;[0];-94.8125
-78.99908805;-2.919149499;[0];-94.7500
-78.99884525;-2.919149065;[0];-94.7500
-78.99860244;-2.919148631;[0];-94.6875
-78.99835964;-2.919148196;[0];-94.6875
-78.99811683;-2.919147762;[0];-94.6875
-78.99787402;-2.919147327;[0];-94.6250
-78.99763122;-2.919146892;[0];-94.6250
-78.99738841;-2.919146458;[0];-94.6875
-78.99714561;-2.919146023;[0];-94.6875
-78.99690280;-2.919145588;[0];-94.7500
-78.99666000;-2.919145153;[0];-94.7500
-78.99641719;-2.919144719;[0];-94.7500
-78.99617439;-2.919144284;[0];-94.7500
-78.99593158;-2.919143849;[0];-94.8750
-78.99568878;-2.919143414;[0];-94.9375
-78.99544597;-2.919142978;[0];-94.9375
-78.99520317;-2.919142543;[0];-95.0000
-78.99496036;-2.919142108;[0];-95.0625
-78.99471756;-2.919141673;[0];-95.1250
-78.99447475;-2.919141238;[0];-95.2500
-78.99423195;-2.919140802;[0];-95.3125
-78.99398914;-2.919140367;[0];-95.3750
-78.99374634;-2.919139931;[0];-95.4375
-78.99350353;-2.919139496;[0];-95.5625
-78.99326073;-2.91913906;[0];-95.6875
-78.99301792;-2.919138625;[0];-95.7500
-78.99277512;-2.919138189;[0];-95.8125
-78.99253231;-2.919137753;[0];-95.9375
-78.99228951;-2.919137317;[0];-96.0625
-78.99204670;-2.919136881;[0];-96.1250
-78.99180390;-2.919136446;[0];-96.2500
-78.99156109;-2.91913601;[0];-96.3750
-78.99131829;-2.919135574;[0];-96.5000
-78.99107548;-2.919135138;[0];-96.6250
-78.99083268;-2.919134702;[0];-96.6875
-78.99058987;-2.919134265;[0];-96.7500
-78.99034707;-2.919133829;[0];-96.8750
-78.99010427;-2.919133393;[0];-97.0000
-78.98986146;-2.919132957;[0];-97.1875
-78.98961866;-2.91913252;[0];-97.3125
-78.98937585;-2.919132084;[0];-97.4375
-78.98913305;-2.919131647;[0];-97.5625
-78.98889024;-2.919131211;[0];-97.6875
-78.98864744;-2.919130774;[0];-97.7500
-78.98840464;-2.919130338;[0];-97.8750
-78.98816183;-2.919129901;[0];-98.0000
-78.98791903;-2.919129464;[0];-98.1250
-78.98767622;-2.919129027;[0];-98.3125
-78.98743342;-2.919128591;[0];-98.4375
-78.98719062;-2.919128154;[0];-98.5625
-78.98694781;-2.919127717;[0];-98.6875
-78.98670501;-2.91912728;[0];-98.8125
-78.98646220;-2.919126843;[0];-98.9375
-78.98621940;-2.919126406;[0];-99.0625
-78.98597660;-2.919125968;[0];-99.1250
-78.98573379;-2.919125531;[0];-99.2500
-78.98549099;-2.919125094;[0];-99.3750
-78.98524818;-2.919124657;[0];-99.5625
-78.98500538;-2.919124219;[0];-99.6875
-78.98476258;-2.919123782;[0];-99.8125
-78.98451977;-2.919123344;[0];-99.9375
-78.98427697;-2.919122907;[0];-100.0625
-78.98403417;-2.919122469;[0];-100.1875
-78.98379136;-2.919122032;[0];-100.2500
-78.98354856;-2.919121594;[0];-100.3750
-78.98330576;-2.919121156;[0];-100.5000
-78.98306295;-2.919120718;[0];-100.6875
-78.98282015;-2.919120281;[0];-100.8125
-78.98257735;-2.919119843;[0];-100.9375
-78.98233454;-2.919119405;[0];-101.0625
-78.98209174;-2.919118967;[0];-101.2500
-78.98184894;-2.919118529;[0];-101.3750
-78.98160613;-2.919118091;[0];-101.5000
-78.98136333;-2.919117653;[0];-101.6250
-78.98112053;-2.919117214;[0];-101.7500
-78.98087772;-2.919116776;[0];-101.8750
-78.98063492;-2.919116338;[0];-102.0000
-79.00855793;-2.918922277;[0];-102.0000
-79.00831513;-2.918921844;[0];-101.6875
-79.00807232;-2.918921412;[0];-101.3125
-79.00782951;-2.91892098;[0];-101.0625
-79.00758671;-2.918920547;[0];-100.8125
-79.00734390;-2.918920115;[0];-100.5000
-79.00710109;-2.918919682;[0];-100.1875
-79.00685829;-2.91891925;[0];-99.8750
-79.00661548;-2.918918817;[0];-99.6250
-79.00637267;-2.918918384;[0];-99.3750
-79.00612987;-2.918917951;[0];-99.1250
-79.00588706;-2.918917519;[0];-98.8125
-79.00564425;-2.918917086;[0];-98.5625
-79.00540145;-2.918916653;[0];-98.3125
-79.00515864;-2.91891622;[0];-98.0625
-79.00491583;-2.918915787;[0];-97.8750
-79.00467303;-2.918915354;[0];-97.5625
-79.00443022;-2.918914921;[0];-97.3750
-79.00418741;-2.918914488;[0];-97.1250
-79.00394461;-2.918914054;[0];-96.9375
-79.00370180;-2.918913621;[0];-96.6875
-79.00345899;-2.918913188;[0];-96.5000
-79.00321619;-2.918912754;[0];-96.3750
-79.00297338;-2.918912321;[0];-96.1250
-79.00273057;-2.918911887;[0];-95.9375
-79.00248777;-2.918911454;[0];-95.8125
-79.00224496;-2.91891102;[0];-95.6875
-79.00200216;-2.918910587;[0];-95.5000
-79.00175935;-2.918910153;[0];-95.3750
-79.00151654;-2.918909719;[0];-95.2500
-79.00127374;-2.918909285;[0];-95.1250
-79.00103093;-2.918908851;[0];-95.0000
-79.00078813;-2.918908418;[0];-94.8750
-79.00054532;-2.918907984;[0];-94.8750
-79.00030251;-2.91890755;[0];-94.8125
-79.00005971;-2.918907116;[0];-94.6875
-78.99981690;-2.918906681;[0];-94.6250
-78.99957410;-2.918906247;[0];-94.6250
-78.99933129;-2.918905813;[0];-94.5000
-78.99908849;-2.918905379;[0];-94.5000
-78.99884568;-2.918904944;[0];-94.4375
-78.99860287;-2.91890451;[0];-94.4375
-78.99836007;-2.918904076;[0];-94.4375
-78.99811726;-2.918903641;[0];-94.4375
-78.99787446;-2.918903207;[0];-94.3750
-78.99763165;-2.918902772;[0];-94.4375
-78.99738885;-2.918902337;[0];-94.4375
-78.99714604;-2.918901903;[0];-94.5000
-78.99690324;-2.918901468;[0];-94.5000
-78.99666043;-2.918901033;[0];-94.5625
-78.99641762;-2.918900598;[0];-94.5000
-78.99617482;-2.918900163;[0];-94.5625
-78.99593201;-2.918899728;[0];-94.6250
-78.99568921;-2.918899293;[0];-94.6875
-78.99544640;-2.918898858;[0];-94.7500
-78.99520360;-2.918898423;[0];-94.8125
-78.99496079;-2.918897988;[0];-94.8750
-78.99471799;-2.918897553;[0];-94.9375
-78.99447518;-2.918897118;[0];-95.0625
-78.99423238;-2.918896682;[0];-95.1250
-78.99398957;-2.918896247;[0];-95.1875
-78.99374677;-2.918895811;[0];-95.2500
-78.99350396;-2.918895376;[0];-95.3750
-78.99326116;-2.91889494;[0];-95.5000
-78.99301835;-2.918894505;[0];-95.5625
-78.99277555;-2.918894069;[0];-95.6875
-78.99253274;-2.918893633;[0];-95.7500
-78.99228994;-2.918893198;[0];-95.8750
-78.99204714;-2.918892762;[0];-95.9375
-78.99180433;-2.918892326;[0];-96.0625
-78.99156153;-2.91889189;[0];-96.2500
-78.99131872;-2.918891454;[0];-96.3750
-78.99107592;-2.918891018;[0];-96.4375
-78.99083311;-2.918890582;[0];-96.5000
-78.99059031;-2.918890146;[0];-96.6250
-78.99034750;-2.91888971;[0];-96.7500
-78.99010470;-2.918889274;[0];-96.9375
-78.98986189;-2.918888837;[0];-97.0625
-78.98961909;-2.918888401;[0];-97.1875
-78.98937629;-2.918887965;[0];-97.3125
-78.98913348;-2.918887528;[0];-97.4375
-78.98889068;-2.918887092;[0];-97.5625
-78.98864787;-2.918886655;[0];-97.6250
-78.98840507;-2.918886219;[0];-97.7500
-78.98816227;-2.918885782;[0];-97.9375
-78.98791946;-2.918885345;[0];-98.0625
-78.98767666;-2.918884908;[0];-98.2500
-78.98743385;-2.918884472;[0];-98.3125
-78.98719105;-2.918884035;[0];-98.4375
-78.98694825;-2.918883598;[0];-98.5625
-78.98670544;-2.918883161;[0];-98.6875
-78.98646264;-2.918882724;[0];-98.8125
-78.98621983;-2.918882287;[0];-98.9375
-78.98597703;-2.91888185;[0];-99.0625
-78.98573423;-2.918881413;[0];-99.1875
-78.98549142;-2.918880975;[0];-99.3125
-78.98524862;-2.918880538;[0];-99.5000
-78.98500582;-2.918880101;[0];-99.6250
-78.98476301;-2.918879663;[0];-99.7500
-78.98452021;-2.918879226;[0];-99.8125
-78.98427741;-2.918878788;[0];-99.9375
-78.98403460;-2.918878351;[0];-100.0625
-78.98379180;-2.918877913;[0];-100.1875
-78.98354900;-2.918877476;[0];-100.3125
-78.98330619;-2.918877038;[0];-100.5000
-78.98306339;-2.9188766;[0];-100.6250
-78.98282059;-2.918876162;[0];-100.7500
-78.98257778;-2.918875725;[0];-100.8750
-78.98233498;-2.918875287;[0];-101.0625
-78.98209218;-2.918874849;[0];-101.1875
-78.98184937;-2.918874411;[0];-101.3125
-78.98160657;-2.918873973;[0];-101.4375
-78.98136377;-2.918873534;[0];-101.6250
-78.98112096;-2.918873096;[0];-101.6875
-78.98087816;-2.918872658;[0];-101.8125
-78.98063536;-2.91887222;[0];-101.9375
-79.00855836;-2.918678154;[0];-101.8125
-79.00831556;-2.918677722;[0];-101.5625
-79.00807275;-2.91867729;[0];-101.1875
-79.00782994;-2.918676858;[0];-100.8750
-79.00758714;-2.918676425;[0];-100.6250
-79.00734433;-2.918675993;[0];-100.3125
-79.00710152;-2.91867556;[0];-100.0000
-79.00685872;-2.918675128;[0];-99.6875
-79.00661591;-2.918674695;[0];-99.3750
-79.00637310;-2.918674262;[0];-99.1250
-79.00613030;-2.91867383;[0];-98.8750
-79.00588749;-2.918673397;[0];-98.5625
-79.00564468;-2.918672964;[0];-98.3125
-79.00540188;-2.918672531;[0];-98.1250
-79.00515907;-2.918672098;[0];-97.8125
-79.00491626;-2.918671665;[0];-97.6250
-79.00467346;-2.918671232;[0];-97.3125
-79.00443065;-2.918670799;[0];-97.1875
-79.00418784;-2.918670366;[0];-96.8750
-79.00394504;-2.918669933;[0];-96.6875
-79.00370223;-2.9186695;[0];-96.4375
-79.00345942;-2.918669066;[0];-96.2500
-79.00321662;-2.918668633;[0];-96.1250
-79.00297381;-2.9186682;[0];-95.8750
-79.00273101;-2.918667766;[0];-95.6875
-79.00248820;-2.918667333;[0];-95.5625
-79.00224539;-2.918666899;[0];-95.3750
-79.00200259;-2.918666465;[0];-95.2500
-79.00175978;-2.918666032;[0];-95.1250
-79.00151698;-2.918665598;[0];-95.0000
-79.00127417;-2.918665164;[0];-94.8750
-79.00103136;-2.918664731;[0];-94.7500
-79.00078856;-2.918664297;[0];-94.6250
-79.00054575;-2.918663863;[0];-94.6250
-79.00030295;-2.918663429;[0];-94.5000
-79.00006014;-2.918662995;[0];-94.4375
-78.99981733;-2.918662561;[0];-94.3750
-78.99957453;-2.918662127;[0];-94.3125
-78.99933172;-2.918661692;[0];-94.2500
-78.99908892;-2.918661258;[0];-94.2500
-78.99884611;-2.918660824;[0];-94.1875
-78.99860331;-2.918660389;[0];-94.1875
-78.9983605;-2.918659955;[0];-94.1875
-78.99811769;-2.918659521;[0];-94.1875
-78.99787489;-2.918659086;[0];-94.1250
-78.99763208;-2.918658652;[0];-94.1875
-78.99738928;-2.918658217;[0];-94.1875
-78.99714647;-2.918657782;[0];-94.2500
-78.99690367;-2.918657348;[0];-94.2500
-78.99666086;-2.918656913;[0];-94.2500
-78.99641806;-2.918656478;[0];-94.2500
-78.99617525;-2.918656043;[0];-94.3750
-78.99593245;-2.918655608;[0];-94.4375
-78.99568964;-2.918655173;[0];-94.5000
-78.99544684;-2.918654738;[0];-94.5000
-78.99520403;-2.918654303;[0];-94.5625
-78.99496123;-2.918653868;[0];-94.6875
-78.99471842;-2.918653433;[0];-94.8125
-78.99447562;-2.918652998;[0];-94.8750
-78.99423281;-2.918652562;[0];-94.9375
-78.99399001;-2.918652127;[0];-95.0000
-78.99374720;-2.918651691;[0];-95.1250
-78.99350440;-2.918651256;[0];-95.1875
-78.99326159;-2.918650821;[0];-95.2500
-78.99301879;-2.918650385;[0];-95.3750
-78.99277598;-2.918649949;[0];-95.5000
-78.99253318;-2.918649514;[0];-95.5625
-78.99229037;-2.918649078;[0];-95.6875
-78.99204757;-2.918648642;[0];-95.8125
-78.99180476;-2.918648206;[0];-95.9375
-78.99156196;-2.918647771;[0];-96.0625
-78.99131916;-2.918647335;[0];-96.1875
-78.99107635;-2.918646899;[0];-96.2500
-78.99083355;-2.918646463;[0];-96.3750
-78.99059074;-2.918646027;[0];-96.5000
-78.99034794;-2.91864559;[0];-96.6250
-78.99010513;-2.918645154;[0];-96.8125
-78.98986233;-2.918644718;[0];-96.9375
-78.98961952;-2.918644282;[0];-97.0625
-78.98937672;-2.918643845;[0];-97.1875
-78.98913392;-2.918643409;[0];-97.3125
-78.98889111;-2.918642972;[0];-97.4375
-78.98864831;-2.918642536;[0];-97.5000
-78.98840550;-2.918642099;[0];-97.6875
-78.98816270;-2.918641663;[0];-97.8750
-78.98791990;-2.918641226;[0];-98.0000
-78.98767709;-2.918640789;[0];-98.1250
-78.98743429;-2.918640353;[0];-98.2500
-78.98719148;-2.918639916;[0];-98.3750
-78.98694868;-2.918639479;[0];-98.4375
-78.98670588;-2.918639042;[0];-98.5625
-78.98646307;-2.918638605;[0];-98.6875
-78.98622027;-2.918638168;[0];-98.8125
-78.98597747;-2.918637731;[0];-99.0000
-78.98573466;-2.918637294;[0];-99.1250
-78.98549186;-2.918636857;[0];-99.2500
-78.98524905;-2.918636419;[0];-99.3750
-78.98500625;-2.918635982;[0];-99.5000
-78.98476345;-2.918635545;[0];-99.6250
-78.98452064;-2.918635107;[0];-99.7500
-78.98427784;-2.91863467;[0];-99.8750
-78.98403504;-2.918634232;[0];-100.0000
-78.98379223;-2.918633795;[0];-100.1250
-78.98354943;-2.918633357;[0];-100.3125
-78.98330663;-2.91863292;[0];-100.4375
-78.98306382;-2.918632482;[0];-100.5625
-78.98282102;-2.918632044;[0];-100.7500
-78.98257822;-2.918631606;[0];-100.8750
-78.98233541;-2.918631168;[0];-101.0000
-78.98209261;-2.918630731;[0];-101.1250
-78.98184981;-2.918630293;[0];-101.3125
-78.98160701;-2.918629855;[0];-101.4375
-78.98136420;-2.918629416;[0];-101.5000
-78.98112140;-2.918628978;[0];-101.6250
-78.98087860;-2.91862854;[0];-101.7500
-78.98063579;-2.918628102;[0];-101.8750
-78.98039299;-2.918627664;[0];-102.0000
-79.00880160;-2.918434464;[0];-102.0000
-79.00855879;-2.918434032;[0];-101.6875
-79.00831599;-2.9184336;[0];-101.4375
-79.00807318;-2.918433168;[0];-101.0000
-79.00783037;-2.918432736;[0];-100.6875
-79.00758757;-2.918432303;[0];-100.4375
-79.00734476;-2.918431871;[0];-100.1250
-79.00710195;-2.918431438;[0];-99.8125
-79.00685915;-2.918431006;[0];-99.5000
-79.00661634;-2.918430573;[0];-99.1875
-79.00637353;-2.918430141;[0];-98.9375
-79.00613073;-2.918429708;[0];-98.6875
-79.00588792;-2.918429275;[0];-98.3750
-79.00564511;-2.918428842;[0];-98.0625
-79.00540231;-2.91842841;[0];-97.8750
-79.00515950;-2.918427977;[0];-97.5625
-79.00491669;-2.918427544;[0];-97.3750
-79.00467389;-2.918427111;[0];-97.1250
-79.00443108;-2.918426678;[0];-96.9375
-79.00418827;-2.918426245;[0];-96.6250
-79.00394547;-2.918425811;[0];-96.4375
-79.00370266;-2.918425378;[0];-96.1875
-79.00345986;-2.918424945;[0];-96.0000
-79.00321705;-2.918424512;[0];-95.8125
-79.00297424;-2.918424078;[0];-95.6250
-79.00273144;-2.918423645;[0];-95.4375
-79.00248863;-2.918423211;[0];-95.2500
-79.00224582;-2.918422778;[0];-95.1250
-79.00200302;-2.918422344;[0];-95.0000
-79.00176021;-2.918421911;[0];-94.8750
-79.00151741;-2.918421477;[0];-94.6875
-79.0012746;-2.918421043;[0];-94.5625
-79.00103179;-2.91842061;[0];-94.4375
-79.00078899;-2.918420176;[0];-94.3750
-79.00054618;-2.918419742;[0];-94.3125
-79.00030338;-2.918419308;[0];-94.2500
-79.00006057;-2.918418874;[0];-94.1250
-78.99981777;-2.91841844;[0];-94.1250
-78.99957496;-2.918418006;[0];-94.0625
-78.99933215;-2.918417572;[0];-94.0000
-78.99908935;-2.918417137;[0];-94.0000
-78.99884654;-2.918416703;[0];-93.9375
-78.99860374;-2.918416269;[0];-93.9375
-78.99836093;-2.918415834;[0];-93.9375
-78.99811813;-2.9184154;[0];-93.8750
-78.99787532;-2.918414966;[0];-93.9375
-78.99763252;-2.918414531;[0];-93.9375
-78.99738971;-2.918414096;[0];-93.9375
-78.99714691;-2.918413662;[0];-94.0000
-78.9969041;-2.918413227;[0];-94.0625
-78.99666129;-2.918412792;[0];-94.0000
-78.99641849;-2.918412358;[0];-94.0625
-78.99617568;-2.918411923;[0];-94.1875
-78.99593288;-2.918411488;[0];-94.1875
-78.99569007;-2.918411053;[0];-94.2500
-78.99544727;-2.918410618;[0];-94.3125
-78.99520446;-2.918410183;[0];-94.3750
-78.99496166;-2.918409748;[0];-94.5000
-78.99471885;-2.918409313;[0];-94.5625
-78.99447605;-2.918408878;[0];-94.6250
-78.99423324;-2.918408442;[0];-94.6875
-78.99399044;-2.918408007;[0];-94.8125
-78.99374763;-2.918407572;[0];-94.9375
-78.99350483;-2.918407136;[0];-95.0000
-78.99326203;-2.918406701;[0];-95.1250
-78.99301922;-2.918406265;[0];-95.2500
-78.99277642;-2.91840583;[0];-95.3125
-78.99253361;-2.918405394;[0];-95.4375
-78.99229081;-2.918404958;[0];-95.5625
-78.99204800;-2.918404523;[0];-95.6875
-78.99180520;-2.918404087;[0];-95.8125
-78.99156239;-2.918403651;[0];-95.8750
-78.99131959;-2.918403215;[0];-96.0000
-78.99107678;-2.918402779;[0];-96.1250
-78.99083398;-2.918402343;[0];-96.2500
-78.99059118;-2.918401907;[0];-96.3750
-78.99034837;-2.918401471;[0];-96.5000
-78.99010557;-2.918401035;[0];-96.6875
-78.98986276;-2.918400599;[0];-96.8125
-78.98961996;-2.918400162;[0];-96.9375
-78.98937715;-2.918399726;[0];-97.0625
-78.98913435;-2.91839929;[0];-97.1875
-78.98889155;-2.918398853;[0];-97.3125
-78.98864874;-2.918398417;[0];-97.4375
-78.98840594;-2.91839798;[0];-97.6250
-78.98816313;-2.918397544;[0];-97.7500
-78.98792033;-2.918397107;[0];-97.8750
-78.98767753;-2.91839667;[0];-98.0000
-78.98743472;-2.918396234;[0];-98.1250
-78.98719192;-2.918395797;[0];-98.2500
-78.98694911;-2.91839536;[0];-98.3750
-78.98670631;-2.918394923;[0];-98.5000
-78.98646351;-2.918394486;[0];-98.6250
-78.98622070;-2.918394049;[0];-98.7500
-78.9859779;-2.918393612;[0];-98.9375
-78.98573510;-2.918393175;[0];-99.0625
-78.98549229;-2.918392738;[0];-99.1875
-78.98524949;-2.918392301;[0];-99.3125
-78.98500669;-2.918391864;[0];-99.4375
-78.98476388;-2.918391426;[0];-99.5000
-78.98452108;-2.918390989;[0];-99.6250
-78.98427828;-2.918390551;[0];-99.8125
-78.98403547;-2.918390114;[0];-99.9375
-78.98379267;-2.918389677;[0];-100.0625
-78.98354987;-2.918389239;[0];-100.2500
-78.98330706;-2.918388801;[0];-100.3750
-78.98306426;-2.918388364;[0];-100.5625
-78.98282146;-2.918387926;[0];-100.6875
-78.98257865;-2.918387488;[0];-100.8125
-78.98233585;-2.91838705;[0];-100.9375
-78.98209305;-2.918386612;[0];-101.1250
-78.98185024;-2.918386174;[0];-101.1875
-78.98160744;-2.918385736;[0];-101.3125
-78.98136464;-2.918385298;[0];-101.4375
-78.98112184;-2.91838486;[0];-101.5625
-78.98087903;-2.918384422;[0];-101.6875
-78.98063623;-2.918383984;[0];-101.8750
-78.98039343;-2.918383546;[0];-102.0000
-79.00880203;-2.918190342;[0];-101.8125
-79.00855922;-2.91818991;[0];-101.5000
-79.00831642;-2.918189478;[0];-101.2500
-79.00807361;-2.918189046;[0];-100.8750
-79.00783080;-2.918188614;[0];-100.5000
-79.00758800;-2.918188181;[0];-100.2500
-79.00734519;-2.918187749;[0];-99.9375
-79.00710238;-2.918187316;[0];-99.6250
-79.00685958;-2.918186884;[0];-99.3125
-79.00661677;-2.918186451;[0];-99.0000
-79.00637396;-2.918186019;[0];-98.6875
-79.00613116;-2.918185586;[0];-98.4375
-79.00588835;-2.918185153;[0];-98.1875
-79.00564554;-2.918184721;[0];-97.8750
-79.00540274;-2.918184288;[0];-97.6250
-79.00515993;-2.918183855;[0];-97.3750
-79.00491712;-2.918183422;[0];-97.1250
-79.00467432;-2.918182989;[0];-96.8750
-79.00443151;-2.918182556;[0];-96.6875
-79.00418871;-2.918182123;[0];-96.3750
-79.00394590;-2.91818169;[0];-96.1875
-79.00370309;-2.918181257;[0];-95.9375
-79.00346029;-2.918180824;[0];-95.7500
-79.00321748;-2.91818039;[0];-95.5625
-79.00297467;-2.918179957;[0];-95.3125
-79.00273187;-2.918179524;[0];-95.1250
-79.00248906;-2.91817909;[0];-95.0000
-79.00224626;-2.918178657;[0];-94.8750
-79.00200345;-2.918178223;[0];-94.6875
-79.00176064;-2.91817779;[0];-94.5625
-79.00151784;-2.918177356;[0];-94.4375
-79.00127503;-2.918176922;[0];-94.3125
-79.00103223;-2.918176489;[0];-94.1875
-79.00078942;-2.918176055;[0];-94.1250
-79.00054661;-2.918175621;[0];-94.0625
-79.00030381;-2.918175187;[0];-93.9375
-79.00006100;-2.918174753;[0];-93.8750
-78.99981820;-2.918174319;[0];-93.8750
-78.99957539;-2.918173885;[0];-93.7500
-78.99933259;-2.918173451;[0];-93.7500
-78.99908978;-2.918173017;[0];-93.6875
-78.99884698;-2.918172582;[0];-93.6875
-78.99860417;-2.918172148;[0];-93.6875
-78.99836136;-2.918171714;[0];-93.6875
-78.99811856;-2.91817128;[0];-93.6250
-78.99787575;-2.918170845;[0];-93.6875
-78.99763295;-2.918170411;[0];-93.6875
-78.99739014;-2.918169976;[0];-93.7500
-78.99714734;-2.918169541;[0];-93.7500
-78.99690453;-2.918169107;[0];-93.7500
-78.99666173;-2.918168672;[0];-93.7500
-78.99641892;-2.918168237;[0];-93.8750
-78.99617612;-2.918167803;[0];-93.9375
-78.99593331;-2.918167368;[0];-94.0000
-78.99569051;-2.918166933;[0];-94.0000
-78.99544770;-2.918166498;[0];-94.0625
-78.99520490;-2.918166063;[0];-94.1875
-78.99496209;-2.918165628;[0];-94.3125
-78.99471929;-2.918165193;[0];-94.3750
-78.99447648;-2.918164758;[0];-94.4375
-78.99423368;-2.918164322;[0];-94.5000
-78.99399087;-2.918163887;[0];-94.6250
-78.99374807;-2.918163452;[0];-94.7500
-78.99350526;-2.918163016;[0];-94.8125
-78.99326246;-2.918162581;[0];-94.9375
-78.99301965;-2.918162145;[0];-95.0625
-78.99277685;-2.91816171;[0];-95.1250
-78.99253404;-2.918161274;[0];-95.2500
-78.99229124;-2.918160839;[0];-95.3750
-78.99204844;-2.918160403;[0];-95.5625
-78.99180563;-2.918159967;[0];-95.6250
-78.99156283;-2.918159531;[0];-95.6875
-78.99132002;-2.918159096;[0];-95.8750
-78.99107722;-2.91815866;[0];-96.0000
-78.99083441;-2.918158224;[0];-96.1250
-78.99059161;-2.918157788;[0];-96.2500
-78.99034881;-2.918157352;[0];-96.3750
-78.990106;-2.918156916;[0];-96.5625
-78.98986320;-2.918156479;[0];-96.6875
-78.98962039;-2.918156043;[0];-96.8125
-78.98937759;-2.918155607;[0];-96.9375
-78.98913478;-2.918155171;[0];-97.0000
-78.98889198;-2.918154734;[0];-97.1875
-78.98864918;-2.918154298;[0];-97.3750
-78.98840637;-2.918153861;[0];-97.5000
-78.98816357;-2.918153425;[0];-97.6250
-78.98792076;-2.918152988;[0];-97.7500
-78.98767796;-2.918152552;[0];-97.8750
-78.98743516;-2.918152115;[0];-98.0000
-78.98719235;-2.918151678;[0];-98.1250
-78.98694955;-2.918151241;[0];-98.2500
-78.98670675;-2.918150804;[0];-98.3750
-78.98646394;-2.918150368;[0];-98.5625
-78.98622114;-2.918149931;[0];-98.6875
-78.98597833;-2.918149494;[0];-98.8125
-78.98573553;-2.918149057;[0];-98.9375
-78.98549273;-2.918148619;[0];-99.0625
-78.98524992;-2.918148182;[0];-99.1875
-78.98500712;-2.918147745;[0];-99.3125
-78.98476432;-2.918147308;[0];-99.4375
-78.98452151;-2.91814687;[0];-99.6250
-78.98427871;-2.918146433;[0];-99.7500
-78.98403591;-2.918145996;[0];-99.8750
-78.98379310;-2.918145558;[0];-100.0625
-78.98355030;-2.918145121;[0];-100.1875
-78.98330750;-2.918144683;[0];-100.3750
-78.98306469;-2.918144245;[0];-100.5000
-78.98282189;-2.918143808;[0];-100.6250
-78.98257909;-2.91814337;[0];-100.8125
-78.98233629;-2.918142932;[0];-100.8750
-78.98209348;-2.918142494;[0];-101.0000
-78.98185068;-2.918142056;[0];-101.1250
-78.98160788;-2.918141618;[0];-101.2500
-78.98136507;-2.91814118;[0];-101.3750
-78.98112227;-2.918140742;[0];-101.5625
-78.98087947;-2.918140304;[0];-101.6875
-78.98063667;-2.918139866;[0];-101.8125
-78.98039386;-2.918139428;[0];-101.9375
-79.00904527;-2.917946652;[0];-102.0000
-79.00880246;-2.91794622;[0];-101.6875
-79.00855965;-2.917945788;[0];-101.3750
-79.00831685;-2.917945356;[0];-101.0625
-79.00807404;-2.917944924;[0];-100.7500
-79.00783123;-2.917944492;[0];-100.3125
-79.00758843;-2.917944059;[0];-100.0000
-79.00734562;-2.917943627;[0];-99.7500
-79.00710281;-2.917943195;[0];-99.4375
-79.00686001;-2.917942762;[0];-99.1250
-79.0066172;-2.91794233;[0];-98.8125
-79.00637439;-2.917941897;[0];-98.5000
-79.00613159;-2.917941464;[0];-98.2500
-79.00588878;-2.917941032;[0];-97.9375
-79.00564597;-2.917940599;[0];-97.6250
-79.00540317;-2.917940166;[0];-97.4375
-79.00516036;-2.917939733;[0];-97.1250
-79.00491755;-2.917939301;[0];-96.8750
-79.00467475;-2.917938868;[0];-96.6250
-79.00443194;-2.917938435;[0];-96.3750
-79.00418914;-2.917938002;[0];-96.1250
-79.00394633;-2.917937569;[0];-95.9375
-79.00370352;-2.917937135;[0];-95.6250
-79.00346072;-2.917936702;[0];-95.5000
-79.00321791;-2.917936269;[0];-95.3125
-79.00297511;-2.917935836;[0];-95.0625
-79.00273230;-2.917935402;[0];-94.8750
-79.00248949;-2.917934969;[0];-94.7500
-79.00224669;-2.917934536;[0];-94.5625
-79.00200388;-2.917934102;[0];-94.4375
-79.00176108;-2.917933669;[0];-94.3125
-79.00151827;-2.917933235;[0];-94.1250
-79.00127546;-2.917932801;[0];-94.0000
-79.00103266;-2.917932368;[0];-93.8750
-79.00078985;-2.917931934;[0];-93.8750
-79.00054705;-2.9179315;[0];-93.7500
-79.00030424;-2.917931066;[0];-93.6250
-79.00006143;-2.917930632;[0];-93.6250
-78.99981863;-2.917930198;[0];-93.5625
-78.99957582;-2.917929764;[0];-93.5000
-78.99933302;-2.91792933;[0];-93.5000
-78.99909021;-2.917928896;[0];-93.4375
-78.99884741;-2.917928462;[0];-93.4375
-78.99860460;-2.917928028;[0];-93.4375
-78.99836180;-2.917927593;[0];-93.3750
-78.99811899;-2.917927159;[0];-93.3750
-78.99787619;-2.917926725;[0];-93.4375
-78.99763338;-2.91792629;[0];-93.4375
-78.99739058;-2.917925856;[0];-93.5000
-78.99714777;-2.917925421;[0];-93.5000
-78.99690496;-2.917924986;[0];-93.5000
-78.99666216;-2.917924552;[0];-93.5625
-78.99641935;-2.917924117;[0];-93.6250
-78.99617655;-2.917923682;[0];-93.6875
-78.99593374;-2.917923248;[0];-93.7500
-78.99569094;-2.917922813;[0];-93.8125
-78.99544813;-2.917922378;[0];-93.8750
-78.99520533;-2.917921943;[0];-94.0000
-78.99496252;-2.917921508;[0];-94.0625
-78.99471972;-2.917921073;[0];-94.1250
-78.99447692;-2.917920638;[0];-94.1875
-78.99423411;-2.917920202;[0];-94.3750
-78.99399131;-2.917919767;[0];-94.4375
-78.9937485;-2.917919332;[0];-94.5000
-78.99350570;-2.917918896;[0];-94.6875
-78.99326289;-2.917918461;[0];-94.7500
-78.99302009;-2.917918026;[0];-94.8125
-78.99277728;-2.91791759;[0];-95.0000
-78.99253448;-2.917917155;[0];-95.1250
-78.99229167;-2.917916719;[0];-95.2500
-78.99204887;-2.917916283;[0];-95.3750
-78.99180606;-2.917915848;[0];-95.4375
-78.99156326;-2.917915412;[0];-95.5625
-78.99132046;-2.917914976;[0];-95.6875
-78.99107765;-2.91791454;[0];-95.8750
-78.99083485;-2.917914104;[0];-96.0000
-78.99059204;-2.917913668;[0];-96.1250
-78.99034924;-2.917913232;[0];-96.2500
-78.99010643;-2.917912796;[0];-96.3750
-78.98986363;-2.91791236;[0];-96.5000
-78.98962083;-2.917911924;[0];-96.6250
-78.98937802;-2.917911488;[0];-96.7500
-78.98913522;-2.917911051;[0];-96.9375
-78.98889241;-2.917910615;[0];-97.1250
-78.98864961;-2.917910179;[0];-97.2500
-78.98840681;-2.917909742;[0];-97.3750
-78.98816400;-2.917909306;[0];-97.5000
-78.98792120;-2.917908869;[0];-97.6250
-78.98767840;-2.917908433;[0];-97.7500
-78.98743559;-2.917907996;[0];-97.8750
-78.98719279;-2.917907559;[0];-98.0000
-78.98694998;-2.917907122;[0];-98.1875
-78.98670718;-2.917906686;[0];-98.3125
-78.98646438;-2.917906249;[0];-98.5000
-78.98622157;-2.917905812;[0];-98.6250
-78.98597877;-2.917905375;[0];-98.7500
-78.98573597;-2.917904938;[0];-98.8750
-78.98549316;-2.917904501;[0];-99.0000
-78.98525036;-2.917904064;[0];-99.0625
-78.98500756;-2.917903626;[0];-99.2500
-78.98476475;-2.917903189;[0];-99.3750
-78.98452195;-2.917902752;[0];-99.5625
-78.98427915;-2.917902315;[0];-99.6875
-78.98403634;-2.917901877;[0];-99.8750
-78.98379354;-2.91790144;[0];-100.0000
-78.98355074;-2.917901002;[0];-100.1250
-78.98330793;-2.917900565;[0];-100.3125
-78.98306513;-2.917900127;[0];-100.4375
-78.98282233;-2.917899689;[0];-100.5625
-78.98257952;-2.917899252;[0];-100.6875
-78.98233672;-2.917898814;[0];-100.8125
-78.98209392;-2.917898376;[0];-100.9375
-78.98185112;-2.917897938;[0];-101.0625
-78.98160831;-2.9178975;[0];-101.2500
-78.98136551;-2.917897062;[0];-101.3750
-78.98112271;-2.917896624;[0];-101.5000
-78.98087990;-2.917896186;[0];-101.6250
-78.9806371;-2.917895748;[0];-101.8125
-78.98039430;-2.91789531;[0];-101.9375
-79.00904570;-2.91770253;[0];-101.8750
-79.00880289;-2.917702098;[0];-101.5625
-79.00856008;-2.917701666;[0];-101.1875
-79.00831728;-2.917701234;[0];-100.8750
-79.00807447;-2.917700802;[0];-100.6250
-79.00783166;-2.91770037;[0];-100.1875
-79.00758886;-2.917699937;[0];-99.8125
-79.00734605;-2.917699505;[0];-99.5625
-79.00710324;-2.917699073;[0];-99.2500
-79.00686044;-2.91769864;[0];-98.9375
-79.00661763;-2.917698208;[0];-98.5625
-79.00637482;-2.917697775;[0];-98.2500
-79.00613202;-2.917697343;[0];-98.0000
-79.00588921;-2.91769691;[0];-97.6875
-79.00564640;-2.917696477;[0];-97.3750
-79.00540360;-2.917696045;[0];-97.1875
-79.00516079;-2.917695612;[0];-96.8750
-79.00491799;-2.917695179;[0];-96.6250
-79.00467518;-2.917694746;[0];-96.3750
-79.00443237;-2.917694313;[0];-96.1250
-79.00418957;-2.91769388;[0];-95.8750
-79.00394676;-2.917693447;[0];-95.6875
-79.00370395;-2.917693014;[0];-95.3750
-79.00346115;-2.917692581;[0];-95.1875
-79.00321834;-2.917692148;[0];-95.0000
-79.00297554;-2.917691715;[0];-94.7500
-79.00273273;-2.917691281;[0];-94.6250
-79.00248992;-2.917690848;[0];-94.4375
-79.00224712;-2.917690414;[0];-94.3125
-79.00200431;-2.917689981;[0];-94.1250
-79.00176151;-2.917689547;[0];-94.0000
-79.0015187;-2.917689114;[0];-93.8750
-79.00127589;-2.91768868;[0];-93.7500
-79.00103309;-2.917688247;[0];-93.6250
-79.00079028;-2.917687813;[0];-93.5625
-79.00054748;-2.917687379;[0];-93.5000
-79.00030467;-2.917686945;[0];-93.3750
-79.00006187;-2.917686511;[0];-93.3750
-78.99981906;-2.917686077;[0];-93.2500
-78.99957626;-2.917685643;[0];-93.2500
-78.99933345;-2.917685209;[0];-93.1875
-78.99909064;-2.917684775;[0];-93.1250
-78.99884784;-2.917684341;[0];-93.1875
-78.99860503;-2.917683907;[0];-93.1250
-78.99836223;-2.917683473;[0];-93.1250
-78.99811942;-2.917683038;[0];-93.1250
-78.99787662;-2.917682604;[0];-93.1875
-78.99763381;-2.91768217;[0];-93.1875
-78.99739101;-2.917681735;[0];-93.2500
-78.99714820;-2.917681301;[0];-93.2500
-78.99690540;-2.917680866;[0];-93.2500
-78.99666259;-2.917680431;[0];-93.3750
-78.99641979;-2.917679997;[0];-93.3750
-78.99617698;-2.917679562;[0];-93.4375
-78.99593418;-2.917679127;[0];-93.5000
-78.99569137;-2.917678692;[0];-93.5625
-78.99544857;-2.917678258;[0];-93.6875
-78.99520576;-2.917677823;[0];-93.8125
-78.99496296;-2.917677388;[0];-93.8750
-78.99472015;-2.917676953;[0];-93.9375
-78.99447735;-2.917676518;[0];-94.0625
-78.99423454;-2.917676082;[0];-94.1250
-78.99399174;-2.917675647;[0];-94.2500
-78.99374893;-2.917675212;[0];-94.3750
-78.99350613;-2.917674777;[0];-94.5000
-78.99326332;-2.917674341;[0];-94.5625
-78.99302052;-2.917673906;[0];-94.6875
-78.99277772;-2.91767347;[0];-94.8125
-78.99253491;-2.917673035;[0];-94.9375
-78.99229211;-2.917672599;[0];-95.0625
-78.99204930;-2.917672164;[0];-95.1875
-78.99180650;-2.917671728;[0];-95.3125
-78.99156369;-2.917671292;[0];-95.4375
-78.99132089;-2.917670857;[0];-95.5625
-78.99107808;-2.917670421;[0];-95.6875
-78.99083528;-2.917669985;[0];-95.8750
-78.99059248;-2.917669549;[0];-96.0000
-78.99034967;-2.917669113;[0];-96.1250
-78.99010687;-2.917668677;[0];-96.2500
-78.98986406;-2.917668241;[0];-96.3750
-78.98962126;-2.917667805;[0];-96.5000
-78.98937846;-2.917667368;[0];-96.6875
-78.98913565;-2.917666932;[0];-96.8750
-78.98889285;-2.917666496;[0];-97.0000
-78.98865004;-2.91766606;[0];-97.1250
-78.98840724;-2.917665623;[0];-97.2500
-78.98816444;-2.917665187;[0];-97.3750
-78.98792163;-2.91766475;[0];-97.5000
-78.98767883;-2.917664314;[0];-97.6250
-78.98743603;-2.917663877;[0];-97.7500
-78.98719322;-2.91766344;[0];-97.9375
-78.98695042;-2.917663004;[0];-98.1250
-78.98670761;-2.917662567;[0];-98.2500
-78.98646481;-2.91766213;[0];-98.3750
-78.98622201;-2.917661693;[0];-98.5000
-78.98597920;-2.917661256;[0];-98.6250
-78.9857364;-2.917660819;[0];-98.7500
-78.98549360;-2.917660382;[0];-98.8750
-78.98525079;-2.917659945;[0];-99.0000
-78.98500799;-2.917659508;[0];-99.1875
-78.98476519;-2.917659071;[0];-99.3125
-78.98452238;-2.917658633;[0];-99.5000
-78.98427958;-2.917658196;[0];-99.6250
-78.98403678;-2.917657759;[0];-99.8125
-78.98379397;-2.917657321;[0];-99.9375
-78.98355117;-2.917656884;[0];-100.1250
-78.98330837;-2.917656446;[0];-100.2500
-78.98306557;-2.917656009;[0];-100.3750
-78.98282276;-2.917655571;[0];-100.5000
-78.98257996;-2.917655134;[0];-100.6250
-78.98233716;-2.917654696;[0];-100.7500
-78.98209435;-2.917654258;[0];-100.8750
-78.98185155;-2.91765382;[0];-101.0625
-78.98160875;-2.917653382;[0];-101.1875
-78.98136594;-2.917652944;[0];-101.3125
-78.98112314;-2.917652506;[0];-101.5000
-78.98088034;-2.917652068;[0];-101.6250
-78.98063754;-2.91765163;[0];-101.7500
-78.98039473;-2.917651192;[0];-101.8750
-78.98015193;-2.917650754;[0];-102.0000
-79.00904613;-2.917458408;[0];-101.7500
-79.00880332;-2.917457976;[0];-101.3750
-79.00856051;-2.917457544;[0];-101.0625
-79.00831771;-2.917457112;[0];-100.6875
-79.0080749;-2.91745668;[0];-100.4375
-79.00783209;-2.917456248;[0];-100.0000
-79.00758929;-2.917455815;[0];-99.6250
-79.00734648;-2.917455383;[0];-99.3750
-79.00710367;-2.917454951;[0];-99.0625
-79.00686087;-2.917454518;[0];-98.7500
-79.00661806;-2.917454086;[0];-98.3750
-79.00637525;-2.917453653;[0];-98.0625
-79.00613245;-2.917453221;[0];-97.8125
-79.00588964;-2.917452788;[0];-97.5000
-79.00564683;-2.917452356;[0];-97.1875
-79.00540403;-2.917451923;[0];-96.9375
-79.00516122;-2.91745149;[0];-96.6250
-79.00491842;-2.917451057;[0];-96.3750
-79.00467561;-2.917450625;[0];-96.1250
-79.00443280;-2.917450192;[0];-95.8750
-79.00419000;-2.917449759;[0];-95.5625
-79.00394719;-2.917449326;[0];-95.3750
-79.00370438;-2.917448893;[0];-95.1250
-79.00346158;-2.91744846;[0];-94.9375
-79.00321877;-2.917448026;[0];-94.7500
-79.00297597;-2.917447593;[0];-94.5000
-79.00273316;-2.91744716;[0];-94.3125
-79.00249036;-2.917446727;[0];-94.1250
-79.00224755;-2.917446293;[0];-94.0000
-79.00200474;-2.91744586;[0];-93.8750
-79.00176194;-2.917445426;[0];-93.6875
-79.00151913;-2.917444993;[0];-93.5625
-79.00127633;-2.917444559;[0];-93.4375
-79.00103352;-2.917444126;[0];-93.3125
-79.00079071;-2.917443692;[0];-93.3125
-79.00054791;-2.917443258;[0];-93.1875
-79.00030510;-2.917442824;[0];-93.0625
-79.00006230;-2.917442391;[0];-93.0625
-78.99981949;-2.917441957;[0];-93.0000
-78.99957669;-2.917441523;[0];-92.9375
-78.99933388;-2.917441089;[0];-92.8750
-78.99909108;-2.917440655;[0];-92.8750
-78.99884827;-2.917440221;[0];-92.8750
-78.99860547;-2.917439786;[0];-92.8750
-78.99836266;-2.917439352;[0];-92.8750
-78.99811985;-2.917438918;[0];-92.8750
-78.99787705;-2.917438484;[0];-92.8750
-78.99763424;-2.917438049;[0];-92.9375
-78.99739144;-2.917437615;[0];-93.0000
-78.99714863;-2.91743718;[0];-92.9375
-78.99690583;-2.917436746;[0];-93.0000
-78.99666302;-2.917436311;[0];-93.1250
-78.99642022;-2.917435877;[0];-93.1875
-78.99617741;-2.917435442;[0];-93.1875
-78.99593461;-2.917435007;[0];-93.2500
-78.99569180;-2.917434572;[0];-93.3750
-78.99544900;-2.917434137;[0];-93.5000
-78.99520619;-2.917433703;[0];-93.5625
-78.99496339;-2.917433268;[0];-93.6250
-78.99472059;-2.917432833;[0];-93.7500
-78.99447778;-2.917432398;[0];-93.8750
-78.99423498;-2.917431962;[0];-93.9375
-78.99399217;-2.917431527;[0];-94.0625
-78.99374937;-2.917431092;[0];-94.1875
-78.99350656;-2.917430657;[0];-94.2500
-78.99326376;-2.917430221;[0];-94.3750
-78.99302095;-2.917429786;[0];-94.5000
-78.99277815;-2.917429351;[0];-94.6875
-78.99253534;-2.917428915;[0];-94.8125
-78.99229254;-2.91742848;[0];-94.8750
-78.99204974;-2.917428044;[0];-95.0000
-78.99180693;-2.917427608;[0];-95.1250
-78.99156413;-2.917427173;[0];-95.3125
-78.99132132;-2.917426737;[0];-95.4375
-78.99107852;-2.917426301;[0];-95.5625
-78.99083571;-2.917425865;[0];-95.7500
-78.99059291;-2.917425429;[0];-95.8750
-78.99035011;-2.917424994;[0];-96.0000
-78.99010730;-2.917424558;[0];-96.1250
-78.98986450;-2.917424121;[0];-96.2500
-78.98962169;-2.917423685;[0];-96.4375
-78.98937889;-2.917423249;[0];-96.6250
-78.98913609;-2.917422813;[0];-96.7500
-78.98889328;-2.917422377;[0];-96.8750
-78.98865048;-2.91742194;[0];-97.0000
-78.98840767;-2.917421504;[0];-97.1250
-78.98816487;-2.917421068;[0];-97.2500
-78.98792207;-2.917420631;[0];-97.3750
-78.98767926;-2.917420195;[0];-97.5000
-78.98743646;-2.917419758;[0];-97.6875
-78.98719366;-2.917419321;[0];-97.8750
-78.98695085;-2.917418885;[0];-98.0000
-78.98670805;-2.917418448;[0];-98.1250
-78.98646525;-2.917418011;[0];-98.2500
-78.98622244;-2.917417574;[0];-98.3750
-78.98597964;-2.917417137;[0];-98.5000
-78.98573684;-2.9174167;[0];-98.6875
-78.98549403;-2.917416263;[0];-98.8125
-78.98525123;-2.917415826;[0];-99.0000
-78.98500843;-2.917415389;[0];-99.1250
-78.98476562;-2.917414952;[0];-99.3125
-78.98452282;-2.917414515;[0];-99.4375
-78.98428002;-2.917414078;[0];-99.6250
-78.98403721;-2.91741364;[0];-99.7500
-78.98379441;-2.917413203;[0];-99.9375
-78.98355161;-2.917412766;[0];-100.0625
-78.98330880;-2.917412328;[0];-100.1875
-78.983066;-2.917411891;[0];-100.3125
-78.98282320;-2.917411453;[0];-100.4375
-78.98258039;-2.917411015;[0];-100.5625
-78.98233759;-2.917410578;[0];-100.6875
-78.98209479;-2.91741014;[0];-100.8750
-78.98185199;-2.917409702;[0];-101.0000
-78.98160918;-2.917409264;[0];-101.1250
-78.98136638;-2.917408826;[0];-101.3125
-78.98112358;-2.917408388;[0];-101.4375
-78.98088078;-2.91740795;[0];-101.5625
-78.98063797;-2.917407512;[0];-101.7500
-78.98039517;-2.917407074;[0];-101.8750
-78.98015237;-2.917406636;[0];-102.0000
-79.00928936;-2.917214718;[0];-101.9375
-79.00904656;-2.917214286;[0];-101.6250
-79.00880375;-2.917213854;[0];-101.2500
-79.00856094;-2.917213422;[0];-100.8750
-79.00831814;-2.91721299;[0];-100.5000
-79.00807533;-2.917212558;[0];-100.2500
-79.00783252;-2.917212126;[0];-99.8750
-79.00758972;-2.917211693;[0];-99.4375
-79.00734691;-2.917211261;[0];-99.1875
-79.00710410;-2.917210829;[0];-98.8750
-79.00686130;-2.917210397;[0];-98.5000
-79.00661849;-2.917209964;[0];-98.1875
-79.00637568;-2.917209532;[0];-97.8125
-79.00613288;-2.917209099;[0];-97.5625
-79.00589007;-2.917208667;[0];-97.2500
-79.00564726;-2.917208234;[0];-96.9375
-79.00540446;-2.917207801;[0];-96.6875
-79.00516165;-2.917207369;[0];-96.3750
-79.00491885;-2.917206936;[0];-96.1250
-79.00467604;-2.917206503;[0];-95.8125
-79.00443323;-2.91720607;[0];-95.6250
-79.00419043;-2.917205637;[0];-95.3125
-79.00394762;-2.917205204;[0];-95.1250
-79.00370482;-2.917204771;[0];-94.8125
-79.00346201;-2.917204338;[0];-94.6250
-79.00321920;-2.917203905;[0];-94.4375
-79.00297640;-2.917203472;[0];-94.1875
-79.00273359;-2.917203039;[0];-94.0000
-79.00249079;-2.917202605;[0];-93.8750
-79.00224798;-2.917202172;[0];-93.6875
-79.00200517;-2.917201739;[0];-93.5625
-79.00176237;-2.917201305;[0];-93.3750
-79.00151956;-2.917200872;[0];-93.2500
-79.00127676;-2.917200438;[0];-93.1250
-79.00103395;-2.917200005;[0];-93.0625
-79.00079115;-2.917199571;[0];-93.0000
-79.00054834;-2.917199137;[0];-92.8750
-79.00030554;-2.917198704;[0];-92.8125
-79.00006273;-2.91719827;[0];-92.7500
-78.99981992;-2.917197836;[0];-92.6875
-78.99957712;-2.917197402;[0];-92.6875
-78.99933431;-2.917196968;[0];-92.6250
-78.99909151;-2.917196534;[0];-92.6250
-78.99884870;-2.9171961;[0];-92.6250
-78.99860590;-2.917195666;[0];-92.5625
-78.99836309;-2.917195232;[0];-92.5625
-78.99812029;-2.917194797;[0];-92.6250
-78.99787748;-2.917194363;[0];-92.6250
-78.99763468;-2.917193929;[0];-92.6875
-78.99739187;-2.917193494;[0];-92.6875
-78.99714907;-2.91719306;[0];-92.6875
-78.99690626;-2.917192625;[0];-92.8125
-78.99666346;-2.917192191;[0];-92.8750
-78.99642065;-2.917191756;[0];-92.9375
-78.99617785;-2.917191322;[0];-93.0000
-78.99593504;-2.917190887;[0];-93.0625
-78.99569224;-2.917190452;[0];-93.1875
-78.99544943;-2.917190017;[0];-93.2500
-78.99520663;-2.917189582;[0];-93.3125
-78.99496382;-2.917189148;[0];-93.4375
-78.99472102;-2.917188713;[0];-93.5625
-78.99447821;-2.917188278;[0];-93.6250
-78.99423541;-2.917187842;[0];-93.7500
-78.99399260;-2.917187407;[0];-93.8750
-78.99374980;-2.917186972;[0];-94.0000
-78.99350700;-2.917186537;[0];-94.0625
-78.99326419;-2.917186102;[0];-94.2500
-78.99302139;-2.917185666;[0];-94.3750
-78.99277858;-2.917185231;[0];-94.5000
-78.99253578;-2.917184795;[0];-94.6250
-78.99229297;-2.91718436;[0];-94.6875
-78.99205017;-2.917183924;[0];-94.8750
-78.99180736;-2.917183489;[0];-95.0000
-78.99156456;-2.917183053;[0];-95.1875
-78.99132176;-2.917182617;[0];-95.3125
-78.99107895;-2.917182182;[0];-95.4375
-78.99083615;-2.917181746;[0];-95.5625
-78.99059334;-2.91718131;[0];-95.6875
-78.99035054;-2.917180874;[0];-95.8750
-78.99010774;-2.917180438;[0];-96.0000
-78.98986493;-2.917180002;[0];-96.1875
-78.98962213;-2.917179566;[0];-96.3750
-78.98937932;-2.91717913;[0];-96.5000
-78.98913652;-2.917178694;[0];-96.6250
-78.98889372;-2.917178258;[0];-96.7500
-78.98865091;-2.917177821;[0];-96.8750
-78.98840811;-2.917177385;[0];-97.0000
-78.98816531;-2.917176949;[0];-97.1250
-78.98792250;-2.917176512;[0];-97.3125
-78.98767970;-2.917176076;[0];-97.4375
-78.98743689;-2.917175639;[0];-97.6250
-78.98719409;-2.917175202;[0];-97.7500
-78.98695129;-2.917174766;[0];-97.8750
-78.98670848;-2.917174329;[0];-98.0000
-78.98646568;-2.917173892;[0];-98.1250
-78.98622288;-2.917173456;[0];-98.3125
-78.98598007;-2.917173019;[0];-98.4375
-78.98573727;-2.917172582;[0];-98.6250
-78.98549447;-2.917172145;[0];-98.7500
-78.98525166;-2.917171708;[0];-98.9375
-78.98500886;-2.917171271;[0];-99.0625
-78.98476606;-2.917170834;[0];-99.2500
-78.98452325;-2.917170396;[0];-99.4375
-78.98428045;-2.917169959;[0];-99.5625
-78.98403765;-2.917169522;[0];-99.7500
-78.98379484;-2.917169085;[0];-99.8750
-78.98355204;-2.917168647;[0];-99.9375
-78.98330924;-2.91716821;[0];-100.0625
-78.98306644;-2.917167772;[0];-100.2500
-78.98282363;-2.917167335;[0];-100.3750
-78.98258083;-2.917166897;[0];-100.5625
-78.98233803;-2.917166459;[0];-100.6875
-78.98209522;-2.917166022;[0];-100.8125
-78.98185242;-2.917165584;[0];-101.0000
-78.98160962;-2.917165146;[0];-101.1250
-78.98136682;-2.917164708;[0];-101.2500
-78.98112401;-2.91716427;[0];-101.4375
-78.98088121;-2.917163832;[0];-101.5625
-78.98063841;-2.917163394;[0];-101.6875
-78.98039561;-2.917162956;[0];-101.8125
-78.98015280;-2.917162518;[0];-102.0000
-79.00928979;-2.916970595;[0];-101.8125
-79.00904699;-2.916970163;[0];-101.4375
-79.00880418;-2.916969732;[0];-101.0625
-79.00856137;-2.9169693;[0];-100.7500
-79.00831857;-2.916968868;[0];-100.3750
-79.00807576;-2.916968436;[0];-100.0000
-79.00783295;-2.916968004;[0];-99.7500
-79.00759015;-2.916967571;[0];-99.3125
-79.00734734;-2.916967139;[0];-98.9375
-79.00710453;-2.916966707;[0];-98.6875
-79.00686173;-2.916966275;[0];-98.3125
-79.00661892;-2.916965842;[0];-97.9375
-79.00637611;-2.91696541;[0];-97.6250
-79.00613331;-2.916964977;[0];-97.3125
-79.00589050;-2.916964545;[0];-97.0000
-79.00564770;-2.916964112;[0];-96.6875
-79.00540489;-2.91696368;[0];-96.4375
-79.00516208;-2.916963247;[0];-96.1250
-79.00491928;-2.916962814;[0];-95.8750
-79.00467647;-2.916962382;[0];-95.5625
-79.00443366;-2.916961949;[0];-95.3125
-79.00419086;-2.916961516;[0];-95.0625
-79.00394805;-2.916961083;[0];-94.8125
-79.00370525;-2.91696065;[0];-94.5625
-79.00346244;-2.916960217;[0];-94.3750
-79.00321963;-2.916959784;[0];-94.1250
-79.00297683;-2.916959351;[0];-93.8750
-79.00273402;-2.916958917;[0];-93.7500
-79.00249122;-2.916958484;[0];-93.5625
-79.00224841;-2.916958051;[0];-93.3750
-79.00200561;-2.916957618;[0];-93.2500
-79.00176280;-2.916957184;[0];-93.1250
-79.00151999;-2.916956751;[0];-92.9375
-79.00127719;-2.916956317;[0];-92.8125
-79.00103438;-2.916955884;[0];-92.7500
-79.00079158;-2.91695545;[0];-92.6875
-79.00054877;-2.916955016;[0];-92.5625
-79.00030597;-2.916954583;[0];-92.5000
-79.00006316;-2.916954149;[0];-92.4375
-78.99982036;-2.916953715;[0];-92.4375
-78.99957755;-2.916953281;[0];-92.3750
-78.99933474;-2.916952847;[0];-92.3125
-78.99909194;-2.916952413;[0];-92.3750
-78.99884913;-2.916951979;[0];-92.3125
-78.99860633;-2.916951545;[0];-92.3125
-78.99836352;-2.916951111;[0];-92.3125
-78.99812072;-2.916950677;[0];-92.3750
-78.99787791;-2.916950243;[0];-92.3750
-78.99763511;-2.916949808;[0];-92.4375
-78.99739230;-2.916949374;[0];-92.3750
-78.99714950;-2.916948939;[0];-92.5000
-78.99690669;-2.916948505;[0];-92.5625
-78.99666389;-2.91694807;[0];-92.6250
-78.99642108;-2.916947636;[0];-92.6875
-78.99617828;-2.916947201;[0];-92.7500
-78.99593547;-2.916946767;[0];-92.8750
-78.99569267;-2.916946332;[0];-92.9375
-78.99544986;-2.916945897;[0];-93.0000
-78.99520706;-2.916945462;[0];-93.0625
-78.99496426;-2.916945027;[0];-93.2500
-78.99472145;-2.916944593;[0];-93.3125
-78.99447865;-2.916944158;[0];-93.4375
-78.99423584;-2.916943722;[0];-93.5625
-78.99399304;-2.916943287;[0];-93.6875
-78.99375023;-2.916942852;[0];-93.7500
-78.99350743;-2.916942417;[0];-93.9375
-78.99326462;-2.916941982;[0];-94.0625
-78.99302182;-2.916941547;[0];-94.1875
-78.99277901;-2.916941111;[0];-94.3125
-78.99253621;-2.916940676;[0];-94.4375
-78.99229341;-2.91694024;[0];-94.5625
-78.99205060;-2.916939805;[0];-94.6875
-78.99180780;-2.916939369;[0];-94.8750
-78.99156499;-2.916938934;[0];-95.0000
-78.99132219;-2.916938498;[0];-95.1875
-78.99107939;-2.916938062;[0];-95.3125
-78.99083658;-2.916937626;[0];-95.4375
-78.99059378;-2.916937191;[0];-95.5625
-78.99035097;-2.916936755;[0];-95.7500
-78.99010817;-2.916936319;[0];-95.9375
-78.98986537;-2.916935883;[0];-96.0625
-78.98962256;-2.916935447;[0];-96.1875
-78.98937976;-2.916935011;[0];-96.3750
-78.98913695;-2.916934575;[0];-96.5000
-78.98889415;-2.916934138;[0];-96.6250
-78.98865135;-2.916933702;[0];-96.7500
-78.98840854;-2.916933266;[0];-96.8750
-78.98816574;-2.916932829;[0];-97.0625
-78.98792294;-2.916932393;[0];-97.2500
-78.98768013;-2.916931957;[0];-97.3750
-78.98743733;-2.91693152;[0];-97.5000
-78.98719452;-2.916931084;[0];-97.6250
-78.98695172;-2.916930647;[0];-97.8125
-78.98670892;-2.91693021;[0];-97.9375
-78.98646611;-2.916929774;[0];-98.0625
-78.98622331;-2.916929337;[0];-98.2500
-78.98598051;-2.9169289;[0];-98.3750
-78.98573770;-2.916928463;[0];-98.5625
-78.98549490;-2.916928026;[0];-98.7500
-78.98525210;-2.916927589;[0];-98.8750
-78.98500929;-2.916927152;[0];-99.0625
-78.98476649;-2.916926715;[0];-99.1875
-78.98452369;-2.916926278;[0];-99.3750
-78.98428089;-2.916925841;[0];-99.5000
-78.98403808;-2.916925403;[0];-99.6250
-78.98379528;-2.916924966;[0];-99.7500
-78.98355248;-2.916924529;[0];-99.8750
-78.98330967;-2.916924091;[0];-100.0625
-78.98306687;-2.916923654;[0];-100.1875
-78.98282407;-2.916923216;[0];-100.3750
-78.98258127;-2.916922779;[0];-100.5000
-78.98233846;-2.916922341;[0];-100.6250
-78.98209566;-2.916921904;[0];-100.8125
-78.98185286;-2.916921466;[0];-100.9375
-78.98161005;-2.916921028;[0];-101.0625
-78.98136725;-2.91692059;[0];-101.2500
-78.98112445;-2.916920152;[0];-101.3750
-78.98088165;-2.916919714;[0];-101.5000
-78.98063884;-2.916919277;[0];-101.6875
-78.98039604;-2.916918838;[0];-101.8125
-78.98015324;-2.9169184;[0];-101.9375
-79.00929022;-2.916726473;[0];-101.6875
-79.00904742;-2.916726041;[0];-101.3125
-79.00880461;-2.916725609;[0];-100.9375
-79.00856180;-2.916725178;[0];-100.5625
-79.00831900;-2.916724746;[0];-100.1875
-79.00807619;-2.916724314;[0];-99.8125
-79.00783338;-2.916723882;[0];-99.5625
-79.00759058;-2.916723449;[0];-99.1250
-79.00734777;-2.916723017;[0];-98.7500
-79.00710496;-2.916722585;[0];-98.4375
-79.00686216;-2.916722153;[0];-98.1250
-79.00661935;-2.91672172;[0];-97.7500
-79.00637654;-2.916721288;[0];-97.3750
-79.00613374;-2.916720856;[0];-97.0625
-79.00589093;-2.916720423;[0];-96.8125
-79.00564813;-2.916719991;[0];-96.4375
-79.00540532;-2.916719558;[0];-96.1250
-79.00516251;-2.916719125;[0];-95.8750
-79.00491971;-2.916718693;[0];-95.6250
-79.0046769;-2.91671826;[0];-95.3125
-79.00443409;-2.916717827;[0];-95.0625
-79.00419129;-2.916717394;[0];-94.7500
-79.00394848;-2.916716962;[0];-94.5625
-79.00370568;-2.916716529;[0];-94.2500
-79.00346287;-2.916716096;[0];-94.0625
-79.00322007;-2.916715663;[0];-93.8125
-79.00297726;-2.916715229;[0];-93.5625
-79.00273445;-2.916714796;[0];-93.4375
-79.00249165;-2.916714363;[0];-93.2500
-79.00224884;-2.91671393;[0];-93.0625
-79.00200604;-2.916713496;[0];-92.9375
-79.00176323;-2.916713063;[0];-92.8125
-79.00152043;-2.91671263;[0];-92.6250
-79.00127762;-2.916712196;[0];-92.5000
-79.00103481;-2.916711763;[0];-92.5000
-79.00079201;-2.916711329;[0];-92.3750
-79.00054920;-2.916710895;[0];-92.2500
-79.00030640;-2.916710462;[0];-92.2500
-79.00006359;-2.916710028;[0];-92.1250
-78.99982079;-2.916709594;[0];-92.1250
-78.99957798;-2.91670916;[0];-92.0625
-78.99933518;-2.916708726;[0];-92.0625
-78.99909237;-2.916708293;[0];-92.0625
-78.99884957;-2.916707859;[0];-92.0000
-78.99860676;-2.916707424;[0];-92.0000
-78.99836396;-2.91670699;[0];-92.0625
-78.99812115;-2.916706556;[0];-92.0625
-78.99787835;-2.916706122;[0];-92.1250
-78.99763554;-2.916705688;[0];-92.1250
-78.99739274;-2.916705253;[0];-92.1250
-78.99714993;-2.916704819;[0];-92.2500
-78.99690713;-2.916704385;[0];-92.3125
-78.99666432;-2.91670395;[0];-92.3750
-78.99642152;-2.916703516;[0];-92.4375
-78.99617871;-2.916703081;[0];-92.5000
-78.99593591;-2.916702646;[0];-92.6250
-78.99569310;-2.916702212;[0];-92.6875
-78.99545030;-2.916701777;[0];-92.7500
-78.99520749;-2.916701342;[0];-92.8750
-78.99496469;-2.916700907;[0];-93.0000
-78.99472188;-2.916700472;[0];-93.1250
-78.99447908;-2.916700038;[0];-93.2500
-78.99423627;-2.916699603;[0];-93.3750
-78.99399347;-2.916699167;[0];-93.4375
-78.99375067;-2.916698732;[0];-93.6250
-78.99350786;-2.916698297;[0];-93.7500
-78.99326506;-2.916697862;[0];-93.8750
-78.99302225;-2.916697427;[0];-94.0000
-78.99277945;-2.916696991;[0];-94.1250
-78.99253664;-2.916696556;[0];-94.2500
-78.99229384;-2.916696121;[0];-94.4375
-78.99205104;-2.916695685;[0];-94.5625
-78.99180823;-2.91669525;[0];-94.7500
-78.99156543;-2.916694814;[0];-94.8750
-78.99132262;-2.916694378;[0];-95.0000
-78.99107982;-2.916693943;[0];-95.1250
-78.99083701;-2.916693507;[0];-95.3125
-78.99059421;-2.916693071;[0];-95.4375
-78.99035141;-2.916692635;[0];-95.6250
-78.99010860;-2.916692199;[0];-95.8125
-78.98986580;-2.916691764;[0];-95.9375
-78.98962300;-2.916691328;[0];-96.0625
-78.98938019;-2.916690891;[0];-96.2500
-78.98913739;-2.916690455;[0];-96.3750
-78.98889458;-2.916690019;[0];-96.5000
-78.98865178;-2.916689583;[0];-96.6250
-78.98840898;-2.916689147;[0];-96.8125
-78.98816617;-2.91668871;[0];-97.0000
-78.98792337;-2.916688274;[0];-97.1250
-78.98768057;-2.916687838;[0];-97.2500
-78.98743776;-2.916687401;[0];-97.4375
-78.98719496;-2.916686965;[0];-97.5625
-78.98695216;-2.916686528;[0];-97.6875
-78.98670935;-2.916686091;[0];-97.8125
-78.98646655;-2.916685655;[0];-98.0000
-78.98622375;-2.916685218;[0];-98.1875
-78.98598094;-2.916684781;[0];-98.3125
-78.98573814;-2.916684344;[0];-98.5000
-78.98549534;-2.916683907;[0];-98.6875
-78.98525253;-2.916683471;[0];-98.8125
-78.98500973;-2.916683034;[0];-99.0000
-78.98476693;-2.916682596;[0];-99.1875
-78.98452412;-2.916682159;[0];-99.3125
-78.98428132;-2.916681722;[0];-99.4375
-78.98403852;-2.916681285;[0];-99.5625
-78.98379571;-2.916680848;[0];-99.6875
-78.98355291;-2.91668041;[0];-99.8750
-78.98331011;-2.916679973;[0];-100.0000
-78.98306731;-2.916679536;[0];-100.1875
-78.98282450;-2.916679098;[0];-100.3125
-78.9825817;-2.916678661;[0];-100.4375
-78.98233890;-2.916678223;[0];-100.6250
-78.98209609;-2.916677785;[0];-100.7500
-78.98185329;-2.916677348;[0];-100.9375
-78.98161049;-2.91667691;[0];-101.0625
-78.98136769;-2.916676472;[0];-101.1875
-78.98112488;-2.916676034;[0];-101.3750
-78.98088208;-2.916675597;[0];-101.5000
-78.98063928;-2.916675159;[0];-101.6250
-78.98039648;-2.916674721;[0];-101.8125
-78.98015367;-2.916674283;[0];-101.9375
-79.00953346;-2.916482783;[0];-101.9375
-79.00929065;-2.916482351;[0];-101.5625
-79.00904785;-2.916481919;[0];-101.1875
-79.00880504;-2.916481487;[0];-100.8125
-79.00856223;-2.916481055;[0];-100.4375
-79.00831943;-2.916480624;[0];-100.0625
-79.00807662;-2.916480192;[0];-99.6875
-79.00783381;-2.91647976;[0];-99.3750
-79.00759101;-2.916479327;[0];-98.9375
-79.00734820;-2.916478895;[0];-98.5625
-79.00710539;-2.916478463;[0];-98.2500
-79.00686259;-2.916478031;[0];-97.8750
-79.00661978;-2.916477599;[0];-97.5625
-79.00637697;-2.916477166;[0];-97.1875
-79.00613417;-2.916476734;[0];-96.8125
-79.00589136;-2.916476302;[0];-96.5625
-79.00564856;-2.916475869;[0];-96.1875
-79.00540575;-2.916475436;[0];-95.8750
-79.00516294;-2.916475004;[0];-95.6250
-79.00492014;-2.916474571;[0];-95.3125
-79.00467733;-2.916474139;[0];-95.0000
-79.00443453;-2.916473706;[0];-94.7500
-79.00419172;-2.916473273;[0];-94.4375
-79.00394891;-2.91647284;[0];-94.2500
-79.00370611;-2.916472407;[0];-93.9375
-79.00346330;-2.916471974;[0];-93.7500
-79.00322050;-2.916471541;[0];-93.5000
-79.00297769;-2.916471108;[0];-93.3125
-79.00273488;-2.916470675;[0];-93.1250
-79.00249208;-2.916470242;[0];-92.9375
-79.00224927;-2.916469809;[0];-92.7500
-79.00200647;-2.916469375;[0];-92.6250
-79.00176366;-2.916468942;[0];-92.5000
-79.00152086;-2.916468509;[0];-92.3125
-79.00127805;-2.916468075;[0];-92.1875
-79.00103525;-2.916467642;[0];-92.1875
-79.00079244;-2.916467208;[0];-92.0625
-79.00054963;-2.916466775;[0];-91.9375
-79.00030683;-2.916466341;[0];-91.8750
-79.00006402;-2.916465907;[0];-91.8750
-78.99982122;-2.916465473;[0];-91.8125
-78.99957841;-2.91646504;[0];-91.7500
-78.99933561;-2.916464606;[0];-91.7500
-78.99909280;-2.916464172;[0];-91.7500
-78.99885000;-2.916463738;[0];-91.6875
-78.99860719;-2.916463304;[0];-91.7500
-78.99836439;-2.91646287;[0];-91.7500
-78.99812158;-2.916462436;[0];-91.8125
-78.99787878;-2.916462001;[0];-91.8125
-78.99763597;-2.916461567;[0];-91.8125
-78.99739317;-2.916461133;[0];-91.9375
-78.99715036;-2.916460699;[0];-92.0000
-78.99690756;-2.916460264;[0];-92.0625
-78.99666475;-2.91645983;[0];-92.1250
-78.99642195;-2.916459395;[0];-92.1875
-78.99617914;-2.916458961;[0];-92.3125
-78.99593634;-2.916458526;[0];-92.3750
-78.99569353;-2.916458092;[0];-92.4375
-78.99545073;-2.916457657;[0];-92.5625
-78.99520792;-2.916457222;[0];-92.6875
-78.99496512;-2.916456787;[0];-92.8125
-78.99472232;-2.916456352;[0];-92.9375
-78.99447951;-2.916455918;[0];-93.0625
-78.99423671;-2.916455483;[0];-93.1250
-78.99399390;-2.916455048;[0];-93.2500
-78.99375110;-2.916454612;[0];-93.4375
-78.99350829;-2.916454177;[0];-93.5625
-78.99326549;-2.916453742;[0];-93.6875
-78.99302268;-2.916453307;[0];-93.8125
-78.99277988;-2.916452872;[0];-93.9375
-78.99253708;-2.916452436;[0];-94.1250
-78.99229427;-2.916452001;[0];-94.2500
-78.99205147;-2.916451566;[0];-94.4375
-78.99180866;-2.91645113;[0];-94.5625
-78.99156586;-2.916450694;[0];-94.7500
-78.99132306;-2.916450259;[0];-94.8750
-78.99108025;-2.916449823;[0];-95.0000
-78.99083745;-2.916449388;[0];-95.1875
-78.99059464;-2.916448952;[0];-95.3750
-78.99035184;-2.916448516;[0];-95.5000
-78.99010904;-2.91644808;[0];-95.6875
-78.98986623;-2.916447644;[0];-95.8125
-78.98962343;-2.916447208;[0];-95.9375
-78.98938063;-2.916446772;[0];-96.0625
-78.98913782;-2.916446336;[0];-96.2500
-78.98889502;-2.9164459;[0];-96.3750
-78.98865221;-2.916445464;[0];-96.5625
-78.98840941;-2.916445028;[0];-96.7500
-78.98816661;-2.916444591;[0];-96.8750
-78.98792380;-2.916444155;[0];-97.0000
-78.987681;-2.916443719;[0];-97.1875
-78.98743820;-2.916443282;[0];-97.3125
-78.98719539;-2.916442846;[0];-97.4375
-78.98695259;-2.916442409;[0];-97.6250
-78.98670979;-2.916441973;[0];-97.7500
-78.98646698;-2.916441536;[0];-97.9375
-78.98622418;-2.916441099;[0];-98.1250
-78.98598138;-2.916440662;[0];-98.3125
-78.98573857;-2.916440226;[0];-98.4375
-78.98549577;-2.916439789;[0];-98.6250
-78.98525297;-2.916439352;[0];-98.8125
-78.98501016;-2.916438915;[0];-98.9375
-78.98476736;-2.916438478;[0];-99.0625
-78.98452456;-2.916438041;[0];-99.1875
-78.98428176;-2.916437604;[0];-99.3125
-78.98403895;-2.916437167;[0];-99.5000
-78.98379615;-2.916436729;[0];-99.6875
-78.98355335;-2.916436292;[0];-99.8125
-78.98331054;-2.916435855;[0];-100.0000
-78.98306774;-2.916435417;[0];-100.1250
-78.98282494;-2.91643498;[0];-100.2500
-78.98258214;-2.916434542;[0];-100.4375
-78.98233933;-2.916434105;[0];-100.5625
-78.98209653;-2.916433667;[0];-100.7500
-78.98185373;-2.91643323;[0];-100.8750
-78.98161092;-2.916432792;[0];-101.0625
-78.98136812;-2.916432354;[0];-101.1875
-78.98112532;-2.916431916;[0];-101.3125
-78.98088252;-2.916431479;[0];-101.5000
-78.98063972;-2.916431041;[0];-101.6250
-78.98039691;-2.916430603;[0];-101.7500
-78.98015411;-2.916430165;[0];-101.8750
-79.00953389;-2.91623866;[0];-101.8125
-79.00929108;-2.916238229;[0];-101.4375
-79.00904827;-2.916237797;[0];-101.0625
-79.00880547;-2.916237365;[0];-100.6250
-79.00856266;-2.916236933;[0];-100.2500
-79.00831986;-2.916236501;[0];-99.8750
-79.00807705;-2.91623607;[0];-99.5000
-79.00783424;-2.916235638;[0];-99.1250
-79.00759144;-2.916235206;[0];-98.8125
-79.00734863;-2.916234773;[0];-98.3750
-79.00710582;-2.916234341;[0];-98.0000
-79.00686302;-2.916233909;[0];-97.6875
-79.00662021;-2.916233477;[0];-97.3125
-79.00637740;-2.916233045;[0];-96.9375
-79.00613460;-2.916232612;[0];-96.5625
-79.00589179;-2.91623218;[0];-96.3125
-79.00564899;-2.916231747;[0];-95.9375
-79.00540618;-2.916231315;[0];-95.6250
-79.00516337;-2.916230882;[0];-95.3125
-79.00492057;-2.91623045;[0];-95.0625
-79.00467776;-2.916230017;[0];-94.7500
-79.00443496;-2.916229584;[0];-94.5000
-79.00419215;-2.916229151;[0];-94.1875
-79.00394934;-2.916228719;[0];-93.9375
-79.00370654;-2.916228286;[0];-93.6250
-79.00346373;-2.916227853;[0];-93.4375
-79.00322093;-2.91622742;[0];-93.1875
-79.00297812;-2.916226987;[0];-93.0000
-79.00273532;-2.916226554;[0];-92.8125
-79.00249251;-2.916226121;[0];-92.6250
-79.00224970;-2.916225687;[0];-92.4375
-79.00200690;-2.916225254;[0];-92.3125
-79.00176409;-2.916224821;[0];-92.1250
-79.00152129;-2.916224388;[0];-92.0000
-79.00127848;-2.916223954;[0];-91.9375
-79.00103568;-2.916223521;[0];-91.8125
-79.00079287;-2.916223087;[0];-91.6875
-79.00055007;-2.916222654;[0];-91.6875
-79.00030726;-2.91622222;[0];-91.5625
-79.00006446;-2.916221786;[0];-91.5625
-78.99982165;-2.916221353;[0];-91.5000
-78.99957884;-2.916220919;[0];-91.4375
-78.99933604;-2.916220485;[0];-91.5000
-78.99909323;-2.916220051;[0];-91.4375
-78.99885043;-2.916219617;[0];-91.4375
-78.99860762;-2.916219183;[0];-91.4375
-78.99836482;-2.916218749;[0];-91.5000
-78.99812201;-2.916218315;[0];-91.5000
-78.99787921;-2.916217881;[0];-91.5000
-78.99763640;-2.916217447;[0];-91.5625
-78.99739360;-2.916217013;[0];-91.6875
-78.99715079;-2.916216578;[0];-91.7500
-78.99690799;-2.916216144;[0];-91.7500
-78.99666519;-2.916215709;[0];-91.8125
-78.99642238;-2.916215275;[0];-92.0000
-78.99617958;-2.916214841;[0];-92.0625
-78.99593677;-2.916214406;[0];-92.1250
-78.99569397;-2.916213971;[0];-92.1875
-78.99545116;-2.916213537;[0];-92.3750
-78.99520836;-2.916213102;[0];-92.5000
-78.99496555;-2.916212667;[0];-92.5625
-78.99472275;-2.916212232;[0];-92.7500
-78.99447994;-2.916211798;[0];-92.8125
-78.99423714;-2.916211363;[0];-92.9375
-78.99399434;-2.916210928;[0];-93.1250
-78.99375153;-2.916210493;[0];-93.2500
-78.99350873;-2.916210057;[0];-93.3750
-78.99326592;-2.916209622;[0];-93.5000
-78.99302312;-2.916209187;[0];-93.6250
-78.99278031;-2.916208752;[0];-93.8125
-78.99253751;-2.916208317;[0];-93.9375
-78.99229471;-2.916207881;[0];-94.1250
-78.99205190;-2.916207446;[0];-94.3125
-78.99180910;-2.91620701;[0];-94.4375
-78.99156629;-2.916206575;[0];-94.5625
-78.99132349;-2.916206139;[0];-94.6875
-78.99108069;-2.916205704;[0];-94.8750
-78.99083788;-2.916205268;[0];-95.0625
-78.99059508;-2.916204832;[0];-95.2500
-78.99035227;-2.916204397;[0];-95.3750
-78.99010947;-2.916203961;[0];-95.5625
-78.98986667;-2.916203525;[0];-95.6875
-78.98962386;-2.916203089;[0];-95.8125
-78.98938106;-2.916202653;[0];-95.9375
-78.98913826;-2.916202217;[0];-96.1250
-78.98889545;-2.916201781;[0];-96.3125
-78.98865265;-2.916201345;[0];-96.5000
-78.98840984;-2.916200909;[0];-96.6250
-78.98816704;-2.916200472;[0];-96.7500
-78.98792424;-2.916200036;[0];-96.9375
-78.98768143;-2.9161996;[0];-97.0625
-78.98743863;-2.916199163;[0];-97.1875
-78.98719583;-2.916198727;[0];-97.3750
-78.98695302;-2.91619829;[0];-97.5625
-78.98671022;-2.916197854;[0];-97.7500
-78.98646742;-2.916197417;[0];-97.8750
-78.98622461;-2.91619698;[0];-98.0625
-78.98598181;-2.916196544;[0];-98.2500
-78.98573901;-2.916196107;[0];-98.4375
-78.98549620;-2.91619567;[0];-98.5625
-78.98525340;-2.916195233;[0];-98.6875
-78.98501060;-2.916194796;[0];-98.8125
-78.98476780;-2.916194359;[0];-99.0000
-78.98452499;-2.916193922;[0];-99.1250
-78.98428219;-2.916193485;[0];-99.3125
-78.98403939;-2.916193048;[0];-99.4375
-78.98379658;-2.916192611;[0];-99.6250
-78.98355378;-2.916192174;[0];-99.7500
-78.98331098;-2.916191736;[0];-99.9375
-78.98306818;-2.916191299;[0];-100.0625
-78.98282537;-2.916190862;[0];-100.2500
-78.98258257;-2.916190424;[0];-100.3750
-78.98233977;-2.916189987;[0];-100.5625
-78.98209697;-2.916189549;[0];-100.6875
-78.98185416;-2.916189112;[0];-100.8750
-78.98161136;-2.916188674;[0];-101.0000
-78.98136856;-2.916188236;[0];-101.1250
-78.98112576;-2.916187798;[0];-101.3125
-78.98088295;-2.916187361;[0];-101.4375
-78.98064015;-2.916186923;[0];-101.5625
-78.98039735;-2.916186485;[0];-101.7500
-78.98015455;-2.916186047;[0];-101.8750
-78.97991174;-2.916185609;[0];-102.0000
-79.00953432;-2.915994538;[0];-101.6875
-79.00929151;-2.915994106;[0];-101.3125
-79.00904870;-2.915993675;[0];-100.8750
-79.00880590;-2.915993243;[0];-100.5000
-79.00856309;-2.915992811;[0];-100.1250
-79.00832028;-2.915992379;[0];-99.6875
-79.00807748;-2.915991947;[0];-99.3125
-79.00783467;-2.915991516;[0];-98.9375
-79.00759187;-2.915991084;[0];-98.6250
-79.00734906;-2.915990651;[0];-98.1250
-79.00710625;-2.915990219;[0];-97.7500
-79.00686345;-2.915989787;[0];-97.5000
-79.00662064;-2.915989355;[0];-97.0625
-79.00637783;-2.915988923;[0];-96.6875
-79.00613503;-2.91598849;[0];-96.3125
-79.00589222;-2.915988058;[0];-96.0625
-79.00564942;-2.915987626;[0];-95.6875
-79.00540661;-2.915987193;[0];-95.3125
-79.00516380;-2.915986761;[0];-95.0625
-79.00492100;-2.915986328;[0];-94.7500
-79.00467819;-2.915985895;[0];-94.4375
-79.00443539;-2.915985463;[0];-94.1875
-79.00419258;-2.91598503;[0];-93.8750
-79.00394977;-2.915984597;[0];-93.6250
-79.00370697;-2.915984164;[0];-93.3750
-79.00346416;-2.915983732;[0];-93.1250
-79.00322136;-2.915983299;[0];-92.8750
-79.00297855;-2.915982866;[0];-92.6875
-79.00273575;-2.915982433;[0];-92.5000
-79.00249294;-2.915981999;[0];-92.3125
-79.00225013;-2.915981566;[0];-92.1250
-79.00200733;-2.915981133;[0];-92.0000
-79.00176452;-2.9159807;[0];-91.8125
-79.00152172;-2.915980266;[0];-91.6875
-79.00127891;-2.915979833;[0];-91.6250
-79.00103611;-2.9159794;[0];-91.5000
-79.00079330;-2.915978966;[0];-91.3750
-79.00055050;-2.915978533;[0];-91.3750
-79.00030769;-2.915978099;[0];-91.2500
-79.00006489;-2.915977665;[0];-91.2500
-78.99982208;-2.915977232;[0];-91.1875
-78.99957928;-2.915976798;[0];-91.1875
-78.99933647;-2.915976364;[0];-91.1875
-78.99909367;-2.91597593;[0];-91.1250
-78.99885086;-2.915975497;[0];-91.1250
-78.99860806;-2.915975063;[0];-91.1875
-78.99836525;-2.915974629;[0];-91.1875
-78.99812245;-2.915974195;[0];-91.2500
-78.99787964;-2.91597376;[0];-91.1875
-78.99763684;-2.915973326;[0];-91.3125
-78.99739403;-2.915972892;[0];-91.3750
-78.99715123;-2.915972458;[0];-91.4375
-78.99690842;-2.915972024;[0];-91.5000
-78.99666562;-2.915971589;[0];-91.6250
-78.99642281;-2.915971155;[0];-91.7500
-78.99618001;-2.91597072;[0];-91.8125
-78.99593720;-2.915970286;[0];-91.8750
-78.99569440;-2.915969851;[0];-92.0000
-78.99545159;-2.915969417;[0];-92.1250
-78.99520879;-2.915968982;[0];-92.2500
-78.99496599;-2.915968547;[0];-92.3750
-78.99472318;-2.915968112;[0];-92.5000
-78.99448038;-2.915967677;[0];-92.6250
-78.99423757;-2.915967243;[0];-92.7500
-78.99399477;-2.915966808;[0];-92.9375
-78.99375196;-2.915966373;[0];-93.0625
-78.99350916;-2.915965938;[0];-93.1875
-78.99326635;-2.915965503;[0];-93.3125
-78.99302355;-2.915965067;[0];-93.5000
-78.99278075;-2.915964632;[0];-93.6250
-78.99253794;-2.915964197;[0];-93.8125
-78.99229514;-2.915963762;[0];-94.0000
-78.99205233;-2.915963326;[0];-94.1250
-78.99180953;-2.915962891;[0];-94.2500
-78.99156673;-2.915962455;[0];-94.4375
-78.99132392;-2.91596202;[0];-94.6250
-78.99108112;-2.915961584;[0];-94.8125
-78.99083831;-2.915961149;[0];-94.9375
-78.99059551;-2.915960713;[0];-95.1250
-78.99035271;-2.915960277;[0];-95.2500
-78.99010990;-2.915959841;[0];-95.3750
-78.98986710;-2.915959406;[0];-95.5625
-78.98962430;-2.91595897;[0];-95.6875
-78.98938149;-2.915958534;[0];-95.8750
-78.98913869;-2.915958098;[0];-96.0625
-78.98889589;-2.915957662;[0];-96.2500
-78.98865308;-2.915957226;[0];-96.3750
-78.98841028;-2.915956789;[0];-96.5000
-78.98816747;-2.915956353;[0];-96.6250
-78.98792467;-2.915955917;[0];-96.8125
-78.98768187;-2.915955481;[0];-96.9375
-78.98743906;-2.915955044;[0];-97.1250
-78.98719626;-2.915954608;[0];-97.3125
-78.98695346;-2.915954171;[0];-97.5000
-78.98671065;-2.915953735;[0];-97.6875
-78.98646785;-2.915953298;[0];-97.8750
-78.98622505;-2.915952862;[0];-98.0000
-78.98598225;-2.915952425;[0];-98.1875
-78.98573944;-2.915951988;[0];-98.3125
-78.98549664;-2.915951552;[0];-98.5000
-78.98525384;-2.915951115;[0];-98.6250
-78.98501103;-2.915950678;[0];-98.7500
-78.98476823;-2.915950241;[0];-98.9375
-78.98452543;-2.915949804;[0];-99.1250
-78.98428262;-2.915949367;[0];-99.2500
-78.98403982;-2.91594893;[0];-99.4375
-78.98379702;-2.915948493;[0];-99.5625
-78.98355422;-2.915948055;[0];-99.7500
-78.98331141;-2.915947618;[0];-99.8750
-78.98306861;-2.915947181;[0];-100.0625
-78.98282581;-2.915946743;[0];-100.1875
-78.98258301;-2.915946306;[0];-100.3750
-78.98234020;-2.915945869;[0];-100.5000
-78.9820974;-2.915945431;[0];-100.6875
-78.98185460;-2.915944993;[0];-100.8125
-78.98161180;-2.915944556;[0];-101.0000
-78.98136899;-2.915944118;[0];-101.1250
-78.98112619;-2.91594368;[0];-101.2500
-78.98088339;-2.915943243;[0];-101.4375
-78.98064059;-2.915942805;[0];-101.5625
-78.98039778;-2.915942367;[0];-101.6875
-78.98015498;-2.915941929;[0];-101.8750
-78.97991218;-2.915941491;[0];-102.0000
-79.00977755;-2.915750847;[0];-101.8750
-79.00953475;-2.915750416;[0];-101.5625
-79.00929194;-2.915749984;[0];-101.1250
-79.00904913;-2.915749553;[0];-100.7500
-79.00880633;-2.915749121;[0];-100.3750
-79.00856352;-2.915748689;[0];-99.9375
-79.00832071;-2.915748257;[0];-99.5625
-79.00807791;-2.915747825;[0];-99.1250
-79.00783510;-2.915747394;[0];-98.7500
-79.00759230;-2.915746962;[0];-98.4375
-79.00734949;-2.91574653;[0];-97.9375
-79.00710668;-2.915746097;[0];-97.5625
-79.00686388;-2.915745665;[0];-97.2500
-79.00662107;-2.915745233;[0];-96.8750
-79.00637826;-2.915744801;[0];-96.5000
-79.00613546;-2.915744369;[0];-96.0625
-79.00589265;-2.915743936;[0];-95.7500
-79.00564985;-2.915743504;[0];-95.4375
-79.00540704;-2.915743072;[0];-95.0625
-79.00516423;-2.915742639;[0];-94.8125
-79.00492143;-2.915742207;[0];-94.4375
-79.00467862;-2.915741774;[0];-94.1875
-79.00443582;-2.915741341;[0];-93.8750
-79.00419301;-2.915740909;[0];-93.5625
-79.00395021;-2.915740476;[0];-93.3125
-79.00370740;-2.915740043;[0];-93.0625
-79.00346459;-2.91573961;[0];-92.8125
-79.00322179;-2.915739177;[0];-92.5625
-79.00297898;-2.915738744;[0];-92.3125
-79.00273618;-2.915738311;[0];-92.1250
-79.00249337;-2.915737878;[0];-92.0000
-79.00225057;-2.915737445;[0];-91.8125
-79.00200776;-2.915737012;[0];-91.6250
-79.00176495;-2.915736579;[0];-91.5000
-79.00152215;-2.915736145;[0];-91.3125
-79.00127934;-2.915735712;[0];-91.3125
-79.00103654;-2.915735279;[0];-91.1250
-79.00079373;-2.915734845;[0];-91.0625
-79.00055093;-2.915734412;[0];-91.0000
-79.00030812;-2.915733978;[0];-90.9375
-79.00006532;-2.915733545;[0];-90.8750
-78.99982251;-2.915733111;[0];-90.8750
-78.99957971;-2.915732677;[0];-90.8750
-78.99933690;-2.915732244;[0];-90.8125
-78.99909410;-2.91573181;[0];-90.8125
-78.99885129;-2.915731376;[0];-90.8125
-78.99860849;-2.915730942;[0];-90.8750
-78.99836568;-2.915730508;[0];-90.9375
-78.99812288;-2.915730074;[0];-90.9375
-78.99788007;-2.91572964;[0];-90.9375
-78.99763727;-2.915729206;[0];-91.0625
-78.99739446;-2.915728772;[0];-91.1250
-78.99715166;-2.915728337;[0];-91.1875
-78.99690885;-2.915727903;[0];-91.2500
-78.99666605;-2.915727469;[0];-91.3750
-78.99642324;-2.915727034;[0];-91.5000
-78.99618044;-2.9157266;[0];-91.5625
-78.99593764;-2.915726166;[0];-91.6875
-78.99569483;-2.915725731;[0];-91.8125
-78.99545203;-2.915725296;[0];-91.8750
-78.99520922;-2.915724862;[0];-92.0625
-78.99496642;-2.915724427;[0];-92.1875
-78.99472361;-2.915723992;[0];-92.2500
-78.99448081;-2.915723557;[0];-92.4375
-78.99423800;-2.915723123;[0];-92.6250
-78.9939952;-2.915722688;[0];-92.7500
-78.99375240;-2.915722253;[0];-92.8750
-78.99350959;-2.915721818;[0];-93.0000
-78.99326679;-2.915721383;[0];-93.1875
-78.99302398;-2.915720948;[0];-93.3125
-78.99278118;-2.915720512;[0];-93.5000
-78.99253838;-2.915720077;[0];-93.6875
-78.99229557;-2.915719642;[0];-93.8125
-78.99205277;-2.915719207;[0];-93.9375
-78.99180996;-2.915718771;[0];-94.1250
-78.99156716;-2.915718336;[0];-94.3125
-78.99132436;-2.9157179;[0];-94.5000
-78.99108155;-2.915717465;[0];-94.6875
-78.99083875;-2.915717029;[0];-94.8125
-78.99059594;-2.915716594;[0];-94.9375
-78.99035314;-2.915716158;[0];-95.1250
-78.99011034;-2.915715722;[0];-95.2500
-78.98986753;-2.915715286;[0];-95.4375
-78.98962473;-2.91571485;[0];-95.6250
-78.98938193;-2.915714415;[0];-95.8125
-78.98913912;-2.915713979;[0];-95.9375
-78.98889632;-2.915713543;[0];-96.1250
-78.98865352;-2.915713106;[0];-96.2500
-78.98841071;-2.91571267;[0];-96.3750
-78.98816791;-2.915712234;[0];-96.5625
-78.98792511;-2.915711798;[0];-96.6875
-78.98768230;-2.915711362;[0];-96.8750
-78.98743950;-2.915710925;[0];-97.0625
-78.98719670;-2.915710489;[0];-97.2500
-78.98695389;-2.915710053;[0];-97.4375
-78.98671109;-2.915709616;[0];-97.6250
-78.98646829;-2.91570918;[0];-97.8125
-78.98622548;-2.915708743;[0];-97.9375
-78.98598268;-2.915708306;[0];-98.1250
-78.98573988;-2.91570787;[0];-98.2500
-78.98549707;-2.915707433;[0];-98.3750
-78.98525427;-2.915706996;[0];-98.5625
-78.98501147;-2.915706559;[0];-98.7500
-78.98476867;-2.915706122;[0];-98.8750
-78.98452586;-2.915705685;[0];-99.0625
-78.98428306;-2.915705248;[0];-99.2500
-78.98404026;-2.915704811;[0];-99.3750
-78.98379745;-2.915704374;[0];-99.5625
-78.98355465;-2.915703937;[0];-99.6875
-78.98331185;-2.9157035;[0];-99.8750
-78.98306905;-2.915703063;[0];-100.0000
-78.98282624;-2.915702625;[0];-100.1875
-78.98258344;-2.915702188;[0];-100.3125
-78.98234064;-2.91570175;[0];-100.5000
-78.98209784;-2.915701313;[0];-100.6250
-78.98185503;-2.915700875;[0];-100.8125
-78.98161223;-2.915700438;[0];-100.9375
-78.98136943;-2.9157;[0];-101.1250
-78.98112663;-2.915699562;[0];-101.2500
-78.98088382;-2.915699125;[0];-101.3750
-78.98064102;-2.915698687;[0];-101.5625
-78.98039822;-2.915698249;[0];-101.6875
-78.98015542;-2.915697811;[0];-101.8125
-78.97991262;-2.915697373;[0];-102.0000
-79.00977798;-2.915506725;[0];-101.7500
-79.00953518;-2.915506294;[0];-101.4375
-79.00929237;-2.915505862;[0];-101.0000
-79.00904956;-2.91550543;[0];-100.6250
-79.00880676;-2.915504999;[0];-100.1875
-79.00856395;-2.915504567;[0];-99.8125
-79.00832114;-2.915504135;[0];-99.3750
-79.00807834;-2.915503703;[0];-99.0000
-79.00783553;-2.915503272;[0];-98.5625
-79.00759272;-2.91550284;[0];-98.1875
-79.00734992;-2.915502408;[0];-97.8125
-79.00710711;-2.915501976;[0];-97.3125
-79.00686431;-2.915501543;[0];-97.0000
-79.0066215;-2.915501111;[0];-96.6250
-79.00637869;-2.915500679;[0];-96.2500
-79.00613589;-2.915500247;[0];-95.8750
-79.00589308;-2.915499815;[0];-95.5000
-79.00565028;-2.915499382;[0];-95.1875
-79.00540747;-2.91549895;[0];-94.8125
-79.00516466;-2.915498517;[0];-94.5000
-79.00492186;-2.915498085;[0];-94.1875
-79.00467905;-2.915497652;[0];-93.8750
-79.00443625;-2.91549722;[0];-93.5625
-79.00419344;-2.915496787;[0];-93.2500
-79.00395064;-2.915496354;[0];-93.0000
-79.00370783;-2.915495922;[0];-92.6875
-79.00346502;-2.915495489;[0];-92.5000
-79.00322222;-2.915495056;[0];-92.1875
-79.00297941;-2.915494623;[0];-92.0000
-79.00273661;-2.91549419;[0];-91.8125
-79.00249380;-2.915493757;[0];-91.6250
-79.00225100;-2.915493324;[0];-91.4375
-79.00200819;-2.915492891;[0];-91.3125
-79.00176539;-2.915492458;[0];-91.1250
-79.00152258;-2.915492024;[0];-91.0000
-79.00127978;-2.915491591;[0];-90.9375
-79.00103697;-2.915491158;[0];-90.8125
-79.00079416;-2.915490724;[0];-90.7500
-79.00055136;-2.915490291;[0];-90.6875
-79.00030855;-2.915489857;[0];-90.6250
-79.00006575;-2.915489424;[0];-90.5625
-78.99982294;-2.91548899;[0];-90.5625
-78.99958014;-2.915488557;[0];-90.5625
-78.99933733;-2.915488123;[0];-90.5000
-78.99909453;-2.915487689;[0];-90.5000
-78.99885172;-2.915487255;[0];-90.5625
-78.99860892;-2.915486821;[0];-90.5625
-78.99836611;-2.915486387;[0];-90.6250
-78.99812331;-2.915485953;[0];-90.5625
-78.99788050;-2.915485519;[0];-90.7500
-78.99763770;-2.915485085;[0];-90.7500
-78.99739490;-2.915484651;[0];-90.8125
-78.99715209;-2.915484217;[0];-90.8750
-78.99690929;-2.915483783;[0];-91.0000
-78.99666648;-2.915483348;[0];-91.1250
-78.99642368;-2.915482914;[0];-91.1875
-78.99618087;-2.91548248;[0];-91.3125
-78.99593807;-2.915482045;[0];-91.4375
-78.99569526;-2.915481611;[0];-91.5625
-78.99545246;-2.915481176;[0];-91.6875
-78.99520965;-2.915480742;[0];-91.8125
-78.99496685;-2.915480307;[0];-91.9375
-78.99472405;-2.915479872;[0];-92.1250
-78.99448124;-2.915479437;[0];-92.2500
-78.99423844;-2.915479003;[0];-92.4375
-78.99399563;-2.915478568;[0];-92.5000
-78.99375283;-2.915478133;[0];-92.6875
-78.99351002;-2.915477698;[0];-92.8125
-78.99326722;-2.915477263;[0];-93.0000
-78.99302442;-2.915476828;[0];-93.1875
-78.99278161;-2.915476393;[0];-93.3750
-78.99253881;-2.915475957;[0];-93.5000
-78.99229600;-2.915475522;[0];-93.6250
-78.9920532;-2.915475087;[0];-93.8125
-78.99181040;-2.915474652;[0];-94.0000
-78.99156759;-2.915474216;[0];-94.1875
-78.99132479;-2.915473781;[0];-94.3750
-78.99108199;-2.915473345;[0];-94.5000
-78.99083918;-2.91547291;[0];-94.6875
-78.99059638;-2.915472474;[0];-94.8125
-78.99035357;-2.915472038;[0];-95.0000
-78.99011077;-2.915471603;[0];-95.1250
-78.98986797;-2.915471167;[0];-95.3125
-78.98962516;-2.915470731;[0];-95.5000
-78.98938236;-2.915470295;[0];-95.6875
-78.98913956;-2.915469859;[0];-95.8125
-78.98889675;-2.915469423;[0];-96.0000
-78.98865395;-2.915468987;[0];-96.1250
-78.98841115;-2.915468551;[0];-96.3125
-78.98816834;-2.915468115;[0];-96.5000
-78.98792554;-2.915467679;[0];-96.6875
-78.98768274;-2.915467243;[0];-96.8750
-78.98743993;-2.915466806;[0];-97.0000
-78.98719713;-2.91546637;[0];-97.1875
-78.98695433;-2.915465934;[0];-97.3750
-78.98671152;-2.915465497;[0];-97.5625
-78.98646872;-2.915465061;[0];-97.7500
-78.98622592;-2.915464624;[0];-97.8750
-78.98598311;-2.915464188;[0];-98.0000
-78.98574031;-2.915463751;[0];-98.1875
-78.98549751;-2.915463314;[0];-98.3750
-78.98525471;-2.915462877;[0];-98.5000
-78.98501190;-2.915462441;[0];-98.6875
-78.98476910;-2.915462004;[0];-98.8750
-78.98452630;-2.915461567;[0];-99.0000
-78.98428349;-2.91546113;[0];-99.1875
-78.98404069;-2.915460693;[0];-99.3750
-78.98379789;-2.915460256;[0];-99.5000
-78.98355509;-2.915459819;[0];-99.6875
-78.98331228;-2.915459381;[0];-99.8125
-78.98306948;-2.915458944;[0];-100.0000
-78.98282668;-2.915458507;[0];-100.1875
-78.98258388;-2.91545807;[0];-100.3125
-78.98234107;-2.915457632;[0];-100.5000
-78.98209827;-2.915457195;[0];-100.6250
-78.98185547;-2.915456757;[0];-100.7500
-78.98161267;-2.91545632;[0];-100.9375
-78.98136986;-2.915455882;[0];-101.0625
-78.98112706;-2.915455444;[0];-101.2500
-78.98088426;-2.915455007;[0];-101.3750
-78.98064146;-2.915454569;[0];-101.5000
-78.98039865;-2.915454131;[0];-101.6875
-78.98015585;-2.915453693;[0];-101.8125
-78.97991305;-2.915453255;[0];-101.9375
-79.00977841;-2.915262603;[0];-101.6250
-79.00953560;-2.915262171;[0];-101.2500
-79.00929280;-2.91526174;[0];-100.8750
-79.00904999;-2.915261308;[0];-100.5000
-79.00880719;-2.915260877;[0];-100.0625
-79.00856438;-2.915260445;[0];-99.6250
-79.00832157;-2.915260013;[0];-99.1875
-79.00807877;-2.915259581;[0];-98.8125
-79.00783596;-2.91525915;[0];-98.3750
-79.00759315;-2.915258718;[0];-97.9375
-79.00735035;-2.915258286;[0];-97.6250
-79.00710754;-2.915257854;[0];-97.1250
-79.00686474;-2.915257422;[0];-96.7500
-79.00662193;-2.91525699;[0];-96.4375
-79.00637912;-2.915256557;[0];-96.0000
-79.00613632;-2.915256125;[0];-95.6250
-79.00589351;-2.915255693;[0];-95.2500
-79.00565071;-2.915255261;[0];-94.8750
-79.0054079;-2.915254828;[0];-94.5000
-79.00516509;-2.915254396;[0];-94.2500
-79.00492229;-2.915253963;[0];-93.8750
-79.00467948;-2.915253531;[0];-93.5625
-79.00443668;-2.915253098;[0];-93.2500
-79.00419387;-2.915252666;[0];-92.9375
-79.00395107;-2.915252233;[0];-92.6875
-79.00370826;-2.9152518;[0];-92.3750
-79.00346545;-2.915251367;[0];-92.1875
-79.00322265;-2.915250935;[0];-91.8750
-79.00297984;-2.915250502;[0];-91.6875
-79.00273704;-2.915250069;[0];-91.5000
-79.00249423;-2.915249636;[0];-91.3125
-79.00225143;-2.915249203;[0];-91.1250
-79.00200862;-2.91524877;[0];-90.9375
-79.00176582;-2.915248336;[0];-90.8125
-79.00152301;-2.915247903;[0];-90.6875
-79.00128021;-2.91524747;[0];-90.5625
-79.0010374;-2.915247037;[0];-90.4375
-79.00079460;-2.915246603;[0];-90.4375
-79.00055179;-2.91524617;[0];-90.3125
-79.00030899;-2.915245736;[0];-90.3125
-79.00006618;-2.915245303;[0];-90.1875
-78.99982338;-2.915244869;[0];-90.2500
-78.99958057;-2.915244436;[0];-90.1875
-78.99933777;-2.915244002;[0];-90.1875
-78.99909496;-2.915243568;[0];-90.1875
-78.99885216;-2.915243135;[0];-90.2500
-78.99860935;-2.915242701;[0];-90.3125
-78.99836655;-2.915242267;[0];-90.2500
-78.99812374;-2.915241833;[0];-90.3125
-78.99788094;-2.915241399;[0];-90.4375
-78.99763813;-2.915240965;[0];-90.5000
-78.99739533;-2.915240531;[0];-90.5625
-78.99715252;-2.915240097;[0];-90.6250
-78.99690972;-2.915239662;[0];-90.8125
-78.99666691;-2.915239228;[0];-90.8750
-78.99642411;-2.915238794;[0];-90.9375
-78.99618130;-2.915238359;[0];-91.1250
-78.99593850;-2.915237925;[0];-91.1875
-78.99569570;-2.915237491;[0];-91.3125
-78.99545289;-2.915237056;[0];-91.5000
-78.99521009;-2.915236621;[0];-91.5625
-78.99496728;-2.915236187;[0];-91.7500
-78.99472448;-2.915235752;[0];-91.9375
-78.99448167;-2.915235317;[0];-92.0625
-78.99423887;-2.915234883;[0];-92.1875
-78.99399607;-2.915234448;[0];-92.3125
-78.99375326;-2.915234013;[0];-92.5000
-78.99351046;-2.915233578;[0];-92.6875
-78.99326765;-2.915233143;[0];-92.8750
-78.99302485;-2.915232708;[0];-93.0000
-78.99278205;-2.915232273;[0];-93.1875
-78.99253924;-2.915231838;[0];-93.3125
-78.99229644;-2.915231403;[0];-93.5000
-78.99205363;-2.915230967;[0];-93.6875
-78.99181083;-2.915230532;[0];-93.8750
-78.99156803;-2.915230097;[0];-94.0625
-78.99132522;-2.915229661;[0];-94.1875
-78.99108242;-2.915229226;[0];-94.3750
-78.99083961;-2.91522879;[0];-94.5000
-78.99059681;-2.915228355;[0];-94.6875
-78.99035401;-2.915227919;[0];-94.8750
-78.99011120;-2.915227483;[0];-95.0625
-78.9898684;-2.915227048;[0];-95.2500
-78.98962560;-2.915226612;[0];-95.3750
-78.98938279;-2.915226176;[0];-95.5625
-78.98913999;-2.91522574;[0];-95.6875
-78.98889719;-2.915225304;[0];-95.8750
-78.98865438;-2.915224868;[0];-96.0625
-78.98841158;-2.915224432;[0];-96.2500
-78.98816878;-2.915223996;[0];-96.4375
-78.98792597;-2.91522356;[0];-96.6250
-78.98768317;-2.915223124;[0];-96.8125
-78.98744037;-2.915222687;[0];-97.0000
-78.98719756;-2.915222251;[0];-97.1875
-78.98695476;-2.915221815;[0];-97.3125
-78.98671196;-2.915221378;[0];-97.5000
-78.98646915;-2.915220942;[0];-97.6250
-78.98622635;-2.915220505;[0];-97.8125
-78.98598355;-2.915220069;[0];-97.9375
-78.98574075;-2.915219632;[0];-98.1250
-78.98549794;-2.915219196;[0];-98.3125
-78.98525514;-2.915218759;[0];-98.5000
-78.98501234;-2.915218322;[0];-98.6250
-78.98476953;-2.915217885;[0];-98.8125
-78.98452673;-2.915217448;[0];-99.0000
-78.98428393;-2.915217011;[0];-99.1875
-78.98404113;-2.915216574;[0];-99.3125
-78.98379832;-2.915216137;[0];-99.5000
-78.98355552;-2.9152157;[0];-99.6250
-78.98331272;-2.915215263;[0];-99.8125
-78.98306992;-2.915214826;[0];-100.0000
-78.98282711;-2.915214389;[0];-100.1250
-78.98258431;-2.915213951;[0];-100.3125
-78.98234151;-2.915213514;[0];-100.4375
-78.98209871;-2.915213077;[0];-100.6250
-78.98185590;-2.915212639;[0];-100.7500
-78.98161310;-2.915212202;[0];-100.8750
-78.98137030;-2.915211764;[0];-101.0625
-78.98112750;-2.915211326;[0];-101.1875
-78.98088469;-2.915210889;[0];-101.3750
-78.98064189;-2.915210451;[0];-101.5000
-78.98039909;-2.915210013;[0];-101.6250
-78.98015629;-2.915209575;[0];-101.8125
-78.97991349;-2.915209138;[0];-101.9375
-79.01002165;-2.915018912;[0];-101.9375
-79.00977884;-2.91501848;[0];-101.5000
-79.00953603;-2.915018049;[0];-101.0625
-79.00929323;-2.915017618;[0];-100.7500
-79.00905042;-2.915017186;[0];-100.3125
-79.00880762;-2.915016754;[0];-99.9375
-79.00856481;-2.915016323;[0];-99.5000
-79.00832200;-2.915015891;[0];-99.0625
-79.00807920;-2.915015459;[0];-98.6250
-79.00783639;-2.915015028;[0];-98.1875
-79.00759358;-2.915014596;[0];-97.7500
-79.00735078;-2.915014164;[0];-97.4375
-79.00710797;-2.915013732;[0];-96.9375
-79.00686517;-2.9150133;[0];-96.5000
-79.00662236;-2.915012868;[0];-96.1875
-79.00637955;-2.915012436;[0];-95.7500
-79.00613675;-2.915012003;[0];-95.3750
-79.00589394;-2.915011571;[0];-94.9375
-79.00565114;-2.915011139;[0];-94.6250
-79.00540833;-2.915010707;[0];-94.2500
-79.00516552;-2.915010274;[0];-93.9375
-79.00492272;-2.915009842;[0];-93.5625
-79.00467991;-2.915009409;[0];-93.2500
-79.00443711;-2.915008977;[0];-92.9375
-79.00419430;-2.915008544;[0];-92.6250
-79.00395150;-2.915008112;[0];-92.3750
-79.00370869;-2.915007679;[0];-92.0625
-79.00346589;-2.915007246;[0];-91.8125
-79.00322308;-2.915006813;[0];-91.5000
-79.00298027;-2.91500638;[0];-91.3125
-79.00273747;-2.915005948;[0];-91.1250
-79.00249466;-2.915005515;[0];-90.9375
-79.00225186;-2.915005082;[0];-90.7500
-79.00200905;-2.915004648;[0];-90.5625
-79.00176625;-2.915004215;[0];-90.4375
-79.00152344;-2.915003782;[0];-90.3125
-79.00128064;-2.915003349;[0];-90.2500
-79.00103783;-2.915002916;[0];-90.1250
-79.00079503;-2.915002482;[0];-90.0625
-79.00055222;-2.915002049;[0];-90.0000
-79.00030942;-2.915001616;[0];-89.9375
-79.00006661;-2.915001182;[0];-89.8750
-78.99982381;-2.915000749;[0];-89.9375
-78.99958100;-2.915000315;[0];-89.8125
-78.99933820;-2.914999881;[0];-89.8750
-78.99909539;-2.914999448;[0];-89.8750
-78.99885259;-2.914999014;[0];-89.9375
-78.99860978;-2.91499858;[0];-89.9375
-78.99836698;-2.914998146;[0];-89.9375
-78.99812417;-2.914997712;[0];-90.0625
-78.99788137;-2.914997278;[0];-90.1250
-78.99763856;-2.914996844;[0];-90.1875
-78.99739576;-2.91499641;[0];-90.2500
-78.99715295;-2.914995976;[0];-90.4375
-78.99691015;-2.914995542;[0];-90.5000
-78.99666735;-2.914995108;[0];-90.6250
-78.99642454;-2.914994674;[0];-90.7500
-78.99618174;-2.914994239;[0];-90.8750
-78.99593893;-2.914993805;[0];-90.9375
-78.99569613;-2.91499337;[0];-91.1250
-78.99545332;-2.914992936;[0];-91.2500
-78.99521052;-2.914992501;[0];-91.3750
-78.99496771;-2.914992067;[0];-91.5625
-78.99472491;-2.914991632;[0];-91.7500
-78.99448211;-2.914991197;[0];-91.8125
-78.99423930;-2.914990763;[0];-92.0000
-78.99399650;-2.914990328;[0];-92.1875
-78.99375369;-2.914989893;[0];-92.3125
-78.99351089;-2.914989458;[0];-92.5000
-78.99326809;-2.914989023;[0];-92.6875
-78.99302528;-2.914988588;[0];-92.8750
-78.99278248;-2.914988153;[0];-93.0000
-78.99253967;-2.914987718;[0];-93.1875
-78.99229687;-2.914987283;[0];-93.3750
-78.99205407;-2.914986848;[0];-93.5625
-78.99181126;-2.914986412;[0];-93.7500
-78.99156846;-2.914985977;[0];-93.8750
-78.99132566;-2.914985542;[0];-94.0625
-78.99108285;-2.914985106;[0];-94.2500
-78.99084005;-2.914984671;[0];-94.3750
-78.99059724;-2.914984235;[0];-94.5625
-78.99035444;-2.9149838;[0];-94.7500
-78.99011164;-2.914983364;[0];-94.9375
-78.98986883;-2.914982928;[0];-95.1250
-78.98962603;-2.914982493;[0];-95.2500
-78.98938323;-2.914982057;[0];-95.4375
-78.98914042;-2.914981621;[0];-95.5625
-78.98889762;-2.914981185;[0];-95.7500
-78.98865482;-2.914980749;[0];-96.0000
-78.98841201;-2.914980313;[0];-96.1875
-78.98816921;-2.914979877;[0];-96.3750
-78.98792641;-2.914979441;[0];-96.5625
-78.98768360;-2.914979005;[0];-96.7500
-78.9874408;-2.914978569;[0];-96.9375
-78.98719800;-2.914978132;[0];-97.0625
-78.98695519;-2.914977696;[0];-97.2500
-78.98671239;-2.91497726;[0];-97.3750
-78.98646959;-2.914976823;[0];-97.5625
-78.98622679;-2.914976387;[0];-97.7500
-78.98598398;-2.91497595;[0];-97.9375
-78.98574118;-2.914975514;[0];-98.1250
-78.98549838;-2.914975077;[0];-98.2500
-78.98525557;-2.91497464;[0];-98.4375
-78.98501277;-2.914974203;[0];-98.6250
-78.98476997;-2.914973767;[0];-98.8125
-78.98452717;-2.91497333;[0];-98.9375
-78.98428436;-2.914972893;[0];-99.1250
-78.98404156;-2.914972456;[0];-99.3125
-78.98379876;-2.914972019;[0];-99.4375
-78.98355596;-2.914971582;[0];-99.6250
-78.98331315;-2.914971145;[0];-99.8125
-78.98307035;-2.914970708;[0];-99.9375
-78.98282755;-2.91497027;[0];-100.1250
-78.98258475;-2.914969833;[0];-100.2500
-78.98234194;-2.914969396;[0];-100.4375
-78.98209914;-2.914968958;[0];-100.5625
-78.98185634;-2.914968521;[0];-100.7500
-78.98161354;-2.914968084;[0];-100.8750
-78.98137073;-2.914967646;[0];-101.0625
-78.98112793;-2.914967208;[0];-101.1875
-78.98088513;-2.914966771;[0];-101.3125
-78.98064233;-2.914966333;[0];-101.5000
-78.98039953;-2.914965895;[0];-101.6250
-78.98015672;-2.914965458;[0];-101.7500
-78.97991392;-2.91496502;[0];-101.9375
-79.01002208;-2.914774789;[0];-101.8125
-79.00977927;-2.914774358;[0];-101.3750
-79.00953646;-2.914773927;[0];-101.0000
-79.00929366;-2.914773495;[0];-100.5625
-79.00905085;-2.914773064;[0];-100.1875
-79.00880804;-2.914772632;[0];-99.7500
-79.00856524;-2.914772201;[0];-99.3125
-79.00832243;-2.914771769;[0];-98.8750
-79.00807963;-2.914771337;[0];-98.4375
-79.00783682;-2.914770905;[0];-98.0000
-79.00759401;-2.914770474;[0];-97.5625
-79.00735121;-2.914770042;[0];-97.1875
-79.00710840;-2.91476961;[0];-96.7500
-79.00686560;-2.914769178;[0];-96.2500
-79.00662279;-2.914768746;[0];-95.9375
-79.00637998;-2.914768314;[0];-95.5000
-79.00613718;-2.914767882;[0];-95.0625
-79.00589437;-2.914767449;[0];-94.6875
-79.00565157;-2.914767017;[0];-94.3750
-79.00540876;-2.914766585;[0];-93.9375
-79.00516595;-2.914766153;[0];-93.6250
-79.00492315;-2.91476572;[0];-93.2500
-79.00468034;-2.914765288;[0];-92.9375
-79.00443754;-2.914764855;[0];-92.6250
-79.00419473;-2.914764423;[0];-92.3125
-79.00395193;-2.91476399;[0];-92.0000
-79.00370912;-2.914763557;[0];-91.6875
-79.00346632;-2.914763125;[0];-91.5000
-79.00322351;-2.914762692;[0];-91.1875
-79.00298070;-2.914762259;[0];-90.9375
-79.00273790;-2.914761826;[0];-90.7500
-79.00249509;-2.914761393;[0];-90.5625
-79.00225229;-2.91476096;[0];-90.3750
-79.00200948;-2.914760527;[0];-90.1875
-79.00176668;-2.914760094;[0];-90.0625
-79.00152387;-2.914759661;[0];-90.0000
-79.00128107;-2.914759228;[0];-89.8750
-79.00103826;-2.914758795;[0];-89.7500
-79.00079546;-2.914758361;[0];-89.6875
-79.00055265;-2.914757928;[0];-89.6250
-79.00030985;-2.914757495;[0];-89.5625
-79.00006704;-2.914757061;[0];-89.5625
-78.99982424;-2.914756628;[0];-89.5625
-78.99958143;-2.914756194;[0];-89.5000
-78.99933863;-2.914755761;[0];-89.5625
-78.99909582;-2.914755327;[0];-89.5625
-78.99885302;-2.914754893;[0];-89.6250
-78.99861021;-2.914754459;[0];-89.6250
-78.99836741;-2.914754026;[0];-89.6875
-78.99812460;-2.914753592;[0];-89.7500
-78.99788180;-2.914753158;[0];-89.8125
-78.99763900;-2.914752724;[0];-89.9375
-78.99739619;-2.91475229;[0];-90.0000
-78.99715339;-2.914751856;[0];-90.1250
-78.99691058;-2.914751422;[0];-90.2500
-78.99666778;-2.914750987;[0];-90.3125
-78.99642497;-2.914750553;[0];-90.5000
-78.99618217;-2.914750119;[0];-90.5625
-78.99593936;-2.914749685;[0];-90.7500
-78.99569656;-2.91474925;[0];-90.8750
-78.99545376;-2.914748816;[0];-91.0000
-78.99521095;-2.914748381;[0];-91.1875
-78.99496815;-2.914747947;[0];-91.3750
-78.99472534;-2.914747512;[0];-91.5000
-78.99448254;-2.914747077;[0];-91.6250
-78.99423973;-2.914746643;[0];-91.8125
-78.99399693;-2.914746208;[0];-92.0000
-78.99375413;-2.914745773;[0];-92.1875
-78.99351132;-2.914745338;[0];-92.3750
-78.99326852;-2.914744903;[0];-92.5000
-78.99302571;-2.914744468;[0];-92.6875
-78.99278291;-2.914744033;[0];-92.8125
-78.99254011;-2.914743598;[0];-93.0625
-78.99229730;-2.914743163;[0];-93.2500
-78.99205450;-2.914742728;[0];-93.4375
-78.99181170;-2.914742293;[0];-93.5625
-78.99156889;-2.914741857;[0];-93.7500
-78.99132609;-2.914741422;[0];-93.9375
-78.99108328;-2.914740987;[0];-94.0625
-78.99084048;-2.914740551;[0];-94.2500
-78.99059768;-2.914740116;[0];-94.5000
-78.99035487;-2.91473968;[0];-94.6875
-78.99011207;-2.914739245;[0];-94.8125
-78.98986927;-2.914738809;[0];-95.0000
-78.98962646;-2.914738373;[0];-95.1250
-78.98938366;-2.914737938;[0];-95.3125
-78.98914086;-2.914737502;[0];-95.5000
-78.98889805;-2.914737066;[0];-95.6875
-78.98865525;-2.91473663;[0];-95.9375
-78.98841245;-2.914736194;[0];-96.1250
-78.98816964;-2.914735758;[0];-96.3125
-78.98792684;-2.914735322;[0];-96.5000
-78.98768404;-2.914734886;[0];-96.6875
-78.98744123;-2.91473445;[0];-96.8125
-78.98719843;-2.914734013;[0];-97.0000
-78.98695563;-2.914733577;[0];-97.1250
-78.98671283;-2.914733141;[0];-97.3125
-78.98647002;-2.914732704;[0];-97.5000
-78.98622722;-2.914732268;[0];-97.6875
-78.98598442;-2.914731831;[0];-97.8750
-78.98574161;-2.914731395;[0];-98.0625
-78.98549881;-2.914730958;[0];-98.2500
-78.98525601;-2.914730522;[0];-98.4375
-78.98501321;-2.914730085;[0];-98.5625
-78.98477040;-2.914729648;[0];-98.7500
-78.9845276;-2.914729211;[0];-98.9375
-78.98428480;-2.914728774;[0];-99.0625
-78.98404200;-2.914728338;[0];-99.2500
-78.98379919;-2.914727901;[0];-99.4375
-78.98355639;-2.914727464;[0];-99.5625
-78.98331359;-2.914727026;[0];-99.7500
-78.98307079;-2.914726589;[0];-99.9375
-78.98282798;-2.914726152;[0];-100.0625
-78.98258518;-2.914725715;[0];-100.2500
-78.98234238;-2.914725278;[0];-100.3750
-78.98209958;-2.91472484;[0];-100.5625
-78.98185677;-2.914724403;[0];-100.6875
-78.98161397;-2.914723965;[0];-100.8750
-78.98137117;-2.914723528;[0];-101.0000
-78.98112837;-2.91472309;[0];-101.1875
-78.98088557;-2.914722653;[0];-101.3125
-78.98064276;-2.914722215;[0];-101.4375
-78.98039996;-2.914721777;[0];-101.6250
-78.98015716;-2.91472134;[0];-101.7500
-78.97991436;-2.914720902;[0];-101.9375
-79.01002251;-2.914530667;[0];-101.7500
-79.00977970;-2.914530236;[0];-101.3125
-79.00953689;-2.914529804;[0];-100.8750
-79.00929409;-2.914529373;[0];-100.4375
-79.00905128;-2.914528942;[0];-100.0625
-79.00880847;-2.91452851;[0];-99.6250
-79.00856567;-2.914528079;[0];-99.1875
-79.00832286;-2.914527647;[0];-98.7500
-79.00808006;-2.914527215;[0];-98.2500
-79.00783725;-2.914526783;[0];-97.8125
-79.00759444;-2.914526352;[0];-97.3750
-79.00735164;-2.91452592;[0];-96.9375
-79.00710883;-2.914525488;[0];-96.5625
-79.00686603;-2.914525056;[0];-96.0625
-79.00662322;-2.914524624;[0];-95.6875
-79.00638041;-2.914524192;[0];-95.2500
-79.00613761;-2.91452376;[0];-94.8125
-79.00589480;-2.914523328;[0];-94.3750
-79.00565200;-2.914522896;[0];-94.0625
-79.00540919;-2.914522463;[0];-93.6250
-79.00516638;-2.914522031;[0];-93.3125
-79.00492358;-2.914521599;[0];-92.9375
-79.00468077;-2.914521166;[0];-92.6250
-79.00443797;-2.914520734;[0];-92.3125
-79.00419516;-2.914520301;[0];-91.9375
-79.00395236;-2.914519869;[0];-91.6875
-79.00370955;-2.914519436;[0];-91.3750
-79.00346675;-2.914519003;[0];-91.1250
-79.00322394;-2.914518571;[0];-90.8125
-79.00298114;-2.914518138;[0];-90.6250
-79.00273833;-2.914517705;[0];-90.3750
-79.00249552;-2.914517272;[0];-90.1875
-79.00225272;-2.914516839;[0];-90.0000
-79.00200991;-2.914516406;[0];-89.8125
-79.00176711;-2.914515973;[0];-89.6875
-79.00152430;-2.91451554;[0];-89.6250
-79.00128150;-2.914515107;[0];-89.5000
-79.00103869;-2.914514674;[0];-89.4375
-79.00079589;-2.91451424;[0];-89.3125
-79.00055308;-2.914513807;[0];-89.3125
-79.00031028;-2.914513374;[0];-89.1875
-79.00006747;-2.91451294;[0];-89.2500
-78.99982467;-2.914512507;[0];-89.1875
-78.99958186;-2.914512073;[0];-89.1875
-78.99933906;-2.91451164;[0];-89.1875
-78.99909625;-2.914511206;[0];-89.2500
-78.99885345;-2.914510773;[0];-89.3125
-78.99861065;-2.914510339;[0];-89.2500
-78.99836784;-2.914509905;[0];-89.4375
-78.99812504;-2.914509471;[0];-89.5000
-78.99788223;-2.914509037;[0];-89.5625
-78.99763943;-2.914508603;[0];-89.6250
-78.99739662;-2.914508169;[0];-89.8125
-78.99715382;-2.914507735;[0];-89.8750
-78.99691101;-2.914507301;[0];-89.9375
-78.99666821;-2.914506867;[0];-90.1250
-78.99642540;-2.914506433;[0];-90.2500
-78.9961826;-2.914505999;[0];-90.3750
-78.99593980;-2.914505564;[0];-90.5000
-78.99569699;-2.91450513;[0];-90.6250
-78.99545419;-2.914504696;[0];-90.8125
-78.99521138;-2.914504261;[0];-91.0000
-78.99496858;-2.914503827;[0];-91.1250
-78.99472577;-2.914503392;[0];-91.2500
-78.99448297;-2.914502957;[0];-91.4375
-78.99424017;-2.914502523;[0];-91.6250
-78.99399736;-2.914502088;[0];-91.8125
-78.99375456;-2.914501653;[0];-92.0000
-78.99351175;-2.914501218;[0];-92.1875
-78.99326895;-2.914500784;[0];-92.3125
-78.99302615;-2.914500349;[0];-92.5000
-78.99278334;-2.914499914;[0];-92.7500
-78.99254054;-2.914499479;[0];-92.9375
-78.99229774;-2.914499043;[0];-93.1250
-78.99205493;-2.914498608;[0];-93.2500
-78.99181213;-2.914498173;[0];-93.4375
-78.99156932;-2.914497738;[0];-93.6250
-78.99132652;-2.914497303;[0];-93.7500
-78.99108372;-2.914496867;[0];-94.0000
-78.99084091;-2.914496432;[0];-94.1875
-78.99059811;-2.914495996;[0];-94.3750
-78.99035531;-2.914495561;[0];-94.5000
-78.99011250;-2.914495125;[0];-94.6875
-78.9898697;-2.91449469;[0];-94.8750
-78.98962690;-2.914494254;[0];-95.0625
-78.98938409;-2.914493818;[0];-95.2500
-78.98914129;-2.914493382;[0];-95.4375
-78.98889849;-2.914492947;[0];-95.6875
-78.98865568;-2.914492511;[0];-95.8750
-78.98841288;-2.914492075;[0];-96.0625
-78.98817008;-2.914491639;[0];-96.2500
-78.98792727;-2.914491203;[0];-96.4375
-78.98768447;-2.914490767;[0];-96.5625
-78.98744167;-2.914490331;[0];-96.7500
-78.98719887;-2.914489894;[0];-96.9375
-78.98695606;-2.914489458;[0];-97.1250
-78.98671326;-2.914489022;[0];-97.3125
-78.98647046;-2.914488586;[0];-97.5000
-78.98622765;-2.914488149;[0];-97.6875
-78.98598485;-2.914487713;[0];-97.8125
-78.98574205;-2.914487276;[0];-98.0000
-78.98549925;-2.91448684;[0];-98.1875
-78.98525644;-2.914486403;[0];-98.3750
-78.98501364;-2.914485966;[0];-98.5625
-78.98477084;-2.91448553;[0];-98.7500
-78.98452803;-2.914485093;[0];-98.8750
-78.98428523;-2.914484656;[0];-99.0625
-78.98404243;-2.914484219;[0];-99.2500
-78.98379963;-2.914483782;[0];-99.3750
-78.98355682;-2.914483345;[0];-99.5625
-78.98331402;-2.914482908;[0];-99.7500
-78.98307122;-2.914482471;[0];-99.8750
-78.98282842;-2.914482034;[0];-100.0625
-78.98258562;-2.914481597;[0];-100.1875
-78.98234281;-2.914481159;[0];-100.3750
-78.98210001;-2.914480722;[0];-100.5625
-78.98185721;-2.914480285;[0];-100.6875
-78.98161441;-2.914479847;[0];-100.8750
-78.98137160;-2.91447941;[0];-101.0000
-78.98112880;-2.914478972;[0];-101.1250
-78.980886;-2.914478535;[0];-101.3125
-78.98064320;-2.914478097;[0];-101.4375
-78.98040040;-2.91447766;[0];-101.6250
-78.98015759;-2.914477222;[0];-101.7500
-78.97991479;-2.914476784;[0];-101.8750
-79.01026574;-2.914286976;[0];-102.0000
-79.01002293;-2.914286545;[0];-101.6250
-79.00978013;-2.914286114;[0];-101.1875
-79.00953732;-2.914285682;[0];-100.7500
-79.00929452;-2.914285251;[0];-100.3125
-79.00905171;-2.914284819;[0];-99.8750
-79.00880890;-2.914284388;[0];-99.5000
-79.00856610;-2.914283956;[0];-99.0000
-79.00832329;-2.914283525;[0];-98.5625
-79.00808048;-2.914283093;[0];-98.1250
-79.00783768;-2.914282661;[0];-97.6250
-79.00759487;-2.91428223;[0];-97.1875
-79.00735207;-2.914281798;[0];-96.7500
-79.00710926;-2.914281366;[0];-96.3750
-79.00686645;-2.914280934;[0];-95.8125
-79.00662365;-2.914280502;[0];-95.4375
-79.00638084;-2.91428007;[0];-95.0000
-79.00613804;-2.914279638;[0];-94.5625
-79.00589523;-2.914279206;[0];-94.1250
-79.00565243;-2.914278774;[0];-93.7500
-79.00540962;-2.914278342;[0];-93.3750
-79.00516681;-2.914277909;[0];-93.0000
-79.00492401;-2.914277477;[0];-92.6250
-79.00468120;-2.914277045;[0];-92.3125
-79.00443840;-2.914276612;[0];-91.9375
-79.00419559;-2.91427618;[0];-91.6250
-79.00395279;-2.914275747;[0];-91.3125
-79.00370998;-2.914275315;[0];-91.0000
-79.00346718;-2.914274882;[0];-90.7500
-79.00322437;-2.914274449;[0];-90.4375
-79.00298157;-2.914274017;[0];-90.2500
-79.00273876;-2.914273584;[0];-90.0000
-79.00249596;-2.914273151;[0];-89.8125
-79.00225315;-2.914272718;[0];-89.6250
-79.00201034;-2.914272285;[0];-89.4375
-79.00176754;-2.914271852;[0];-89.3125
-79.00152473;-2.914271419;[0];-89.2500
-79.00128193;-2.914270986;[0];-89.0625
-79.00103912;-2.914270553;[0];-89.0625
-79.00079632;-2.914270119;[0];-88.9375
-79.00055351;-2.914269686;[0];-88.8750
-79.00031071;-2.914269253;[0];-88.8750
-79.00006790;-2.91426882;[0];-88.8750
-78.9998251;-2.914268386;[0];-88.8125
-78.99958230;-2.914267953;[0];-88.8750
-78.99933949;-2.914267519;[0];-88.8750
-78.99909669;-2.914267085;[0];-88.9375
-78.99885388;-2.914266652;[0];-88.9375
-78.99861108;-2.914266218;[0];-89.0000
-78.99836827;-2.914265784;[0];-89.0625
-78.99812547;-2.914265351;[0];-89.1875
-78.99788266;-2.914264917;[0];-89.2500
-78.99763986;-2.914264483;[0];-89.3750
-78.99739705;-2.914264049;[0];-89.5000
-78.99715425;-2.914263615;[0];-89.5625
-78.99691144;-2.914263181;[0];-89.6875
-78.99666864;-2.914262747;[0];-89.8750
-78.99642584;-2.914262313;[0];-90.0000
-78.99618303;-2.914261878;[0];-90.1250
-78.99594023;-2.914261444;[0];-90.2500
-78.99569742;-2.91426101;[0];-90.4375
-78.99545462;-2.914260575;[0];-90.6250
-78.99521182;-2.914260141;[0];-90.7500
-78.99496901;-2.914259707;[0];-90.8750
-78.99472621;-2.914259272;[0];-91.0625
-78.99448340;-2.914258837;[0];-91.2500
-78.99424060;-2.914258403;[0];-91.4375
-78.99399780;-2.914257968;[0];-91.6250
-78.99375499;-2.914257533;[0];-91.8125
-78.99351219;-2.914257099;[0];-92.0000
-78.99326938;-2.914256664;[0];-92.1875
-78.99302658;-2.914256229;[0];-92.3750
-78.99278378;-2.914255794;[0];-92.6250
-78.99254097;-2.914255359;[0];-92.7500
-78.99229817;-2.914254924;[0];-92.9375
-78.99205536;-2.914254489;[0];-93.1250
-78.99181256;-2.914254054;[0];-93.2500
-78.99156976;-2.914253618;[0];-93.4375
-78.99132695;-2.914253183;[0];-93.6875
-78.99108415;-2.914252748;[0];-93.8750
-78.99084135;-2.914252312;[0];-94.0625
-78.99059854;-2.914251877;[0];-94.2500
-78.99035574;-2.914251441;[0];-94.3750
-78.99011294;-2.914251006;[0];-94.5625
-78.98987013;-2.91425057;[0];-94.7500
-78.98962733;-2.914250135;[0];-95.0000
-78.98938453;-2.914249699;[0];-95.1875
-78.98914172;-2.914249263;[0];-95.3750
-78.98889892;-2.914248827;[0];-95.6250
-78.98865612;-2.914248392;[0];-95.8125
-78.98841331;-2.914247956;[0];-96.0000
-78.98817051;-2.91424752;[0];-96.1250
-78.98792771;-2.914247084;[0];-96.3125
-78.98768491;-2.914246648;[0];-96.5000
-78.98744210;-2.914246212;[0];-96.6875
-78.98719930;-2.914245775;[0];-96.8750
-78.98695650;-2.914245339;[0];-97.0625
-78.98671369;-2.914244903;[0];-97.2500
-78.98647089;-2.914244467;[0];-97.4375
-78.98622809;-2.91424403;[0];-97.6250
-78.98598529;-2.914243594;[0];-97.8125
-78.98574248;-2.914243157;[0];-98.0000
-78.98549968;-2.914242721;[0];-98.1875
-78.98525688;-2.914242284;[0];-98.3125
-78.98501407;-2.914241848;[0];-98.5000
-78.98477127;-2.914241411;[0];-98.6875
-78.98452847;-2.914240974;[0];-98.8750
-78.98428567;-2.914240537;[0];-99.0625
-78.98404286;-2.914240101;[0];-99.1875
-78.98380006;-2.914239664;[0];-99.3750
-78.98355726;-2.914239227;[0];-99.5625
-78.98331446;-2.91423879;[0];-99.6875
-78.98307165;-2.914238353;[0];-99.8750
-78.98282885;-2.914237916;[0];-100.0625
-78.98258605;-2.914237478;[0];-100.1875
-78.98234325;-2.914237041;[0];-100.3750
-78.98210045;-2.914236604;[0];-100.5000
-78.98185764;-2.914236167;[0];-100.6875
-78.98161484;-2.914235729;[0];-100.8125
-78.98137204;-2.914235292;[0];-101.0000
-78.98112924;-2.914234854;[0];-101.1250
-78.98088644;-2.914234417;[0];-101.3125
-78.98064363;-2.914233979;[0];-101.4375
-78.98040083;-2.914233542;[0];-101.5625
-78.98015803;-2.914233104;[0];-101.7500
-78.97991523;-2.914232666;[0];-101.9375
-79.01026617;-2.914042854;[0];-101.8750
-79.01002336;-2.914042422;[0];-101.5000
-79.00978056;-2.914041991;[0];-101.0625
-79.00953775;-2.91404156;[0];-100.6250
-79.00929494;-2.914041129;[0];-100.1875
-79.00905214;-2.914040697;[0];-99.6875
-79.00880933;-2.914040266;[0];-99.3125
-79.00856653;-2.914039834;[0];-98.8750
-79.00832372;-2.914039403;[0];-98.3750
-79.00808091;-2.914038971;[0];-97.9375
-79.00783811;-2.914038539;[0];-97.4375
-79.00759530;-2.914038108;[0];-97.0000
-79.00735250;-2.914037676;[0];-96.5000
-79.00710969;-2.914037244;[0];-96.1250
-79.00686688;-2.914036812;[0];-95.5625
-79.00662408;-2.91403638;[0];-95.1250
-79.00638127;-2.914035948;[0];-94.7500
-79.00613847;-2.914035516;[0];-94.3125
-79.00589566;-2.914035084;[0];-93.8750
-79.00565286;-2.914034652;[0];-93.4375
-79.00541005;-2.91403422;[0];-93.0625
-79.00516724;-2.914033788;[0];-92.6875
-79.00492444;-2.914033355;[0];-92.3125
-79.00468163;-2.914032923;[0];-91.9375
-79.00443883;-2.914032491;[0];-91.6250
-79.00419602;-2.914032058;[0];-91.2500
-79.00395322;-2.914031626;[0];-90.9375
-79.00371041;-2.914031193;[0];-90.6250
-79.00346761;-2.914030761;[0];-90.3750
-79.00322480;-2.914030328;[0];-90.0625
-79.00298200;-2.914029895;[0];-89.8750
-79.00273919;-2.914029463;[0];-89.6250
-79.00249639;-2.91402903;[0];-89.4375
-79.00225358;-2.914028597;[0];-89.2500
-79.00201078;-2.914028164;[0];-89.0625
-79.00176797;-2.914027731;[0];-88.9375
-79.00152517;-2.914027298;[0];-88.8125
-79.00128236;-2.914026865;[0];-88.6875
-79.00103956;-2.914026432;[0];-88.6250
-79.00079675;-2.914025999;[0];-88.6250
-79.00055395;-2.914025565;[0];-88.5000
-79.00031114;-2.914025132;[0];-88.5000
-79.00006834;-2.914024699;[0];-88.5000
-78.99982553;-2.914024265;[0];-88.5000
-78.99958273;-2.914023832;[0];-88.5000
-78.99933992;-2.914023398;[0];-88.5625
-78.99909712;-2.914022965;[0];-88.5625
-78.99885431;-2.914022531;[0];-88.5625
-78.99861151;-2.914022098;[0];-88.6875
-78.99836870;-2.914021664;[0];-88.7500
-78.99812590;-2.91402123;[0];-88.8125
-78.99788309;-2.914020796;[0];-88.9375
-78.99764029;-2.914020362;[0];-89.1250
-78.99739749;-2.914019928;[0];-89.1875
-78.99715468;-2.914019495;[0];-89.3125
-78.99691188;-2.91401906;[0];-89.4375
-78.99666907;-2.914018626;[0];-89.5625
-78.99642627;-2.914018192;[0];-89.7500
-78.99618346;-2.914017758;[0];-89.8750
-78.99594066;-2.914017324;[0];-90.0625
-78.99569786;-2.91401689;[0];-90.2500
-78.99545505;-2.914016455;[0];-90.3750
-78.99521225;-2.914016021;[0];-90.5000
-78.99496944;-2.914015586;[0];-90.6875
-78.99472664;-2.914015152;[0];-90.8750
-78.99448384;-2.914014717;[0];-91.1250
-78.99424103;-2.914014283;[0];-91.3125
-78.99399823;-2.914013848;[0];-91.4375
-78.99375542;-2.914013413;[0];-91.6250
-78.99351262;-2.914012979;[0];-91.8125
-78.99326982;-2.914012544;[0];-92.0625
-78.99302701;-2.914012109;[0];-92.2500
-78.99278421;-2.914011674;[0];-92.4375
-78.99254140;-2.914011239;[0];-92.6250
-78.99229860;-2.914010804;[0];-92.7500
-78.99205580;-2.914010369;[0];-92.9375
-78.99181299;-2.914009934;[0];-93.1250
-78.99157019;-2.914009499;[0];-93.3750
-78.99132739;-2.914009064;[0];-93.5625
-78.99108458;-2.914008628;[0];-93.7500
-78.99084178;-2.914008193;[0];-93.9375
-78.99059898;-2.914007757;[0];-94.0625
-78.99035617;-2.914007322;[0];-94.3125
-78.99011337;-2.914006887;[0];-94.5000
-78.98987057;-2.914006451;[0];-94.6875
-78.98962776;-2.914006015;[0];-94.9375
-78.98938496;-2.91400558;[0];-95.1250
-78.98914216;-2.914005144;[0];-95.3125
-78.98889935;-2.914004708;[0];-95.5625
-78.98865655;-2.914004273;[0];-95.6875
-78.98841375;-2.914003837;[0];-95.8750
-78.98817094;-2.914003401;[0];-96.0625
-78.98792814;-2.914002965;[0];-96.2500
-78.98768534;-2.914002529;[0];-96.4375
-78.98744254;-2.914002093;[0];-96.6250
-78.98719973;-2.914001657;[0];-96.8125
-78.98695693;-2.91400122;[0];-97.0000
-78.98671413;-2.914000784;[0];-97.1875
-78.98647132;-2.914000348;[0];-97.3750
-78.98622852;-2.913999912;[0];-97.5625
-78.98598572;-2.913999475;[0];-97.7500
-78.98574292;-2.913999039;[0];-97.9375
-78.98550011;-2.913998602;[0];-98.1250
-78.98525731;-2.913998166;[0];-98.3125
-78.98501451;-2.913997729;[0];-98.5000
-78.98477171;-2.913997292;[0];-98.6875
-78.98452890;-2.913996856;[0];-98.8125
-78.98428610;-2.913996419;[0];-99.0000
-78.98404330;-2.913995982;[0];-99.1875
-78.98380050;-2.913995545;[0];-99.3750
-78.98355769;-2.913995108;[0];-99.5000
-78.98331489;-2.913994671;[0];-99.6875
-78.98307209;-2.913994234;[0];-99.8750
-78.98282929;-2.913993797;[0];-100.0000
-78.98258649;-2.91399336;[0];-100.1875
-78.98234368;-2.913992923;[0];-100.3125
-78.98210088;-2.913992486;[0];-100.5000
-78.98185808;-2.913992049;[0];-100.6250
-78.98161528;-2.913991611;[0];-100.8125
-78.98137247;-2.913991174;[0];-100.9375
-78.98112967;-2.913990736;[0];-101.1250
-78.98088687;-2.913990299;[0];-101.2500
-78.98064407;-2.913989861;[0];-101.4375
-78.98040127;-2.913989424;[0];-101.6250
-78.98015847;-2.913988986;[0];-101.7500
-78.97991566;-2.913988548;[0];-101.9375
-79.01026660;-2.913798731;[0];-101.8125
-79.01002379;-2.9137983;[0];-101.3750
-79.00978099;-2.913797869;[0];-101.0000
-79.00953818;-2.913797438;[0];-100.5000
-79.00929537;-2.913797006;[0];-100.0625
-79.00905257;-2.913796575;[0];-99.5625
-79.00880976;-2.913796144;[0];-99.1250
-79.00856696;-2.913795712;[0];-98.6875
-79.00832415;-2.913795281;[0];-98.2500
-79.00808134;-2.913794849;[0];-97.7500
-79.00783854;-2.913794417;[0];-97.2500
-79.00759573;-2.913793986;[0];-96.8125
-79.00735293;-2.913793554;[0];-96.3125
-79.00711012;-2.913793122;[0];-95.8750
-79.00686731;-2.91379269;[0];-95.3750
-79.00662451;-2.913792259;[0];-94.8750
-79.00638170;-2.913791827;[0];-94.5000
-79.00613890;-2.913791395;[0];-94.0000
-79.00589609;-2.913790963;[0];-93.5625
-79.00565329;-2.91379053;[0];-93.1250
-79.00541048;-2.913790098;[0];-92.7500
-79.00516767;-2.913789666;[0];-92.3125
-79.00492487;-2.913789234;[0];-91.9375
-79.00468206;-2.913788802;[0];-91.6250
-79.00443926;-2.913788369;[0];-91.2500
-79.00419645;-2.913787937;[0];-90.8750
-79.00395365;-2.913787504;[0];-90.5625
-79.00371084;-2.913787072;[0];-90.2500
-79.00346804;-2.913786639;[0];-90.0000
-79.00322523;-2.913786207;[0];-89.6875
-79.00298243;-2.913785774;[0];-89.4375
-79.00273962;-2.913785341;[0];-89.2500
-79.00249682;-2.913784908;[0];-89.0625
-79.00225401;-2.913784476;[0];-88.8125
-79.00201121;-2.913784043;[0];-88.6875
-79.00176840;-2.91378361;[0];-88.5625
-79.00152560;-2.913783177;[0];-88.4375
-79.00128279;-2.913782744;[0];-88.3750
-79.00103999;-2.913782311;[0];-88.2500
-79.00079718;-2.913781878;[0];-88.1875
-79.00055438;-2.913781444;[0];-88.1250
-79.00031157;-2.913781011;[0];-88.1875
-79.00006877;-2.913780578;[0];-88.0625
-78.99982596;-2.913780144;[0];-88.1250
-78.99958316;-2.913779711;[0];-88.1250
-78.99934035;-2.913779278;[0];-88.1875
-78.99909755;-2.913778844;[0];-88.1875
-78.99885474;-2.913778411;[0];-88.3125
-78.99861194;-2.913777977;[0];-88.3750
-78.99836913;-2.913777543;[0];-88.4375
-78.99812633;-2.91377711;[0];-88.5000
-78.99788353;-2.913776676;[0];-88.6875
-78.99764072;-2.913776242;[0];-88.8125
-78.99739792;-2.913775808;[0];-88.8750
-78.99715511;-2.913775374;[0];-89.0625
-78.99691231;-2.91377494;[0];-89.1875
-78.99666950;-2.913774506;[0];-89.3750
-78.99642670;-2.913774072;[0];-89.5000
-78.99618390;-2.913773638;[0];-89.6250
-78.99594109;-2.913773204;[0];-89.8125
-78.99569829;-2.913772769;[0];-90.0000
-78.99545548;-2.913772335;[0];-90.1250
-78.99521268;-2.913771901;[0];-90.3125
-78.99496988;-2.913771466;[0];-90.5000
-78.99472707;-2.913771032;[0];-90.7500
-78.99448427;-2.913770597;[0];-90.9375
-78.99424146;-2.913770163;[0];-91.1250
-78.99399866;-2.913769728;[0];-91.2500
-78.99375586;-2.913769294;[0];-91.4375
-78.99351305;-2.913768859;[0];-91.6875
-78.99327025;-2.913768424;[0];-91.9375
-78.99302744;-2.913767989;[0];-92.0625
-78.99278464;-2.913767554;[0];-92.2500
-78.99254184;-2.913767119;[0];-92.4375
-78.99229903;-2.913766684;[0];-92.6250
-78.99205623;-2.913766249;[0];-92.8125
-78.99181343;-2.913765814;[0];-93.0625
-78.99157062;-2.913765379;[0];-93.2500
-78.99132782;-2.913764944;[0];-93.4375
-78.99108502;-2.913764509;[0];-93.6250
-78.99084221;-2.913764073;[0];-93.7500
-78.99059941;-2.913763638;[0];-94.0000
-78.99035661;-2.913763203;[0];-94.1875
-78.99011380;-2.913762767;[0];-94.4375
-78.98987100;-2.913762332;[0];-94.6250
-78.98962820;-2.913761896;[0];-94.8750
-78.98938539;-2.913761461;[0];-95.0625
-78.98914259;-2.913761025;[0];-95.2500
-78.98889979;-2.913760589;[0];-95.4375
-78.98865698;-2.913760153;[0];-95.6250
-78.98841418;-2.913759718;[0];-95.8125
-78.98817138;-2.913759282;[0];-96.0000
-78.98792858;-2.913758846;[0];-96.1875
-78.98768577;-2.91375841;[0];-96.3750
-78.98744297;-2.913757974;[0];-96.6250
-78.98720017;-2.913757538;[0];-96.8125
-78.98695736;-2.913757102;[0];-97.0000
-78.98671456;-2.913756665;[0];-97.1875
-78.98647176;-2.913756229;[0];-97.3750
-78.98622896;-2.913755793;[0];-97.5625
-78.98598615;-2.913755356;[0];-97.7500
-78.98574335;-2.91375492;[0];-97.9375
-78.98550055;-2.913754484;[0];-98.1250
-78.98525775;-2.913754047;[0];-98.2500
-78.98501494;-2.913753611;[0];-98.4375
-78.98477214;-2.913753174;[0];-98.6250
-78.98452934;-2.913752737;[0];-98.8125
-78.98428654;-2.913752301;[0];-99.0000
-78.98404373;-2.913751864;[0];-99.1250
-78.98380093;-2.913751427;[0];-99.3125
-78.98355813;-2.91375099;[0];-99.5000
-78.98331533;-2.913750553;[0];-99.6875
-78.98307252;-2.913750116;[0];-99.8125
-78.98282972;-2.913749679;[0];-100.0000
-78.98258692;-2.913749242;[0];-100.1250
-78.98234412;-2.913748805;[0];-100.3125
-78.98210132;-2.913748368;[0];-100.5000
-78.98185851;-2.91374793;[0];-100.6250
-78.98161571;-2.913747493;[0];-100.8125
-78.98137291;-2.913747056;[0];-100.9375
-78.98113011;-2.913746618;[0];-101.1250
-78.98088731;-2.913746181;[0];-101.3125
-78.98064450;-2.913745743;[0];-101.5000
-78.98040170;-2.913745306;[0];-101.6250
-78.9801589;-2.913744868;[0];-101.8125
-78.97991610;-2.913744431;[0];-101.9375
-79.01026703;-2.913554609;[0];-101.9375
-79.01002422;-2.913554178;[0];-101.2500
-79.00978141;-2.913553747;[0];-100.8125
-79.00953861;-2.913553315;[0];-100.4375
-79.00929580;-2.913552884;[0];-99.9375
-79.00905300;-2.913552453;[0];-99.4375
-79.00881019;-2.913552021;[0];-98.9375
-79.00856738;-2.91355159;[0];-98.5625
-79.00832458;-2.913551159;[0];-98.0625
-79.00808177;-2.913550727;[0];-97.5625
-79.00783897;-2.913550295;[0];-97.0625
-79.00759616;-2.913549864;[0];-96.5625
-79.00735335;-2.913549432;[0];-96.1250
-79.00711055;-2.913549;[0];-95.6250
-79.00686774;-2.913548569;[0];-95.1875
-79.00662494;-2.913548137;[0];-94.6250
-79.00638213;-2.913547705;[0];-94.2500
-79.00613933;-2.913547273;[0];-93.7500
-79.00589652;-2.913546841;[0];-93.2500
-79.00565372;-2.913546409;[0];-92.8125
-79.00541091;-2.913545977;[0];-92.4375
-79.00516810;-2.913545545;[0];-92.0000
-79.00492530;-2.913545112;[0];-91.6250
-79.00468249;-2.91354468;[0];-91.2500
-79.00443969;-2.913544248;[0];-90.8750
-79.00419688;-2.913543815;[0];-90.5000
-79.00395408;-2.913543383;[0];-90.1875
-79.00371127;-2.91354295;[0];-89.8750
-79.00346847;-2.913542518;[0];-89.5625
-79.00322566;-2.913542085;[0];-89.3125
-79.00298286;-2.913541653;[0];-89.0625
-79.00274005;-2.91354122;[0];-88.8125
-79.00249725;-2.913540787;[0];-88.6250
-79.00225444;-2.913540354;[0];-88.4375
-79.00201164;-2.913539922;[0];-88.2500
-79.00176883;-2.913539489;[0];-88.1875
-79.00152603;-2.913539056;[0];-88.0000
-79.00128322;-2.913538623;[0];-87.9375
-79.00104042;-2.91353819;[0];-87.8750
-79.00079761;-2.913537757;[0];-87.8125
-79.00055481;-2.913537323;[0];-87.7500
-79.00031200;-2.91353689;[0];-87.7500
-79.00006920;-2.913536457;[0];-87.7500
-78.99982639;-2.913536024;[0];-87.7500
-78.99958359;-2.91353559;[0];-87.8125
-78.99934078;-2.913535157;[0];-87.8125
-78.99909798;-2.913534723;[0];-87.8125
-78.99885517;-2.91353429;[0];-88.0000
-78.99861237;-2.913533856;[0];-88.0625
-78.99836957;-2.913533423;[0];-88.1250
-78.99812676;-2.913532989;[0];-88.2500
-78.99788396;-2.913532555;[0];-88.3750
-78.99764115;-2.913532121;[0];-88.5000
-78.99739835;-2.913531688;[0];-88.6250
-78.99715554;-2.913531254;[0];-88.7500
-78.99691274;-2.91353082;[0];-88.9375
-78.99666994;-2.913530386;[0];-89.0625
-78.99642713;-2.913529952;[0];-89.2500
-78.99618433;-2.913529518;[0];-89.4375
-78.99594152;-2.913529083;[0];-89.6250
-78.99569872;-2.913528649;[0];-89.7500
-78.99545592;-2.913528215;[0];-89.9375
-78.99521311;-2.913527781;[0];-90.1250
-78.99497031;-2.913527346;[0];-90.3125
-78.99472750;-2.913526912;[0];-90.5625
-78.99448470;-2.913526477;[0];-90.7500
-78.99424190;-2.913526043;[0];-90.8750
-78.99399909;-2.913525608;[0];-91.1250
-78.99375629;-2.913525174;[0];-91.3750
-78.99351348;-2.913524739;[0];-91.5625
-78.99327068;-2.913524304;[0];-91.7500
-78.99302788;-2.913523869;[0];-91.9375
-78.99278507;-2.913523435;[0];-92.1250
-78.99254227;-2.913523;[0];-92.2500
-78.99229947;-2.913522565;[0];-92.5000
-78.99205666;-2.91352213;[0];-92.7500
-78.99181386;-2.913521695;[0];-92.9375
-78.99157106;-2.91352126;[0];-93.1250
-78.99132825;-2.913520824;[0];-93.2500
-78.99108545;-2.913520389;[0];-93.5000
-78.99084265;-2.913519954;[0];-93.6875
-78.99059984;-2.913519519;[0];-93.9375
-78.99035704;-2.913519083;[0];-94.1250
-78.99011424;-2.913518648;[0];-94.3750
-78.98987143;-2.913518212;[0];-94.5625
-78.98962863;-2.913517777;[0];-94.8125
-78.98938583;-2.913517341;[0];-95.0000
-78.98914302;-2.913516906;[0];-95.1250
-78.98890022;-2.91351647;[0];-95.3125
-78.98865742;-2.913516034;[0];-95.5625
-78.98841461;-2.913515598;[0];-95.7500
-78.98817181;-2.913515163;[0];-95.9375
-78.98792901;-2.913514727;[0];-96.1875
-78.98768621;-2.913514291;[0];-96.3750
-78.98744340;-2.913513855;[0];-96.5625
-78.9872006;-2.913513419;[0];-96.7500
-78.98695780;-2.913512983;[0];-96.9375
-78.98671500;-2.913512546;[0];-97.1250
-78.98647219;-2.91351211;[0];-97.3125
-78.98622939;-2.913511674;[0];-97.5000
-78.98598659;-2.913511238;[0];-97.6875
-78.98574378;-2.913510801;[0];-97.8750
-78.98550098;-2.913510365;[0];-98.0625
-78.98525818;-2.913509928;[0];-98.2500
-78.98501538;-2.913509492;[0];-98.4375
-78.98477257;-2.913509055;[0];-98.6250
-78.98452977;-2.913508619;[0];-98.8125
-78.98428697;-2.913508182;[0];-98.9375
-78.98404417;-2.913507745;[0];-99.1250
-78.98380137;-2.913507309;[0];-99.3125
-78.98355856;-2.913506872;[0];-99.5000
-78.98331576;-2.913506435;[0];-99.6250
-78.98307296;-2.913505998;[0];-99.8125
-78.98283016;-2.913505561;[0];-100.0000
-78.98258735;-2.913505124;[0];-100.1250
-78.98234455;-2.913504687;[0];-100.3125
-78.98210175;-2.91350425;[0];-100.4375
-78.98185895;-2.913503812;[0];-100.6250
-78.98161615;-2.913503375;[0];-100.8125
-78.98137334;-2.913502938;[0];-101.0000
-78.98113054;-2.9135025;[0];-101.1875
-78.98088774;-2.913502063;[0];-101.3125
-78.98064494;-2.913501626;[0];-101.5000
-78.98040214;-2.913501188;[0];-101.6250
-78.98015934;-2.91350075;[0];-101.8125
-78.97991653;-2.913500313;[0];-101.9375
-79.01026746;-2.913310487;[0];-102.0000
-79.01002465;-2.913310055;[0];-101.3125
-79.00978184;-2.913309624;[0];-100.6875
-79.00953904;-2.913309193;[0];-100.3125
-79.00929623;-2.913308762;[0];-99.8125
-79.00905343;-2.913308331;[0];-99.3125
-79.00881062;-2.913307899;[0];-98.8125
-79.00856781;-2.913307468;[0];-98.3750
-79.00832501;-2.913307036;[0];-97.9375
-79.00808220;-2.913306605;[0];-97.4375
-79.00783940;-2.913306173;[0];-96.8750
-79.00759659;-2.913305742;[0];-96.3750
-79.00735378;-2.91330531;[0];-95.8750
-79.00711098;-2.913304878;[0];-95.3750
-79.00686817;-2.913304447;[0];-94.9375
-79.00662537;-2.913304015;[0];-94.3750
-79.00638256;-2.913303583;[0];-93.9375
-79.00613976;-2.913303151;[0];-93.5000
-79.00589695;-2.913302719;[0];-93.0000
-79.00565415;-2.913302287;[0];-92.5000
-79.00541134;-2.913301855;[0];-92.1250
-79.00516853;-2.913301423;[0];-91.6250
-79.00492573;-2.913300991;[0];-91.2500
-79.00468292;-2.913300558;[0];-90.9375
-79.00444012;-2.913300126;[0];-90.5000
-79.00419731;-2.913299694;[0];-90.1250
-79.00395451;-2.913299261;[0];-89.8125
-79.00371170;-2.913298829;[0];-89.5000
-79.00346890;-2.913298397;[0];-89.1875
-79.00322609;-2.913297964;[0];-88.8750
-79.00298329;-2.913297531;[0];-88.6250
-79.00274048;-2.913297099;[0];-88.4375
-79.00249768;-2.913296666;[0];-88.1875
-79.00225487;-2.913296233;[0];-88.0000
-79.00201207;-2.9132958;[0];-87.8750
-79.00176926;-2.913295368;[0];-87.7500
-79.00152646;-2.913294935;[0];-87.6250
-79.00128365;-2.913294502;[0];-87.5000
-79.00104085;-2.913294069;[0];-87.5000
-79.00079804;-2.913293636;[0];-87.3750
-79.00055524;-2.913293203;[0];-87.3750
-79.00031243;-2.913292769;[0];-87.3125
-79.00006963;-2.913292336;[0];-87.3750
-78.99982682;-2.913291903;[0];-87.3750
-78.99958402;-2.913291469;[0];-87.4375
-78.99934122;-2.913291036;[0];-87.4375
-78.99909841;-2.913290603;[0];-87.5625
-78.99885561;-2.913290169;[0];-87.6250
-78.99861280;-2.913289736;[0];-87.6875
-78.99837000;-2.913289302;[0];-87.8125
-78.99812719;-2.913288868;[0];-87.9375
-78.99788439;-2.913288435;[0];-88.0625
-78.99764158;-2.913288001;[0];-88.1875
-78.99739878;-2.913287567;[0];-88.3750
-78.99715598;-2.913287133;[0];-88.5000
-78.99691317;-2.913286699;[0];-88.6875
-78.99667037;-2.913286265;[0];-88.8125
-78.99642756;-2.913285831;[0];-89.0000
-78.99618476;-2.913285397;[0];-89.1875
-78.99594196;-2.913284963;[0];-89.3125
-78.99569915;-2.913284529;[0];-89.5000
-78.99545635;-2.913284095;[0];-89.7500
-78.99521354;-2.91328366;[0];-89.9375
-78.99497074;-2.913283226;[0];-90.1250
-78.99472794;-2.913282792;[0];-90.3125
-78.99448513;-2.913282357;[0];-90.5000
-78.99424233;-2.913281923;[0];-90.7500
-78.99399952;-2.913281488;[0];-91.0000
-78.99375672;-2.913281054;[0];-91.1875
-78.99351392;-2.913280619;[0];-91.3750
-78.99327111;-2.913280184;[0];-91.5625
-78.99302831;-2.91327975;[0];-91.7500
-78.99278551;-2.913279315;[0];-91.9375
-78.99254270;-2.91327888;[0];-92.1875
-78.99229990;-2.913278445;[0];-92.3750
-78.99205710;-2.91327801;[0];-92.5625
-78.99181429;-2.913277575;[0];-92.7500
-78.99157149;-2.91327714;[0];-92.9375
-78.99132869;-2.913276705;[0];-93.1875
-78.99108588;-2.91327627;[0];-93.3750
-78.99084308;-2.913275834;[0];-93.6250
-78.99060028;-2.913275399;[0];-93.8750
-78.99035747;-2.913274964;[0];-94.0625
-78.99011467;-2.913274528;[0];-94.3125
-78.98987187;-2.913274093;[0];-94.5000
-78.98962906;-2.913273658;[0];-94.6875
-78.98938626;-2.913273222;[0];-94.8750
-78.98914346;-2.913272786;[0];-95.0625
-78.98890065;-2.913272351;[0];-95.3125
-78.98865785;-2.913271915;[0];-95.5000
-78.98841505;-2.913271479;[0];-95.6875
-78.98817225;-2.913271044;[0];-95.9375
-78.98792944;-2.913270608;[0];-96.1250
-78.98768664;-2.913270172;[0];-96.3125
-78.98744384;-2.913269736;[0];-96.5000
-78.98720103;-2.9132693;[0];-96.6875
-78.98695823;-2.913268864;[0];-96.9375
-78.98671543;-2.913268428;[0];-97.1250
-78.98647263;-2.913267991;[0];-97.3125
-78.98622982;-2.913267555;[0];-97.5000
-78.98598702;-2.913267119;[0];-97.6875
-78.98574422;-2.913266683;[0];-97.8750
-78.98550142;-2.913266246;[0];-98.0625
-78.98525861;-2.91326581;[0];-98.2500
-78.98501581;-2.913265373;[0];-98.3750
-78.98477301;-2.913264937;[0];-98.5625
-78.98453021;-2.9132645;[0];-98.7500
-78.98428740;-2.913264064;[0];-98.9375
-78.98404460;-2.913263627;[0];-99.1250
-78.98380180;-2.91326319;[0];-99.3125
-78.98355900;-2.913262753;[0];-99.4375
-78.98331620;-2.913262316;[0];-99.6250
-78.98307339;-2.91326188;[0];-99.8125
-78.98283059;-2.913261443;[0];-99.9375
-78.98258779;-2.913261006;[0];-100.1250
-78.98234499;-2.913260569;[0];-100.3125
-78.98210219;-2.913260131;[0];-100.5000
-78.98185938;-2.913259694;[0];-100.6875
-78.98161658;-2.913259257;[0];-100.8750
-78.98137378;-2.91325882;[0];-101.0000
-78.98113098;-2.913258382;[0];-101.1875
-78.98088818;-2.913257945;[0];-101.3125
-78.98064537;-2.913257508;[0];-101.5000
-78.98040257;-2.91325707;[0];-101.6250
-78.98015977;-2.913256633;[0];-101.8125
-78.97991697;-2.913256195;[0];-101.9375
-79.01026788;-2.913066364;[0];-101.8750
-79.01002508;-2.913065933;[0];-101.4375
-79.00978227;-2.913065502;[0];-100.6250
-79.00953947;-2.913065071;[0];-100.1250
-79.00929666;-2.91306464;[0];-99.6875
-79.00905385;-2.913064208;[0];-99.1875
-79.00881105;-2.913063777;[0];-98.6875
-79.00856824;-2.913063346;[0];-98.1875
-79.00832544;-2.913062914;[0];-97.7500
-79.00808263;-2.913062483;[0];-97.2500
-79.00783982;-2.913062051;[0];-96.7500
-79.00759702;-2.91306162;[0];-96.1875
-79.00735421;-2.913061188;[0];-95.6875
-79.00711141;-2.913060757;[0];-95.1875
-79.00686860;-2.913060325;[0];-94.6875
-79.00662580;-2.913059893;[0];-94.1250
-79.00638299;-2.913059461;[0];-93.6250
-79.00614019;-2.913059029;[0];-93.1875
-79.00589738;-2.913058597;[0];-92.6875
-79.00565457;-2.913058165;[0];-92.1875
-79.00541177;-2.913057733;[0];-91.8125
-79.00516896;-2.913057301;[0];-91.3125
-79.00492616;-2.913056869;[0];-90.9375
-79.00468335;-2.913056437;[0];-90.5625
-79.00444055;-2.913056005;[0];-90.1250
-79.00419774;-2.913055572;[0];-89.7500
-79.00395494;-2.91305514;[0];-89.3750
-79.00371213;-2.913054708;[0];-89.0625
-79.00346933;-2.913054275;[0];-88.7500
-79.00322652;-2.913053843;[0];-88.4375
-79.00298372;-2.91305341;[0];-88.2500
-79.00274091;-2.913052977;[0];-88.0000
-79.00249811;-2.913052545;[0];-87.7500
-79.00225530;-2.913052112;[0];-87.5625
-79.00201250;-2.913051679;[0];-87.4375
-79.00176969;-2.913051246;[0];-87.3125
-79.00152689;-2.913050814;[0];-87.1875
-79.00128408;-2.913050381;[0];-87.0625
-79.00104128;-2.913049948;[0];-87.0625
-79.00079847;-2.913049515;[0];-87.0000
-79.00055567;-2.913049082;[0];-87.0000
-79.00031286;-2.913048648;[0];-86.9375
-79.00007006;-2.913048215;[0];-87.0000
-78.99982726;-2.913047782;[0];-87.0000
-78.99958445;-2.913047349;[0];-87.0625
-78.99934165;-2.913046915;[0];-87.0625
-78.99909884;-2.913046482;[0];-87.1875
-78.99885604;-2.913046048;[0];-87.2500
-78.99861323;-2.913045615;[0];-87.3750
-78.99837043;-2.913045181;[0];-87.5625
-78.99812762;-2.913044748;[0];-87.6250
-78.99788482;-2.913044314;[0];-87.7500
-78.99764202;-2.91304388;[0];-87.9375
-78.99739921;-2.913043447;[0];-88.0625
-78.99715641;-2.913043013;[0];-88.2500
-78.99691360;-2.913042579;[0];-88.3750
-78.99667080;-2.913042145;[0];-88.5625
-78.99642800;-2.913041711;[0];-88.8125
-78.99618519;-2.913041277;[0];-88.9375
-78.99594239;-2.913040843;[0];-89.1250
-78.99569958;-2.913040409;[0];-89.3125
-78.99545678;-2.913039975;[0];-89.5625
-78.99521398;-2.91303954;[0];-89.7500
-78.99497117;-2.913039106;[0];-89.9375
-78.99472837;-2.913038672;[0];-90.1250
-78.99448556;-2.913038237;[0];-90.3750
-78.99424276;-2.913037803;[0];-90.6250
-78.99399996;-2.913037368;[0];-90.8125
-78.99375715;-2.913036934;[0];-91.0000
-78.99351435;-2.913036499;[0];-91.1875
-78.99327155;-2.913036065;[0];-91.3750
-78.99302874;-2.91303563;[0];-91.6250
-78.99278594;-2.913035195;[0];-91.8750
-78.99254314;-2.91303476;[0];-92.0625
-78.99230033;-2.913034325;[0];-92.2500
-78.99205753;-2.91303389;[0];-92.4375
-78.99181472;-2.913033455;[0];-92.6250
-78.99157192;-2.91303302;[0];-92.8750
-78.99132912;-2.913032585;[0];-93.1250
-78.99108632;-2.91303215;[0];-93.3125
-78.99084351;-2.913031715;[0];-93.5625
-78.99060071;-2.91303128;[0];-93.8125
-78.99035791;-2.913030844;[0];-94.0000
-78.99011510;-2.913030409;[0];-94.1875
-78.98987230;-2.913029974;[0];-94.3750
-78.98962950;-2.913029538;[0];-94.5625
-78.98938669;-2.913029103;[0];-94.8125
-78.98914389;-2.913028667;[0];-95.0000
-78.98890109;-2.913028232;[0];-95.2500
-78.98865828;-2.913027796;[0];-95.4375
-78.98841548;-2.91302736;[0];-95.6875
-78.98817268;-2.913026924;[0];-95.8750
-78.98792988;-2.913026489;[0];-96.0625
-78.98768707;-2.913026053;[0];-96.2500
-78.98744427;-2.913025617;[0];-96.5000
-78.98720147;-2.913025181;[0];-96.6875
-78.98695867;-2.913024745;[0];-96.8750
-78.98671586;-2.913024309;[0];-97.0625
-78.98647306;-2.913023873;[0];-97.2500
-78.98623026;-2.913023436;[0];-97.4375
-78.98598746;-2.913023;[0];-97.6250
-78.98574465;-2.913022564;[0];-97.8125
-78.98550185;-2.913022128;[0];-98.0000
-78.98525905;-2.913021691;[0];-98.1875
-78.98501625;-2.913021255;[0];-98.3750
-78.98477344;-2.913020818;[0];-98.5625
-78.98453064;-2.913020382;[0];-98.7500
-78.98428784;-2.913019945;[0];-98.9375
-78.98404504;-2.913019508;[0];-99.0625
-78.98380223;-2.913019072;[0];-99.2500
-78.98355943;-2.913018635;[0];-99.4375
-78.98331663;-2.913018198;[0];-99.6250
-78.98307383;-2.913017761;[0];-99.7500
-78.98283103;-2.913017324;[0];-99.9375
-78.98258822;-2.913016887;[0];-100.1875
-78.98234542;-2.91301645;[0];-100.3125
-78.98210262;-2.913016013;[0];-100.5000
-78.98185982;-2.913015576;[0];-100.6875
-78.98161702;-2.913015139;[0];-100.8750
-78.98137421;-2.913014702;[0];-101.0000
-78.98113141;-2.913014264;[0];-101.1875
-78.98088861;-2.913013827;[0];-101.3125
-78.98064581;-2.91301339;[0];-101.5000
-78.98040301;-2.913012952;[0];-101.6250
-78.98016021;-2.913012515;[0];-101.8125
-78.97991740;-2.913012077;[0];-101.9375
-79.01026831;-2.912822242;[0];-101.8125
-79.01002551;-2.912821811;[0];-101.3125
-79.0097827;-2.91282138;[0];-100.7500
-79.00953989;-2.912820949;[0];-100.0000
-79.00929709;-2.912820517;[0];-99.5625
-79.00905428;-2.912820086;[0];-99.0625
-79.00881148;-2.912819655;[0];-98.5625
-79.00856867;-2.912819224;[0];-98.0625
-79.00832587;-2.912818792;[0];-97.5625
-79.00808306;-2.912818361;[0];-97.0625
-79.00784025;-2.912817929;[0];-96.5625
-79.00759745;-2.912817498;[0];-96.0000
-79.00735464;-2.912817066;[0];-95.4375
-79.00711184;-2.912816635;[0];-94.9375
-79.00686903;-2.912816203;[0];-94.3750
-79.00662623;-2.912815771;[0];-93.9375
-79.00638342;-2.912815339;[0];-93.3125
-79.00614062;-2.912814908;[0];-92.9375
-79.00589781;-2.912814476;[0];-92.3750
-79.00565500;-2.912814044;[0];-91.8750
-79.00541220;-2.912813612;[0];-91.4375
-79.00516939;-2.91281318;[0];-90.9375
-79.00492659;-2.912812748;[0];-90.5625
-79.00468378;-2.912812315;[0];-90.1875
-79.00444098;-2.912811883;[0];-89.7500
-79.00419817;-2.912811451;[0];-89.3125
-79.00395537;-2.912811019;[0];-89.0000
-79.00371256;-2.912810586;[0];-88.6875
-79.00346976;-2.912810154;[0];-88.3125
-79.00322695;-2.912809721;[0];-88.0000
-79.00298415;-2.912809289;[0];-87.8125
-79.00274134;-2.912808856;[0];-87.5625
-79.00249854;-2.912808424;[0];-87.3125
-79.00225573;-2.912807991;[0];-87.1250
-79.00201293;-2.912807558;[0];-87.0625
-79.00177012;-2.912807125;[0];-86.8750
-79.00152732;-2.912806693;[0];-86.8125
-79.00128451;-2.91280626;[0];-86.6875
-79.00104171;-2.912805827;[0];-86.6250
-79.00079890;-2.912805394;[0];-86.6250
-79.00055610;-2.912804961;[0];-86.5625
-79.00031330;-2.912804528;[0];-86.5625
-79.00007049;-2.912804094;[0];-86.5625
-78.99982769;-2.912803661;[0];-86.6250
-78.99958488;-2.912803228;[0];-86.6250
-78.99934208;-2.912802795;[0];-86.7500
-78.99909927;-2.912802361;[0];-86.8125
-78.99885647;-2.912801928;[0];-86.9375
-78.99861366;-2.912801494;[0];-87.0625
-78.99837086;-2.912801061;[0];-87.1875
-78.99812806;-2.912800627;[0];-87.3125
-78.99788525;-2.912800194;[0];-87.5000
-78.99764245;-2.91279976;[0];-87.6250
-78.99739964;-2.912799326;[0];-87.8125
-78.99715684;-2.912798892;[0];-87.9375
-78.99691403;-2.912798459;[0];-88.1250
-78.99667123;-2.912798025;[0];-88.3750
-78.99642843;-2.912797591;[0];-88.5000
-78.99618562;-2.912797157;[0];-88.6875
-78.99594282;-2.912796723;[0];-88.8750
-78.99570001;-2.912796289;[0];-89.1250
-78.99545721;-2.912795854;[0];-89.3125
-78.99521441;-2.91279542;[0];-89.5625
-78.99497160;-2.912794986;[0];-89.7500
-78.99472880;-2.912794552;[0];-89.9375
-78.99448600;-2.912794117;[0];-90.2500
-78.99424319;-2.912793683;[0];-90.4375
-78.99400039;-2.912793248;[0];-90.6250
-78.99375759;-2.912792814;[0];-90.8125
-78.99351478;-2.912792379;[0];-91.0000
-78.99327198;-2.912791945;[0];-91.2500
-78.99302917;-2.91279151;[0];-91.5000
-78.99278637;-2.912791075;[0];-91.6875
-78.99254357;-2.91279064;[0];-91.8750
-78.99230076;-2.912790206;[0];-92.0625
-78.99205796;-2.912789771;[0];-92.3125
-78.99181516;-2.912789336;[0];-92.5625
-78.99157235;-2.912788901;[0];-92.8125
-78.99132955;-2.912788466;[0];-93.0625
-78.99108675;-2.912788031;[0];-93.2500
-78.99084394;-2.912787596;[0];-93.5000
-78.99060114;-2.91278716;[0];-93.6875
-78.99035834;-2.912786725;[0];-93.8750
-78.99011554;-2.91278629;[0];-94.0625
-78.98987273;-2.912785854;[0];-94.3125
-78.98962993;-2.912785419;[0];-94.5625
-78.98938713;-2.912784984;[0];-94.7500
-78.98914432;-2.912784548;[0];-95.0000
-78.98890152;-2.912784112;[0];-95.1875
-78.98865872;-2.912783677;[0];-95.4375
-78.98841592;-2.912783241;[0];-95.6250
-78.98817311;-2.912782805;[0];-95.8125
-78.98793031;-2.91278237;[0];-96.0625
-78.98768751;-2.912781934;[0];-96.2500
-78.98744470;-2.912781498;[0];-96.4375
-78.98720190;-2.912781062;[0];-96.6250
-78.98695910;-2.912780626;[0];-96.8125
-78.98671630;-2.91278019;[0];-97.0625
-78.98647349;-2.912779754;[0];-97.2500
-78.98623069;-2.912779318;[0];-97.4375
-78.98598789;-2.912778881;[0];-97.6250
-78.98574509;-2.912778445;[0];-97.8125
-78.98550228;-2.912778009;[0];-98.0000
-78.98525948;-2.912777573;[0];-98.1875
-78.98501668;-2.912777136;[0];-98.3750
-78.98477388;-2.9127767;[0];-98.5625
-78.98453108;-2.912776263;[0];-98.7500
-78.98428827;-2.912775827;[0];-98.8750
-78.98404547;-2.91277539;[0];-99.0625
-78.98380267;-2.912774953;[0];-99.2500
-78.98355987;-2.912774517;[0];-99.4375
-78.98331706;-2.91277408;[0];-99.6250
-78.98307426;-2.912773643;[0];-99.8125
-78.98283146;-2.912773206;[0];-100.0000
-78.98258866;-2.912772769;[0];-100.1875
-78.98234586;-2.912772332;[0];-100.3750
-78.98210305;-2.912771895;[0];-100.5000
-78.98186025;-2.912771458;[0];-100.6875
-78.98161745;-2.912771021;[0];-100.8750
-78.98137465;-2.912770584;[0];-101.0000
-78.98113185;-2.912770146;[0];-101.1875
-78.98088905;-2.912769709;[0];-101.3125
-78.98064624;-2.912769272;[0];-101.5000
-78.98040344;-2.912768834;[0];-101.6250
-78.98016064;-2.912768397;[0];-101.8125
-78.97991784;-2.912767959;[0];-101.9375
-79.01026874;-2.912578119;[0];-101.7500
-79.01002594;-2.912577688;[0];-101.2500
-79.00978313;-2.912577257;[0];-100.7500
-79.00954032;-2.912576826;[0];-100.0000
-79.00929752;-2.912576395;[0];-99.4375
-79.00905471;-2.912575964;[0];-99.0000
-79.00881191;-2.912575533;[0];-98.4375
-79.0085691;-2.912575101;[0];-97.8750
-79.00832629;-2.91257467;[0];-97.3750
-79.00808349;-2.912574239;[0];-96.8750
-79.00784068;-2.912573807;[0];-96.3750
-79.00759788;-2.912573376;[0];-95.8125
-79.00735507;-2.912572944;[0];-95.2500
-79.00711227;-2.912572513;[0];-94.6875
-79.00686946;-2.912572081;[0];-94.1250
-79.00662666;-2.912571649;[0];-93.6875
-79.00638385;-2.912571218;[0];-93.0625
-79.00614104;-2.912570786;[0];-92.6250
-79.00589824;-2.912570354;[0];-92.0625
-79.00565543;-2.912569922;[0];-91.5625
-79.00541263;-2.91256949;[0];-91.1250
-79.00516982;-2.912569058;[0];-90.6250
-79.00492702;-2.912568626;[0];-90.1875
-79.00468421;-2.912568194;[0];-89.7500
-79.00444141;-2.912567762;[0];-89.3125
-79.00419860;-2.912567329;[0];-88.9375
-79.00395580;-2.912566897;[0];-88.5625
-79.00371299;-2.912566465;[0];-88.2500
-79.00347019;-2.912566032;[0];-87.8750
-79.00322738;-2.9125656;[0];-87.5625
-79.00298458;-2.912565167;[0];-87.3125
-79.00274177;-2.912564735;[0];-87.1250
-79.00249897;-2.912564302;[0];-86.8750
-79.00225616;-2.91256387;[0];-86.6875
-79.00201336;-2.912563437;[0];-86.5625
-79.00177055;-2.912563004;[0];-86.3750
-79.00152775;-2.912562571;[0];-86.3125
-79.00128494;-2.912562139;[0];-86.2500
-79.00104214;-2.912561706;[0];-86.1875
-79.00079934;-2.912561273;[0];-86.1875
-79.00055653;-2.91256084;[0];-86.1250
-79.00031373;-2.912560407;[0];-86.1250
-79.00007092;-2.912559974;[0];-86.1875
-78.99982812;-2.91255954;[0];-86.2500
-78.99958531;-2.912559107;[0];-86.2500
-78.99934251;-2.912558674;[0];-86.3750
-78.99909970;-2.912558241;[0];-86.4375
-78.99885690;-2.912557807;[0];-86.5625
-78.99861410;-2.912557374;[0];-86.7500
-78.99837129;-2.91255694;[0];-86.8125
-78.99812849;-2.912556507;[0];-87.0000
-78.99788568;-2.912556073;[0];-87.1250
-78.99764288;-2.912555639;[0];-87.3125
-78.99740007;-2.912555206;[0];-87.5000
-78.99715727;-2.912554772;[0];-87.6875
-78.99691447;-2.912554338;[0];-87.8750
-78.99667166;-2.912553904;[0];-88.0625
-78.99642886;-2.91255347;[0];-88.2500
-78.99618605;-2.912553036;[0];-88.5000
-78.99594325;-2.912552602;[0];-88.6875
-78.99570045;-2.912552168;[0];-88.9375
-78.99545764;-2.912551734;[0];-89.1250
-78.99521484;-2.9125513;[0];-89.3125
-78.99497204;-2.912550866;[0];-89.5625
-78.99472923;-2.912550432;[0];-89.8125
-78.99448643;-2.912549997;[0];-90.0625
-78.99424362;-2.912549563;[0];-90.2500
-78.99400082;-2.912549128;[0];-90.4375
-78.99375802;-2.912548694;[0];-90.6250
-78.99351521;-2.912548259;[0];-90.8750
-78.99327241;-2.912547825;[0];-91.1250
-78.99302961;-2.91254739;[0];-91.3125
-78.99278680;-2.912546955;[0];-91.5625
-78.992544;-2.912546521;[0];-91.7500
-78.99230120;-2.912546086;[0];-92.0000
-78.99205839;-2.912545651;[0];-92.2500
-78.99181559;-2.912545216;[0];-92.5000
-78.99157279;-2.912544781;[0];-92.7500
-78.99132998;-2.912544346;[0];-92.9375
-78.99108718;-2.912543911;[0];-93.1875
-78.99084438;-2.912543476;[0];-93.3750
-78.99060157;-2.912543041;[0];-93.5625
-78.99035877;-2.912542606;[0];-93.8125
-78.99011597;-2.91254217;[0];-94.0625
-78.98987317;-2.912541735;[0];-94.2500
-78.98963036;-2.9125413;[0];-94.5000
-78.98938756;-2.912540864;[0];-94.6875
-78.98914476;-2.912540429;[0];-94.9375
-78.98890195;-2.912539993;[0];-95.1250
-78.98865915;-2.912539558;[0];-95.3750
-78.98841635;-2.912539122;[0];-95.5625
-78.98817355;-2.912538686;[0];-95.8125
-78.98793074;-2.912538251;[0];-96.0000
-78.98768794;-2.912537815;[0];-96.1875
-78.98744514;-2.912537379;[0];-96.4375
-78.98720234;-2.912536943;[0];-96.6250
-78.98695953;-2.912536507;[0];-96.8125
-78.98671673;-2.912536071;[0];-97.0000
-78.98647393;-2.912535635;[0];-97.1875
-78.98623113;-2.912535199;[0];-97.3750
-78.98598832;-2.912534763;[0];-97.5625
-78.98574552;-2.912534326;[0];-97.8125
-78.98550272;-2.91253389;[0];-98.0000
-78.98525992;-2.912533454;[0];-98.1875
-78.98501711;-2.912533018;[0];-98.3125
-78.98477431;-2.912532581;[0];-98.5000
-78.98453151;-2.912532145;[0];-98.6875
-78.98428871;-2.912531708;[0];-98.8750
-78.98404591;-2.912531272;[0];-99.0625
-78.98380310;-2.912530835;[0];-99.2500
-78.9835603;-2.912530398;[0];-99.5000
-78.98331750;-2.912529961;[0];-99.6875
-78.98307470;-2.912529525;[0];-99.8750
-78.98283190;-2.912529088;[0];-100.0000
-78.98258909;-2.912528651;[0];-100.1875
-78.98234629;-2.912528214;[0];-100.3750
-78.98210349;-2.912527777;[0];-100.5000
-78.98186069;-2.91252734;[0];-100.6875
-78.98161789;-2.912526903;[0];-100.8125
-78.98137508;-2.912526466;[0];-101.0000
-78.98113228;-2.912526028;[0];-101.1875
-78.98088948;-2.912525591;[0];-101.3125
-78.98064668;-2.912525154;[0];-101.5000
-78.98040388;-2.912524716;[0];-101.6875
-78.98016108;-2.912524279;[0];-101.8125
-78.97991828;-2.912523842;[0];-102.0000
-79.01026917;-2.912333997;[0];-101.6250
-79.01002636;-2.912333566;[0];-101.1875
-79.00978356;-2.912333135;[0];-100.6875
-79.00954075;-2.912332704;[0];-100.1250
-79.00929795;-2.912332273;[0];-99.3125
-79.00905514;-2.912331842;[0];-98.8125
-79.00881234;-2.912331411;[0];-98.3125
-79.00856953;-2.912330979;[0];-97.7500
-79.00832672;-2.912330548;[0];-97.1875
-79.00808392;-2.912330117;[0];-96.6875
-79.00784111;-2.912329685;[0];-96.1875
-79.00759831;-2.912329254;[0];-95.6250
-79.00735550;-2.912328822;[0];-95.0625
-79.00711270;-2.912328391;[0];-94.5000
-79.00686989;-2.912327959;[0];-93.9375
-79.00662708;-2.912327527;[0];-93.3750
-79.00638428;-2.912327096;[0];-92.8125
-79.00614147;-2.912326664;[0];-92.3125
-79.00589867;-2.912326232;[0];-91.7500
-79.00565586;-2.9123258;[0];-91.2500
-79.00541306;-2.912325368;[0];-90.7500
-79.00517025;-2.912324936;[0];-90.2500
-79.00492745;-2.912324504;[0];-89.8125
-79.00468464;-2.912324072;[0];-89.3750
-79.00444184;-2.91232364;[0];-88.9375
-79.00419903;-2.912323208;[0];-88.5000
-79.00395623;-2.912322776;[0];-88.1250
-79.00371342;-2.912322343;[0];-87.8125
-79.00347062;-2.912321911;[0];-87.3750
-79.00322781;-2.912321479;[0];-87.1250
-79.00298501;-2.912321046;[0];-86.8750
-79.00274220;-2.912320614;[0];-86.6250
-79.00249940;-2.912320181;[0];-86.4375
-79.00225659;-2.912319749;[0];-86.2500
-79.00201379;-2.912319316;[0];-86.1250
-79.00177098;-2.912318883;[0];-85.9375
-79.00152818;-2.91231845;[0];-85.8750
-79.00128537;-2.912318018;[0];-85.8125
-79.00104257;-2.912317585;[0];-85.7500
-79.00079977;-2.912317152;[0];-85.7500
-79.00055696;-2.912316719;[0];-85.6875
-79.00031416;-2.912316286;[0];-85.7500
-79.00007135;-2.912315853;[0];-85.8125
-78.99982855;-2.91231542;[0];-85.7500
-78.99958574;-2.912314986;[0];-85.9375
-78.99934294;-2.912314553;[0];-86.0000
-78.99910013;-2.91231412;[0];-86.0625
-78.99885733;-2.912313686;[0];-86.2500
-78.99861453;-2.912313253;[0];-86.3750
-78.99837172;-2.91231282;[0];-86.5000
-78.99812892;-2.912312386;[0];-86.6875
-78.99788611;-2.912311953;[0];-86.8750
-78.99764331;-2.912311519;[0];-87.0000
-78.99740051;-2.912311085;[0];-87.1875
-78.99715770;-2.912310652;[0];-87.4375
-78.99691490;-2.912310218;[0];-87.6250
-78.99667209;-2.912309784;[0];-87.8125
-78.99642929;-2.91230935;[0];-88.0000
-78.99618649;-2.912308916;[0];-88.2500
-78.99594368;-2.912308482;[0];-88.5000
-78.99570088;-2.912308048;[0];-88.6875
-78.99545807;-2.912307614;[0];-88.8750
-78.99521527;-2.91230718;[0];-89.1875
-78.99497247;-2.912306746;[0];-89.4375
-78.99472966;-2.912306312;[0];-89.6250
-78.99448686;-2.912305877;[0];-89.8125
-78.99424406;-2.912305443;[0];-90.0625
-78.99400125;-2.912305008;[0];-90.2500
-78.99375845;-2.912304574;[0];-90.5000
-78.99351565;-2.91230414;[0];-90.7500
-78.99327284;-2.912303705;[0];-90.9375
-78.99303004;-2.91230327;[0];-91.1875
-78.99278724;-2.912302836;[0];-91.3750
-78.99254443;-2.912302401;[0];-91.6250
-78.99230163;-2.912301966;[0];-91.8750
-78.99205883;-2.912301531;[0];-92.1250
-78.99181602;-2.912301097;[0];-92.3750
-78.99157322;-2.912300662;[0];-92.6250
-78.99133042;-2.912300227;[0];-92.8750
-78.99108761;-2.912299792;[0];-93.0625
-78.99084481;-2.912299357;[0];-93.3125
-78.99060201;-2.912298921;[0];-93.5000
-78.99035920;-2.912298486;[0];-93.7500
-78.99011640;-2.912298051;[0];-94.0000
-78.98987360;-2.912297616;[0];-94.1875
-78.98963080;-2.91229718;[0];-94.4375
-78.98938799;-2.912296745;[0];-94.6875
-78.98914519;-2.91229631;[0];-94.8750
-78.98890239;-2.912295874;[0];-95.1250
-78.98865958;-2.912295438;[0];-95.3125
-78.98841678;-2.912295003;[0];-95.5625
-78.98817398;-2.912294567;[0];-95.7500
-78.98793118;-2.912294132;[0];-95.9375
-78.98768837;-2.912293696;[0];-96.1875
-78.98744557;-2.91229326;[0];-96.3750
-78.98720277;-2.912292824;[0];-96.5625
-78.98695997;-2.912292388;[0];-96.8125
-78.98671716;-2.912291952;[0];-97.0000
-78.98647436;-2.912291516;[0];-97.1875
-78.98623156;-2.91229108;[0];-97.3750
-78.98598876;-2.912290644;[0];-97.5625
-78.98574595;-2.912290208;[0];-97.7500
-78.98550315;-2.912289772;[0];-97.9375
-78.98526035;-2.912289335;[0];-98.1250
-78.98501755;-2.912288899;[0];-98.3125
-78.98477475;-2.912288463;[0];-98.5000
-78.98453194;-2.912288026;[0];-98.6875
-78.98428914;-2.91228759;[0];-98.9375
-78.98404634;-2.912287153;[0];-99.1250
-78.98380354;-2.912286716;[0];-99.3125
-78.98356074;-2.91228628;[0];-99.5000
-78.98331793;-2.912285843;[0];-99.6875
-78.98307513;-2.912285406;[0];-99.8125
-78.98283233;-2.91228497;[0];-100.0000
-78.98258953;-2.912284533;[0];-100.1875
-78.98234673;-2.912284096;[0];-100.3125
-78.98210392;-2.912283659;[0];-100.5000
-78.98186112;-2.912283222;[0];-100.6875
-78.98161832;-2.912282785;[0];-100.8125
-78.98137552;-2.912282348;[0];-101.0000
-78.98113272;-2.91228191;[0];-101.1875
-78.98088992;-2.912281473;[0];-101.3750
-78.98064711;-2.912281036;[0];-101.5625
-78.98040431;-2.912280599;[0];-101.6875
-78.98016151;-2.912280161;[0];-101.8750
-78.97991871;-2.912279724;[0];-102.0000
-79.01026960;-2.912089875;[0];-101.6250
-79.01002679;-2.912089444;[0];-101.0625
-79.00978399;-2.912089013;[0];-100.6250
-79.00954118;-2.912088582;[0];-100.0625
-79.00929838;-2.912088151;[0];-99.3750
-79.00905557;-2.91208772;[0];-98.6875
-79.00881276;-2.912087288;[0];-98.1875
-79.00856996;-2.912086857;[0];-97.6250
-79.00832715;-2.912086426;[0];-97.0625
-79.00808435;-2.912085995;[0];-96.5000
-79.00784154;-2.912085563;[0];-96.0000
-79.00759874;-2.912085132;[0];-95.4375
-79.00735593;-2.9120847;[0];-94.8125
-79.00711313;-2.912084269;[0];-94.2500
-79.00687032;-2.912083837;[0];-93.6875
-79.00662751;-2.912083406;[0];-93.0625
-79.00638471;-2.912082974;[0];-92.5625
-79.00614190;-2.912082542;[0];-91.9375
-79.00589910;-2.91208211;[0];-91.4375
-79.00565629;-2.912081679;[0];-90.8750
-79.00541349;-2.912081247;[0];-90.3750
-79.00517068;-2.912080815;[0];-89.8750
-79.00492788;-2.912080383;[0];-89.4375
-79.00468507;-2.912079951;[0];-88.9375
-79.00444227;-2.912079519;[0];-88.5000
-79.00419946;-2.912079086;[0];-88.0625
-79.00395666;-2.912078654;[0];-87.6875
-79.00371385;-2.912078222;[0];-87.3125
-79.00347105;-2.91207779;[0];-86.9375
-79.00322824;-2.912077357;[0];-86.6875
-79.00298544;-2.912076925;[0];-86.3750
-79.00274263;-2.912076492;[0];-86.1875
-79.00249983;-2.91207606;[0];-85.9375
-79.00225702;-2.912075627;[0];-85.7500
-79.00201422;-2.912075195;[0];-85.6250
-79.00177141;-2.912074762;[0];-85.5000
-79.00152861;-2.912074329;[0];-85.3750
-79.00128581;-2.912073897;[0];-85.3125
-79.001043;-2.912073464;[0];-85.3125
-79.00080020;-2.912073031;[0];-85.2500
-79.00055739;-2.912072598;[0];-85.2500
-79.00031459;-2.912072165;[0];-85.3125
-79.00007178;-2.912071732;[0];-85.3750
-78.99982898;-2.912071299;[0];-85.4375
-78.99958617;-2.912070866;[0];-85.5000
-78.99934337;-2.912070432;[0];-85.6250
-78.99910057;-2.912069999;[0];-85.7500
-78.99885776;-2.912069566;[0];-85.8750
-78.99861496;-2.912069132;[0];-86.0000
-78.99837215;-2.912068699;[0];-86.1875
-78.99812935;-2.912068266;[0];-86.3750
-78.99788655;-2.912067832;[0];-86.5625
-78.99764374;-2.912067398;[0];-86.6875
-78.99740094;-2.912066965;[0];-86.9375
-78.99715813;-2.912066531;[0];-87.1250
-78.99691533;-2.912066097;[0];-87.3125
-78.99667253;-2.912065664;[0];-87.5625
-78.99642972;-2.91206523;[0];-87.8125
-78.99618692;-2.912064796;[0];-88.0625
-78.99594411;-2.912064362;[0];-88.2500
-78.99570131;-2.912063928;[0];-88.5000
-78.99545851;-2.912063494;[0];-88.7500
-78.99521570;-2.91206306;[0];-89.0000
-78.99497290;-2.912062626;[0];-89.1875
-78.99473010;-2.912062191;[0];-89.4375
-78.99448729;-2.912061757;[0];-89.6250
-78.99424449;-2.912061323;[0];-89.8750
-78.99400169;-2.912060889;[0];-90.1875
-78.99375888;-2.912060454;[0];-90.3750
-78.99351608;-2.91206002;[0];-90.5625
-78.99327327;-2.912059585;[0];-90.8125
-78.99303047;-2.912059151;[0];-91.0625
-78.99278767;-2.912058716;[0];-91.3125
-78.99254486;-2.912058281;[0];-91.5625
-78.99230206;-2.912057847;[0];-91.8125
-78.99205926;-2.912057412;[0];-92.0625
-78.99181646;-2.912056977;[0];-92.3125
-78.99157365;-2.912056542;[0];-92.5000
-78.99133085;-2.912056107;[0];-92.7500
-78.99108805;-2.912055672;[0];-93.0000
-78.99084524;-2.912055237;[0];-93.2500
-78.99060244;-2.912054802;[0];-93.4375
-78.99035964;-2.912054367;[0];-93.6875
-78.99011683;-2.912053932;[0];-93.9375
-78.98987403;-2.912053496;[0];-94.1875
-78.98963123;-2.912053061;[0];-94.3750
-78.98938843;-2.912052626;[0];-94.6250
-78.98914562;-2.91205219;[0];-94.8750
-78.98890282;-2.912051755;[0];-95.0625
-78.98866002;-2.912051319;[0];-95.3125
-78.98841721;-2.912050884;[0];-95.5000
-78.98817441;-2.912050448;[0];-95.7500
-78.98793161;-2.912050012;[0];-95.9375
-78.98768881;-2.912049577;[0];-96.1250
-78.98744600;-2.912049141;[0];-96.3750
-78.98720320;-2.912048705;[0];-96.5625
-78.98696040;-2.912048269;[0];-96.7500
-78.98671760;-2.912047833;[0];-96.9375
-78.98647480;-2.912047397;[0];-97.1875
-78.98623199;-2.912046961;[0];-97.3750
-78.98598919;-2.912046525;[0];-97.5625
-78.98574639;-2.912046089;[0];-97.7500
-78.98550359;-2.912045653;[0];-97.9375
-78.98526078;-2.912045217;[0];-98.1250
-78.98501798;-2.91204478;[0];-98.3750
-78.98477518;-2.912044344;[0];-98.5625
-78.98453238;-2.912043908;[0];-98.7500
-78.98428958;-2.912043471;[0];-98.9375
-78.98404677;-2.912043035;[0];-99.1250
-78.98380397;-2.912042598;[0];-99.3125
-78.98356117;-2.912042161;[0];-99.5000
-78.98331837;-2.912041725;[0];-99.6875
-78.98307557;-2.912041288;[0];-99.8125
-78.98283276;-2.912040851;[0];-100.0000
-78.98258996;-2.912040414;[0];-100.1875
-78.98234716;-2.912039978;[0];-100.3125
-78.98210436;-2.912039541;[0];-100.5000
-78.98186156;-2.912039104;[0];-100.6875
-78.98161876;-2.912038667;[0];-100.8750
-78.98137595;-2.912038229;[0];-101.0625
-78.98113315;-2.912037792;[0];-101.2500
-78.98089035;-2.912037355;[0];-101.3750
-78.98064755;-2.912036918;[0];-101.5625
-78.98040475;-2.912036481;[0];-101.6875
-78.98016195;-2.912036043;[0];-101.8750
-78.97991915;-2.912035606;[0];-102.0000
-79.01051283;-2.911846183;[0];-102.0000
-79.01027003;-2.911845752;[0];-101.5625
-79.01002722;-2.911845321;[0];-101.0000
-79.00978442;-2.91184489;[0];-100.5000
-79.00954161;-2.911844459;[0];-100.0000
-79.00929880;-2.911844028;[0];-99.4375
-79.00905600;-2.911843597;[0];-98.6250
-79.00881319;-2.911843166;[0];-98.0000
-79.00857039;-2.911842735;[0];-97.5000
-79.00832758;-2.911842304;[0];-96.9375
-79.00808478;-2.911841873;[0];-96.3125
-79.00784197;-2.911841441;[0];-95.8125
-79.00759917;-2.91184101;[0];-95.2500
-79.00735636;-2.911840578;[0];-94.6250
-79.00711355;-2.911840147;[0];-94.0000
-79.00687075;-2.911839715;[0];-93.4375
-79.00662794;-2.911839284;[0];-92.8125
-79.00638514;-2.911838852;[0];-92.3125
-79.00614233;-2.91183842;[0];-91.6250
-79.00589953;-2.911837989;[0];-91.1250
-79.00565672;-2.911837557;[0];-90.5625
-79.00541392;-2.911837125;[0];-90.0000
-79.00517111;-2.911836693;[0];-89.5000
-79.00492831;-2.911836261;[0];-89.0000
-79.00468550;-2.911835829;[0];-88.5000
-79.00444270;-2.911835397;[0];-88.0625
-79.00419989;-2.911834965;[0];-87.6250
-79.00395709;-2.911834533;[0];-87.1875
-79.00371428;-2.911834101;[0];-86.8750
-79.00347148;-2.911833668;[0];-86.5000
-79.00322867;-2.911833236;[0];-86.1875
-79.00298587;-2.911832804;[0];-85.9375
-79.00274306;-2.911832371;[0];-85.6875
-79.00250026;-2.911831939;[0];-85.4375
-79.00225745;-2.911831506;[0];-85.3125
-79.00201465;-2.911831074;[0];-85.1250
-79.00177184;-2.911830641;[0];-85.0000
-79.00152904;-2.911830208;[0];-84.9375
-79.00128624;-2.911829775;[0];-84.8750
-79.00104343;-2.911829343;[0];-84.8750
-79.00080063;-2.91182891;[0];-84.8125
-79.00055782;-2.911828477;[0];-84.8750
-79.00031502;-2.911828044;[0];-84.8750
-79.00007221;-2.911827611;[0];-84.8750
-78.99982941;-2.911827178;[0];-85.0625
-78.99958661;-2.911826745;[0];-85.1250
-78.9993438;-2.911826312;[0];-85.1875
-78.99910100;-2.911825878;[0];-85.3750
-78.99885819;-2.911825445;[0];-85.5000
-78.99861539;-2.911825012;[0];-85.6875
-78.99837258;-2.911824578;[0];-85.8750
-78.99812978;-2.911824145;[0];-86.0625
-78.99788698;-2.911823711;[0];-86.1875
-78.99764417;-2.911823278;[0];-86.4375
-78.99740137;-2.911822844;[0];-86.6875
-78.99715856;-2.911822411;[0];-86.8750
-78.99691576;-2.911821977;[0];-87.0625
-78.99667296;-2.911821543;[0];-87.3125
-78.99643015;-2.911821109;[0];-87.5625
-78.99618735;-2.911820676;[0];-87.8125
-78.99594455;-2.911820242;[0];-88.0000
-78.99570174;-2.911819808;[0];-88.3125
-78.99545894;-2.911819374;[0];-88.5625
-78.99521613;-2.91181894;[0];-88.8125
-78.99497333;-2.911818506;[0];-89.0000
-78.99473053;-2.911818071;[0];-89.2500
-78.99448772;-2.911817637;[0];-89.5000
-78.99424492;-2.911817203;[0];-89.7500
-78.99400212;-2.911816769;[0];-90.0000
-78.99375931;-2.911816334;[0];-90.1875
-78.99351651;-2.9118159;[0];-90.4375
-78.99327371;-2.911815465;[0];-90.6875
-78.99303090;-2.911815031;[0];-90.9375
-78.9927881;-2.911814596;[0];-91.2500
-78.99254530;-2.911814162;[0];-91.5000
-78.99230249;-2.911813727;[0];-91.7500
-78.99205969;-2.911813292;[0];-92.0000
-78.99181689;-2.911812857;[0];-92.1875
-78.99157408;-2.911812422;[0];-92.4375
-78.99133128;-2.911811988;[0];-92.6875
-78.99108848;-2.911811553;[0];-92.9375
-78.99084568;-2.911811118;[0];-93.1875
-78.99060287;-2.911810683;[0];-93.4375
-78.99036007;-2.911810247;[0];-93.6250
-78.99011727;-2.911809812;[0];-93.8750
-78.98987446;-2.911809377;[0];-94.1250
-78.98963166;-2.911808942;[0];-94.3750
-78.98938886;-2.911808506;[0];-94.5625
-78.98914606;-2.911808071;[0];-94.8125
-78.98890325;-2.911807636;[0];-95.0625
-78.98866045;-2.9118072;[0];-95.2500
-78.98841765;-2.911806765;[0];-95.5000
-78.98817485;-2.911806329;[0];-95.6875
-78.98793204;-2.911805893;[0];-95.8750
-78.98768924;-2.911805458;[0];-96.1250
-78.98744644;-2.911805022;[0];-96.3125
-78.98720364;-2.911804586;[0];-96.5625
-78.98696083;-2.91180415;[0];-96.7500
-78.98671803;-2.911803714;[0];-96.9375
-78.98647523;-2.911803279;[0];-97.1250
-78.98623243;-2.911802843;[0];-97.3125
-78.98598962;-2.911802406;[0];-97.5625
-78.98574682;-2.91180197;[0];-97.7500
-78.98550402;-2.911801534;[0];-97.9375
-78.98526122;-2.911801098;[0];-98.1875
-78.98501842;-2.911800662;[0];-98.3750
-78.98477561;-2.911800225;[0];-98.5625
-78.98453281;-2.911799789;[0];-98.7500
-78.98429001;-2.911799353;[0];-98.9375
-78.98404721;-2.911798916;[0];-99.1250
-78.98380441;-2.91179848;[0];-99.3125
-78.98356160;-2.911798043;[0];-99.5000
-78.98331880;-2.911797606;[0];-99.6250
-78.983076;-2.91179717;[0];-99.8125
-78.98283320;-2.911796733;[0];-100.0000
-78.98259040;-2.911796296;[0];-100.1875
-78.98234760;-2.911795859;[0];-100.3750
-78.98210479;-2.911795422;[0];-100.5625
-78.98186199;-2.911794985;[0];-100.7500
-78.98161919;-2.911794548;[0];-100.9375
-78.98137639;-2.911794111;[0];-101.0625
-78.98113359;-2.911793674;[0];-101.2500
-78.98089079;-2.911793237;[0];-101.3750
-78.98064798;-2.9117928;[0];-101.5625
-78.98040518;-2.911792363;[0];-101.6875
-78.98016238;-2.911791925;[0];-101.8750
-79.01051326;-2.911602061;[0];-102.0000
-79.01027046;-2.91160163;[0];-101.4375
-79.01002765;-2.911601199;[0];-101.0000
-79.00978484;-2.911600768;[0];-100.4375
-79.00954204;-2.911600337;[0];-99.8750
-79.00929923;-2.911599906;[0];-99.3750
-79.00905643;-2.911599475;[0];-98.7500
-79.00881362;-2.911599044;[0];-97.8750
-79.00857082;-2.911598613;[0];-97.3750
-79.00832801;-2.911598182;[0];-96.8125
-79.00808521;-2.911597751;[0];-96.1875
-79.00784240;-2.911597319;[0];-95.5625
-79.00759959;-2.911596888;[0];-95.0625
-79.00735679;-2.911596456;[0];-94.4375
-79.00711398;-2.911596025;[0];-93.8125
-79.00687118;-2.911595594;[0];-93.1875
-79.00662837;-2.911595162;[0];-92.5625
-79.00638557;-2.91159473;[0];-92.0000
-79.00614276;-2.911594299;[0];-91.3125
-79.00589996;-2.911593867;[0];-90.8125
-79.00565715;-2.911593435;[0];-90.1875
-79.00541435;-2.911593003;[0];-89.6250
-79.00517154;-2.911592572;[0];-89.1250
-79.00492874;-2.91159214;[0];-88.5625
-79.00468593;-2.911591708;[0];-88.0625
-79.00444313;-2.911591276;[0];-87.6250
-79.00420032;-2.911590843;[0];-87.1875
-79.00395752;-2.911590411;[0];-86.7500
-79.00371471;-2.911589979;[0];-86.3750
-79.00347191;-2.911589547;[0];-86.0000
-79.00322910;-2.911589115;[0];-85.6875
-79.00298630;-2.911588682;[0];-85.4375
-79.00274349;-2.91158825;[0];-85.1250
-79.00250069;-2.911587817;[0];-84.9375
-79.00225788;-2.911587385;[0];-84.8125
-79.00201508;-2.911586952;[0];-84.6250
-79.00177228;-2.91158652;[0];-84.5000
-79.00152947;-2.911586087;[0];-84.4375
-79.00128667;-2.911585654;[0];-84.3750
-79.00104386;-2.911585222;[0];-84.3125
-79.00080106;-2.911584789;[0];-84.3750
-79.00055825;-2.911584356;[0];-84.3750
-79.00031545;-2.911583923;[0];-84.4375
-79.00007264;-2.91158349;[0];-84.5000
-78.99982984;-2.911583057;[0];-84.6250
-78.99958704;-2.911582624;[0];-84.6875
-78.99934423;-2.911582191;[0];-84.8750
-78.99910143;-2.911581758;[0];-85.0000
-78.99885862;-2.911581324;[0];-85.1875
-78.99861582;-2.911580891;[0];-85.3125
-78.99837302;-2.911580458;[0];-85.5625
-78.99813021;-2.911580024;[0];-85.6875
-78.99788741;-2.911579591;[0];-85.9375
-78.99764460;-2.911579157;[0];-86.1875
-78.99740180;-2.911578724;[0];-86.3750
-78.99715900;-2.91157829;[0];-86.6250
-78.99691619;-2.911577857;[0];-86.8750
-78.99667339;-2.911577423;[0];-87.1250
-78.99643058;-2.911576989;[0];-87.3125
-78.99618778;-2.911576555;[0];-87.5625
-78.99594498;-2.911576121;[0];-87.8750
-78.99570217;-2.911575688;[0];-88.1250
-78.99545937;-2.911575254;[0];-88.3750
-78.99521657;-2.91157482;[0];-88.5625
-78.99497376;-2.911574385;[0];-88.8125
-78.99473096;-2.911573951;[0];-89.0625
-78.99448816;-2.911573517;[0];-89.3750
-78.99424535;-2.911573083;[0];-89.5625
-78.99400255;-2.911572649;[0];-89.8125
-78.99375975;-2.911572214;[0];-90.0625
-78.99351694;-2.91157178;[0];-90.3125
-78.99327414;-2.911571345;[0];-90.6250
-78.99303134;-2.911570911;[0];-90.8750
-78.99278853;-2.911570476;[0];-91.1875
-78.99254573;-2.911570042;[0];-91.3750
-78.99230293;-2.911569607;[0];-91.6250
-78.99206012;-2.911569172;[0];-91.8750
-78.99181732;-2.911568738;[0];-92.1250
-78.99157452;-2.911568303;[0];-92.3750
-78.99133171;-2.911567868;[0];-92.6250
-78.99108891;-2.911567433;[0];-92.8750
-78.99084611;-2.911566998;[0];-93.1250
-78.99060331;-2.911566563;[0];-93.3750
-78.99036050;-2.911566128;[0];-93.6250
-78.99011770;-2.911565693;[0];-93.8750
-78.98987490;-2.911565258;[0];-94.0625
-78.98963209;-2.911564822;[0];-94.3125
-78.98938929;-2.911564387;[0];-94.5625
-78.98914649;-2.911563952;[0];-94.7500
-78.98890369;-2.911563516;[0];-95.0000
-78.98866088;-2.911563081;[0];-95.2500
-78.98841808;-2.911562646;[0];-95.4375
-78.98817528;-2.91156221;[0];-95.6875
-78.98793248;-2.911561774;[0];-95.8750
-78.98768967;-2.911561339;[0];-96.0625
-78.98744687;-2.911560903;[0];-96.3125
-78.98720407;-2.911560467;[0];-96.5000
-78.98696127;-2.911560031;[0];-96.6875
-78.98671846;-2.911559596;[0];-96.9375
-78.98647566;-2.91155916;[0];-97.1250
-78.98623286;-2.911558724;[0];-97.3750
-78.98599006;-2.911558288;[0];-97.5625
-78.98574726;-2.911557852;[0];-97.8125
-78.98550445;-2.911557416;[0];-98.0000
-78.98526165;-2.911556979;[0];-98.1875
-78.98501885;-2.911556543;[0];-98.3750
-78.98477605;-2.911556107;[0];-98.5625
-78.98453325;-2.911555671;[0];-98.7500
-78.98429044;-2.911555234;[0];-98.9375
-78.98404764;-2.911554798;[0];-99.1250
-78.98380484;-2.911554361;[0];-99.3125
-78.98356204;-2.911553925;[0];-99.5000
-78.98331924;-2.911553488;[0];-99.6875
-78.98307643;-2.911553051;[0];-99.8750
-78.98283363;-2.911552615;[0];-100.0625
-78.98259083;-2.911552178;[0];-100.2500
-78.98234803;-2.911551741;[0];-100.4375
-78.98210523;-2.911551304;[0];-100.5625
-78.98186243;-2.911550867;[0];-100.7500
-78.98161962;-2.91155043;[0];-100.9375
-78.98137682;-2.911549993;[0];-101.0625
-78.98113402;-2.911549556;[0];-101.2500
-78.98089122;-2.911549119;[0];-101.4375
-78.98064842;-2.911548682;[0];-101.5625
-78.98040562;-2.911548245;[0];-101.7500
-78.98016282;-2.911547808;[0];-101.9375
-79.01051369;-2.911357938;[0];-101.8750
-79.01027088;-2.911357507;[0];-101.4375
-79.01002808;-2.911357077;[0];-100.8750
-79.00978527;-2.911356646;[0];-100.3750
-79.00954247;-2.911356215;[0];-99.8125
-79.00929966;-2.911355784;[0];-99.3125
-79.00905686;-2.911355353;[0];-98.6875
-79.00881405;-2.911354922;[0];-97.9375
-79.00857124;-2.911354491;[0];-97.1875
-79.00832844;-2.91135406;[0];-96.6250
-79.00808563;-2.911353628;[0];-96.0000
-79.00784283;-2.911353197;[0];-95.3750
-79.00760002;-2.911352766;[0];-94.8750
-79.00735722;-2.911352335;[0];-94.2500
-79.00711441;-2.911351903;[0];-93.5625
-79.00687161;-2.911351472;[0];-92.9375
-79.00662880;-2.91135104;[0];-92.3125
-79.00638600;-2.911350609;[0];-91.6875
-79.00614319;-2.911350177;[0];-91.0000
-79.00590039;-2.911349745;[0];-90.4375
-79.00565758;-2.911349313;[0];-89.8750
-79.00541478;-2.911348882;[0];-89.2500
-79.00517197;-2.91134845;[0];-88.7500
-79.00492917;-2.911348018;[0];-88.1250
-79.00468636;-2.911347586;[0];-87.6250
-79.00444356;-2.911347154;[0];-87.1875
-79.00420075;-2.911346722;[0];-86.6875
-79.00395795;-2.91134629;[0];-86.2500
-79.00371514;-2.911345858;[0];-85.8750
-79.00347234;-2.911345426;[0];-85.5000
-79.00322953;-2.911344993;[0];-85.1875
-79.00298673;-2.911344561;[0];-84.8750
-79.00274392;-2.911344129;[0];-84.6250
-79.00250112;-2.911343696;[0];-84.3750
-79.00225831;-2.911343264;[0];-84.2500
-79.00201551;-2.911342831;[0];-84.1250
-79.00177271;-2.911342399;[0];-84.0000
-79.00152990;-2.911341966;[0];-83.8750
-79.00128710;-2.911341533;[0];-83.9375
-79.00104429;-2.911341101;[0];-83.8750
-79.00080149;-2.911340668;[0];-83.8750
-79.00055868;-2.911340235;[0];-83.9375
-79.00031588;-2.911339802;[0];-83.9375
-79.00007308;-2.911339369;[0];-84.0625
-78.99983027;-2.911338936;[0];-84.1875
-78.99958747;-2.911338503;[0];-84.3125
-78.99934466;-2.91133807;[0];-84.5000
-78.99910186;-2.911337637;[0];-84.6250
-78.99885905;-2.911337204;[0];-84.8125
-78.99861625;-2.91133677;[0];-85.0000
-78.99837345;-2.911336337;[0];-85.1875
-78.99813064;-2.911335904;[0];-85.4375
-78.99788784;-2.91133547;[0];-85.6875
-78.99764503;-2.911335037;[0];-85.8125
-78.99740223;-2.911334603;[0];-86.1250
-78.99715943;-2.91133417;[0];-86.3750
-78.99691662;-2.911333736;[0];-86.6250
-78.99667382;-2.911333303;[0];-86.8750
-78.99643102;-2.911332869;[0];-87.0625
-78.99618821;-2.911332435;[0];-87.3750
-78.99594541;-2.911332001;[0];-87.6875
-78.99570261;-2.911331567;[0];-87.8750
-78.99545980;-2.911331133;[0];-88.1250
-78.99521700;-2.911330699;[0];-88.3750
-78.99497419;-2.911330265;[0];-88.6875
-78.99473139;-2.911329831;[0];-88.9375
-78.99448859;-2.911329397;[0];-89.1875
-78.99424578;-2.911328963;[0];-89.3750
-78.99400298;-2.911328529;[0];-89.6875
-78.99376018;-2.911328094;[0];-89.9375
-78.99351737;-2.91132766;[0];-90.2500
-78.99327457;-2.911327226;[0];-90.5625
-78.99303177;-2.911326791;[0];-90.8125
-78.99278896;-2.911326357;[0];-91.0625
-78.99254616;-2.911325922;[0];-91.2500
-78.99230336;-2.911325487;[0];-91.5000
-78.99206056;-2.911325053;[0];-91.8125
-78.99181775;-2.911324618;[0];-92.0625
-78.99157495;-2.911324183;[0];-92.3125
-78.99133215;-2.911323748;[0];-92.5625
-78.99108934;-2.911323314;[0];-92.8125
-78.99084654;-2.911322879;[0];-93.0625
-78.99060374;-2.911322444;[0];-93.3125
-78.99036094;-2.911322009;[0];-93.5625
-78.99011813;-2.911321574;[0];-93.8125
-78.98987533;-2.911321138;[0];-94.0625
-78.98963253;-2.911320703;[0];-94.3125
-78.98938972;-2.911320268;[0];-94.5000
-78.98914692;-2.911319833;[0];-94.7500
-78.98890412;-2.911319397;[0];-95.0000
-78.98866132;-2.911318962;[0];-95.1875
-78.98841851;-2.911318526;[0];-95.4375
-78.98817571;-2.911318091;[0];-95.6250
-78.98793291;-2.911317655;[0];-95.8750
-78.98769011;-2.91131722;[0];-96.0625
-78.98744730;-2.911316784;[0];-96.3125
-78.98720450;-2.911316348;[0];-96.5000
-78.9869617;-2.911315913;[0];-96.6875
-78.98671890;-2.911315477;[0];-96.9375
-78.98647610;-2.911315041;[0];-97.1875
-78.98623329;-2.911314605;[0];-97.3750
-78.98599049;-2.911314169;[0];-97.6250
-78.98574769;-2.911313733;[0];-97.8125
-78.98550489;-2.911313297;[0];-98.0000
-78.98526209;-2.911312861;[0];-98.1875
-78.98501928;-2.911312425;[0];-98.3750
-78.98477648;-2.911311988;[0];-98.5625
-78.98453368;-2.911311552;[0];-98.7500
-78.98429088;-2.911311116;[0];-98.9375
-78.98404808;-2.911310679;[0];-99.1250
-78.98380527;-2.911310243;[0];-99.3125
-78.98356247;-2.911309806;[0];-99.5000
-78.98331967;-2.91130937;[0];-99.7500
-78.98307687;-2.911308933;[0];-99.9375
-78.98283407;-2.911308496;[0];-100.0625
-78.98259127;-2.91130806;[0];-100.2500
-78.98234846;-2.911307623;[0];-100.4375
-78.98210566;-2.911307186;[0];-100.5625
-78.98186286;-2.911306749;[0];-100.7500
-78.98162006;-2.911306312;[0];-100.9375
-78.98137726;-2.911305875;[0];-101.1250
-78.98113446;-2.911305438;[0];-101.3125
-78.98089166;-2.911305001;[0];-101.5000
-78.98064885;-2.911304564;[0];-101.6250
-78.98040605;-2.911304127;[0];-101.8125
-78.98016325;-2.91130369;[0];-102.0000
-79.01051412;-2.911113816;[0];-101.8750
-79.01027131;-2.911113385;[0];-101.3125
-79.01002851;-2.911112954;[0];-100.8125
-79.00978570;-2.911112523;[0];-100.3125
-79.00954290;-2.911112093;[0];-99.7500
-79.00930009;-2.911111662;[0];-99.1250
-79.00905728;-2.911111231;[0];-98.6250
-79.00881448;-2.9111108;[0];-98.0000
-79.00857167;-2.911110369;[0];-97.0625
-79.00832887;-2.911109938;[0];-96.5000
-79.00808606;-2.911109506;[0];-95.8750
-79.00784326;-2.911109075;[0];-95.2500
-79.00760045;-2.911108644;[0];-94.5625
-79.00735765;-2.911108213;[0];-94.0000
-79.00711484;-2.911107781;[0];-93.3750
-79.00687204;-2.91110735;[0];-92.6875
-79.00662923;-2.911106918;[0];-92.0000
-79.00638643;-2.911106487;[0];-91.3750
-79.00614362;-2.911106055;[0];-90.7500
-79.00590082;-2.911105623;[0];-90.0625
-79.00565801;-2.911105192;[0];-89.5000
-79.00541521;-2.91110476;[0];-88.8750
-79.00517240;-2.911104328;[0];-88.3125
-79.00492960;-2.911103896;[0];-87.7500
-79.00468679;-2.911103464;[0];-87.1875
-79.00444399;-2.911103033;[0];-86.6875
-79.00420118;-2.911102601;[0];-86.2500
-79.00395838;-2.911102168;[0];-85.7500
-79.00371557;-2.911101736;[0];-85.4375
-79.00347277;-2.911101304;[0];-85.0000
-79.00322996;-2.911100872;[0];-84.6875
-79.00298716;-2.91110044;[0];-84.3750
-79.00274435;-2.911100007;[0];-84.1250
-79.00250155;-2.911099575;[0];-83.8750
-79.00225874;-2.911099143;[0];-83.6875
-79.00201594;-2.91109871;[0];-83.5625
-79.00177314;-2.911098278;[0];-83.5000
-79.00153033;-2.911097845;[0];-83.4375
-79.00128753;-2.911097412;[0];-83.3750
-79.00104472;-2.91109698;[0];-83.3750
-79.00080192;-2.911096547;[0];-83.4375
-79.00055911;-2.911096114;[0];-83.4375
-79.00031631;-2.911095681;[0];-83.5625
-79.00007351;-2.911095248;[0];-83.6250
-78.99983070;-2.911094815;[0];-83.7500
-78.99958790;-2.911094382;[0];-83.9375
-78.99934509;-2.911093949;[0];-84.0625
-78.99910229;-2.911093516;[0];-84.3125
-78.99885949;-2.911093083;[0];-84.4375
-78.99861668;-2.91109265;[0];-84.6875
-78.99837388;-2.911092217;[0];-84.8750
-78.99813107;-2.911091783;[0];-85.1250
-78.99788827;-2.91109135;[0];-85.3125
-78.99764547;-2.911090916;[0];-85.5625
-78.99740266;-2.911090483;[0];-85.8750
-78.99715986;-2.911090049;[0];-86.1250
-78.99691705;-2.911089616;[0];-86.3750
-78.99667425;-2.911089182;[0];-86.6250
-78.99643145;-2.911088748;[0];-86.9375
-78.99618864;-2.911088315;[0];-87.1875
-78.99594584;-2.911087881;[0];-87.4375
-78.99570304;-2.911087447;[0];-87.6875
-78.99546023;-2.911087013;[0];-87.9375
-78.99521743;-2.911086579;[0];-88.2500
-78.99497463;-2.911086145;[0];-88.5000
-78.99473182;-2.911085711;[0];-88.7500
-78.99448902;-2.911085277;[0];-89.0000
-78.99424622;-2.911084843;[0];-89.3125
-78.99400341;-2.911084409;[0];-89.5625
-78.99376061;-2.911083974;[0];-89.8750
-78.99351781;-2.91108354;[0];-90.1875
-78.99327500;-2.911083106;[0];-90.4375
-78.9930322;-2.911082671;[0];-90.6250
-78.99278940;-2.911082237;[0];-90.9375
-78.99254659;-2.911081802;[0];-91.1875
-78.99230379;-2.911081368;[0];-91.4375
-78.99206099;-2.911080933;[0];-91.7500
-78.99181819;-2.911080498;[0];-92.0000
-78.99157538;-2.911080064;[0];-92.2500
-78.99133258;-2.911079629;[0];-92.5000
-78.99108978;-2.911079194;[0];-92.7500
-78.99084697;-2.911078759;[0];-93.0000
-78.99060417;-2.911078324;[0];-93.2500
-78.99036137;-2.911077889;[0];-93.5000
-78.99011857;-2.911077454;[0];-93.7500
-78.98987576;-2.911077019;[0];-94.0000
-78.98963296;-2.911076584;[0];-94.2500
-78.98939016;-2.911076149;[0];-94.5000
-78.98914736;-2.911075713;[0];-94.6875
-78.98890455;-2.911075278;[0];-94.9375
-78.98866175;-2.911074843;[0];-95.1875
-78.98841895;-2.911074407;[0];-95.3750
-78.98817615;-2.911073972;[0];-95.6250
-78.98793334;-2.911073536;[0];-95.8125
-78.98769054;-2.911073101;[0];-96.0625
-78.98744774;-2.911072665;[0];-96.3125
-78.98720494;-2.911072229;[0];-96.5000
-78.98696213;-2.911071794;[0];-96.7500
-78.98671933;-2.911071358;[0];-97.0000
-78.98647653;-2.911070922;[0];-97.1875
-78.98623373;-2.911070486;[0];-97.3750
-78.98599093;-2.91107005;[0];-97.5625
-78.98574812;-2.911069614;[0];-97.8125
-78.98550532;-2.911069178;[0];-98.0000
-78.98526252;-2.911068742;[0];-98.1875
-78.98501972;-2.911068306;[0];-98.3750
-78.98477692;-2.91106787;[0];-98.5625
-78.98453411;-2.911067433;[0];-98.7500
-78.98429131;-2.911066997;[0];-99.0000
-78.98404851;-2.911066561;[0];-99.1875
-78.98380571;-2.911066124;[0];-99.3750
-78.98356291;-2.911065688;[0];-99.5625
-78.98332010;-2.911065251;[0];-99.7500
-78.98307730;-2.911064815;[0];-99.9375
-78.98283450;-2.911064378;[0];-100.0625
-78.9825917;-2.911063941;[0];-100.2500
-78.98234890;-2.911063505;[0];-100.4375
-78.98210610;-2.911063068;[0];-100.6250
-78.98186330;-2.911062631;[0];-100.8125
-78.98162049;-2.911062194;[0];-101.0000
-78.98137769;-2.911061757;[0];-101.1875
-78.98113489;-2.91106132;[0];-101.3750
-78.98089209;-2.911060883;[0];-101.5000
-78.98064929;-2.911060446;[0];-101.6875
-78.98040649;-2.911060009;[0];-101.8125
-78.98016369;-2.911059572;[0];-102.0000
-79.01051455;-2.910869693;[0];-101.8125
-79.01027174;-2.910869263;[0];-101.3125
-79.01002894;-2.910868832;[0];-100.7500
-79.00978613;-2.910868401;[0];-100.2500
-79.00954332;-2.91086797;[0];-99.6875
-79.00930052;-2.910867539;[0];-99.0625
-79.00905771;-2.910867109;[0];-98.5000
-79.00881491;-2.910866678;[0];-97.9375
-79.00857210;-2.910866247;[0];-97.2500
-79.00832930;-2.910865815;[0];-96.3125
-79.00808649;-2.910865384;[0];-95.7500
-79.00784369;-2.910864953;[0];-95.0625
-79.00760088;-2.910864522;[0];-94.3750
-79.00735808;-2.910864091;[0];-93.8125
-79.00711527;-2.910863659;[0];-93.1250
-79.00687247;-2.910863228;[0];-92.4375
-79.00662966;-2.910862796;[0];-91.7500
-79.00638686;-2.910862365;[0];-91.1250
-79.00614405;-2.910861933;[0];-90.5000
-79.00590125;-2.910861502;[0];-89.7500
-79.00565844;-2.91086107;[0];-89.1875
-79.00541564;-2.910860638;[0];-88.5000
-79.00517283;-2.910860207;[0];-87.9375
-79.00493003;-2.910859775;[0];-87.3125
-79.00468722;-2.910859343;[0];-86.7500
-79.00444442;-2.910858911;[0];-86.2500
-79.00420161;-2.910858479;[0];-85.7500
-79.00395881;-2.910858047;[0];-85.2500
-79.00371600;-2.910857615;[0];-84.8750
-79.00347320;-2.910857183;[0];-84.4375
-79.00323039;-2.910856751;[0];-84.1250
-79.00298759;-2.910856318;[0];-83.8125
-79.00274478;-2.910855886;[0];-83.5625
-79.00250198;-2.910855454;[0];-83.3750
-79.00225917;-2.910855021;[0];-83.1875
-79.00201637;-2.910854589;[0];-83.0625
-79.00177357;-2.910854156;[0];-82.9375
-79.00153076;-2.910853724;[0];-82.9375
-79.00128796;-2.910853291;[0];-82.8125
-79.00104515;-2.910852859;[0];-82.8750
-79.00080235;-2.910852426;[0];-82.9375
-79.00055954;-2.910851993;[0];-82.9375
-79.00031674;-2.91085156;[0];-83.0625
-79.00007394;-2.910851127;[0];-83.1875
-78.99983113;-2.910850695;[0];-83.3750
-78.99958833;-2.910850262;[0];-83.5000
-78.99934552;-2.910849829;[0];-83.6875
-78.99910272;-2.910849395;[0];-83.8750
-78.99885992;-2.910848962;[0];-84.1250
-78.99861711;-2.910848529;[0];-84.3125
-78.99837431;-2.910848096;[0];-84.5625
-78.99813150;-2.910847663;[0];-84.7500
-78.9978887;-2.910847229;[0];-85.0625
-78.99764590;-2.910846796;[0];-85.3125
-78.99740309;-2.910846362;[0];-85.5625
-78.99716029;-2.910845929;[0];-85.8125
-78.99691749;-2.910845495;[0];-86.1250
-78.99667468;-2.910845062;[0];-86.4375
-78.99643188;-2.910844628;[0];-86.6875
-78.99618908;-2.910844194;[0];-86.9375
-78.99594627;-2.910843761;[0];-87.1875
-78.99570347;-2.910843327;[0];-87.5000
-78.99546066;-2.910842893;[0];-87.8125
-78.99521786;-2.910842459;[0];-88.0625
-78.99497506;-2.910842025;[0];-88.3125
-78.99473225;-2.910841591;[0];-88.5625
-78.99448945;-2.910841157;[0];-88.8750
-78.99424665;-2.910840723;[0];-89.1875
-78.99400384;-2.910840289;[0];-89.5000
-78.99376104;-2.910839855;[0];-89.8125
-78.99351824;-2.91083942;[0];-90.0625
-78.99327544;-2.910838986;[0];-90.3125
-78.99303263;-2.910838552;[0];-90.5625
-78.99278983;-2.910838117;[0];-90.8750
-78.99254703;-2.910837683;[0];-91.1250
-78.99230422;-2.910837248;[0];-91.4375
-78.99206142;-2.910836813;[0];-91.6875
-78.99181862;-2.910836379;[0];-91.9375
-78.99157581;-2.910835944;[0];-92.1875
-78.99133301;-2.910835509;[0];-92.5000
-78.99109021;-2.910835075;[0];-92.7500
-78.99084741;-2.91083464;[0];-93.0000
-78.99060460;-2.910834205;[0];-93.2500
-78.9903618;-2.91083377;[0];-93.5000
-78.99011900;-2.910833335;[0];-93.7500
-78.98987620;-2.9108329;[0];-94.0000
-78.98963339;-2.910832465;[0];-94.2500
-78.98939059;-2.910832029;[0];-94.4375
-78.98914779;-2.910831594;[0];-94.6875
-78.98890499;-2.910831159;[0];-94.9375
-78.98866218;-2.910830724;[0];-95.1250
-78.98841938;-2.910830288;[0];-95.3750
-78.98817658;-2.910829853;[0];-95.6250
-78.98793378;-2.910829417;[0];-95.8750
-78.98769097;-2.910828982;[0];-96.1250
-78.98744817;-2.910828546;[0];-96.3750
-78.98720537;-2.91082811;[0];-96.5625
-78.98696257;-2.910827675;[0];-96.7500
-78.98671976;-2.910827239;[0];-97.0000
-78.98647696;-2.910826803;[0];-97.1875
-78.98623416;-2.910826367;[0];-97.3750
-78.98599136;-2.910825931;[0];-97.5625
-78.98574856;-2.910825496;[0];-97.7500
-78.98550575;-2.910825059;[0];-98.0000
-78.98526295;-2.910824623;[0];-98.1875
-78.98502015;-2.910824187;[0];-98.4375
-78.98477735;-2.910823751;[0];-98.6250
-78.98453455;-2.910823315;[0];-98.8125
-78.98429175;-2.910822879;[0];-99.0000
-78.98404894;-2.910822442;[0];-99.1875
-78.98380614;-2.910822006;[0];-99.3750
-78.98356334;-2.910821569;[0];-99.5625
-78.98332054;-2.910821133;[0];-99.7500
-78.98307774;-2.910820696;[0];-99.9375
-78.98283494;-2.91082026;[0];-100.1250
-78.98259213;-2.910819823;[0];-100.3125
-78.98234933;-2.910819387;[0];-100.5000
-78.98210653;-2.91081895;[0];-100.6875
-78.98186373;-2.910818513;[0];-100.8750
-78.98162093;-2.910818076;[0];-101.0000
-78.98137813;-2.910817639;[0];-101.1875
-78.98113533;-2.910817202;[0];-101.3750
-78.98089252;-2.910816765;[0];-101.5000
-78.98064972;-2.910816328;[0];-101.6875
-78.98040692;-2.910815891;[0];-101.8125
-78.98016412;-2.910815454;[0];-102.0000
-79.01051497;-2.910625571;[0];-101.8125
-79.01027217;-2.91062514;[0];-101.2500
-79.01002936;-2.91062471;[0];-100.7500
-79.00978656;-2.910624279;[0];-100.1250
-79.00954375;-2.910623848;[0];-99.5625
-79.00930095;-2.910623417;[0];-99.0625
-79.00905814;-2.910622986;[0];-98.3750
-79.00881534;-2.910622555;[0];-97.8125
-79.00857253;-2.910622124;[0];-97.1875
-79.00832973;-2.910621693;[0];-96.3125
-79.00808692;-2.910621262;[0];-95.5625
-79.00784412;-2.910620831;[0];-94.9375
-79.00760131;-2.9106204;[0];-94.2500
-79.00735850;-2.910619969;[0];-93.5625
-79.00711570;-2.910619537;[0];-92.9375
-79.00687289;-2.910619106;[0];-92.2500
-79.00663009;-2.910618675;[0];-91.5625
-79.00638728;-2.910618243;[0];-90.8125
-79.00614448;-2.910617812;[0];-90.1875
-79.00590167;-2.91061738;[0];-89.4375
-79.00565887;-2.910616948;[0];-88.8125
-79.00541606;-2.910616517;[0];-88.1250
-79.00517326;-2.910616085;[0];-87.5000
-79.00493046;-2.910615653;[0];-86.8750
-79.00468765;-2.910615221;[0];-86.3125
-79.00444485;-2.910614789;[0];-85.8125
-79.00420204;-2.910614358;[0];-85.2500
-79.00395924;-2.910613926;[0];-84.7500
-79.00371643;-2.910613494;[0];-84.3750
-79.00347363;-2.910613061;[0];-83.9375
-79.00323082;-2.910612629;[0];-83.6250
-79.00298802;-2.910612197;[0];-83.3125
-79.00274521;-2.910611765;[0];-83.0000
-79.00250241;-2.910611333;[0];-82.8125
-79.00225960;-2.9106109;[0];-82.6250
-79.0020168;-2.910610468;[0];-82.5000
-79.00177400;-2.910610035;[0];-82.3750
-79.00153119;-2.910609603;[0];-82.3750
-79.00128839;-2.91060917;[0];-82.3125
-79.00104558;-2.910608738;[0];-82.3750
-79.00080278;-2.910608305;[0];-82.3750
-79.00055997;-2.910607872;[0];-82.5000
-79.00031717;-2.910607439;[0];-82.6250
-79.00007437;-2.910607007;[0];-82.7500
-78.99983156;-2.910606574;[0];-82.9375
-78.99958876;-2.910606141;[0];-83.0625
-78.99934595;-2.910605708;[0];-83.3125
-78.99910315;-2.910605275;[0];-83.5625
-78.99886035;-2.910604842;[0];-83.6875
-78.99861754;-2.910604409;[0];-84.0000
-78.99837474;-2.910603975;[0];-84.1875
-78.99813194;-2.910603542;[0];-84.5000
-78.99788913;-2.910603109;[0];-84.7500
-78.99764633;-2.910602675;[0];-85.0625
-78.99740352;-2.910602242;[0];-85.3125
-78.99716072;-2.910601809;[0];-85.5625
-78.99691792;-2.910601375;[0];-85.9375
-78.99667511;-2.910600941;[0];-86.1875
-78.99643231;-2.910600508;[0];-86.4375
-78.99618951;-2.910600074;[0];-86.7500
-78.99594670;-2.91059964;[0];-87.0625
-78.99570390;-2.910599207;[0];-87.3125
-78.99546110;-2.910598773;[0];-87.5625
-78.99521829;-2.910598339;[0];-87.8750
-78.99497549;-2.910597905;[0];-88.1875
-78.99473269;-2.910597471;[0];-88.5000
-78.99448988;-2.910597037;[0];-88.8125
-78.99424708;-2.910596603;[0];-89.1250
-78.99400428;-2.910596169;[0];-89.3750
-78.99376147;-2.910595735;[0];-89.6250
-78.99351867;-2.9105953;[0];-89.9375
-78.99327587;-2.910594866;[0];-90.2500
-78.99303306;-2.910594432;[0];-90.5000
-78.99279026;-2.910593997;[0];-90.8125
-78.99254746;-2.910593563;[0];-91.0625
-78.99230466;-2.910593128;[0];-91.3750
-78.99206185;-2.910592694;[0];-91.6250
-78.99181905;-2.910592259;[0];-91.8750
-78.99157625;-2.910591825;[0];-92.1875
-78.99133344;-2.91059139;[0];-92.4375
-78.99109064;-2.910590955;[0];-92.6875
-78.99084784;-2.91059052;[0];-92.9375
-78.99060504;-2.910590085;[0];-93.1875
-78.99036223;-2.91058965;[0];-93.4375
-78.99011943;-2.910589215;[0];-93.6875
-78.98987663;-2.91058878;[0];-93.9375
-78.98963383;-2.910588345;[0];-94.1875
-78.98939102;-2.91058791;[0];-94.4375
-78.98914822;-2.910587475;[0];-94.6875
-78.98890542;-2.91058704;[0];-94.8750
-78.98866262;-2.910586604;[0];-95.1250
-78.98841981;-2.910586169;[0];-95.3750
-78.98817701;-2.910585734;[0];-95.6875
-78.98793421;-2.910585298;[0];-95.8750
-78.98769141;-2.910584863;[0];-96.1250
-78.98744860;-2.910584427;[0];-96.3125
-78.98720580;-2.910583992;[0];-96.5625
-78.986963;-2.910583556;[0];-96.7500
-78.98672020;-2.91058312;[0];-96.9375
-78.98647740;-2.910582684;[0];-97.1875
-78.98623459;-2.910582249;[0];-97.3750
-78.98599179;-2.910581813;[0];-97.6250
-78.98574899;-2.910581377;[0];-97.8125
-78.98550619;-2.910580941;[0];-98.0625
-78.98526339;-2.910580505;[0];-98.2500
-78.98502058;-2.910580069;[0];-98.4375
-78.98477778;-2.910579633;[0];-98.6250
-78.98453498;-2.910579196;[0];-98.8125
-78.98429218;-2.91057876;[0];-99.0000
-78.98404938;-2.910578324;[0];-99.1875
-78.98380658;-2.910577888;[0];-99.3750
-78.98356377;-2.910577451;[0];-99.6250
-78.98332097;-2.910577015;[0];-99.8125
-78.98307817;-2.910576578;[0];-100.0000
-78.98283537;-2.910576142;[0];-100.1875
-78.98259257;-2.910575705;[0];-100.3750
-78.98234977;-2.910575268;[0];-100.5000
-78.98210697;-2.910574832;[0];-100.6875
-78.98186416;-2.910574395;[0];-100.8750
-78.98162136;-2.910573958;[0];-101.0000
-78.98137856;-2.910573521;[0];-101.1875
-78.98113576;-2.910573084;[0];-101.3750
-78.98089296;-2.910572647;[0];-101.5625
-78.98065016;-2.91057221;[0];-101.7500
-78.98040736;-2.910571773;[0];-101.8750
-79.01051540;-2.910381448;[0];-101.7500
-79.01027260;-2.910381018;[0];-101.2500
-79.01002979;-2.910380587;[0];-100.6250
-79.00978699;-2.910380157;[0];-100.1250
-79.00954418;-2.910379726;[0];-99.5625
-79.00930138;-2.910379295;[0];-98.9375
-79.00905857;-2.910378864;[0];-98.3750
-79.00881577;-2.910378433;[0];-97.6875
-79.00857296;-2.910378002;[0];-97.1250
-79.00833015;-2.910377571;[0];-96.4375
-79.00808735;-2.91037714;[0];-95.4375
-79.00784454;-2.910376709;[0];-94.8125
-79.00760174;-2.910376278;[0];-94.1250
-79.00735893;-2.910375847;[0];-93.3750
-79.00711613;-2.910375415;[0];-92.7500
-79.00687332;-2.910374984;[0];-92.0625
-79.00663052;-2.910374553;[0];-91.3125
-79.00638771;-2.910374121;[0];-90.5625
-79.00614491;-2.91037369;[0];-89.8750
-79.00590210;-2.910373258;[0];-89.1250
-79.00565930;-2.910372827;[0];-88.5000
-79.00541649;-2.910372395;[0];-87.7500
-79.00517369;-2.910371963;[0];-87.0625
-79.00493088;-2.910371532;[0];-86.4375
-79.00468808;-2.9103711;[0];-85.8750
-79.00444528;-2.910370668;[0];-85.3125
-79.00420247;-2.910370236;[0];-84.7500
-79.00395967;-2.910369804;[0];-84.2500
-79.00371686;-2.910369372;[0];-83.8125
-79.00347406;-2.91036894;[0];-83.3750
-79.00323125;-2.910368508;[0];-83.0625
-79.00298845;-2.910368076;[0];-82.6875
-79.00274564;-2.910367644;[0];-82.4375
-79.00250284;-2.910367211;[0];-82.2500
-79.00226003;-2.910366779;[0];-82.1250
-79.00201723;-2.910366347;[0];-82.0000
-79.00177443;-2.910365914;[0];-81.8750
-79.00153162;-2.910365482;[0];-81.8125
-79.00128882;-2.910365049;[0];-81.8125
-79.00104601;-2.910364617;[0];-81.8750
-79.00080321;-2.910364184;[0];-81.8750
-79.00056041;-2.910363751;[0];-82.0000
-79.00031760;-2.910363319;[0];-82.1250
-79.00007480;-2.910362886;[0];-82.3125
-78.99983199;-2.910362453;[0];-82.4375
-78.99958919;-2.91036202;[0];-82.6875
-78.99934639;-2.910361587;[0];-82.9375
-78.99910358;-2.910361154;[0];-83.1250
-78.99886078;-2.910360721;[0];-83.3750
-78.99861797;-2.910360288;[0];-83.6250
-78.99837517;-2.910359855;[0];-83.8750
-78.99813237;-2.910359421;[0];-84.1875
-78.99788956;-2.910358988;[0];-84.5000
-78.99764676;-2.910358555;[0];-84.7500
-78.99740396;-2.910358122;[0];-85.0625
-78.99716115;-2.910357688;[0];-85.3750
-78.99691835;-2.910357255;[0];-85.6875
-78.99667554;-2.910356821;[0];-85.9375
-78.99643274;-2.910356388;[0];-86.1875
-78.99618994;-2.910355954;[0];-86.5625
-78.99594713;-2.91035552;[0];-86.8750
-78.99570433;-2.910355086;[0];-87.1250
-78.99546153;-2.910354653;[0];-87.3750
-78.99521872;-2.910354219;[0];-87.7500
-78.99497592;-2.910353785;[0];-88.0625
-78.99473312;-2.910353351;[0];-88.3750
-78.99449031;-2.910352917;[0];-88.6875
-78.99424751;-2.910352483;[0];-88.9375
-78.99400471;-2.910352049;[0];-89.2500
-78.99376191;-2.910351615;[0];-89.5625
-78.99351910;-2.91035118;[0];-89.8750
-78.99327630;-2.910350746;[0];-90.1875
-78.99303350;-2.910350312;[0];-90.4375
-78.99279069;-2.910349878;[0];-90.7500
-78.99254789;-2.910349443;[0];-91.0000
-78.99230509;-2.910349009;[0];-91.3125
-78.99206228;-2.910348574;[0];-91.5625
-78.99181948;-2.91034814;[0];-91.8750
-78.99157668;-2.910347705;[0];-92.1250
-78.99133388;-2.91034727;[0];-92.3750
-78.99109107;-2.910346835;[0];-92.6875
-78.99084827;-2.910346401;[0];-92.9375
-78.99060547;-2.910345966;[0];-93.1875
-78.99036267;-2.910345531;[0];-93.4375
-78.99011986;-2.910345096;[0];-93.6875
-78.98987706;-2.910344661;[0];-93.9375
-78.98963426;-2.910344226;[0];-94.1875
-78.98939146;-2.910343791;[0];-94.4375
-78.98914865;-2.910343356;[0];-94.6875
-78.98890585;-2.910342921;[0];-94.9375
-78.98866305;-2.910342485;[0];-95.1875
-78.98842025;-2.91034205;[0];-95.4375
-78.98817744;-2.910341615;[0];-95.6875
-78.98793464;-2.910341179;[0];-95.8750
-78.98769184;-2.910340744;[0];-96.1250
-78.98744904;-2.910340308;[0];-96.3125
-78.98720624;-2.910339873;[0];-96.5625
-78.98696343;-2.910339437;[0];-96.7500
-78.98672063;-2.910339001;[0];-97.0000
-78.98647783;-2.910338566;[0];-97.1875
-78.98623503;-2.91033813;[0];-97.4375
-78.98599223;-2.910337694;[0];-97.6875
-78.98574942;-2.910337258;[0];-97.8750
-78.98550662;-2.910336822;[0];-98.0625
-78.98526382;-2.910336386;[0];-98.2500
-78.98502102;-2.91033595;[0];-98.4375
-78.98477822;-2.910335514;[0];-98.6250
-78.98453542;-2.910335078;[0];-98.8750
-78.98429261;-2.910334642;[0];-99.0625
-78.98404981;-2.910334205;[0];-99.2500
-78.98380701;-2.910333769;[0];-99.4375
-78.98356421;-2.910333333;[0];-99.6875
-78.98332141;-2.910332896;[0];-99.8125
-78.98307861;-2.91033246;[0];-100.0000
-78.98283580;-2.910332023;[0];-100.1875
-78.98259300;-2.910331587;[0];-100.3750
-78.98235020;-2.91033115;[0];-100.5625
-78.9821074;-2.910330713;[0];-100.6875
-78.98186460;-2.910330277;[0];-100.8750
-78.98162180;-2.91032984;[0];-101.0625
-78.98137900;-2.910329403;[0];-101.2500
-78.98113620;-2.910328966;[0];-101.4375
-78.98089339;-2.910328529;[0];-101.6250
-78.98065059;-2.910328092;[0];-101.8125
-78.98040779;-2.910327655;[0];-101.9375
-79.01051583;-2.910137326;[0];-101.6875
-79.01027303;-2.910136895;[0];-101.1875
-79.01003022;-2.910136465;[0];-100.6875
-79.00978742;-2.910136034;[0];-100.0625
-79.00954461;-2.910135603;[0];-99.5000
-79.00930180;-2.910135173;[0];-98.8750
-79.00905900;-2.910134742;[0];-98.2500
-79.00881619;-2.910134311;[0];-97.6250
-79.00857339;-2.91013388;[0];-96.9375
-79.00833058;-2.910133449;[0];-96.3125
-79.00808778;-2.910133018;[0];-95.5625
-79.00784497;-2.910132587;[0];-94.6250
-79.00760217;-2.910132156;[0];-94.0000
-79.00735936;-2.910131725;[0];-93.2500
-79.00711656;-2.910131293;[0];-92.5000
-79.00687375;-2.910130862;[0];-91.8125
-79.00663095;-2.910130431;[0];-91.0625
-79.00638814;-2.910129999;[0];-90.3125
-79.00614534;-2.910129568;[0];-89.5625
-79.00590253;-2.910129137;[0];-88.8750
-79.00565973;-2.910128705;[0];-88.0625
-79.00541692;-2.910128273;[0];-87.3750
-79.00517412;-2.910127842;[0];-86.6875
-79.00493131;-2.91012741;[0];-86.0000
-79.00468851;-2.910126978;[0];-85.4375
-79.00444570;-2.910126546;[0];-84.8125
-79.0042029;-2.910126115;[0];-84.2500
-79.00396010;-2.910125683;[0];-83.6875
-79.00371729;-2.910125251;[0];-83.2500
-79.00347449;-2.910124819;[0];-82.8125
-79.00323168;-2.910124387;[0];-82.4375
-79.00298888;-2.910123954;[0];-82.1250
-79.00274607;-2.910123522;[0];-81.8750
-79.00250327;-2.91012309;[0];-81.6250
-79.00226046;-2.910122658;[0];-81.5000
-79.00201766;-2.910122225;[0];-81.3750
-79.00177486;-2.910121793;[0];-81.3750
-79.00153205;-2.910121361;[0];-81.2500
-79.00128925;-2.910120928;[0];-81.3125
-79.00104644;-2.910120496;[0];-81.3125
-79.00080364;-2.910120063;[0];-81.4375
-79.00056084;-2.91011963;[0];-81.5000
-79.00031803;-2.910119198;[0];-81.6875
-79.00007523;-2.910118765;[0];-81.8750
-78.99983242;-2.910118332;[0];-82.0625
-78.99958962;-2.910117899;[0];-82.2500
-78.99934682;-2.910117466;[0];-82.5000
-78.99910401;-2.910117033;[0];-82.7500
-78.99886121;-2.9101166;[0];-83.0625
-78.99861840;-2.910116167;[0];-83.3125
-78.9983756;-2.910115734;[0];-83.6250
-78.99813280;-2.910115301;[0];-83.9375
-78.99788999;-2.910114868;[0];-84.1875
-78.99764719;-2.910114434;[0];-84.5000
-78.99740439;-2.910114001;[0];-84.8750
-78.99716158;-2.910113568;[0];-85.1250
-78.99691878;-2.910113134;[0];-85.4375
-78.99667598;-2.910112701;[0];-85.7500
-78.99643317;-2.910112267;[0];-86.0625
-78.99619037;-2.910111834;[0];-86.3750
-78.99594757;-2.9101114;[0];-86.6250
-78.99570476;-2.910110966;[0];-86.9375
-78.99546196;-2.910110532;[0];-87.3125
-78.99521916;-2.910110099;[0];-87.6250
-78.99497635;-2.910109665;[0];-88.0000
-78.99473355;-2.910109231;[0];-88.2500
-78.99449075;-2.910108797;[0];-88.5625
-78.99424794;-2.910108363;[0];-88.8750
-78.99400514;-2.910107929;[0];-89.1875
-78.99376234;-2.910107495;[0];-89.5000
-78.99351953;-2.910107061;[0];-89.8125
-78.99327673;-2.910106626;[0];-90.1250
-78.99303393;-2.910106192;[0];-90.3750
-78.99279113;-2.910105758;[0];-90.6875
-78.99254832;-2.910105323;[0];-91.0000
-78.99230552;-2.910104889;[0];-91.2500
-78.99206272;-2.910104454;[0];-91.5625
-78.99181991;-2.91010402;[0];-91.8125
-78.99157711;-2.910103585;[0];-92.1250
-78.99133431;-2.910103151;[0];-92.3750
-78.99109151;-2.910102716;[0];-92.6250
-78.99084870;-2.910102281;[0];-92.8750
-78.99060590;-2.910101846;[0];-93.1250
-78.99036310;-2.910101412;[0];-93.3750
-78.99012030;-2.910100977;[0];-93.6250
-78.98987749;-2.910100542;[0];-93.9375
-78.98963469;-2.910100107;[0];-94.1875
-78.98939189;-2.910099672;[0];-94.4375
-78.98914909;-2.910099236;[0];-94.7500
-78.98890628;-2.910098801;[0];-94.9375
-78.98866348;-2.910098366;[0];-95.1875
-78.98842068;-2.910097931;[0];-95.4375
-78.98817788;-2.910097496;[0];-95.6250
-78.98793508;-2.91009706;[0];-95.8750
-78.98769227;-2.910096625;[0];-96.1250
-78.98744947;-2.910096189;[0];-96.3125
-78.98720667;-2.910095754;[0];-96.5625
-78.98696387;-2.910095318;[0];-96.8125
-78.98672107;-2.910094882;[0];-97.0625
-78.98647826;-2.910094447;[0];-97.2500
-78.98623546;-2.910094011;[0];-97.4375
-78.98599266;-2.910093575;[0];-97.6875
-78.98574986;-2.910093139;[0];-97.8750
-78.98550706;-2.910092703;[0];-98.0625
-78.98526425;-2.910092267;[0];-98.3125
-78.98502145;-2.910091831;[0];-98.5000
-78.98477865;-2.910091395;[0];-98.6875
-78.98453585;-2.910090959;[0];-98.9375
-78.98429305;-2.910090523;[0];-99.1250
-78.98405025;-2.910090087;[0];-99.3125
-78.98380744;-2.910089651;[0];-99.5000
-78.98356464;-2.910089214;[0];-99.6875
-78.98332184;-2.910088778;[0];-99.8125
-78.98307904;-2.910088342;[0];-100.0000
-78.98283624;-2.910087905;[0];-100.1875
-78.98259344;-2.910087469;[0];-100.3750
-78.98235064;-2.910087032;[0];-100.5625
-78.98210783;-2.910086595;[0];-100.7500
-78.98186503;-2.910086159;[0];-100.9375
-78.98162223;-2.910085722;[0];-101.1250
-78.98137943;-2.910085285;[0];-101.3125
-78.98113663;-2.910084848;[0];-101.5000
-78.98089383;-2.910084411;[0];-101.6875
-78.98065103;-2.910083974;[0];-101.8750
-78.98040823;-2.910083537;[0];-102.0000
-79.01051626;-2.909893204;[0];-101.6875
-79.01027345;-2.909892773;[0];-101.1250
-79.01003065;-2.909892342;[0];-100.5625
-79.00978784;-2.909891912;[0];-100.0625
-79.00954504;-2.909891481;[0];-99.4375
-79.00930223;-2.90989105;[0];-98.8125
-79.00905943;-2.90989062;[0];-98.1875
-79.00881662;-2.909890189;[0];-97.5625
-79.00857382;-2.909889758;[0];-96.8750
-79.00833101;-2.909889327;[0];-96.2500
-79.00808821;-2.909888896;[0];-95.5625
-79.00784540;-2.909888465;[0];-94.5625
-79.00760260;-2.909888034;[0];-93.8125
-79.00735979;-2.909887603;[0];-93.1250
-79.00711699;-2.909887172;[0];-92.3125
-79.00687418;-2.90988674;[0];-91.6250
-79.00663138;-2.909886309;[0];-90.8750
-79.00638857;-2.909885878;[0];-90.0625
-79.00614577;-2.909885446;[0];-89.2500
-79.00590296;-2.909885015;[0];-88.5625
-79.00566016;-2.909884583;[0];-87.6875
-79.00541735;-2.909884152;[0];-87.0000
-79.00517455;-2.90988372;[0];-86.2500
-79.00493174;-2.909883288;[0];-85.5625
-79.00468894;-2.909882857;[0];-84.9375
-79.00444613;-2.909882425;[0];-84.3125
-79.00420333;-2.909881993;[0];-83.6875
-79.00396053;-2.909881561;[0];-83.1250
-79.00371772;-2.909881129;[0];-82.6250
-79.00347492;-2.909880697;[0];-82.2500
-79.00323211;-2.909880265;[0];-81.8750
-79.00298931;-2.909879833;[0];-81.5000
-79.00274650;-2.909879401;[0];-81.3125
-79.00250370;-2.909878969;[0];-81.0625
-79.00226089;-2.909878537;[0];-80.8750
-79.00201809;-2.909878104;[0];-80.8125
-79.00177529;-2.909877672;[0];-80.7500
-79.00153248;-2.909877239;[0];-80.7500
-79.00128968;-2.909876807;[0];-80.7500
-79.00104687;-2.909876375;[0];-80.8125
-79.00080407;-2.909875942;[0];-80.9375
-79.00056127;-2.909875509;[0];-81.0000
-79.00031846;-2.909875077;[0];-81.2500
-79.00007566;-2.909874644;[0];-81.3750
-78.99983285;-2.909874211;[0];-81.6250
-78.99959005;-2.909873778;[0];-81.8750
-78.99934725;-2.909873345;[0];-82.1250
-78.99910444;-2.909872913;[0];-82.4375
-78.99886164;-2.90987248;[0];-82.6875
-78.99861884;-2.909872047;[0];-83.0000
-78.99837603;-2.909871613;[0];-83.3125
-78.99813323;-2.90987118;[0];-83.6250
-78.99789042;-2.909870747;[0];-83.9375
-78.99764762;-2.909870314;[0];-84.3125
-78.99740482;-2.909869881;[0];-84.5625
-78.99716201;-2.909869447;[0];-84.8750
-78.99691921;-2.909869014;[0];-85.1875
-78.99667641;-2.90986858;[0];-85.5625
-78.99643360;-2.909868147;[0];-85.8125
-78.9961908;-2.909867713;[0];-86.1250
-78.99594800;-2.90986728;[0];-86.5000
-78.99570519;-2.909866846;[0];-86.8750
-78.99546239;-2.909866412;[0];-87.1875
-78.99521959;-2.909865979;[0];-87.5625
-78.99497678;-2.909865545;[0];-87.8125
-78.99473398;-2.909865111;[0];-88.1250
-78.99449118;-2.909864677;[0];-88.4375
-78.99424837;-2.909864243;[0];-88.8125
-78.99400557;-2.909863809;[0];-89.1250
-78.99376277;-2.909863375;[0];-89.4375
-78.99351997;-2.909862941;[0];-89.7500
-78.99327716;-2.909862507;[0];-90.0625
-78.99303436;-2.909862072;[0];-90.3750
-78.99279156;-2.909861638;[0];-90.6250
-78.99254875;-2.909861204;[0];-90.9375
-78.99230595;-2.909860769;[0];-91.2500
-78.99206315;-2.909860335;[0];-91.5000
-78.99182035;-2.9098599;[0];-91.8125
-78.99157754;-2.909859466;[0];-92.0625
-78.99133474;-2.909859031;[0];-92.3125
-78.99109194;-2.909858596;[0];-92.6250
-78.99084914;-2.909858162;[0];-92.8750
-78.99060633;-2.909857727;[0];-93.1250
-78.99036353;-2.909857292;[0];-93.3750
-78.99012073;-2.909856857;[0];-93.6875
-78.98987793;-2.909856422;[0];-94.0000
-78.98963512;-2.909855987;[0];-94.2500
-78.98939232;-2.909855552;[0];-94.5000
-78.98914952;-2.909855117;[0];-94.6875
-78.98890672;-2.909854682;[0];-94.9375
-78.98866391;-2.909854247;[0];-95.1875
-78.98842111;-2.909853812;[0];-95.4375
-78.98817831;-2.909853376;[0];-95.6250
-78.98793551;-2.909852941;[0];-95.8750
-78.98769271;-2.909852506;[0];-96.1250
-78.98744990;-2.90985207;[0];-96.3750
-78.98720710;-2.909851635;[0];-96.6250
-78.9869643;-2.909851199;[0];-96.8125
-78.98672150;-2.909850764;[0];-97.0625
-78.98647870;-2.909850328;[0];-97.2500
-78.98623589;-2.909849892;[0];-97.5000
-78.98599309;-2.909849456;[0];-97.6875
-78.98575029;-2.909849021;[0];-97.9375
-78.98550749;-2.909848585;[0];-98.1250
-78.98526469;-2.909848149;[0];-98.3750
-78.98502189;-2.909847713;[0];-98.5625
-78.98477908;-2.909847277;[0];-98.7500
-78.98453628;-2.909846841;[0];-98.9375
-78.98429348;-2.909846405;[0];-99.1250
-78.98405068;-2.909845968;[0];-99.3125
-78.98380788;-2.909845532;[0];-99.5000
-78.98356508;-2.909845096;[0];-99.6875
-78.98332228;-2.90984466;[0];-99.8750
-78.98307947;-2.909844223;[0];-100.0625
-78.98283667;-2.909843787;[0];-100.3125
-78.98259387;-2.90984335;[0];-100.5000
-78.98235107;-2.909842914;[0];-100.6875
-78.98210827;-2.909842477;[0];-100.8750
-78.98186547;-2.90984204;[0];-101.0000
-78.98162267;-2.909841604;[0];-101.1875
-78.98137987;-2.909841167;[0];-101.3750
-78.98113706;-2.90984073;[0];-101.5625
-78.98089426;-2.909840293;[0];-101.7500
-78.98065146;-2.909839856;[0];-101.8750
-79.01051669;-2.909649081;[0];-101.6875
-79.01027388;-2.909648651;[0];-101.1250
-79.01003108;-2.90964822;[0];-100.5625
-79.00978827;-2.90964779;[0];-100.0000
-79.00954547;-2.909647359;[0];-99.4375
-79.00930266;-2.909646928;[0];-98.7500
-79.00905986;-2.909646497;[0];-98.1250
-79.00881705;-2.909646067;[0];-97.5000
-79.00857425;-2.909645636;[0];-96.8750
-79.00833144;-2.909645205;[0];-96.1250
-79.00808864;-2.909644774;[0];-95.5000
-79.00784583;-2.909644343;[0];-94.7500
-79.00760303;-2.909643912;[0];-93.6875
-79.00736022;-2.909643481;[0];-93.0000
-79.00711742;-2.90964305;[0];-92.1875
-79.00687461;-2.909642618;[0];-91.3750
-79.00663181;-2.909642187;[0];-90.6250
-79.00638900;-2.909641756;[0];-89.8125
-79.00614620;-2.909641324;[0];-89.0000
-79.00590339;-2.909640893;[0];-88.1875
-79.00566059;-2.909640462;[0];-87.3750
-79.00541778;-2.90964003;[0];-86.6250
-79.00517498;-2.909639598;[0];-85.8125
-79.00493217;-2.909639167;[0];-85.1250
-79.00468937;-2.909638735;[0];-84.4375
-79.00444656;-2.909638303;[0];-83.7500
-79.00420376;-2.909637872;[0];-83.1250
-79.00396095;-2.90963744;[0];-82.5625
-79.00371815;-2.909637008;[0];-82.0000
-79.00347535;-2.909636576;[0];-81.6250
-79.00323254;-2.909636144;[0];-81.2500
-79.00298974;-2.909635712;[0];-80.8750
-79.00274693;-2.90963528;[0];-80.6250
-79.00250413;-2.909634848;[0];-80.4375
-79.00226132;-2.909634415;[0];-80.3125
-79.00201852;-2.909633983;[0];-80.1875
-79.00177572;-2.909633551;[0];-80.1250
-79.00153291;-2.909633118;[0];-80.1875
-79.00129011;-2.909632686;[0];-80.1250
-79.00104730;-2.909632254;[0];-80.3125
-79.0008045;-2.909631821;[0];-80.3750
-79.00056170;-2.909631388;[0];-80.6250
-79.00031889;-2.909630956;[0];-80.7500
-79.00007609;-2.909630523;[0];-80.9375
-78.99983328;-2.90963009;[0];-81.2500
-78.99959048;-2.909629658;[0];-81.4375
-78.99934768;-2.909629225;[0];-81.7500
-78.99910487;-2.909628792;[0];-82.0000
-78.99886207;-2.909628359;[0];-82.3125
-78.99861927;-2.909627926;[0];-82.6875
-78.99837646;-2.909627493;[0];-83.0000
-78.99813366;-2.90962706;[0];-83.3125
-78.99789086;-2.909626627;[0];-83.6875
-78.99764805;-2.909626193;[0];-84.0000
-78.99740525;-2.90962576;[0];-84.3125
-78.99716244;-2.909625327;[0];-84.6875
-78.99691964;-2.909624893;[0];-85.0000
-78.99667684;-2.90962446;[0];-85.3125
-78.99643403;-2.909624027;[0];-85.6250
-78.99619123;-2.909623593;[0];-86.0000
-78.99594843;-2.909623159;[0];-86.3750
-78.99570563;-2.909622726;[0];-86.7500
-78.99546282;-2.909622292;[0];-87.0625
-78.99522002;-2.909621858;[0];-87.3750
-78.99497722;-2.909621425;[0];-87.6875
-78.99473441;-2.909620991;[0];-88.0625
-78.99449161;-2.909620557;[0];-88.3750
-78.99424881;-2.909620123;[0];-88.7500
-78.99400600;-2.909619689;[0];-89.0625
-78.9937632;-2.909619255;[0];-89.3750
-78.99352040;-2.909618821;[0];-89.6875
-78.99327759;-2.909618387;[0];-90.0000
-78.99303479;-2.909617952;[0];-90.3125
-78.99279199;-2.909617518;[0];-90.6250
-78.99254919;-2.909617084;[0];-90.8750
-78.99230638;-2.90961665;[0];-91.1875
-78.99206358;-2.909616215;[0];-91.5000
-78.99182078;-2.909615781;[0];-91.7500
-78.99157798;-2.909615346;[0];-92.0625
-78.99133517;-2.909614912;[0];-92.3125
-78.99109237;-2.909614477;[0];-92.5625
-78.99084957;-2.909614042;[0];-92.8750
-78.99060677;-2.909613608;[0];-93.1875
-78.99036396;-2.909613173;[0];-93.4375
-78.99012116;-2.909612738;[0];-93.6875
-78.98987836;-2.909612303;[0];-93.9375
-78.98963556;-2.909611868;[0];-94.1875
-78.98939275;-2.909611433;[0];-94.4375
-78.98914995;-2.909610998;[0];-94.6875
-78.98890715;-2.909610563;[0];-94.9375
-78.98866435;-2.909610128;[0];-95.1875
-78.98842155;-2.909609693;[0];-95.4375
-78.98817874;-2.909609257;[0];-95.7500
-78.98793594;-2.909608822;[0];-95.9375
-78.98769314;-2.909608387;[0];-96.1875
-78.98745034;-2.909607951;[0];-96.3750
-78.98720754;-2.909607516;[0];-96.6250
-78.98696473;-2.90960708;[0];-96.8750
-78.98672193;-2.909606645;[0];-97.0625
-78.98647913;-2.909606209;[0];-97.3125
-78.98623633;-2.909605773;[0];-97.5625
-78.98599353;-2.909605338;[0];-97.7500
-78.98575072;-2.909604902;[0];-98.0000
-78.98550792;-2.909604466;[0];-98.1875
-78.98526512;-2.90960403;[0];-98.3750
-78.98502232;-2.909603594;[0];-98.5625
-78.98477952;-2.909603158;[0];-98.7500
-78.98453672;-2.909602722;[0];-98.9375
-78.98429391;-2.909602286;[0];-99.1875
-78.98405111;-2.90960185;[0];-99.3750
-78.98380831;-2.909601414;[0];-99.5625
-78.98356551;-2.909600978;[0];-99.7500
-78.98332271;-2.909600541;[0];-99.9375
-78.98307991;-2.909600105;[0];-100.1875
-78.98283711;-2.909599668;[0];-100.3750
-78.98259431;-2.909599232;[0];-100.5625
-78.98235150;-2.909598796;[0];-100.7500
-78.98210870;-2.909598359;[0];-100.9375
-78.98186590;-2.909597922;[0];-101.1250
-78.9816231;-2.909597486;[0];-101.2500
-78.98138030;-2.909597049;[0];-101.4375
-78.98113750;-2.909596612;[0];-101.5625
-78.98089470;-2.909596175;[0];-101.7500
-78.98065190;-2.909595738;[0];-101.9375
-79.01051712;-2.909404959;[0];-101.6250
-79.01027431;-2.909404528;[0];-101.1250
-79.01003151;-2.909404098;[0];-100.5625
-79.00978870;-2.909403667;[0];-99.9375
-79.00954589;-2.909403237;[0];-99.3750
-79.00930309;-2.909402806;[0];-98.7500
-79.00906028;-2.909402375;[0];-98.1250
-79.00881748;-2.909401944;[0];-97.4375
-79.00857467;-2.909401514;[0];-96.8125
-79.00833187;-2.909401083;[0];-96.1250
-79.00808906;-2.909400652;[0];-95.3750
-79.00784626;-2.909400221;[0];-94.6875
-79.00760345;-2.90939979;[0];-93.7500
-79.00736065;-2.909399359;[0];-92.8125
-79.00711784;-2.909398928;[0];-92.0000
-79.00687504;-2.909398497;[0];-91.1875
-79.00663223;-2.909398065;[0];-90.4375
-79.00638943;-2.909397634;[0];-89.5625
-79.00614663;-2.909397203;[0];-88.7500
-79.00590382;-2.909396771;[0];-87.8750
-79.00566102;-2.90939634;[0];-87.0625
-79.00541821;-2.909395908;[0];-86.2500
-79.00517541;-2.909395477;[0];-85.3750
-79.00493260;-2.909395045;[0];-84.6250
-79.00468980;-2.909394614;[0];-83.8750
-79.00444699;-2.909394182;[0];-83.2500
-79.00420419;-2.90939375;[0];-82.5625
-79.00396138;-2.909393318;[0];-81.9375
-79.00371858;-2.909392886;[0];-81.3750
-79.00347578;-2.909392455;[0];-80.9375
-79.00323297;-2.909392023;[0];-80.5625
-79.00299017;-2.909391591;[0];-80.1875
-79.00274736;-2.909391158;[0];-79.9375
-79.00250456;-2.909390726;[0];-79.7500
-79.00226175;-2.909390294;[0];-79.6250
-79.00201895;-2.909389862;[0];-79.5625
-79.00177615;-2.90938943;[0];-79.5000
-79.00153334;-2.909388997;[0];-79.5625
-79.00129054;-2.909388565;[0];-79.6250
-79.00104773;-2.909388132;[0];-79.7500
-79.00080493;-2.9093877;[0];-79.8750
-79.00056213;-2.909387267;[0];-80.0625
-79.00031932;-2.909386835;[0];-80.3125
-79.00007652;-2.909386402;[0];-80.5625
-78.99983372;-2.90938597;[0];-80.7500
-78.99959091;-2.909385537;[0];-81.1250
-78.99934811;-2.909385104;[0];-81.3125
-78.99910530;-2.909384671;[0];-81.6875
-78.9988625;-2.909384238;[0];-82.0000
-78.99861970;-2.909383805;[0];-82.3125
-78.99837689;-2.909383372;[0];-82.6875
-78.99813409;-2.909382939;[0];-83.0625
-78.99789129;-2.909382506;[0];-83.3750
-78.99764848;-2.909382073;[0];-83.6875
-78.99740568;-2.90938164;[0];-84.1250
-78.99716288;-2.909381206;[0];-84.4375
-78.99692007;-2.909380773;[0];-84.7500
-78.99667727;-2.90938034;[0];-85.1250
-78.99643447;-2.909379906;[0];-85.5625
-78.99619166;-2.909379473;[0];-85.9375
-78.99594886;-2.909379039;[0];-86.2500
-78.99570606;-2.909378606;[0];-86.5625
-78.99546325;-2.909378172;[0];-86.9375
-78.99522045;-2.909377738;[0];-87.3125
-78.99497765;-2.909377305;[0];-87.6250
-78.99473484;-2.909376871;[0];-88.0000
-78.99449204;-2.909376437;[0];-88.3125
-78.99424924;-2.909376003;[0];-88.6875
-78.99400644;-2.909375569;[0];-89.0000
-78.99376363;-2.909375135;[0];-89.3125
-78.99352083;-2.909374701;[0];-89.6250
-78.99327803;-2.909374267;[0];-89.9375
-78.99303522;-2.909373833;[0];-90.2500
-78.99279242;-2.909373398;[0];-90.5625
-78.99254962;-2.909372964;[0];-90.8750
-78.99230682;-2.90937253;[0];-91.1250
-78.99206401;-2.909372095;[0];-91.4375
-78.99182121;-2.909371661;[0];-91.7500
-78.99157841;-2.909371227;[0];-92.0000
-78.99133561;-2.909370792;[0];-92.3125
-78.99109280;-2.909370357;[0];-92.6250
-78.99085;-2.909369923;[0];-92.9375
-78.99060720;-2.909369488;[0];-93.1875
-78.99036440;-2.909369053;[0];-93.4375
-78.99012159;-2.909368619;[0];-93.6875
-78.98987879;-2.909368184;[0];-93.9375
-78.98963599;-2.909367749;[0];-94.1875
-78.98939319;-2.909367314;[0];-94.5000
-78.98915038;-2.909366879;[0];-94.7500
-78.98890758;-2.909366444;[0];-95.0000
-78.98866478;-2.909366009;[0];-95.2500
-78.98842198;-2.909365573;[0];-95.5000
-78.98817918;-2.909365138;[0];-95.7500
-78.98793637;-2.909364703;[0];-95.9375
-78.98769357;-2.909364268;[0];-96.1875
-78.98745077;-2.909363832;[0];-96.4375
-78.98720797;-2.909363397;[0];-96.6875
-78.98696517;-2.909362961;[0];-96.9375
-78.98672236;-2.909362526;[0];-97.1250
-78.98647956;-2.90936209;[0];-97.3750
-78.98623676;-2.909361655;[0];-97.5625
-78.98599396;-2.909361219;[0];-97.7500
-78.98575116;-2.909360783;[0];-98.0000
-78.98550836;-2.909360347;[0];-98.1875
-78.98526555;-2.909359912;[0];-98.3750
-78.98502275;-2.909359476;[0];-98.6250
-78.98477995;-2.90935904;[0];-98.8125
-78.98453715;-2.909358604;[0];-99.0625
-78.98429435;-2.909358168;[0];-99.2500
-78.98405155;-2.909357732;[0];-99.4375
-78.98380875;-2.909357295;[0];-99.6250
-78.98356594;-2.909356859;[0];-99.8125
-78.98332314;-2.909356423;[0];-100.0625
-78.98308034;-2.909355987;[0];-100.2500
-78.98283754;-2.90935555;[0];-100.4375
-78.98259474;-2.909355114;[0];-100.6250
-78.98235194;-2.909354677;[0];-100.7500
-78.98210914;-2.909354241;[0];-100.9375
-78.98186634;-2.909353804;[0];-101.1250
-78.98162354;-2.909353368;[0];-101.2500
-78.98138073;-2.909352931;[0];-101.4375
-78.98113793;-2.909352494;[0];-101.6250
-78.98089513;-2.909352057;[0];-101.7500
-78.98065233;-2.90935162;[0];-101.9375
-79.01051754;-2.909160836;[0];-101.6250
-79.01027474;-2.909160406;[0];-101.0625
-79.01003193;-2.909159975;[0];-100.5000
-79.00978913;-2.909159545;[0];-99.9375
-79.00954632;-2.909159114;[0];-99.3125
-79.00930352;-2.909158684;[0];-98.6875
-79.00906071;-2.909158253;[0];-98.1250
-79.00881791;-2.909157822;[0];-97.4375
-79.00857510;-2.909157392;[0];-96.7500
-79.00833230;-2.909156961;[0];-96.0625
-79.00808949;-2.90915653;[0];-95.3750
-79.00784669;-2.909156099;[0];-94.5625
-79.00760388;-2.909155668;[0];-93.8125
-79.00736108;-2.909155237;[0];-92.6875
-79.00711827;-2.909154806;[0];-91.8750
-79.00687547;-2.909154375;[0];-91.0625
-79.00663266;-2.909153943;[0];-90.1875
-79.00638986;-2.909153512;[0];-89.3750
-79.00614705;-2.909153081;[0];-88.4375
-79.00590425;-2.90915265;[0];-87.5625
-79.00566145;-2.909152218;[0];-86.7500
-79.00541864;-2.909151787;[0];-85.8125
-79.00517584;-2.909151355;[0];-84.9375
-79.00493303;-2.909150924;[0];-84.1250
-79.00469023;-2.909150492;[0];-83.3750
-79.00444742;-2.90915006;[0];-82.6875
-79.00420462;-2.909149629;[0];-81.9375
-79.00396181;-2.909149197;[0];-81.3125
-79.00371901;-2.909148765;[0];-80.7500
-79.00347621;-2.909148333;[0];-80.3125
-79.00323340;-2.909147901;[0];-79.8750
-79.00299060;-2.909147469;[0];-79.5625
-79.00274779;-2.909147037;[0];-79.2500
-79.00250499;-2.909146605;[0];-79.1250
-79.00226218;-2.909146173;[0];-79.0000
-79.00201938;-2.909145741;[0];-78.8750
-79.00177658;-2.909145309;[0];-78.9375
-79.00153377;-2.909144876;[0];-78.8750
-79.00129097;-2.909144444;[0];-79.0625
-79.00104816;-2.909144011;[0];-79.1875
-79.00080536;-2.909143579;[0];-79.3750
-79.00056256;-2.909143147;[0];-79.5625
-79.00031975;-2.909142714;[0];-79.8125
-79.00007695;-2.909142281;[0];-80.0625
-78.99983415;-2.909141849;[0];-80.3750
-78.99959134;-2.909141416;[0];-80.6250
-78.99934854;-2.909140983;[0];-81.0000
-78.99910573;-2.90914055;[0];-81.3750
-78.99886293;-2.909140117;[0];-81.6875
-78.99862013;-2.909139685;[0];-82.0625
-78.99837732;-2.909139252;[0];-82.4375
-78.99813452;-2.909138819;[0];-82.7500
-78.99789172;-2.909138385;[0];-83.1250
-78.99764891;-2.909137952;[0];-83.5625
-78.99740611;-2.909137519;[0];-83.8750
-78.99716331;-2.909137086;[0];-84.1875
-78.99692050;-2.909136653;[0];-84.6250
-78.9966777;-2.909136219;[0];-85.0000
-78.99643490;-2.909135786;[0];-85.4375
-78.99619209;-2.909135352;[0];-85.7500
-78.99594929;-2.909134919;[0];-86.1250
-78.99570649;-2.909134485;[0];-86.5000
-78.99546368;-2.909134052;[0];-86.8750
-78.99522088;-2.909133618;[0];-87.2500
-78.99497808;-2.909133184;[0];-87.5625
-78.99473528;-2.909132751;[0];-87.9375
-78.99449247;-2.909132317;[0];-88.2500
-78.99424967;-2.909131883;[0];-88.6250
-78.99400687;-2.909131449;[0];-88.9375
-78.99376406;-2.909131015;[0];-89.2500
-78.99352126;-2.909130581;[0];-89.6250
-78.99327846;-2.909130147;[0];-89.9375
-78.99303566;-2.909129713;[0];-90.2500
-78.99279285;-2.909129279;[0];-90.5625
-78.99255005;-2.909128844;[0];-90.8125
-78.99230725;-2.90912841;[0];-91.1250
-78.99206445;-2.909127976;[0];-91.4375
-78.99182164;-2.909127541;[0];-91.7500
-78.99157884;-2.909127107;[0];-92.0625
-78.99133604;-2.909126672;[0];-92.3750
-78.99109324;-2.909126238;[0];-92.6250
-78.99085043;-2.909125803;[0];-92.9375
-78.99060763;-2.909125369;[0];-93.1875
-78.99036483;-2.909124934;[0];-93.4375
-78.99012203;-2.909124499;[0];-93.6875
-78.98987922;-2.909124064;[0];-94.0000
-78.98963642;-2.909123629;[0];-94.2500
-78.98939362;-2.909123195;[0];-94.5625
-78.98915082;-2.90912276;[0];-94.8125
-78.98890802;-2.909122325;[0];-95.0625
-78.98866521;-2.909121889;[0];-95.2500
-78.98842241;-2.909121454;[0];-95.5000
-78.98817961;-2.909121019;[0];-95.7500
-78.98793681;-2.909120584;[0];-96.0000
-78.98769401;-2.909120149;[0];-96.2500
-78.98745120;-2.909119713;[0];-96.5000
-78.98720840;-2.909119278;[0];-96.7500
-78.98696560;-2.909118842;[0];-96.9375
-78.98672280;-2.909118407;[0];-97.1875
-78.98648000;-2.909117971;[0];-97.3750
-78.98623719;-2.909117536;[0];-97.6250
-78.98599439;-2.9091171;[0];-97.8125
-78.98575159;-2.909116664;[0];-98.0625
-78.98550879;-2.909116229;[0];-98.2500
-78.98526599;-2.909115793;[0];-98.5000
-78.98502319;-2.909115357;[0];-98.6875
-78.98478039;-2.909114921;[0];-98.8750
-78.98453758;-2.909114485;[0];-99.1250
-78.98429478;-2.909114049;[0];-99.3125
-78.98405198;-2.909113613;[0];-99.5000
-78.98380918;-2.909113177;[0];-99.7500
-78.98356638;-2.909112741;[0];-99.8750
-78.98332358;-2.909112305;[0];-100.0625
-78.98308078;-2.909111868;[0];-100.2500
-78.98283797;-2.909111432;[0];-100.4375
-78.98259517;-2.909110996;[0];-100.6250
-78.98235237;-2.909110559;[0];-100.8125
-78.98210957;-2.909110123;[0];-100.9375
-78.98186677;-2.909109686;[0];-101.1250
-78.98162397;-2.909109249;[0];-101.3125
-78.98138117;-2.909108813;[0];-101.5000
-78.98113837;-2.909108376;[0];-101.6875
-78.98089557;-2.909107939;[0];-101.8750
-78.98065277;-2.909107503;[0];-102.0000
-79.01051797;-2.908916714;[0];-101.6250
-79.01027517;-2.908916283;[0];-101.0625
-79.01003236;-2.908915853;[0];-100.5000
-79.00978956;-2.908915423;[0];-99.9375
-79.00954675;-2.908914992;[0];-99.3125
-79.00930395;-2.908914561;[0];-98.6875
-79.00906114;-2.908914131;[0];-98.0625
-79.00881834;-2.9089137;[0];-97.4375
-79.00857553;-2.908913269;[0];-96.7500
-79.00833273;-2.908912839;[0];-96.0000
-79.00808992;-2.908912408;[0];-95.2500
-79.00784712;-2.908911977;[0];-94.5000
-79.00760431;-2.908911546;[0];-93.7500
-79.00736151;-2.908911115;[0];-92.8750
-79.00711870;-2.908910684;[0];-91.6875
-79.00687590;-2.908910253;[0];-90.8750
-79.00663309;-2.908909822;[0];-89.9375
-79.00639029;-2.90890939;[0];-89.1250
-79.00614748;-2.908908959;[0];-88.1875
-79.00590468;-2.908908528;[0];-87.2500
-79.00566187;-2.908908096;[0];-86.3125
-79.00541907;-2.908907665;[0];-85.3750
-79.00517627;-2.908907234;[0];-84.5000
-79.00493346;-2.908906802;[0];-83.6250
-79.00469066;-2.90890637;[0];-82.8125
-79.00444785;-2.908905939;[0];-82.0625
-79.00420505;-2.908905507;[0];-81.3125
-79.00396224;-2.908905075;[0];-80.6875
-79.00371944;-2.908904644;[0];-80.0625
-79.00347663;-2.908904212;[0];-79.5625
-79.00323383;-2.90890378;[0];-79.1250
-79.00299103;-2.908903348;[0];-78.8750
-79.00274822;-2.908902916;[0];-78.5625
-79.00250542;-2.908902484;[0];-78.4375
-79.00226261;-2.908902052;[0];-78.3125
-79.00201981;-2.90890162;[0];-78.2500
-79.00177701;-2.908901187;[0];-78.3125
-79.00153420;-2.908900755;[0];-78.3125
-79.00129140;-2.908900323;[0];-78.4375
-79.00104859;-2.90889989;[0];-78.6875
-79.00080579;-2.908899458;[0];-78.8125
-79.00056299;-2.908899026;[0];-79.0625
-79.00032018;-2.908898593;[0];-79.3125
-79.00007738;-2.90889816;[0];-79.6875
-78.99983458;-2.908897728;[0];-79.9375
-78.99959177;-2.908897295;[0];-80.3125
-78.99934897;-2.908896862;[0];-80.6875
-78.99910617;-2.90889643;[0];-81.0000
-78.99886336;-2.908895997;[0];-81.4375
-78.99862056;-2.908895564;[0];-81.7500
-78.99837775;-2.908895131;[0];-82.1250
-78.99813495;-2.908894698;[0];-82.5000
-78.99789215;-2.908894265;[0];-82.9375
-78.99764934;-2.908893832;[0];-83.2500
-78.99740654;-2.908893399;[0];-83.6250
-78.99716374;-2.908892965;[0];-84.0625
-78.99692093;-2.908892532;[0];-84.5000
-78.99667813;-2.908892099;[0];-84.8750
-78.99643533;-2.908891666;[0];-85.2500
-78.99619253;-2.908891232;[0];-85.6250
-78.99594972;-2.908890799;[0];-86.0000
-78.99570692;-2.908890365;[0];-86.3750
-78.99546412;-2.908889932;[0];-86.8125
-78.99522131;-2.908889498;[0];-87.1250
-78.99497851;-2.908889064;[0];-87.5000
-78.99473571;-2.908888631;[0];-87.8750
-78.99449290;-2.908888197;[0];-88.2500
-78.99425010;-2.908887763;[0];-88.5625
-78.99400730;-2.908887329;[0];-88.8750
-78.99376450;-2.908886895;[0];-89.2500
-78.99352169;-2.908886461;[0];-89.5625
-78.99327889;-2.908886027;[0];-89.8750
-78.99303609;-2.908885593;[0];-90.1875
-78.99279329;-2.908885159;[0];-90.5000
-78.99255048;-2.908884725;[0];-90.8750
-78.99230768;-2.90888429;[0];-91.1875
-78.99206488;-2.908883856;[0];-91.5000
-78.99182207;-2.908883422;[0];-91.8125
-78.99157927;-2.908882987;[0];-92.0625
-78.99133647;-2.908882553;[0];-92.3750
-78.99109367;-2.908882118;[0];-92.6250
-78.99085087;-2.908881684;[0];-92.9375
-78.99060806;-2.908881249;[0];-93.1875
-78.99036526;-2.908880814;[0];-93.5000
-78.99012246;-2.90888038;[0];-93.8125
-78.98987966;-2.908879945;[0];-94.0625
-78.98963685;-2.90887951;[0];-94.3125
-78.98939405;-2.908879075;[0];-94.5625
-78.98915125;-2.90887864;[0];-94.8125
-78.98890845;-2.908878205;[0];-95.0625
-78.98866565;-2.90887777;[0];-95.3125
-78.98842284;-2.908877335;[0];-95.6250
-78.98818004;-2.9088769;[0];-95.8125
-78.98793724;-2.908876465;[0];-96.0625
-78.98769444;-2.90887603;[0];-96.3125
-78.98745164;-2.908875594;[0];-96.5000
-78.98720883;-2.908875159;[0];-96.7500
-78.98696603;-2.908874724;[0];-97.0000
-78.98672323;-2.908874288;[0];-97.2500
-78.98648043;-2.908873853;[0];-97.4375
-78.98623763;-2.908873417;[0];-97.6875
-78.98599483;-2.908872981;[0];-97.8750
-78.98575202;-2.908872546;[0];-98.1250
-78.98550922;-2.90887211;[0];-98.3750
-78.98526642;-2.908871674;[0];-98.5625
-78.98502362;-2.908871238;[0];-98.7500
-78.98478082;-2.908870803;[0];-99.0000
-78.98453802;-2.908870367;[0];-99.1875
-78.98429522;-2.908869931;[0];-99.3750
-78.98405241;-2.908869495;[0];-99.5625
-78.98380961;-2.908869058;[0];-99.7500
-78.98356681;-2.908868622;[0];-99.9375
-78.98332401;-2.908868186;[0];-100.1250
-78.98308121;-2.90886775;[0];-100.3125
-78.98283841;-2.908867314;[0];-100.5000
-78.98259561;-2.908866877;[0];-100.6875
-78.98235281;-2.908866441;[0];-100.8750
-78.98211001;-2.908866004;[0];-101.0625
-78.98186720;-2.908865568;[0];-101.1875
-78.98162440;-2.908865131;[0];-101.3750
-78.98138160;-2.908864695;[0];-101.5625
-78.98113880;-2.908864258;[0];-101.7500
-78.98089600;-2.908863821;[0];-101.9375
-79.01051840;-2.908672591;[0];-101.6250
-79.01027559;-2.908672161;[0];-101.0625
-79.01003279;-2.908671731;[0];-100.5000
-79.00978998;-2.9086713;[0];-99.8750
-79.00954718;-2.90867087;[0];-99.3125
-79.00930437;-2.908670439;[0];-98.7500
-79.00906157;-2.908670009;[0];-98.0625
-79.00881876;-2.908669578;[0];-97.3750
-79.00857596;-2.908669147;[0];-96.7500
-79.00833315;-2.908668716;[0];-96.0000
-79.00809035;-2.908668286;[0];-95.2500
-79.00784754;-2.908667855;[0];-94.5000
-79.00760474;-2.908667424;[0];-93.6250
-79.00736194;-2.908666993;[0];-92.8125
-79.00711913;-2.908666562;[0];-91.7500
-79.00687633;-2.908666131;[0];-90.7500
-79.00663352;-2.9086657;[0];-89.8125
-79.00639072;-2.908665269;[0];-88.8750
-79.00614791;-2.908664837;[0];-87.9375
-79.00590511;-2.908664406;[0];-86.9375
-79.00566230;-2.908663975;[0];-85.9375
-79.00541950;-2.908663543;[0];-85.0000
-79.00517669;-2.908663112;[0];-84.1250
-79.00493389;-2.90866268;[0];-83.1250
-79.00469109;-2.908662249;[0];-82.2500
-79.00444828;-2.908661817;[0];-81.5625
-79.00420548;-2.908661386;[0];-80.7500
-79.00396267;-2.908660954;[0];-80.0625
-79.00371987;-2.908660522;[0];-79.4375
-79.00347706;-2.90866009;[0];-78.9375
-79.00323426;-2.908659658;[0];-78.4375
-79.00299146;-2.908659227;[0];-78.1250
-79.00274865;-2.908658795;[0];-77.8750
-79.00250585;-2.908658363;[0];-77.6250
-79.00226304;-2.908657931;[0];-77.5625
-79.00202024;-2.908657498;[0];-77.5625
-79.00177744;-2.908657066;[0];-77.5625
-79.00153463;-2.908656634;[0];-77.6875
-79.00129183;-2.908656202;[0];-77.8750
-79.00104902;-2.908655769;[0];-78.0625
-79.00080622;-2.908655337;[0];-78.3125
-79.00056342;-2.908654905;[0];-78.5625
-79.00032061;-2.908654472;[0];-78.8750
-79.00007781;-2.90865404;[0];-79.1875
-78.99983501;-2.908653607;[0];-79.5625
-78.99959220;-2.908653174;[0];-79.9375
-78.99934940;-2.908652742;[0];-80.3125
-78.99910660;-2.908652309;[0];-80.7500
-78.99886379;-2.908651876;[0];-81.1250
-78.99862099;-2.908651443;[0];-81.4375
-78.99837819;-2.90865101;[0];-81.8750
-78.99813538;-2.908650577;[0];-82.2500
-78.99789258;-2.908650144;[0];-82.6250
-78.99764978;-2.908649711;[0];-83.0625
-78.99740697;-2.908649278;[0];-83.5000
-78.99716417;-2.908648845;[0];-84.0000
-78.99692137;-2.908648412;[0];-84.3125
-78.99667856;-2.908647979;[0];-84.7500
-78.99643576;-2.908647545;[0];-85.1250
-78.99619296;-2.908647112;[0];-85.5625
-78.99595015;-2.908646678;[0];-85.9375
-78.99570735;-2.908646245;[0];-86.3125
-78.99546455;-2.908645811;[0];-86.7500
-78.99522174;-2.908645378;[0];-87.1250
-78.99497894;-2.908644944;[0];-87.4375
-78.99473614;-2.90864451;[0];-87.8125
-78.99449334;-2.908644077;[0];-88.1875
-78.99425053;-2.908643643;[0];-88.5000
-78.99400773;-2.908643209;[0];-88.8750
-78.99376493;-2.908642775;[0];-89.1875
-78.99352212;-2.908642341;[0];-89.5625
-78.99327932;-2.908641907;[0];-89.8750
-78.99303652;-2.908641473;[0];-90.2500
-78.99279372;-2.908641039;[0];-90.5625
-78.99255091;-2.908640605;[0];-90.8750
-78.99230811;-2.908640171;[0];-91.1875
-78.99206531;-2.908639736;[0];-91.5000
-78.99182251;-2.908639302;[0];-91.7500
-78.99157970;-2.908638868;[0];-92.0625
-78.99133690;-2.908638433;[0];-92.3750
-78.99109410;-2.908637999;[0];-92.6875
-78.99085130;-2.908637564;[0];-93.0000
-78.99060850;-2.90863713;[0];-93.2500
-78.99036569;-2.908636695;[0];-93.5000
-78.99012289;-2.90863626;[0];-93.8125
-78.98988009;-2.908635826;[0];-94.0625
-78.98963729;-2.908635391;[0];-94.3750
-78.98939448;-2.908634956;[0];-94.6250
-78.98915168;-2.908634521;[0];-94.8750
-78.98890888;-2.908634086;[0];-95.1250
-78.98866608;-2.908633651;[0];-95.3750
-78.98842328;-2.908633216;[0];-95.6250
-78.98818047;-2.908632781;[0];-95.8750
-78.98793767;-2.908632346;[0];-96.1250
-78.98769487;-2.908631911;[0];-96.3750
-78.98745207;-2.908631475;[0];-96.5625
-78.98720927;-2.90863104;[0];-96.8125
-78.98696647;-2.908630605;[0];-97.0625
-78.98672366;-2.908630169;[0];-97.3125
-78.98648086;-2.908629734;[0];-97.5625
-78.98623806;-2.908629298;[0];-97.7500
-78.98599526;-2.908628863;[0];-98.0000
-78.98575246;-2.908628427;[0];-98.1875
-78.98550966;-2.908627991;[0];-98.4375
-78.98526686;-2.908627556;[0];-98.6250
-78.98502405;-2.90862712;[0];-98.8125
-78.98478125;-2.908626684;[0];-99.0000
-78.98453845;-2.908626248;[0];-99.1875
-78.98429565;-2.908625812;[0];-99.3750
-78.98405285;-2.908625376;[0];-99.5625
-78.98381005;-2.90862494;[0];-99.7500
-78.98356725;-2.908624504;[0];-100.0000
-78.98332444;-2.908624068;[0];-100.1875
-78.98308164;-2.908623632;[0];-100.3750
-78.98283884;-2.908623195;[0];-100.5625
-78.98259604;-2.908622759;[0];-100.7500
-78.98235324;-2.908622323;[0];-100.9375
-78.98211044;-2.908621886;[0];-101.1250
-78.98186764;-2.90862145;[0];-101.3125
-78.98162484;-2.908621013;[0];-101.5000
-78.98138204;-2.908620577;[0];-101.6250
-78.98113924;-2.90862014;[0];-101.8125
-78.98089644;-2.908619703;[0];-102.0000
-79.01051883;-2.908428469;[0];-101.6250
-79.01027602;-2.908428039;[0];-101.0625
-79.01003322;-2.908427608;[0];-100.5000
-79.00979041;-2.908427178;[0];-99.9375
-79.00954761;-2.908426747;[0];-99.3125
-79.00930480;-2.908426317;[0];-98.6875
-79.00906200;-2.908425886;[0];-98.1250
-79.00881919;-2.908425456;[0];-97.4375
-79.00857639;-2.908425025;[0];-96.6875
-79.00833358;-2.908424594;[0];-96.0000
-79.00809078;-2.908424164;[0];-95.2500
-79.00784797;-2.908423733;[0];-94.4375
-79.00760517;-2.908423302;[0];-93.6250
-79.00736236;-2.908422871;[0];-92.6875
-79.00711956;-2.90842244;[0];-91.8750
-79.00687675;-2.908422009;[0];-90.5625
-79.00663395;-2.908421578;[0];-89.6875
-79.00639115;-2.908421147;[0];-88.6250
-79.00614834;-2.908420716;[0];-87.7500
-79.00590554;-2.908420284;[0];-86.7500
-79.00566273;-2.908419853;[0];-85.6875
-79.00541993;-2.908419422;[0];-84.6875
-79.00517712;-2.90841899;[0];-83.6875
-79.00493432;-2.908418559;[0];-82.6875
-79.00469151;-2.908418127;[0];-81.7500
-79.00444871;-2.908417696;[0];-80.9375
-79.00420591;-2.908417264;[0];-80.1250
-79.00396310;-2.908416832;[0];-79.4375
-79.00372030;-2.908416401;[0];-78.7500
-79.00347749;-2.908415969;[0];-78.1875
-79.00323469;-2.908415537;[0];-77.7500
-79.00299189;-2.908415105;[0];-77.3750
-79.00274908;-2.908414673;[0];-77.1250
-79.00250628;-2.908414241;[0];-77.0000
-79.00226347;-2.908413809;[0];-76.8750
-79.00202067;-2.908413377;[0];-76.8750
-79.00177787;-2.908412945;[0];-76.9375
-79.00153506;-2.908412513;[0];-77.0625
-79.00129226;-2.908412081;[0];-77.2500
-79.00104945;-2.908411648;[0];-77.5000
-79.00080665;-2.908411216;[0];-77.8125
-79.00056385;-2.908410784;[0];-78.0625
-79.00032104;-2.908410351;[0];-78.4375
-79.00007824;-2.908409919;[0];-78.8125
-78.99983544;-2.908409486;[0];-79.1875
-78.99959263;-2.908409054;[0];-79.5625
-78.99934983;-2.908408621;[0];-80.0000
-78.99910703;-2.908408188;[0];-80.3750
-78.99886422;-2.908407755;[0];-80.7500
-78.99862142;-2.908407323;[0];-81.2500
-78.99837862;-2.90840689;[0];-81.6250
-78.99813581;-2.908406457;[0];-82.0000
-78.99789301;-2.908406024;[0];-82.5000
-78.99765021;-2.908405591;[0];-82.9375
-78.99740740;-2.908405158;[0];-83.3750
-78.99716460;-2.908404725;[0];-83.7500
-78.99692180;-2.908404291;[0];-84.1875
-78.99667899;-2.908403858;[0];-84.6250
-78.99643619;-2.908403425;[0];-85.0625
-78.99619339;-2.908402992;[0];-85.5000
-78.99595058;-2.908402558;[0];-85.8750
-78.99570778;-2.908402125;[0];-86.2500
-78.99546498;-2.908401691;[0];-86.6875
-78.99522218;-2.908401258;[0];-87.0625
-78.99497937;-2.908400824;[0];-87.4375
-78.99473657;-2.90840039;[0];-87.8125
-78.99449377;-2.908399957;[0];-88.1250
-78.99425096;-2.908399523;[0];-88.5000
-78.99400816;-2.908399089;[0];-88.8125
-78.99376536;-2.908398655;[0];-89.1875
-78.99352256;-2.908398221;[0];-89.5625
-78.99327975;-2.908397787;[0];-89.9375
-78.99303695;-2.908397353;[0];-90.2500
-78.99279415;-2.908396919;[0];-90.5625
-78.99255135;-2.908396485;[0];-90.8750
-78.99230854;-2.908396051;[0];-91.1875
-78.99206574;-2.908395617;[0];-91.5000
-78.99182294;-2.908395182;[0];-91.8125
-78.99158014;-2.908394748;[0];-92.1875
-78.99133733;-2.908394314;[0];-92.4375
-78.99109453;-2.908393879;[0];-92.7500
-78.99085173;-2.908393445;[0];-93.0000
-78.99060893;-2.90839301;[0];-93.3125
-78.99036613;-2.908392576;[0];-93.5625
-78.99012332;-2.908392141;[0];-93.8750
-78.98988052;-2.908391706;[0];-94.1250
-78.98963772;-2.908391272;[0];-94.3750
-78.98939492;-2.908390837;[0];-94.6250
-78.98915212;-2.908390402;[0];-94.8750
-78.98890931;-2.908389967;[0];-95.1875
-78.98866651;-2.908389532;[0];-95.4375
-78.98842371;-2.908389097;[0];-95.6875
-78.98818091;-2.908388662;[0];-95.9375
-78.98793811;-2.908388227;[0];-96.1875
-78.98769530;-2.908387792;[0];-96.4375
-78.98745250;-2.908387356;[0];-96.6875
-78.9872097;-2.908386921;[0];-96.9375
-78.98696690;-2.908386486;[0];-97.1875
-78.98672410;-2.90838605;[0];-97.3750
-78.98648130;-2.908385615;[0];-97.6250
-78.98623849;-2.908385179;[0];-97.8125
-78.98599569;-2.908384744;[0];-98.0000
-78.98575289;-2.908384308;[0];-98.2500
-78.98551009;-2.908383873;[0];-98.4375
-78.98526729;-2.908383437;[0];-98.6250
-78.98502449;-2.908383001;[0];-98.8125
-78.98478169;-2.908382565;[0];-99.0625
-78.98453888;-2.90838213;[0];-99.2500
-78.98429608;-2.908381694;[0];-99.4375
-78.98405328;-2.908381258;[0];-99.6875
-78.98381048;-2.908380822;[0];-99.8750
-78.98356768;-2.908380386;[0];-100.0625
-78.98332488;-2.908379949;[0];-100.2500
-78.98308208;-2.908379513;[0];-100.4375
-78.98283928;-2.908379077;[0];-100.6250
-78.98259648;-2.908378641;[0];-100.8125
-78.98235367;-2.908378204;[0];-101.0000
-78.98211087;-2.908377768;[0];-101.1875
-78.98186807;-2.908377332;[0];-101.3750
-78.98162527;-2.908376895;[0];-101.5625
-78.98138247;-2.908376459;[0];-101.7500
-78.98113967;-2.908376022;[0];-101.8750
-79.01051926;-2.908184347;[0];-101.6875
-79.01027645;-2.908183916;[0];-101.0625
-79.01003365;-2.908183486;[0];-100.5000
-79.00979084;-2.908183056;[0];-99.9375
-79.00954804;-2.908182625;[0];-99.3125
-79.00930523;-2.908182195;[0];-98.7500
-79.00906243;-2.908181764;[0];-98.0625
-79.00881962;-2.908181334;[0];-97.4375
-79.00857682;-2.908180903;[0];-96.7500
-79.00833401;-2.908180472;[0];-96.0000
-79.00809121;-2.908180042;[0];-95.1875
-79.00784840;-2.908179611;[0];-94.4375
-79.00760560;-2.90817918;[0];-93.5625
-79.00736279;-2.908178749;[0];-92.6875
-79.00711999;-2.908178318;[0];-91.7500
-79.00687718;-2.908177887;[0];-90.8125
-79.00663438;-2.908177456;[0];-89.5000
-79.00639157;-2.908177025;[0];-88.5625
-79.00614877;-2.908176594;[0];-87.5625
-79.00590597;-2.908176163;[0];-86.5000
-79.00566316;-2.908175731;[0];-85.4375
-79.00542036;-2.9081753;[0];-84.3750
-79.00517755;-2.908174869;[0];-83.3125
-79.00493475;-2.908174437;[0];-82.2500
-79.00469194;-2.908174006;[0];-81.2500
-79.00444914;-2.908173574;[0];-80.3750
-79.00420634;-2.908173143;[0];-79.5000
-79.00396353;-2.908172711;[0];-78.7500
-79.00372073;-2.908172279;[0];-78.0000
-79.00347792;-2.908171848;[0];-77.5000
-79.00323512;-2.908171416;[0];-77.0000
-79.00299232;-2.908170984;[0];-76.6250
-79.00274951;-2.908170552;[0];-76.4375
-79.00250671;-2.90817012;[0];-76.2500
-79.00226390;-2.908169688;[0];-76.1875
-79.00202110;-2.908169256;[0];-76.1250
-79.00177830;-2.908168824;[0];-76.2500
-79.00153549;-2.908168392;[0];-76.4375
-79.00129269;-2.90816796;[0];-76.6250
-79.00104988;-2.908167527;[0];-76.9375
-79.00080708;-2.908167095;[0];-77.2500
-79.00056428;-2.908166663;[0];-77.6250
-79.00032147;-2.90816623;[0];-78.0000
-79.00007867;-2.908165798;[0];-78.3750
-78.99983587;-2.908165365;[0];-78.8125
-78.99959306;-2.908164933;[0];-79.2500
-78.99935026;-2.9081645;[0];-79.6875
-78.99910746;-2.908164067;[0];-80.0625
-78.99886465;-2.908163635;[0];-80.5625
-78.99862185;-2.908163202;[0];-80.9375
-78.99837905;-2.908162769;[0];-81.3750
-78.99813624;-2.908162336;[0];-81.8750
-78.99789344;-2.908161903;[0];-82.3750
-78.99765064;-2.90816147;[0];-82.7500
-78.99740783;-2.908161037;[0];-83.1875
-78.99716503;-2.908160604;[0];-83.6875
-78.99692223;-2.908160171;[0];-84.1250
-78.99667942;-2.908159738;[0];-84.5625
-78.99643662;-2.908159305;[0];-85.0000
-78.99619382;-2.908158871;[0];-85.4375
-78.99595102;-2.908158438;[0];-85.8125
-78.99570821;-2.908158004;[0];-86.2500
-78.99546541;-2.908157571;[0];-86.6250
-78.99522261;-2.908157137;[0];-87.0000
-78.99497980;-2.908156704;[0];-87.3750
-78.99473700;-2.90815627;[0];-87.7500
-78.99449420;-2.908155837;[0];-88.1250
-78.99425140;-2.908155403;[0];-88.5000
-78.99400859;-2.908154969;[0];-88.9375
-78.99376579;-2.908154535;[0];-89.2500
-78.99352299;-2.908154101;[0];-89.5625
-78.99328019;-2.908153667;[0];-89.9375
-78.99303738;-2.908153234;[0];-90.2500
-78.99279458;-2.908152799;[0];-90.5625
-78.99255178;-2.908152365;[0];-90.9375
-78.99230898;-2.908151931;[0];-91.2500
-78.99206617;-2.908151497;[0];-91.5625
-78.99182337;-2.908151063;[0];-91.8750
-78.99158057;-2.908150628;[0];-92.1875
-78.99133777;-2.908150194;[0];-92.5000
-78.99109496;-2.90814976;[0];-92.8125
-78.99085216;-2.908149325;[0];-93.0625
-78.99060936;-2.908148891;[0];-93.3750
-78.99036656;-2.908148456;[0];-93.6250
-78.99012376;-2.908148022;[0];-93.8750
-78.98988095;-2.908147587;[0];-94.1250
-78.98963815;-2.908147152;[0];-94.4375
-78.98939535;-2.908146717;[0];-94.6875
-78.98915255;-2.908146283;[0];-95.0000
-78.98890975;-2.908145848;[0];-95.2500
-78.98866694;-2.908145413;[0];-95.5000
-78.98842414;-2.908144978;[0];-95.7500
-78.98818134;-2.908144543;[0];-96.0625
-78.98793854;-2.908144108;[0];-96.3125
-78.98769574;-2.908143673;[0];-96.5000
-78.98745294;-2.908143237;[0];-96.7500
-78.98721013;-2.908142802;[0];-97.0000
-78.98696733;-2.908142367;[0];-97.1875
-78.98672453;-2.908141931;[0];-97.3750
-78.98648173;-2.908141496;[0];-97.6250
-78.98623893;-2.908141061;[0];-97.8125
-78.98599613;-2.908140625;[0];-98.0625
-78.98575332;-2.90814019;[0];-98.3125
-78.98551052;-2.908139754;[0];-98.5000
-78.98526772;-2.908139318;[0];-98.6875
-78.98502492;-2.908138883;[0];-98.9375
-78.98478212;-2.908138447;[0];-99.1250
-78.98453932;-2.908138011;[0];-99.3750
-78.98429652;-2.908137575;[0];-99.5625
-78.98405372;-2.908137139;[0];-99.7500
-78.98381091;-2.908136703;[0];-99.9375
-78.98356811;-2.908136267;[0];-100.1250
-78.98332531;-2.908135831;[0];-100.3125
-78.98308251;-2.908135395;[0];-100.5000
-78.98283971;-2.908134959;[0];-100.7500
-78.98259691;-2.908134523;[0];-100.9375
-78.98235411;-2.908134086;[0];-101.0625
-78.98211131;-2.90813365;[0];-101.2500
-78.98186851;-2.908133213;[0];-101.4375
-78.98162571;-2.908132777;[0];-101.6250
-78.98138291;-2.908132341;[0];-101.8125
-78.98114010;-2.908131904;[0];-102.0000
-79.01051968;-2.907940224;[0];-101.6875
-79.01027688;-2.907939794;[0];-101.1250
-79.01003407;-2.907939364;[0];-100.5625
-79.00979127;-2.907938933;[0];-100.0000
-79.00954846;-2.907938503;[0];-99.3750
-79.00930566;-2.907938072;[0];-98.7500
-79.00906285;-2.907937642;[0];-98.1250
-79.00882005;-2.907937211;[0];-97.4375
-79.00857724;-2.907936781;[0];-96.7500
-79.00833444;-2.90793635;[0];-96.0625
-79.00809164;-2.907935919;[0];-95.1875
-79.00784883;-2.907935489;[0];-94.3750
-79.00760603;-2.907935058;[0];-93.5625
-79.00736322;-2.907934627;[0];-92.6250
-79.00712042;-2.907934196;[0];-91.7500
-79.00687761;-2.907933765;[0];-90.8125
-79.00663481;-2.907933334;[0];-89.5000
-79.00639200;-2.907932903;[0];-88.5000
-79.00614920;-2.907932472;[0];-87.3750
-79.00590639;-2.907932041;[0];-86.3125
-79.00566359;-2.90793161;[0];-85.1875
-79.00542079;-2.907931178;[0];-84.0000
-79.00517798;-2.907930747;[0];-82.8750
-79.00493518;-2.907930316;[0];-81.8125
-79.00469237;-2.907929884;[0];-80.7500
-79.00444957;-2.907929453;[0];-79.7500
-79.00420676;-2.907929021;[0];-78.8125
-79.00396396;-2.90792859;[0];-78.0625
-79.00372116;-2.907928158;[0];-77.3125
-79.00347835;-2.907927726;[0];-76.6875
-79.00323555;-2.907927294;[0];-76.2500
-79.00299274;-2.907926863;[0];-75.8750
-79.00274994;-2.907926431;[0];-75.6250
-79.00250714;-2.907925999;[0];-75.5000
-79.00226433;-2.907925567;[0];-75.5000
-79.00202153;-2.907925135;[0];-75.5000
-79.00177873;-2.907924703;[0];-75.6250
-79.00153592;-2.907924271;[0];-75.8125
-79.00129312;-2.907923839;[0];-76.0625
-79.00105031;-2.907923406;[0];-76.3125
-79.00080751;-2.907922974;[0];-76.7500
-79.00056471;-2.907922542;[0];-77.1250
-79.00032190;-2.907922109;[0];-77.5625
-79.0000791;-2.907921677;[0];-78.0000
-78.99983630;-2.907921244;[0];-78.5000
-78.99959349;-2.907920812;[0];-78.8750
-78.99935069;-2.907920379;[0];-79.3750
-78.99910789;-2.907919947;[0];-79.8125
-78.99886508;-2.907919514;[0];-80.2500
-78.99862228;-2.907919081;[0];-80.7500
-78.99837948;-2.907918648;[0];-81.2500
-78.99813667;-2.907918216;[0];-81.6875
-78.99789387;-2.907917783;[0];-82.1250
-78.99765107;-2.90791735;[0];-82.6250
-78.99740826;-2.907916917;[0];-83.1250
-78.99716546;-2.907916484;[0];-83.5625
-78.99692266;-2.907916051;[0];-84.0625
-78.99667986;-2.907915617;[0];-84.5000
-78.99643705;-2.907915184;[0];-84.9375
-78.99619425;-2.907914751;[0];-85.3750
-78.99595145;-2.907914318;[0];-85.7500
-78.99570864;-2.907913884;[0];-86.1875
-78.99546584;-2.907913451;[0];-86.5625
-78.99522304;-2.907913017;[0];-86.9375
-78.99498024;-2.907912584;[0];-87.3750
-78.99473743;-2.90791215;[0];-87.8125
-78.99449463;-2.907911717;[0];-88.1875
-78.99425183;-2.907911283;[0];-88.5625
-78.99400902;-2.907910849;[0];-88.8750
-78.99376622;-2.907910415;[0];-89.2500
-78.99352342;-2.907909982;[0];-89.5625
-78.99328062;-2.907909548;[0];-89.9375
-78.99303781;-2.907909114;[0];-90.3125
-78.99279501;-2.90790868;[0];-90.6250
-78.99255221;-2.907908246;[0];-90.9375
-78.99230941;-2.907907812;[0];-91.2500
-78.99206661;-2.907907377;[0];-91.6250
-78.99182380;-2.907906943;[0];-91.9375
-78.991581;-2.907906509;[0];-92.2500
-78.99133820;-2.907906075;[0];-92.5625
-78.99109540;-2.90790564;[0];-92.8125
-78.99085259;-2.907905206;[0];-93.1250
-78.99060979;-2.907904771;[0];-93.3750
-78.99036699;-2.907904337;[0];-93.6875
-78.99012419;-2.907903902;[0];-94.0000
-78.98988139;-2.907903468;[0];-94.2500
-78.98963858;-2.907903033;[0];-94.5625
-78.98939578;-2.907902598;[0];-94.8125
-78.98915298;-2.907902163;[0];-95.0625
-78.98891018;-2.907901729;[0];-95.3750
-78.98866738;-2.907901294;[0];-95.6250
-78.98842457;-2.907900859;[0];-95.8750
-78.98818177;-2.907900424;[0];-96.0625
-78.98793897;-2.907899989;[0];-96.3125
-78.98769617;-2.907899554;[0];-96.5625
-78.98745337;-2.907899118;[0];-96.7500
-78.98721057;-2.907898683;[0];-97.0000
-78.98696777;-2.907898248;[0];-97.2500
-78.98672496;-2.907897813;[0];-97.5000
-78.98648216;-2.907897377;[0];-97.6875
-78.98623936;-2.907896942;[0];-97.9375
-78.98599656;-2.907896506;[0];-98.1875
-78.98575376;-2.907896071;[0];-98.3750
-78.98551096;-2.907895635;[0];-98.6250
-78.98526816;-2.9078952;[0];-98.8125
-78.98502535;-2.907894764;[0];-99.0000
-78.98478255;-2.907894328;[0];-99.2500
-78.98453975;-2.907893892;[0];-99.4375
-78.98429695;-2.907893457;[0];-99.6250
-78.98405415;-2.907893021;[0];-99.8125
-78.98381135;-2.907892585;[0];-100.0625
-78.98356855;-2.907892149;[0];-100.2500
-78.98332575;-2.907891713;[0];-100.4375
-78.98308295;-2.907891277;[0];-100.6250
-78.98284014;-2.90789084;[0];-100.8125
-78.98259734;-2.907890404;[0];-101.0000
-78.98235454;-2.907889968;[0];-101.1875
-78.98211174;-2.907889532;[0];-101.3750
-78.98186894;-2.907889095;[0];-101.5625
-78.98162614;-2.907888659;[0];-101.6875
-78.98138334;-2.907888222;[0];-101.8750
-79.01052011;-2.907696102;[0];-101.6875
-79.01027731;-2.907695671;[0];-101.1250
-79.01003450;-2.907695241;[0];-100.6250
-79.00979170;-2.907694811;[0];-100.0625
-79.00954889;-2.907694381;[0];-99.4375
-79.00930609;-2.90769395;[0];-98.8125
-79.00906328;-2.90769352;[0];-98.1250
-79.00882048;-2.907693089;[0];-97.4375
-79.00857767;-2.907692659;[0];-96.7500
-79.00833487;-2.907692228;[0];-96.0625
-79.00809206;-2.907691797;[0];-95.3125
-79.00784926;-2.907691367;[0];-94.4375
-79.00760645;-2.907690936;[0];-93.5625
-79.00736365;-2.907690505;[0];-92.6250
-79.00712085;-2.907690074;[0];-91.7500
-79.00687804;-2.907689643;[0];-90.7500
-79.00663524;-2.907689212;[0];-89.7500
-79.00639243;-2.907688781;[0];-88.3125
-79.00614963;-2.90768835;[0];-87.2500
-79.00590682;-2.907687919;[0];-86.1875
-79.00566402;-2.907687488;[0];-84.9375
-79.00542121;-2.907687057;[0];-83.7500
-79.00517841;-2.907686625;[0];-82.5000
-79.00493561;-2.907686194;[0];-81.3750
-79.00469280;-2.907685763;[0];-80.2500
-79.00445000;-2.907685331;[0];-79.1250
-79.00420719;-2.9076849;[0];-78.1875
-79.00396439;-2.907684468;[0];-77.3125
-79.00372159;-2.907684036;[0];-76.5000
-79.00347878;-2.907683605;[0];-75.8750
-79.00323598;-2.907683173;[0];-75.4375
-79.00299317;-2.907682741;[0];-75.0625
-79.00275037;-2.907682309;[0];-74.8750
-79.00250757;-2.907681878;[0];-74.7500
-79.00226476;-2.907681446;[0];-74.6875
-79.00202196;-2.907681014;[0];-74.8125
-79.00177916;-2.907680582;[0];-75.0000
-79.00153635;-2.90768015;[0];-75.1875
-79.00129355;-2.907679717;[0];-75.5000
-79.00105074;-2.907679285;[0];-75.8750
-79.00080794;-2.907678853;[0];-76.1875
-79.00056514;-2.907678421;[0];-76.6875
-79.00032233;-2.907677988;[0];-77.1250
-79.00007953;-2.907677556;[0];-77.6250
-78.99983673;-2.907677124;[0];-78.1250
-78.99959392;-2.907676691;[0];-78.6250
-78.99935112;-2.907676259;[0];-79.0625
-78.99910832;-2.907675826;[0];-79.5625
-78.99886551;-2.907675393;[0];-80.1250
-78.99862271;-2.907674961;[0];-80.6250
-78.99837991;-2.907674528;[0];-81.0625
-78.99813710;-2.907674095;[0];-81.5625
-78.9978943;-2.907673662;[0];-82.0625
-78.99765150;-2.907673229;[0];-82.5625
-78.99740869;-2.907672796;[0];-83.0625
-78.99716589;-2.907672363;[0];-83.5000
-78.99692309;-2.90767193;[0];-84.0000
-78.99668029;-2.907671497;[0];-84.4375
-78.99643748;-2.907671064;[0];-84.8750
-78.99619468;-2.907670631;[0];-85.3125
-78.99595188;-2.907670197;[0];-85.7500
-78.99570907;-2.907669764;[0];-86.1250
-78.99546627;-2.907669331;[0];-86.6250
-78.99522347;-2.907668897;[0];-87.0625
-78.99498067;-2.907668464;[0];-87.4375
-78.99473786;-2.90766803;[0];-87.8125
-78.99449506;-2.907667597;[0];-88.1875
-78.99425226;-2.907667163;[0];-88.5625
-78.99400946;-2.907666729;[0];-88.9375
-78.99376665;-2.907666295;[0];-89.3125
-78.99352385;-2.907665862;[0];-89.6875
-78.99328105;-2.907665428;[0];-90.0000
-78.99303825;-2.907664994;[0];-90.3125
-78.99279544;-2.90766456;[0];-90.6875
-78.99255264;-2.907664126;[0];-91.0625
-78.99230984;-2.907663692;[0];-91.3750
-78.99206704;-2.907663258;[0];-91.6875
-78.99182423;-2.907662824;[0];-92.0000
-78.99158143;-2.907662389;[0];-92.2500
-78.99133863;-2.907661955;[0];-92.5625
-78.99109583;-2.907661521;[0];-92.8750
-78.99085303;-2.907661086;[0];-93.1875
-78.99061022;-2.907660652;[0];-93.5000
-78.99036742;-2.907660217;[0];-93.8125
-78.99012462;-2.907659783;[0];-94.0625
-78.98988182;-2.907659348;[0];-94.3750
-78.98963902;-2.907658914;[0];-94.6250
-78.98939621;-2.907658479;[0];-94.8750
-78.98915341;-2.907658044;[0];-95.1250
-78.98891061;-2.907657609;[0];-95.3750
-78.98866781;-2.907657174;[0];-95.6250
-78.98842501;-2.90765674;[0];-95.8750
-78.98818221;-2.907656305;[0];-96.1250
-78.98793940;-2.90765587;[0];-96.3750
-78.98769660;-2.907655435;[0];-96.6250
-78.9874538;-2.907654999;[0];-96.8750
-78.98721100;-2.907654564;[0];-97.1250
-78.98696820;-2.907654129;[0];-97.3750
-78.98672540;-2.907653694;[0];-97.5625
-78.98648260;-2.907653258;[0];-97.8125
-78.98623979;-2.907652823;[0];-98.0625
-78.98599699;-2.907652388;[0];-98.2500
-78.98575419;-2.907651952;[0];-98.5000
-78.98551139;-2.907651517;[0];-98.6875
-78.98526859;-2.907651081;[0];-98.8750
-78.98502579;-2.907650645;[0];-99.1250
-78.98478299;-2.90765021;[0];-99.3125
-78.98454019;-2.907649774;[0];-99.5000
-78.98429738;-2.907649338;[0];-99.7500
-78.98405458;-2.907648902;[0];-99.9375
-78.98381178;-2.907648466;[0];-100.1250
-78.98356898;-2.90764803;[0];-100.3125
-78.98332618;-2.907647594;[0];-100.5000
-78.98308338;-2.907647158;[0];-100.6875
-78.98284058;-2.907646722;[0];-100.8750
-78.98259778;-2.907646286;[0];-101.0625
-78.98235498;-2.90764585;[0];-101.2500
-78.98211218;-2.907645414;[0];-101.4375
-78.98186938;-2.907644977;[0];-101.6250
-78.98162657;-2.907644541;[0];-101.8125
-78.98138377;-2.907644104;[0];-102.0000
-79.01052054;-2.907451979;[0];-101.6875
-79.01027773;-2.907451549;[0];-101.1250
-79.01003493;-2.907451119;[0];-100.6250
-79.00979212;-2.907450689;[0];-100.0625
-79.00954932;-2.907450258;[0];-99.5000
-79.00930652;-2.907449828;[0];-98.8750
-79.00906371;-2.907449397;[0];-98.1875
-79.00882091;-2.907448967;[0];-97.5000
-79.00857810;-2.907448536;[0];-96.8125
-79.00833530;-2.907448106;[0];-96.0625
-79.00809249;-2.907447675;[0];-95.3125
-79.00784969;-2.907447245;[0];-94.5000
-79.00760688;-2.907446814;[0];-93.6250
-79.00736408;-2.907446383;[0];-92.6875
-79.00712127;-2.907445952;[0];-91.7500
-79.00687847;-2.907445521;[0];-90.8125
-79.00663567;-2.90744509;[0];-89.7500
-79.00639286;-2.907444659;[0];-88.6250
-79.00615006;-2.907444228;[0];-87.2500
-79.00590725;-2.907443797;[0];-86.0000
-79.00566445;-2.907443366;[0];-84.8125
-79.00542164;-2.907442935;[0];-83.5000
-79.00517884;-2.907442504;[0];-82.3125
-79.00493604;-2.907442072;[0];-81.0625
-79.00469323;-2.907441641;[0];-79.8125
-79.00445043;-2.90744121;[0];-78.6875
-79.00420762;-2.907440778;[0];-77.6250
-79.00396482;-2.907440347;[0];-76.6875
-79.00372202;-2.907439915;[0];-75.8125
-79.00347921;-2.907439483;[0];-75.1250
-79.00323641;-2.907439052;[0];-74.6250
-79.00299360;-2.90743862;[0];-74.2500
-79.00275080;-2.907438188;[0];-74.0000
-79.00250800;-2.907437756;[0];-73.9375
-79.00226519;-2.907437324;[0];-74.0000
-79.00202239;-2.907436893;[0];-74.1250
-79.00177959;-2.907436461;[0];-74.3125
-79.00153678;-2.907436029;[0];-74.6250
-79.00129398;-2.907435596;[0];-75.0000
-79.00105117;-2.907435164;[0];-75.3125
-79.00080837;-2.907434732;[0];-75.7500
-79.00056557;-2.9074343;[0];-76.2500
-79.00032276;-2.907433868;[0];-76.7500
-79.00007996;-2.907433435;[0];-77.2500
-78.99983716;-2.907433003;[0];-77.8125
-78.99959435;-2.90743257;[0];-78.2500
-78.99935155;-2.907432138;[0];-78.8125
-78.99910875;-2.907431705;[0];-79.4375
-78.99886594;-2.907431273;[0];-79.9375
-78.99862314;-2.90743084;[0];-80.4375
-78.99838034;-2.907430407;[0];-80.9375
-78.99813753;-2.907429974;[0];-81.5000
-78.99789473;-2.907429542;[0];-82.0000
-78.99765193;-2.907429109;[0];-82.4375
-78.99740913;-2.907428676;[0];-82.9375
-78.99716632;-2.907428243;[0];-83.4375
-78.99692352;-2.90742781;[0];-83.9375
-78.99668072;-2.907427377;[0];-84.3750
-78.99643791;-2.907426944;[0];-84.8125
-78.99619511;-2.90742651;[0];-85.3125
-78.99595231;-2.907426077;[0];-85.7500
-78.99570951;-2.907425644;[0];-86.1875
-78.99546670;-2.90742521;[0];-86.6250
-78.9952239;-2.907424777;[0];-87.0000
-78.99498110;-2.907424344;[0];-87.4375
-78.99473829;-2.90742391;[0];-87.8125
-78.99449549;-2.907423476;[0];-88.2500
-78.99425269;-2.907423043;[0];-88.6250
-78.99400989;-2.907422609;[0];-89.0000
-78.99376708;-2.907422175;[0];-89.3125
-78.99352428;-2.907421742;[0];-89.7500
-78.99328148;-2.907421308;[0];-90.1250
-78.99303868;-2.907420874;[0];-90.4375
-78.99279588;-2.90742044;[0];-90.7500
-78.99255307;-2.907420006;[0];-91.0625
-78.99231027;-2.907419572;[0];-91.3750
-78.99206747;-2.907419138;[0];-91.7500
-78.99182467;-2.907418704;[0];-92.0625
-78.99158186;-2.90741827;[0];-92.3750
-78.99133906;-2.907417835;[0];-92.6875
-78.99109626;-2.907417401;[0];-93.0000
-78.99085346;-2.907416967;[0];-93.3125
-78.99061066;-2.907416532;[0];-93.6250
-78.99036785;-2.907416098;[0];-93.8750
-78.99012505;-2.907415663;[0];-94.1250
-78.98988225;-2.907415229;[0];-94.3750
-78.98963945;-2.907414794;[0];-94.6875
-78.98939665;-2.90741436;[0];-94.9375
-78.98915385;-2.907413925;[0];-95.1875
-78.98891104;-2.90741349;[0];-95.4375
-78.98866824;-2.907413055;[0];-95.7500
-78.98842544;-2.90741262;[0];-96.0000
-78.98818264;-2.907412185;[0];-96.2500
-78.98793984;-2.907411751;[0];-96.5000
-78.98769704;-2.907411315;[0];-96.7500
-78.98745423;-2.90741088;[0];-97.0000
-78.98721143;-2.907410445;[0];-97.1875
-78.98696863;-2.90741001;[0];-97.4375
-78.98672583;-2.907409575;[0];-97.6875
-78.98648303;-2.90740914;[0];-97.9375
-78.98624023;-2.907408704;[0];-98.1250
-78.98599743;-2.907408269;[0];-98.3750
-78.98575462;-2.907407833;[0];-98.5625
-78.98551182;-2.907407398;[0];-98.8125
-78.98526902;-2.907406962;[0];-99.0000
-78.98502622;-2.907406527;[0];-99.1875
-78.98478342;-2.907406091;[0];-99.4375
-78.98454062;-2.907405655;[0];-99.6250
-78.98429782;-2.90740522;[0];-99.8125
-78.98405502;-2.907404784;[0];-100.0000
-78.98381222;-2.907404348;[0];-100.2500
-78.98356941;-2.907403912;[0];-100.4375
-78.98332661;-2.907403476;[0];-100.6250
-78.98308381;-2.90740304;[0];-100.8125
-78.98284101;-2.907402604;[0];-101.0000
-78.98259821;-2.907402168;[0];-101.1875
-78.98235541;-2.907401732;[0];-101.3750
-78.98211261;-2.907401295;[0];-101.5625
-78.98186981;-2.907400859;[0];-101.6875
-78.98162701;-2.907400423;[0];-101.8750
-79.01052097;-2.907207857;[0];-101.6875
-79.01027816;-2.907207427;[0];-101.1875
-79.01003536;-2.907206996;[0];-100.6875
-79.00979255;-2.907206566;[0];-100.0625
-79.00954975;-2.907206136;[0];-99.5000
-79.00930694;-2.907205706;[0];-98.9375
-79.00906414;-2.907205275;[0];-98.3125
-79.00882133;-2.907204845;[0];-97.5625
-79.00857853;-2.907204414;[0];-96.8750
-79.00833572;-2.907203984;[0];-96.1250
-79.00809292;-2.907203553;[0];-95.3125
-79.00785012;-2.907203123;[0];-94.5000
-79.00760731;-2.907202692;[0];-93.7500
-79.00736451;-2.907202261;[0];-92.8125
-79.00712170;-2.90720183;[0];-91.8750
-79.00687890;-2.907201399;[0];-90.8750
-79.00663609;-2.907200969;[0];-89.8750
-79.00639329;-2.907200538;[0];-88.6875
-79.00615049;-2.907200107;[0];-87.1250
-79.00590768;-2.907199675;[0];-86.0000
-79.00566488;-2.907199244;[0];-84.8125
-79.00542207;-2.907198813;[0];-83.4375
-79.00517927;-2.907198382;[0];-82.1250
-79.00493646;-2.907197951;[0];-80.8125
-79.00469366;-2.907197519;[0];-79.4375
-79.00445086;-2.907197088;[0];-78.2500
-79.00420805;-2.907196657;[0];-77.0625
-79.00396525;-2.907196225;[0];-76.0000
-79.00372244;-2.907195794;[0];-75.1250
-79.00347964;-2.907195362;[0];-74.3750
-79.00323684;-2.90719493;[0];-73.8750
-79.00299403;-2.907194499;[0];-73.5000
-79.00275123;-2.907194067;[0];-73.2500
-79.00250843;-2.907193635;[0];-73.1250
-79.00226562;-2.907193203;[0];-73.1875
-79.00202282;-2.907192771;[0];-73.3750
-79.00178001;-2.907192339;[0];-73.6875
-79.00153721;-2.907191907;[0];-74.0000
-79.00129441;-2.907191475;[0];-74.3750
-79.00105160;-2.907191043;[0];-74.8750
-79.0008088;-2.907190611;[0];-75.3125
-79.00056600;-2.907190179;[0];-75.8750
-79.00032319;-2.907189747;[0];-76.3750
-79.00008039;-2.907189314;[0];-76.9375
-78.99983759;-2.907188882;[0];-77.4375
-78.99959478;-2.907188449;[0];-78.0625
-78.99935198;-2.907188017;[0];-78.6875
-78.99910918;-2.907187584;[0];-79.1875
-78.99886637;-2.907187152;[0];-79.7500
-78.99862357;-2.907186719;[0];-80.3125
-78.99838077;-2.907186287;[0];-80.8750
-78.99813797;-2.907185854;[0];-81.3750
-78.99789516;-2.907185421;[0];-81.9375
-78.99765236;-2.907184988;[0];-82.4375
-78.99740956;-2.907184555;[0];-82.9375
-78.99716675;-2.907184122;[0];-83.3750
-78.99692395;-2.907183689;[0];-83.8750
-78.99668115;-2.907183256;[0];-84.3750
-78.99643834;-2.907182823;[0];-84.8750
-78.99619554;-2.90718239;[0];-85.3750
-78.99595274;-2.907181957;[0];-85.7500
-78.99570994;-2.907181524;[0];-86.1875
-78.99546713;-2.90718109;[0];-86.6250
-78.99522433;-2.907180657;[0];-87.0625
-78.99498153;-2.907180223;[0];-87.5000
-78.99473873;-2.90717979;[0];-87.8750
-78.99449592;-2.907179356;[0];-88.2500
-78.99425312;-2.907178923;[0];-88.6875
-78.99401032;-2.907178489;[0];-89.0625
-78.99376752;-2.907178056;[0];-89.4375
-78.99352471;-2.907177622;[0];-89.8125
-78.99328191;-2.907177188;[0];-90.1250
-78.99303911;-2.907176754;[0];-90.5000
-78.99279631;-2.90717632;[0];-90.8125
-78.99255350;-2.907175886;[0];-91.1875
-78.99231070;-2.907175452;[0];-91.5000
-78.9920679;-2.907175018;[0];-91.8750
-78.99182510;-2.907174584;[0];-92.1875
-78.99158230;-2.90717415;[0];-92.5000
-78.99133949;-2.907173716;[0];-92.8125
-78.99109669;-2.907173282;[0];-93.0625
-78.99085389;-2.907172847;[0];-93.3750
-78.99061109;-2.907172413;[0];-93.6250
-78.99036829;-2.907171978;[0];-93.9375
-78.99012548;-2.907171544;[0];-94.1875
-78.98988268;-2.90717111;[0];-94.5000
-78.98963988;-2.907170675;[0];-94.7500
-78.98939708;-2.90717024;[0];-95.0625
-78.98915428;-2.907169806;[0];-95.3125
-78.98891148;-2.907169371;[0];-95.5625
-78.98866867;-2.907168936;[0];-95.8125
-78.98842587;-2.907168501;[0];-96.1250
-78.98818307;-2.907168066;[0];-96.3750
-78.98794027;-2.907167631;[0];-96.6250
-78.98769747;-2.907167196;[0];-96.8125
-78.98745467;-2.907166761;[0];-97.0625
-78.98721187;-2.907166326;[0];-97.3125
-78.98696906;-2.907165891;[0];-97.5625
-78.98672626;-2.907165456;[0];-97.8125
-78.98648346;-2.907165021;[0];-98.0000
-78.98624066;-2.907164585;[0];-98.2500
-78.98599786;-2.90716415;[0];-98.4375
-78.98575506;-2.907163715;[0];-98.6875
-78.98551226;-2.907163279;[0];-98.8750
-78.98526945;-2.907162844;[0];-99.1250
-78.98502665;-2.907162408;[0];-99.3125
-78.98478385;-2.907161972;[0];-99.5000
-78.98454105;-2.907161537;[0];-99.7500
-78.98429825;-2.907161101;[0];-99.9375
-78.98405545;-2.907160665;[0];-100.1250
-78.98381265;-2.907160229;[0];-100.3125
-78.98356985;-2.907159794;[0];-100.5000
-78.98332705;-2.907159358;[0];-100.6875
-78.98308425;-2.907158922;[0];-100.8750
-78.98284145;-2.907158486;[0];-101.0625
-78.98259864;-2.90715805;[0];-101.2500
-78.98235584;-2.907157613;[0];-101.4375
-78.98211304;-2.907157177;[0];-101.6250
-78.98187024;-2.907156741;[0];-101.8125
-78.98162744;-2.907156305;[0];-102.0000
-79.01052139;-2.906963734;[0];-101.6875
-79.01027859;-2.906963304;[0];-101.1875
-79.01003579;-2.906962874;[0];-100.6250
-79.00979298;-2.906962444;[0];-100.1250
-79.00955018;-2.906962014;[0];-99.5625
-79.00930737;-2.906961583;[0];-98.9375
-79.00906457;-2.906961153;[0];-98.3125
-79.00882176;-2.906960723;[0];-97.6875
-79.00857896;-2.906960292;[0];-96.9375
-79.00833615;-2.906959862;[0];-96.1875
-79.00809335;-2.906959431;[0];-95.3750
-79.00785054;-2.906959;[0];-94.6250
-79.00760774;-2.90695857;[0];-93.8125
-79.00736494;-2.906958139;[0];-92.9375
-79.00712213;-2.906957708;[0];-92.0000
-79.00687933;-2.906957278;[0];-91.0000
-79.00663652;-2.906956847;[0];-89.9375
-79.00639372;-2.906956416;[0];-88.8125
-79.00615091;-2.906955985;[0];-87.6250
-79.00590811;-2.906955554;[0];-86.1250
-79.00566531;-2.906955123;[0];-84.8125
-79.00542250;-2.906954692;[0];-83.5000
-79.00517970;-2.90695426;[0];-82.0000
-79.00493689;-2.906953829;[0];-80.5000
-79.00469409;-2.906953398;[0];-79.1250
-79.00445129;-2.906952966;[0];-77.8125
-79.00420848;-2.906952535;[0];-76.5000
-79.00396568;-2.906952104;[0];-75.3750
-79.00372287;-2.906951672;[0];-74.4375
-79.00348007;-2.906951241;[0];-73.6875
-79.00323727;-2.906950809;[0];-73.1250
-79.00299446;-2.906950377;[0];-72.6875
-79.00275166;-2.906949946;[0];-72.5000
-79.00250886;-2.906949514;[0];-72.4375
-79.00226605;-2.906949082;[0];-72.5625
-79.00202325;-2.90694865;[0];-72.6875
-79.00178044;-2.906948218;[0];-73.0000
-79.00153764;-2.906947786;[0];-73.4375
-79.00129484;-2.906947354;[0];-73.8750
-79.00105203;-2.906946922;[0];-74.4375
-79.00080923;-2.90694649;[0];-75.0000
-79.00056643;-2.906946058;[0];-75.5000
-79.00032362;-2.906945626;[0];-76.0625
-79.00008082;-2.906945193;[0];-76.6250
-78.99983802;-2.906944761;[0];-77.3125
-78.99959521;-2.906944329;[0];-77.8750
-78.99935241;-2.906943896;[0];-78.5000
-78.99910961;-2.906943464;[0];-79.1250
-78.99886680;-2.906943031;[0];-79.6875
-78.99862400;-2.906942599;[0];-80.2500
-78.99838120;-2.906942166;[0];-80.8125
-78.99813840;-2.906941733;[0];-81.3750
-78.99789559;-2.9069413;[0];-81.8750
-78.99765279;-2.906940868;[0];-82.3750
-78.99740999;-2.906940435;[0];-82.8750
-78.99716718;-2.906940002;[0];-83.4375
-78.99692438;-2.906939569;[0];-83.9375
-78.99668158;-2.906939136;[0];-84.4375
-78.99643878;-2.906938703;[0];-84.8750
-78.99619597;-2.90693827;[0];-85.3750
-78.99595317;-2.906937837;[0];-85.8125
-78.99571037;-2.906937403;[0];-86.3125
-78.99546756;-2.90693697;[0];-86.6875
-78.99522476;-2.906936537;[0];-87.1250
-78.99498196;-2.906936103;[0];-87.5625
-78.99473916;-2.90693567;[0];-88.0000
-78.99449635;-2.906935236;[0];-88.3750
-78.99425355;-2.906934803;[0];-88.7500
-78.99401075;-2.906934369;[0];-89.1250
-78.99376795;-2.906933936;[0];-89.5000
-78.99352515;-2.906933502;[0];-89.8750
-78.99328234;-2.906933068;[0];-90.2500
-78.99303954;-2.906932634;[0];-90.6250
-78.99279674;-2.906932201;[0];-91.0000
-78.99255394;-2.906931767;[0];-91.3125
-78.99231113;-2.906931333;[0];-91.6250
-78.99206833;-2.906930899;[0];-91.9375
-78.99182553;-2.906930465;[0];-92.2500
-78.99158273;-2.90693003;[0];-92.5625
-78.99133993;-2.906929596;[0];-92.8750
-78.99109712;-2.906929162;[0];-93.1875
-78.99085432;-2.906928728;[0];-93.4375
-78.99061152;-2.906928293;[0];-93.7500
-78.99036872;-2.906927859;[0];-94.0625
-78.99012592;-2.906927425;[0];-94.3125
-78.98988311;-2.90692699;[0];-94.6250
-78.98964031;-2.906926556;[0];-94.8750
-78.98939751;-2.906926121;[0];-95.1875
-78.98915471;-2.906925686;[0];-95.4375
-78.98891191;-2.906925252;[0];-95.6875
-78.98866911;-2.906924817;[0];-95.9375
-78.98842630;-2.906924382;[0];-96.1875
-78.98818350;-2.906923947;[0];-96.4375
-78.98794070;-2.906923512;[0];-96.6875
-78.9876979;-2.906923077;[0];-96.9375
-78.98745510;-2.906922642;[0];-97.1875
-78.98721230;-2.906922207;[0];-97.4375
-78.98696950;-2.906921772;[0];-97.6875
-78.98672670;-2.906921337;[0];-97.8750
-78.98648389;-2.906920902;[0];-98.1250
-78.98624109;-2.906920467;[0];-98.3125
-78.98599829;-2.906920031;[0];-98.5625
-78.98575549;-2.906919596;[0];-98.7500
-78.98551269;-2.90691916;[0];-99.0000
-78.98526989;-2.906918725;[0];-99.1875
-78.98502709;-2.906918289;[0];-99.4375
-78.98478429;-2.906917854;[0];-99.6250
-78.98454149;-2.906917418;[0];-99.8125
-78.98429868;-2.906916983;[0];-100.0000
-78.98405588;-2.906916547;[0];-100.2500
-78.98381308;-2.906916111;[0];-100.4375
-78.98357028;-2.906915675;[0];-100.6250
-78.98332748;-2.906915239;[0];-100.8125
-78.98308468;-2.906914803;[0];-101.0000
-78.98284188;-2.906914367;[0];-101.1875
-78.98259908;-2.906913931;[0];-101.3750
-78.98235628;-2.906913495;[0];-101.5625
-78.98211348;-2.906913059;[0];-101.6875
-78.98187068;-2.906912623;[0];-101.8750
-79.01052182;-2.906719612;[0];-101.7500
-79.01027902;-2.906719182;[0];-101.1875
-79.01003621;-2.906718752;[0];-100.6875
-79.00979341;-2.906718322;[0];-100.1250
-79.00955060;-2.906717891;[0];-99.5625
-79.00930780;-2.906717461;[0];-99.0000
-79.00906499;-2.906717031;[0];-98.3750
-79.00882219;-2.9067166;[0];-97.6875
-79.00857939;-2.90671617;[0];-97.0000
-79.00833658;-2.90671574;[0];-96.3125
-79.00809378;-2.906715309;[0];-95.5625
-79.00785097;-2.906714878;[0];-94.7500
-79.00760817;-2.906714448;[0];-93.9375
-79.00736536;-2.906714017;[0];-93.0625
-79.00712256;-2.906713586;[0];-92.1875
-79.00687976;-2.906713156;[0];-91.1250
-79.00663695;-2.906712725;[0];-90.0625
-79.00639415;-2.906712294;[0];-89.0625
-79.00615134;-2.906711863;[0];-87.8750
-79.00590854;-2.906711432;[0];-86.5625
-79.00566573;-2.906711001;[0];-85.0000
-79.00542293;-2.90671057;[0];-83.6250
-79.00518013;-2.906710139;[0];-82.1250
-79.00493732;-2.906709707;[0];-80.6250
-79.00469452;-2.906709276;[0];-79.0625
-79.00445171;-2.906708845;[0];-77.5625
-79.00420891;-2.906708414;[0];-76.1250
-79.00396611;-2.906707982;[0];-74.8750
-79.00372330;-2.906707551;[0];-73.8125
-79.00348050;-2.906707119;[0];-72.9375
-79.00323770;-2.906706688;[0];-72.3125
-79.00299489;-2.906706256;[0];-71.9375
-79.00275209;-2.906705824;[0];-71.7500
-79.00250928;-2.906705393;[0];-71.7500
-79.00226648;-2.906704961;[0];-71.8750
-79.00202368;-2.906704529;[0];-72.0625
-79.00178087;-2.906704097;[0];-72.4375
-79.00153807;-2.906703665;[0];-72.8750
-79.00129527;-2.906703233;[0];-73.5000
-79.00105246;-2.906702801;[0];-74.0625
-79.00080966;-2.906702369;[0];-74.6250
-79.00056686;-2.906701937;[0];-75.1875
-79.00032405;-2.906701505;[0];-75.8125
-79.00008125;-2.906701073;[0];-76.5000
-78.99983845;-2.90670064;[0];-77.0625
-78.99959564;-2.906700208;[0];-77.7500
-78.99935284;-2.906699775;[0];-78.3750
-78.99911004;-2.906699343;[0];-79.0000
-78.99886723;-2.90669891;[0];-79.6250
-78.99862443;-2.906698478;[0];-80.1875
-78.99838163;-2.906698045;[0];-80.7500
-78.99813883;-2.906697613;[0];-81.3125
-78.99789602;-2.90669718;[0];-81.8750
-78.99765322;-2.906696747;[0];-82.4375
-78.99741042;-2.906696314;[0];-82.9375
-78.99716761;-2.906695881;[0];-83.4375
-78.99692481;-2.906695449;[0];-83.9375
-78.99668201;-2.906695016;[0];-84.5000
-78.99643921;-2.906694583;[0];-85.0000
-78.99619640;-2.906694149;[0];-85.4375
-78.9959536;-2.906693716;[0];-85.8750
-78.99571080;-2.906693283;[0];-86.3750
-78.99546800;-2.90669285;[0];-86.8125
-78.99522519;-2.906692417;[0];-87.2500
-78.99498239;-2.906691983;[0];-87.6250
-78.99473959;-2.90669155;[0];-88.0625
-78.99449679;-2.906691116;[0];-88.5000
-78.99425398;-2.906690683;[0];-88.8750
-78.99401118;-2.906690249;[0];-89.2500
-78.99376838;-2.906689816;[0];-89.6875
-78.99352558;-2.906689382;[0];-90.0000
-78.99328277;-2.906688948;[0];-90.3750
-78.99303997;-2.906688515;[0];-90.6875
-78.99279717;-2.906688081;[0];-91.0000
-78.99255437;-2.906687647;[0];-91.3750
-78.99231157;-2.906687213;[0];-91.6875
-78.99206876;-2.906686779;[0];-92.0625
-78.99182596;-2.906686345;[0];-92.3750
-78.99158316;-2.906685911;[0];-92.6875
-78.99134036;-2.906685477;[0];-93.0000
-78.99109756;-2.906685043;[0];-93.3125
-78.99085475;-2.906684608;[0];-93.6250
-78.99061195;-2.906684174;[0];-93.8750
-78.99036915;-2.90668374;[0];-94.1875
-78.99012635;-2.906683305;[0];-94.4375
-78.98988355;-2.906682871;[0];-94.7500
-78.98964075;-2.906682436;[0];-95.0000
-78.98939794;-2.906682002;[0];-95.3125
-78.98915514;-2.906681567;[0];-95.5625
-78.98891234;-2.906681132;[0];-95.8125
-78.98866954;-2.906680698;[0];-96.0625
-78.98842674;-2.906680263;[0];-96.3125
-78.98818394;-2.906679828;[0];-96.5625
-78.98794113;-2.906679393;[0];-96.8125
-78.98769833;-2.906678958;[0];-97.0625
-78.98745553;-2.906678523;[0];-97.3125
-78.98721273;-2.906678088;[0];-97.5625
-78.98696993;-2.906677653;[0];-97.7500
-78.98672713;-2.906677218;[0];-98.0000
-78.98648433;-2.906676783;[0];-98.2500
-78.98624153;-2.906676348;[0];-98.4375
-78.98599872;-2.906675912;[0];-98.6875
-78.98575592;-2.906675477;[0];-98.8750
-78.98551312;-2.906675042;[0];-99.1250
-78.98527032;-2.906674606;[0];-99.3125
-78.98502752;-2.906674171;[0];-99.5000
-78.98478472;-2.906673735;[0];-99.7500
-78.98454192;-2.9066733;[0];-99.9375
-78.98429912;-2.906672864;[0];-100.1250
-78.98405632;-2.906672428;[0];-100.3125
-78.98381352;-2.906671993;[0];-100.5000
-78.98357072;-2.906671557;[0];-100.6875
-78.98332791;-2.906671121;[0];-100.8750
-78.98308511;-2.906670685;[0];-101.0625
-78.98284231;-2.906670249;[0];-101.2500
-78.98259951;-2.906669813;[0];-101.4375
-78.98235671;-2.906669377;[0];-101.6250
-78.98211391;-2.906668941;[0];-101.8125
-78.98187111;-2.906668505;[0];-102.0000
-79.01052225;-2.906475489;[0];-101.7500
-79.01027945;-2.906475059;[0];-101.2500
-79.01003664;-2.906474629;[0];-100.6875
-79.00979384;-2.906474199;[0];-100.1250
-79.00955103;-2.906473769;[0];-99.5625
-79.00930823;-2.906473339;[0];-99.0625
-79.00906542;-2.906472909;[0];-98.3750
-79.00882262;-2.906472478;[0];-97.7500
-79.00857981;-2.906472048;[0];-97.0625
-79.00833701;-2.906471617;[0];-96.3750
-79.00809420;-2.906471187;[0];-95.6875
-79.0078514;-2.906470756;[0];-94.9375
-79.00760860;-2.906470326;[0];-94.1250
-79.00736579;-2.906469895;[0];-93.1875
-79.00712299;-2.906469464;[0];-92.3125
-79.00688018;-2.906469034;[0];-91.3750
-79.00663738;-2.906468603;[0];-90.3750
-79.00639458;-2.906468172;[0];-89.3750
-79.00615177;-2.906467741;[0];-88.1875
-79.00590897;-2.90646731;[0];-87.0000
-79.00566616;-2.906466879;[0];-85.3125
-79.00542336;-2.906466448;[0];-83.9375
-79.00518056;-2.906466017;[0];-82.4375
-79.00493775;-2.906465586;[0];-80.7500
-79.00469495;-2.906465155;[0];-79.0625
-79.00445214;-2.906464723;[0];-77.4375
-79.00420934;-2.906464292;[0];-75.9375
-79.00396654;-2.906463861;[0];-74.4375
-79.00372373;-2.906463429;[0];-73.2500
-79.00348093;-2.906462998;[0];-72.3125
-79.00323812;-2.906462566;[0];-71.6875
-79.00299532;-2.906462135;[0];-71.2500
-79.00275252;-2.906461703;[0];-71.0000
-79.00250971;-2.906461271;[0];-71.0000
-79.00226691;-2.90646084;[0];-71.1875
-79.00202411;-2.906460408;[0];-71.5000
-79.00178130;-2.906459976;[0];-71.9375
-79.0015385;-2.906459544;[0];-72.5000
-79.00129570;-2.906459112;[0];-73.0625
-79.00105289;-2.90645868;[0];-73.6875
-79.00081009;-2.906458248;[0];-74.3125
-79.00056729;-2.906457816;[0];-75.0625
-79.00032448;-2.906457384;[0];-75.6250
-79.00008168;-2.906456952;[0];-76.3125
-78.99983888;-2.906456519;[0];-77.0000
-78.99959607;-2.906456087;[0];-77.6875
-78.99935327;-2.906455655;[0];-78.3125
-78.99911047;-2.906455222;[0];-78.9375
-78.99886766;-2.90645479;[0];-79.5625
-78.99862486;-2.906454357;[0];-80.1875
-78.99838206;-2.906453925;[0];-80.8125
-78.99813926;-2.906453492;[0];-81.3750
-78.99789645;-2.906453059;[0];-81.9375
-78.99765365;-2.906452627;[0];-82.4375
-78.99741085;-2.906452194;[0];-83.0000
-78.99716804;-2.906451761;[0];-83.5625
-78.99692524;-2.906451328;[0];-84.0625
-78.99668244;-2.906450895;[0];-84.5625
-78.99643964;-2.906450462;[0];-85.0625
-78.99619683;-2.906450029;[0];-85.5625
-78.99595403;-2.906449596;[0];-86.0000
-78.99571123;-2.906449163;[0];-86.4375
-78.99546843;-2.90644873;[0];-86.8750
-78.99522562;-2.906448296;[0];-87.3750
-78.99498282;-2.906447863;[0];-87.8125
-78.99474002;-2.90644743;[0];-88.1875
-78.99449722;-2.906446996;[0];-88.6250
-78.99425441;-2.906446563;[0];-89.0000
-78.99401161;-2.906446129;[0];-89.3750
-78.99376881;-2.906445696;[0];-89.6875
-78.99352601;-2.906445262;[0];-90.0625
-78.99328321;-2.906444828;[0];-90.4375
-78.99304040;-2.906444395;[0];-90.8125
-78.99279760;-2.906443961;[0];-91.1875
-78.99255480;-2.906443527;[0];-91.5000
-78.99231200;-2.906443093;[0];-91.8750
-78.99206920;-2.906442659;[0];-92.1875
-78.99182639;-2.906442225;[0];-92.5000
-78.99158359;-2.906441791;[0];-92.8125
-78.99134079;-2.906441357;[0];-93.1250
-78.99109799;-2.906440923;[0];-93.4375
-78.99085519;-2.906440489;[0];-93.7500
-78.99061238;-2.906440055;[0];-94.0000
-78.99036958;-2.90643962;[0];-94.3125
-78.99012678;-2.906439186;[0];-94.6250
-78.98988398;-2.906438751;[0];-94.8750
-78.98964118;-2.906438317;[0];-95.1250
-78.98939838;-2.906437882;[0];-95.4375
-78.98915557;-2.906437448;[0];-95.6875
-78.98891277;-2.906437013;[0];-95.9375
-78.98866997;-2.906436579;[0];-96.1875
-78.98842717;-2.906436144;[0];-96.4375
-78.98818437;-2.906435709;[0];-96.6875
-78.98794157;-2.906435274;[0];-96.9375
-78.98769877;-2.906434839;[0];-97.1875
-78.98745596;-2.906434404;[0];-97.4375
-78.98721316;-2.906433969;[0];-97.6875
-78.98697036;-2.906433534;[0];-97.8750
-78.98672756;-2.906433099;[0];-98.1250
-78.98648476;-2.906432664;[0];-98.3750
-78.98624196;-2.906432229;[0];-98.5625
-78.98599916;-2.906431794;[0];-98.8125
-78.98575636;-2.906431358;[0];-99.0000
-78.98551356;-2.906430923;[0];-99.1875
-78.98527075;-2.906430488;[0];-99.4375
-78.98502795;-2.906430052;[0];-99.6250
-78.98478515;-2.906429617;[0];-99.8125
-78.98454235;-2.906429181;[0];-100.0000
-78.98429955;-2.906428746;[0];-100.2500
-78.98405675;-2.90642831;[0];-100.4375
-78.98381395;-2.906427874;[0];-100.6250
-78.98357115;-2.906427438;[0];-100.8125
-78.98332835;-2.906427003;[0];-101.0000
-78.98308555;-2.906426567;[0];-101.1875
-78.98284275;-2.906426131;[0];-101.3750
-78.98259995;-2.906425695;[0];-101.5625
-78.98235715;-2.906425259;[0];-101.7500
-78.98211435;-2.906424823;[0];-101.9375
-79.01052268;-2.906231367;[0];-101.8750
-79.01027987;-2.906230937;[0];-101.3125
-79.01003707;-2.906230507;[0];-100.7500
-79.00979426;-2.906230077;[0];-100.1875
-79.00955146;-2.906229647;[0];-99.6250
-79.00930866;-2.906229217;[0];-99.0625
-79.00906585;-2.906228786;[0];-98.3750
-79.00882305;-2.906228356;[0];-97.8125
-79.00858024;-2.906227926;[0];-97.1250
-79.00833744;-2.906227495;[0];-96.5000
-79.00809463;-2.906227065;[0];-95.7500
-79.00785183;-2.906226634;[0];-95.0625
-79.00760902;-2.906226204;[0];-94.3125
-79.00736622;-2.906225773;[0];-93.4375
-79.00712342;-2.906225343;[0];-92.5000
-79.00688061;-2.906224912;[0];-91.6875
-79.00663781;-2.906224481;[0];-90.8125
-79.00639500;-2.90622405;[0];-89.7500
-79.00615220;-2.906223619;[0];-88.6875
-79.00590940;-2.906223188;[0];-87.5625
-79.00566659;-2.906222757;[0];-86.2500
-79.00542379;-2.906222326;[0];-84.5625
-79.00518098;-2.906221895;[0];-83.1250
-79.00493818;-2.906221464;[0];-81.5625
-79.00469538;-2.906221033;[0];-79.8750
-79.00445257;-2.906220602;[0];-78.0625
-79.00420977;-2.906220171;[0];-76.3125
-79.00396696;-2.906219739;[0];-74.6250
-79.00372416;-2.906219308;[0];-73.1875
-79.00348136;-2.906218876;[0];-72.0000
-79.00323855;-2.906218445;[0];-71.1250
-79.00299575;-2.906218013;[0];-70.5625
-79.00275295;-2.906217582;[0];-70.3750
-79.00251014;-2.90621715;[0];-70.4375
-79.00226734;-2.906216718;[0];-70.5625
-79.00202454;-2.906216287;[0];-71.0000
-79.00178173;-2.906215855;[0];-71.5625
-79.00153893;-2.906215423;[0];-72.0625
-79.00129613;-2.906214991;[0];-72.6875
-79.00105332;-2.906214559;[0];-73.4375
-79.00081052;-2.906214127;[0];-74.1250
-79.00056772;-2.906213695;[0];-74.8750
-79.00032491;-2.906213263;[0];-75.5625
-79.00008211;-2.906212831;[0];-76.2500
-78.99983931;-2.906212398;[0];-76.9375
-78.99959650;-2.906211966;[0];-77.6250
-78.99935370;-2.906211534;[0];-78.3125
-78.99911090;-2.906211101;[0];-78.9375
-78.99886810;-2.906210669;[0];-79.6250
-78.99862529;-2.906210237;[0];-80.2500
-78.99838249;-2.906209804;[0];-80.8125
-78.99813969;-2.906209371;[0];-81.4375
-78.99789688;-2.906208939;[0];-82.0000
-78.99765408;-2.906208506;[0];-82.5625
-78.99741128;-2.906208073;[0];-83.1250
-78.99716848;-2.906207641;[0];-83.6250
-78.99692567;-2.906207208;[0];-84.1875
-78.99668287;-2.906206775;[0];-84.6250
-78.99644007;-2.906206342;[0];-85.1875
-78.99619726;-2.906205909;[0];-85.6875
-78.99595446;-2.906205476;[0];-86.1250
-78.99571166;-2.906205043;[0];-86.6250
-78.99546886;-2.906204609;[0];-87.0625
-78.99522606;-2.906204176;[0];-87.5000
-78.99498325;-2.906203743;[0];-87.8750
-78.99474045;-2.90620331;[0];-88.3125
-78.99449765;-2.906202876;[0];-88.6875
-78.99425485;-2.906202443;[0];-89.1250
-78.99401204;-2.906202009;[0];-89.5000
-78.99376924;-2.906201576;[0];-89.8750
-78.99352644;-2.906201142;[0];-90.2500
-78.99328364;-2.906200709;[0];-90.6250
-78.99304084;-2.906200275;[0];-91.0000
-78.99279803;-2.906199841;[0];-91.3125
-78.99255523;-2.906199407;[0];-91.6875
-78.99231243;-2.906198973;[0];-92.0000
-78.99206963;-2.90619854;[0];-92.3125
-78.99182683;-2.906198106;[0];-92.6250
-78.99158402;-2.906197672;[0];-93.0000
-78.99134122;-2.906197238;[0];-93.2500
-78.99109842;-2.906196803;[0];-93.5625
-78.99085562;-2.906196369;[0];-93.8750
-78.99061282;-2.906195935;[0];-94.1875
-78.99037001;-2.906195501;[0];-94.4375
-78.99012721;-2.906195066;[0];-94.7500
-78.98988441;-2.906194632;[0];-95.0000
-78.98964161;-2.906194198;[0];-95.3125
-78.98939881;-2.906193763;[0];-95.5625
-78.98915601;-2.906193329;[0];-95.8125
-78.98891321;-2.906192894;[0];-96.0625
-78.98867040;-2.906192459;[0];-96.3125
-78.98842760;-2.906192025;[0];-96.5625
-78.9881848;-2.90619159;[0];-96.8125
-78.98794200;-2.906191155;[0];-97.0625
-78.98769920;-2.90619072;[0];-97.3125
-78.98745640;-2.906190285;[0];-97.5625
-78.98721360;-2.90618985;[0];-97.8125
-78.98697079;-2.906189415;[0];-98.0000
-78.98672799;-2.90618898;[0];-98.2500
-78.98648519;-2.906188545;[0];-98.4375
-78.98624239;-2.90618811;[0];-98.6875
-78.98599959;-2.906187675;[0];-98.8750
-78.98575679;-2.90618724;[0];-99.1250
-78.98551399;-2.906186804;[0];-99.3125
-78.98527119;-2.906186369;[0];-99.5000
-78.98502839;-2.906185934;[0];-99.7500
-78.98478559;-2.906185498;[0];-99.9375
-78.98454278;-2.906185063;[0];-100.1250
-78.98429998;-2.906184627;[0];-100.3125
-78.98405718;-2.906184191;[0];-100.5000
-78.98381438;-2.906183756;[0];-100.7500
-78.98357158;-2.90618332;[0];-100.9375
-78.98332878;-2.906182884;[0];-101.1250
-78.98308598;-2.906182448;[0];-101.3125
-78.98284318;-2.906182012;[0];-101.5000
-78.98260038;-2.906181576;[0];-101.6250
-78.98235758;-2.90618114;[0];-101.8125
-78.98211478;-2.906180704;[0];-102.0000
-79.01052311;-2.905987244;[0];-102.0000
-79.01028030;-2.905986815;[0];-101.5000
-79.01003750;-2.905986385;[0];-100.9375
-79.00979469;-2.905985955;[0];-100.3125
-79.00955189;-2.905985524;[0];-99.7500
-79.00930908;-2.905985094;[0];-99.1250
-79.00906628;-2.905984664;[0];-98.4375
-79.00882347;-2.905984234;[0];-97.8125
-79.00858067;-2.905983804;[0];-97.1250
-79.00833787;-2.905983373;[0];-96.6250
-79.00809506;-2.905982943;[0];-95.8750
-79.00785226;-2.905982512;[0];-95.2500
-79.00760945;-2.905982082;[0];-94.4375
-79.00736665;-2.905981651;[0];-93.6250
-79.00712384;-2.905981221;[0];-92.9375
-79.00688104;-2.90598079;[0];-92.0625
-79.00663824;-2.905980359;[0];-91.1875
-79.00639543;-2.905979928;[0];-90.3125
-79.00615263;-2.905979498;[0];-89.3750
-79.00590982;-2.905979067;[0];-88.3125
-79.00566702;-2.905978636;[0];-87.1250
-79.00542422;-2.905978205;[0];-85.8750
-79.00518141;-2.905977774;[0];-84.4375
-79.00493861;-2.905977343;[0];-83.0625
-79.00469581;-2.905976912;[0];-81.5625
-79.00445300;-2.90597648;[0];-79.8125
-79.00421020;-2.905976049;[0];-77.7500
-79.00396739;-2.905975618;[0];-75.6875
-79.00372459;-2.905975186;[0];-73.8125
-79.00348179;-2.905974755;[0];-72.0625
-79.00323898;-2.905974324;[0];-70.9375
-79.00299618;-2.905973892;[0];-70.1875
-79.00275338;-2.90597346;[0];-69.8125
-79.00251057;-2.905973029;[0];-69.8125
-79.00226777;-2.905972597;[0];-70.1250
-79.00202497;-2.905972165;[0];-70.6250
-79.00178216;-2.905971734;[0];-71.2500
-79.00153936;-2.905971302;[0];-71.8125
-79.00129656;-2.90597087;[0];-72.5625
-79.00105375;-2.905970438;[0];-73.2500
-79.00081095;-2.905970006;[0];-74.0625
-79.00056815;-2.905969574;[0];-74.8125
-79.00032534;-2.905969142;[0];-75.5625
-79.00008254;-2.90596871;[0];-76.2500
-78.99983974;-2.905968278;[0];-76.9375
-78.99959693;-2.905967845;[0];-77.6250
-78.99935413;-2.905967413;[0];-78.3750
-78.99911133;-2.905966981;[0];-79.0000
-78.99886853;-2.905966548;[0];-79.6875
-78.99862572;-2.905966116;[0];-80.3750
-78.99838292;-2.905965683;[0];-80.9375
-78.99814012;-2.905965251;[0];-81.5625
-78.99789731;-2.905964818;[0];-82.1250
-78.99765451;-2.905964386;[0];-82.6875
-78.99741171;-2.905963953;[0];-83.1875
-78.99716891;-2.90596352;[0];-83.7500
-78.99692610;-2.905963087;[0];-84.3125
-78.9966833;-2.905962654;[0];-84.8750
-78.99644050;-2.905962221;[0];-85.3750
-78.99619770;-2.905961788;[0];-85.8125
-78.99595489;-2.905961355;[0];-86.2500
-78.99571209;-2.905960922;[0];-86.6875
-78.99546929;-2.905960489;[0];-87.1875
-78.99522649;-2.905960056;[0];-87.6250
-78.99498368;-2.905959623;[0];-88.0625
-78.99474088;-2.90595919;[0];-88.5000
-78.99449808;-2.905958756;[0];-88.8750
-78.99425528;-2.905958323;[0];-89.3125
-78.99401247;-2.905957889;[0];-89.6875
-78.99376967;-2.905957456;[0];-90.0625
-78.99352687;-2.905957022;[0];-90.4375
-78.99328407;-2.905956589;[0];-90.8125
-78.99304127;-2.905956155;[0];-91.1250
-78.99279846;-2.905955721;[0];-91.5000
-78.99255566;-2.905955288;[0];-91.8125
-78.99231286;-2.905954854;[0];-92.1875
-78.99207006;-2.90595442;[0];-92.5000
-78.99182726;-2.905953986;[0];-92.8125
-78.99158445;-2.905953552;[0];-93.1250
-78.99134165;-2.905953118;[0];-93.4375
-78.99109885;-2.905952684;[0];-93.7500
-78.99085605;-2.90595225;[0];-94.0000
-78.99061325;-2.905951816;[0];-94.3125
-78.99037045;-2.905951381;[0];-94.6250
-78.99012764;-2.905950947;[0];-94.8750
-78.98988484;-2.905950513;[0];-95.1250
-78.98964204;-2.905950078;[0];-95.4375
-78.98939924;-2.905949644;[0];-95.6875
-78.98915644;-2.905949209;[0];-95.9375
-78.98891364;-2.905948775;[0];-96.1875
-78.98867084;-2.90594834;[0];-96.4375
-78.98842803;-2.905947906;[0];-96.6875
-78.98818523;-2.905947471;[0];-96.9375
-78.98794243;-2.905947036;[0];-97.1875
-78.98769963;-2.905946601;[0];-97.4375
-78.98745683;-2.905946166;[0];-97.6875
-78.98721403;-2.905945732;[0];-97.9375
-78.98697123;-2.905945297;[0];-98.1250
-78.98672843;-2.905944862;[0];-98.3750
-78.98648563;-2.905944426;[0];-98.5625
-78.98624282;-2.905943991;[0];-98.8125
-78.98600002;-2.905943556;[0];-99.0000
-78.98575722;-2.905943121;[0];-99.2500
-78.98551442;-2.905942686;[0];-99.4375
-78.98527162;-2.90594225;[0];-99.6250
-78.98502882;-2.905941815;[0];-99.8750
-78.98478602;-2.90594138;[0];-100.0625
-78.98454322;-2.905940944;[0];-100.2500
-78.98430042;-2.905940508;[0];-100.4375
-78.98405762;-2.905940073;[0];-100.6250
-78.98381482;-2.905939637;[0];-100.8125
-78.98357202;-2.905939202;[0];-101.0000
-78.98332921;-2.905938766;[0];-101.1875
-78.98308641;-2.90593833;[0];-101.3750
-78.98284361;-2.905937894;[0];-101.5625
-78.98260081;-2.905937458;[0];-101.7500
-78.98235801;-2.905937022;[0];-101.9375
-79.01052353;-2.905743122;[0];-102.0000
-79.01028073;-2.905742692;[0];-101.5000
-79.01003792;-2.905742262;[0];-101.0000
-79.00979512;-2.905741832;[0];-100.4375
-79.00955232;-2.905741402;[0];-99.8750
-79.00930951;-2.905740972;[0];-99.3125
-79.00906671;-2.905740542;[0];-98.6250
-79.00882390;-2.905740112;[0];-98.0000
-79.00858110;-2.905739681;[0];-97.2500
-79.00833829;-2.905739251;[0];-96.6875
-79.00809549;-2.905738821;[0];-96.0000
-79.00785269;-2.90573839;[0];-95.3125
-79.00760988;-2.90573796;[0];-94.5625
-79.00736708;-2.905737529;[0];-93.9375
-79.00712427;-2.905737099;[0];-93.2500
-79.00688147;-2.905736668;[0];-92.5625
-79.00663866;-2.905736237;[0];-91.7500
-79.00639586;-2.905735807;[0];-90.9375
-79.00615306;-2.905735376;[0];-90.1875
-79.00591025;-2.905734945;[0];-89.3750
-79.00566745;-2.905734514;[0];-88.6875
-79.00542465;-2.905734083;[0];-87.8750
-79.00518184;-2.905733652;[0];-87.2500
-79.00493904;-2.905733221;[0];-86.3750
-79.00469623;-2.90573279;[0];-85.6875
-79.00445343;-2.905732359;[0];-84.1250
-79.00421063;-2.905731928;[0];-81.8125
-79.00396782;-2.905731496;[0];-79.0000
-79.00372502;-2.905731065;[0];-75.9375
-79.00348222;-2.905730634;[0];-73.0000
-79.00323941;-2.905730202;[0];-71.3750
-79.00299661;-2.905729771;[0];-70.1250
-79.00275381;-2.905729339;[0];-69.6250
-79.00251100;-2.905728908;[0];-69.4375
-79.00226820;-2.905728476;[0];-69.8750
-79.00202540;-2.905728044;[0];-70.4375
-79.00178259;-2.905727613;[0];-71.0000
-79.00153979;-2.905727181;[0];-71.7500
-79.00129699;-2.905726749;[0];-72.5000
-79.00105418;-2.905726317;[0];-73.2500
-79.00081138;-2.905725885;[0];-74.0000
-79.00056858;-2.905725453;[0];-74.8125
-79.00032577;-2.905725021;[0];-75.5625
-79.00008297;-2.905724589;[0];-76.3750
-78.99984017;-2.905724157;[0];-77.0625
-78.99959736;-2.905723725;[0];-77.6875
-78.99935456;-2.905723292;[0];-78.5000
-78.99911176;-2.90572286;[0];-79.1250
-78.99886896;-2.905722428;[0];-79.8125
-78.99862615;-2.905721995;[0];-80.5000
-78.99838335;-2.905721563;[0];-81.0625
-78.99814055;-2.90572113;[0];-81.6875
-78.99789774;-2.905720698;[0];-82.3125
-78.99765494;-2.905720265;[0];-82.8750
-78.99741214;-2.905719832;[0];-83.4375
-78.99716934;-2.9057194;[0];-83.9375
-78.99692653;-2.905718967;[0];-84.4375
-78.99668373;-2.905718534;[0];-84.9375
-78.99644093;-2.905718101;[0];-85.5000
-78.99619813;-2.905717668;[0];-86.0000
-78.99595532;-2.905717235;[0];-86.4375
-78.99571252;-2.905716802;[0];-86.9375
-78.99546972;-2.905716369;[0];-87.3750
-78.99522692;-2.905715936;[0];-87.8125
-78.99498411;-2.905715503;[0];-88.2500
-78.99474131;-2.905715069;[0];-88.6875
-78.99449851;-2.905714636;[0];-89.0625
-78.99425571;-2.905714203;[0];-89.5000
-78.99401291;-2.905713769;[0];-89.8750
-78.99377010;-2.905713336;[0];-90.2500
-78.99352730;-2.905712902;[0];-90.6250
-78.99328450;-2.905712469;[0];-91.0000
-78.99304170;-2.905712035;[0];-91.3125
-78.99279890;-2.905711602;[0];-91.6875
-78.99255609;-2.905711168;[0];-92.0000
-78.99231329;-2.905710734;[0];-92.3125
-78.99207049;-2.9057103;[0];-92.6875
-78.99182769;-2.905709866;[0];-93.0000
-78.99158489;-2.905709432;[0];-93.3125
-78.99134208;-2.905708998;[0];-93.5625
-78.99109928;-2.905708564;[0];-93.8750
-78.99085648;-2.90570813;[0];-94.1875
-78.99061368;-2.905707696;[0];-94.5000
-78.99037088;-2.905707262;[0];-94.7500
-78.99012808;-2.905706828;[0];-95.0000
-78.98988528;-2.905706393;[0];-95.3125
-78.98964247;-2.905705959;[0];-95.5625
-78.98939967;-2.905705525;[0];-95.8125
-78.98915687;-2.90570509;[0];-96.1250
-78.98891407;-2.905704656;[0];-96.3750
-78.98867127;-2.905704221;[0];-96.6250
-78.98842847;-2.905703786;[0];-96.8750
-78.98818567;-2.905703352;[0];-97.1250
-78.98794286;-2.905702917;[0];-97.3125
-78.98770006;-2.905702482;[0];-97.5625
-78.98745726;-2.905702047;[0];-97.8125
-78.98721446;-2.905701613;[0];-98.0625
-78.98697166;-2.905701178;[0];-98.2500
-78.98672886;-2.905700743;[0];-98.5000
-78.98648606;-2.905700308;[0];-98.6875
-78.98624326;-2.905699873;[0];-98.9375
-78.98600046;-2.905699437;[0];-99.1250
-78.98575766;-2.905699002;[0];-99.3750
-78.98551485;-2.905698567;[0];-99.5625
-78.98527205;-2.905698132;[0];-99.7500
-78.98502925;-2.905697696;[0];-99.9375
-78.98478645;-2.905697261;[0];-100.1875
-78.98454365;-2.905696825;[0];-100.3750
-78.98430085;-2.90569639;[0];-100.5625
-78.98405805;-2.905695954;[0];-100.7500
-78.98381525;-2.905695519;[0];-100.9375
-78.98357245;-2.905695083;[0];-101.1250
-78.98332965;-2.905694647;[0];-101.3125
-78.98308685;-2.905694212;[0];-101.5000
-78.98284405;-2.905693776;[0];-101.6875
-78.98260125;-2.90569334;[0];-101.8750
-79.01028116;-2.90549857;[0];-101.5625
-79.01003835;-2.90549814;[0];-101.0000
-79.00979555;-2.90549771;[0];-100.4375
-79.00955274;-2.90549728;[0];-99.9375
-79.00930994;-2.90549685;[0];-99.3750
-79.00906713;-2.90549642;[0];-98.7500
-79.00882433;-2.905495989;[0];-98.1875
-79.00858153;-2.905495559;[0];-97.5625
-79.00833872;-2.905495129;[0];-96.8750
-79.00809592;-2.905494699;[0];-96.1875
-79.00785311;-2.905494268;[0];-95.4375
-79.00761031;-2.905493838;[0];-94.7500
-79.00736751;-2.905493407;[0];-94.1250
-79.0071247;-2.905492977;[0];-93.5625
-79.00688190;-2.905492546;[0];-92.9375
-79.00663909;-2.905492115;[0];-92.3125
-79.00639629;-2.905491685;[0];-91.7500
-79.00615349;-2.905491254;[0];-91.1250
-79.00591068;-2.905490823;[0];-90.9375
-79.00566788;-2.905490392;[0];-90.8750
-79.00542507;-2.905489961;[0];-91.3750
-79.00518227;-2.90548953;[0];-92.5000
-79.00493947;-2.905489099;[0];-93.0000
-79.00469666;-2.905488668;[0];-90.9375
-79.00445386;-2.905488237;[0];-89.0000
-79.00421106;-2.905487806;[0];-86.6875
-79.00396825;-2.905487375;[0];-84.5625
-79.00372545;-2.905486944;[0];-81.1250
-79.00348264;-2.905486512;[0];-76.7500
-79.00323984;-2.905486081;[0];-73.0625
-79.00299704;-2.905485649;[0];-70.6250
-79.00275423;-2.905485218;[0];-69.6250
-79.00251143;-2.905484786;[0];-69.6250
-79.00226863;-2.905484355;[0];-69.8125
-79.00202582;-2.905483923;[0];-70.4375
-79.00178302;-2.905483491;[0];-71.0625
-79.00154022;-2.90548306;[0];-71.8125
-79.00129742;-2.905482628;[0];-72.5625
-79.00105461;-2.905482196;[0];-73.3125
-79.00081181;-2.905481764;[0];-74.0625
-79.00056901;-2.905481332;[0];-74.9375
-79.00032620;-2.9054809;[0];-75.6875
-79.00008340;-2.905480468;[0];-76.5000
-78.99984060;-2.905480036;[0];-77.1875
-78.99959779;-2.905479604;[0];-77.9375
-78.99935499;-2.905479172;[0];-78.6250
-78.99911219;-2.905478739;[0];-79.3125
-78.99886939;-2.905478307;[0];-80.0625
-78.99862658;-2.905477875;[0];-80.6875
-78.99838378;-2.905477442;[0];-81.3750
-78.99814098;-2.90547701;[0];-81.9375
-78.99789817;-2.905476577;[0];-82.5000
-78.99765537;-2.905476145;[0];-83.0625
-78.99741257;-2.905475712;[0];-83.6250
-78.99716977;-2.905475279;[0];-84.1875
-78.99692696;-2.905474846;[0];-84.6875
-78.99668416;-2.905474414;[0];-85.1875
-78.99644136;-2.905473981;[0];-85.6875
-78.99619856;-2.905473548;[0];-86.1875
-78.99595575;-2.905473115;[0];-86.6875
-78.99571295;-2.905472682;[0];-87.1250
-78.99547015;-2.905472249;[0];-87.6250
-78.99522735;-2.905471816;[0];-88.0625
-78.99498455;-2.905471383;[0];-88.4375
-78.99474174;-2.905470949;[0];-88.8750
-78.99449894;-2.905470516;[0];-89.3125
-78.99425614;-2.905470083;[0];-89.6875
-78.99401334;-2.905469649;[0];-90.0625
-78.99377053;-2.905469216;[0];-90.4375
-78.99352773;-2.905468782;[0];-90.8125
-78.99328493;-2.905468349;[0];-91.1875
-78.99304213;-2.905467915;[0];-91.5000
-78.99279933;-2.905467482;[0];-91.8750
-78.99255653;-2.905467048;[0];-92.1875
-78.99231372;-2.905466614;[0];-92.5000
-78.99207092;-2.90546618;[0];-92.8125
-78.99182812;-2.905465747;[0];-93.1250
-78.99158532;-2.905465313;[0];-93.4375
-78.99134252;-2.905464879;[0];-93.7500
-78.99109971;-2.905464445;[0];-94.0625
-78.99085691;-2.905464011;[0];-94.3125
-78.99061411;-2.905463577;[0];-94.6250
-78.99037131;-2.905463142;[0];-94.9375
-78.99012851;-2.905462708;[0];-95.1875
-78.98988571;-2.905462274;[0];-95.4375
-78.98964291;-2.90546184;[0];-95.6875
-78.98940010;-2.905461405;[0];-96.0000
-78.98915730;-2.905460971;[0];-96.2500
-78.98891450;-2.905460536;[0];-96.5000
-78.9886717;-2.905460102;[0];-96.7500
-78.98842890;-2.905459667;[0];-97.0000
-78.98818610;-2.905459233;[0];-97.2500
-78.98794330;-2.905458798;[0];-97.5000
-78.98770050;-2.905458363;[0];-97.6875
-78.98745769;-2.905457928;[0];-97.9375
-78.98721489;-2.905457494;[0];-98.1875
-78.98697209;-2.905457059;[0];-98.3750
-78.98672929;-2.905456624;[0];-98.6250
-78.98648649;-2.905456189;[0];-98.8125
-78.98624369;-2.905455754;[0];-99.0625
-78.98600089;-2.905455319;[0];-99.2500
-78.98575809;-2.905454883;[0];-99.5000
-78.98551529;-2.905454448;[0];-99.6875
-78.98527249;-2.905454013;[0];-99.8750
-78.98502969;-2.905453578;[0];-100.0625
-78.98478689;-2.905453142;[0];-100.3125
-78.98454408;-2.905452707;[0];-100.5000
-78.98430128;-2.905452271;[0];-100.6875
-78.98405848;-2.905451836;[0];-100.8750
-78.98381568;-2.9054514;[0];-101.0625
-78.98357288;-2.905450965;[0];-101.2500
-78.98333008;-2.905450529;[0];-101.4375
-78.98308728;-2.905450093;[0];-101.6250
-78.98284448;-2.905449658;[0];-101.8125
-78.98260168;-2.905449222;[0];-101.9375
-79.01028158;-2.905254447;[0];-101.6875
-79.01003878;-2.905254017;[0];-101.1875
-79.00979598;-2.905253587;[0];-100.6250
-79.00955317;-2.905253157;[0];-100.0625
-79.00931037;-2.905252727;[0];-99.4375
-79.00906756;-2.905252297;[0];-98.8125
-79.00882476;-2.905251867;[0];-98.2500
-79.00858195;-2.905251437;[0];-97.6875
-79.00833915;-2.905251007;[0];-97.0625
-79.00809635;-2.905250576;[0];-96.4375
-79.00785354;-2.905250146;[0];-95.7500
-79.00761074;-2.905249716;[0];-95.0625
-79.00736793;-2.905249285;[0];-94.4375
-79.00712513;-2.905248855;[0];-93.8750
-79.00688233;-2.905248424;[0];-93.2500
-79.00663952;-2.905247994;[0];-92.9375
-79.00639672;-2.905247563;[0];-92.5625
-79.00615391;-2.905247132;[0];-92.5625
-79.00591111;-2.905246701;[0];-92.7500
-79.00566831;-2.905246271;[0];-94.2500
-79.00542550;-2.90524584;[0];-97.0000
-79.00518270;-2.905245409;[0];-97.5625
-79.00493990;-2.905244978;[0];-94.9375
-79.00469709;-2.905244547;[0];-90.4375
-79.00445429;-2.905244116;[0];-82.3750
-79.00421148;-2.905243685;[0];-77.8750
-79.00396868;-2.905243253;[0];-76.8125
-79.00372588;-2.905242822;[0];-81.2500
-79.00348307;-2.905242391;[0];-82.3125
-79.00324027;-2.905241959;[0];-77.7500
-79.00299747;-2.905241528;[0];-72.5000
-79.00275466;-2.905241097;[0];-70.6250
-79.00251186;-2.905240665;[0];-70.1250
-79.00226906;-2.905240234;[0];-70.2500
-79.00202625;-2.905239802;[0];-70.6250
-79.00178345;-2.90523937;[0];-71.3125
-79.00154065;-2.905238939;[0];-72.0000
-79.00129784;-2.905238507;[0];-72.8125
-79.00105504;-2.905238075;[0];-73.5625
-79.00081224;-2.905237643;[0];-74.3750
-79.00056944;-2.905237211;[0];-75.1250
-79.00032663;-2.905236779;[0];-76.0000
-79.00008383;-2.905236347;[0];-76.6875
-78.99984103;-2.905235915;[0];-77.5000
-78.99959822;-2.905235483;[0];-78.1875
-78.99935542;-2.905235051;[0];-78.9375
-78.99911262;-2.905234619;[0];-79.5625
-78.99886982;-2.905234186;[0];-80.2500
-78.99862701;-2.905233754;[0];-80.9375
-78.99838421;-2.905233321;[0];-81.5625
-78.99814141;-2.905232889;[0];-82.1875
-78.99789860;-2.905232457;[0];-82.8125
-78.99765580;-2.905232024;[0];-83.3750
-78.99741300;-2.905231591;[0];-83.8750
-78.99717020;-2.905231159;[0];-84.4375
-78.99692739;-2.905230726;[0];-84.9375
-78.99668459;-2.905230293;[0];-85.4375
-78.99644179;-2.90522986;[0];-86.0000
-78.99619899;-2.905229428;[0];-86.4375
-78.99595619;-2.905228995;[0];-86.9375
-78.99571338;-2.905228562;[0];-87.3750
-78.99547058;-2.905228129;[0];-87.8125
-78.99522778;-2.905227696;[0];-88.2500
-78.99498498;-2.905227262;[0];-88.6875
-78.99474217;-2.905226829;[0];-89.1250
-78.99449937;-2.905226396;[0];-89.5000
-78.99425657;-2.905225963;[0];-89.8750
-78.99401377;-2.905225529;[0];-90.2500
-78.99377097;-2.905225096;[0];-90.6250
-78.99352816;-2.905224663;[0];-91.0000
-78.99328536;-2.905224229;[0];-91.3750
-78.99304256;-2.905223796;[0];-91.6875
-78.99279976;-2.905223362;[0];-92.0625
-78.99255696;-2.905222928;[0];-92.3750
-78.99231415;-2.905222495;[0];-92.6875
-78.99207135;-2.905222061;[0];-93.0000
-78.99182855;-2.905221627;[0];-93.3125
-78.99158575;-2.905221193;[0];-93.6250
-78.99134295;-2.905220759;[0];-93.9375
-78.99110015;-2.905220325;[0];-94.2500
-78.99085734;-2.905219891;[0];-94.5000
-78.99061454;-2.905219457;[0];-94.8125
-78.99037174;-2.905219023;[0];-95.0625
-78.99012894;-2.905218589;[0];-95.3125
-78.98988614;-2.905218155;[0];-95.6250
-78.98964334;-2.90521772;[0];-95.8750
-78.98940054;-2.905217286;[0];-96.1250
-78.98915774;-2.905216852;[0];-96.3750
-78.98891493;-2.905216417;[0];-96.6250
-78.98867213;-2.905215983;[0];-96.8750
-78.98842933;-2.905215548;[0];-97.1250
-78.98818653;-2.905215114;[0];-97.3750
-78.98794373;-2.905214679;[0];-97.6250
-78.98770093;-2.905214244;[0];-97.8750
-78.98745813;-2.905213809;[0];-98.0625
-78.98721533;-2.905213375;[0];-98.3125
-78.98697253;-2.90521294;[0];-98.5000
-78.98672972;-2.905212505;[0];-98.7500
-78.98648692;-2.90521207;[0];-98.9375
-78.98624412;-2.905211635;[0];-99.1875
-78.98600132;-2.9052112;[0];-99.3750
-78.98575852;-2.905210765;[0];-99.6250
-78.98551572;-2.90521033;[0];-99.8125
-78.98527292;-2.905209894;[0];-100.0000
-78.98503012;-2.905209459;[0];-100.1875
-78.98478732;-2.905209024;[0];-100.3750
-78.98454452;-2.905208588;[0];-100.6250
-78.98430172;-2.905208153;[0];-100.8125
-78.98405892;-2.905207717;[0];-101.0000
-78.98381612;-2.905207282;[0];-101.1875
-78.98357332;-2.905206846;[0];-101.3750
-78.98333051;-2.905206411;[0];-101.5625
-78.98308771;-2.905205975;[0];-101.6875
-78.98284491;-2.905205539;[0];-101.8750
-79.01028201;-2.905010325;[0];-101.8125
-79.01003921;-2.905009895;[0];-101.3125
-79.00979640;-2.905009465;[0];-100.7500
-79.00955360;-2.905009035;[0];-100.1875
-79.00931079;-2.905008605;[0];-99.6250
-79.00906799;-2.905008175;[0];-99.0000
-79.00882519;-2.905007745;[0];-98.4375
-79.00858238;-2.905007315;[0];-97.8125
-79.00833958;-2.905006885;[0];-97.2500
-79.00809677;-2.905006454;[0];-96.5625
-79.00785397;-2.905006024;[0];-95.9375
-79.00761117;-2.905005594;[0];-95.3750
-79.00736836;-2.905005163;[0];-94.8750
-79.00712556;-2.905004733;[0];-94.3750
-79.00688275;-2.905004302;[0];-93.8750
-79.00663995;-2.905003872;[0];-93.5000
-79.00639715;-2.905003441;[0];-93.4375
-79.00615434;-2.90500301;[0];-93.9375
-79.00591154;-2.90500258;[0];-95.5625
-79.00566873;-2.905002149;[0];-99.0000
-79.00542593;-2.905001718;[0];-101.0625
-79.00518313;-2.905001287;[0];-98.3125
-79.00494032;-2.905000856;[0];-88.8750
-79.00469752;-2.905000425;[0];-80.7500
-79.00445472;-2.904999994;[0];-74.3750
-79.00421191;-2.904999563;[0];-69.6875
-79.00396911;-2.904999132;[0];-67.1250
-79.00372631;-2.904998701;[0];-67.6875
-79.00348350;-2.904998269;[0];-72.4375
-79.00324070;-2.904997838;[0];-82.6875
-79.00299790;-2.904997407;[0];-77.7500
-79.00275509;-2.904996975;[0];-73.1250
-79.00251229;-2.904996544;[0];-71.4375
-79.00226949;-2.904996112;[0];-71.0000
-79.00202668;-2.904995681;[0];-71.1875
-79.00178388;-2.904995249;[0];-71.7500
-79.00154108;-2.904994817;[0];-72.4375
-79.00129827;-2.904994386;[0];-73.1875
-79.00105547;-2.904993954;[0];-74.0000
-79.00081267;-2.904993522;[0];-74.6875
-79.00056986;-2.90499309;[0];-75.5000
-79.00032706;-2.904992658;[0];-76.3125
-79.00008426;-2.904992226;[0];-77.0625
-78.99984146;-2.904991794;[0];-77.8125
-78.99959865;-2.904991362;[0];-78.5625
-78.99935585;-2.90499093;[0];-79.2500
-78.99911305;-2.904990498;[0];-79.9375
-78.99887025;-2.904990065;[0];-80.6250
-78.99862744;-2.904989633;[0];-81.3125
-78.99838464;-2.904989201;[0];-81.9375
-78.99814184;-2.904988768;[0];-82.5000
-78.99789903;-2.904988336;[0];-83.1250
-78.99765623;-2.904987903;[0];-83.6875
-78.99741343;-2.904987471;[0];-84.1875
-78.99717063;-2.904987038;[0];-84.7500
-78.99692783;-2.904986606;[0];-85.2500
-78.99668502;-2.904986173;[0];-85.7500
-78.99644222;-2.90498574;[0];-86.2500
-78.99619942;-2.904985307;[0];-86.7500
-78.99595662;-2.904984874;[0];-87.1875
-78.99571381;-2.904984441;[0];-87.6250
-78.99547101;-2.904984008;[0];-88.0625
-78.99522821;-2.904983575;[0];-88.5000
-78.99498541;-2.904983142;[0];-88.9375
-78.99474261;-2.904982709;[0];-89.3125
-78.99449980;-2.904982276;[0];-89.7500
-78.994257;-2.904981843;[0];-90.1250
-78.99401420;-2.904981409;[0];-90.5000
-78.99377140;-2.904980976;[0];-90.8750
-78.99352860;-2.904980543;[0];-91.1875
-78.99328579;-2.904980109;[0];-91.5625
-78.99304299;-2.904979676;[0];-91.8750
-78.99280019;-2.904979242;[0];-92.2500
-78.99255739;-2.904978808;[0];-92.5625
-78.99231459;-2.904978375;[0];-92.8750
-78.99207178;-2.904977941;[0];-93.1875
-78.99182898;-2.904977507;[0];-93.5000
-78.99158618;-2.904977074;[0];-93.8125
-78.99134338;-2.90497664;[0];-94.1250
-78.99110058;-2.904976206;[0];-94.3750
-78.99085778;-2.904975772;[0];-94.6875
-78.99061498;-2.904975338;[0];-94.9375
-78.99037217;-2.904974904;[0];-95.2500
-78.99012937;-2.904974469;[0];-95.5000
-78.98988657;-2.904974035;[0];-95.7500
-78.98964377;-2.904973601;[0];-96.0625
-78.98940097;-2.904973167;[0];-96.3125
-78.98915817;-2.904972732;[0];-96.5625
-78.98891537;-2.904972298;[0];-96.8125
-78.98867256;-2.904971864;[0];-97.0625
-78.98842976;-2.904971429;[0];-97.3125
-78.98818696;-2.904970994;[0];-97.5000
-78.98794416;-2.90497056;[0];-97.7500
-78.98770136;-2.904970125;[0];-98.0000
-78.98745856;-2.90496969;[0];-98.1875
-78.98721576;-2.904969256;[0];-98.4375
-78.98697296;-2.904968821;[0];-98.6875
-78.98673016;-2.904968386;[0];-98.8750
-78.98648736;-2.904967951;[0];-99.1250
-78.98624456;-2.904967516;[0];-99.3125
-78.98600175;-2.904967081;[0];-99.5000
-78.98575895;-2.904966646;[0];-99.7500
-78.98551615;-2.904966211;[0];-99.9375
-78.98527335;-2.904965776;[0];-100.1250
-78.98503055;-2.90496534;[0];-100.3750
-78.98478775;-2.904964905;[0];-100.5625
-78.98454495;-2.90496447;[0];-100.7500
-78.98430215;-2.904964034;[0];-100.9375
-78.98405935;-2.904963599;[0];-101.1250
-78.98381655;-2.904963163;[0];-101.3125
-78.98357375;-2.904962728;[0];-101.5000
-78.98333095;-2.904962292;[0];-101.6875
-78.98308815;-2.904961857;[0];-101.8750
-79.01003963;-2.904765773;[0];-101.5000
-79.00979683;-2.904765343;[0];-101.0000
-79.00955403;-2.904764913;[0];-100.3750
-79.00931122;-2.904764483;[0];-99.7500
-79.00906842;-2.904764053;[0];-99.1875
-79.00882561;-2.904763623;[0];-98.6250
-79.00858281;-2.904763193;[0];-98.0625
-79.00834001;-2.904762763;[0];-97.4375
-79.00809720;-2.904762332;[0];-96.8125
-79.00785440;-2.904761902;[0];-96.1875
-79.00761159;-2.904761472;[0];-95.6875
-79.00736879;-2.904761041;[0];-95.2500
-79.00712599;-2.904760611;[0];-94.6875
-79.00688318;-2.90476018;[0];-94.4375
-79.00664038;-2.90475975;[0];-94.3125
-79.00639757;-2.904759319;[0];-94.6250
-79.00615477;-2.904758889;[0];-95.5000
-79.00591197;-2.904758458;[0];-98.3750
-79.00542636;-2.904757596;[0];-101.2500
-79.00518356;-2.904757165;[0];-92.7500
-79.00494075;-2.904756735;[0];-84.6875
-79.00469795;-2.904756304;[0];-79.0625
-79.00445515;-2.904755873;[0];-74.3750
-79.00421234;-2.904755441;[0];-70.8750
-79.00396954;-2.90475501;[0];-66.0000
-79.00372674;-2.904754579;[0];-62.8125
-79.00348393;-2.904754148;[0];-64.6875
-79.00324113;-2.904753717;[0];-72.5625
-79.00299833;-2.904753285;[0];-82.3750
-79.00275552;-2.904752854;[0];-76.6875
-79.00251272;-2.904752423;[0];-73.1250
-79.00226992;-2.904751991;[0];-72.1250
-79.00202711;-2.90475156;[0];-72.0625
-79.00178431;-2.904751128;[0];-72.4375
-79.00154151;-2.904750696;[0];-73.0625
-79.00129870;-2.904750265;[0];-73.7500
-79.0010559;-2.904749833;[0];-74.5000
-79.00081310;-2.904749401;[0];-75.2500
-79.00057029;-2.904748969;[0];-76.0000
-79.00032749;-2.904748537;[0];-76.8125
-79.00008469;-2.904748105;[0];-77.5625
-78.99984189;-2.904747673;[0];-78.3125
-78.99959908;-2.904747241;[0];-79.0000
-78.99935628;-2.904746809;[0];-79.6875
-78.99911348;-2.904746377;[0];-80.3750
-78.99887068;-2.904745945;[0];-81.0625
-78.99862787;-2.904745513;[0];-81.6875
-78.99838507;-2.90474508;[0];-82.3125
-78.99814227;-2.904744648;[0];-82.8750
-78.99789947;-2.904744215;[0];-83.4375
-78.99765666;-2.904743783;[0];-84.0000
-78.99741386;-2.90474335;[0];-84.5000
-78.99717106;-2.904742918;[0];-85.0625
-78.99692826;-2.904742485;[0];-85.5625
-78.99668545;-2.904742052;[0];-86.0625
-78.99644265;-2.90474162;[0];-86.5000
-78.99619985;-2.904741187;[0];-87.0000
-78.99595705;-2.904740754;[0];-87.4375
-78.99571424;-2.904740321;[0];-87.9375
-78.99547144;-2.904739888;[0];-88.3125
-78.99522864;-2.904739455;[0];-88.7500
-78.99498584;-2.904739022;[0];-89.1875
-78.99474304;-2.904738589;[0];-89.5625
-78.99450023;-2.904738156;[0];-89.9375
-78.99425743;-2.904737723;[0];-90.3125
-78.99401463;-2.904737289;[0];-90.6875
-78.99377183;-2.904736856;[0];-91.0625
-78.99352903;-2.904736423;[0];-91.4375
-78.99328622;-2.904735989;[0];-91.7500
-78.99304342;-2.904735556;[0];-92.1250
-78.99280062;-2.904735122;[0];-92.4375
-78.99255782;-2.904734689;[0];-92.7500
-78.99231502;-2.904734255;[0];-93.0625
-78.99207222;-2.904733821;[0];-93.3750
-78.99182941;-2.904733388;[0];-93.6875
-78.99158661;-2.904732954;[0];-94.0000
-78.99134381;-2.90473252;[0];-94.3125
-78.99110101;-2.904732086;[0];-94.5625
-78.99085821;-2.904731652;[0];-94.8750
-78.99061541;-2.904731218;[0];-95.1250
-78.99037261;-2.904730784;[0];-95.4375
-78.99012980;-2.90473035;[0];-95.6875
-78.98988700;-2.904729916;[0];-95.9375
-78.98964420;-2.904729482;[0];-96.1875
-78.9894014;-2.904729047;[0];-96.5000
-78.98915860;-2.904728613;[0];-96.7500
-78.98891580;-2.904728179;[0];-97.0000
-78.98867300;-2.904727744;[0];-97.2500
-78.98843020;-2.90472731;[0];-97.5000
-78.98818739;-2.904726875;[0];-97.6875
-78.98794459;-2.904726441;[0];-97.9375
-78.98770179;-2.904726006;[0];-98.1875
-78.98745899;-2.904725571;[0];-98.4375
-78.98721619;-2.904725137;[0];-98.6250
-78.98697339;-2.904724702;[0];-98.8750
-78.98673059;-2.904724267;[0];-99.0625
-78.98648779;-2.904723832;[0];-99.3125
-78.98624499;-2.904723397;[0];-99.5000
-78.98600219;-2.904722962;[0];-99.7500
-78.98575939;-2.904722527;[0];-99.9375
-78.98551659;-2.904722092;[0];-100.1250
-78.98527379;-2.904721657;[0];-100.3125
-78.98503098;-2.904721222;[0];-100.5625
-78.98478818;-2.904720787;[0];-100.7500
-78.98454538;-2.904720351;[0];-100.9375
-78.98430258;-2.904719916;[0];-101.1250
-78.98405978;-2.90471948;[0];-101.3125
-78.98381698;-2.904719045;[0];-101.5000
-78.98357418;-2.904718609;[0];-101.6875
-78.98333138;-2.904718174;[0];-101.8750
-79.01004006;-2.90452165;[0];-101.8125
-79.00979726;-2.90452122;[0];-101.2500
-79.00955445;-2.904520791;[0];-100.7500
-79.00931165;-2.904520361;[0];-100.1250
-79.00906885;-2.904519931;[0];-99.5000
-79.00882604;-2.904519501;[0];-98.9375
-79.00858324;-2.904519071;[0];-98.3750
-79.00834043;-2.90451864;[0];-97.7500
-79.00809763;-2.90451821;[0];-97.1875
-79.00785483;-2.90451778;[0];-96.5625
-79.00761202;-2.90451735;[0];-96.0625
-79.00736922;-2.904516919;[0];-95.5625
-79.00712641;-2.904516489;[0];-95.1875
-79.00688361;-2.904516058;[0];-95.0000
-79.00664081;-2.904515628;[0];-94.9375
-79.00639800;-2.904515197;[0];-95.6250
-79.00615520;-2.904514767;[0];-97.3750
-79.00591240;-2.904514336;[0];-101.7500
-79.00542679;-2.904513475;[0];-100.1875
-79.00518398;-2.904513044;[0];-90.1875
-79.00494118;-2.904512613;[0];-84.7500
-79.00469838;-2.904512182;[0];-84.4375
-79.00445557;-2.904511751;[0];-73.4375
-79.00421277;-2.90451132;[0];-68.0000
-79.00396997;-2.904510889;[0];-61.8125
-79.00372716;-2.904510458;[0];-68.4375
-79.00348436;-2.904510027;[0];-62.9375
-79.00324156;-2.904509595;[0];-68.1250
-79.00299875;-2.904509164;[0];-82.1875
-79.00275595;-2.904508733;[0];-80.9375
-79.00251315;-2.904508301;[0];-75.8750
-79.00227034;-2.90450787;[0];-73.8125
-79.00202754;-2.904507438;[0];-73.2500
-79.00178474;-2.904507007;[0];-73.3750
-79.00154194;-2.904506575;[0];-73.9375
-79.00129913;-2.904506144;[0];-74.5000
-79.00105633;-2.904505712;[0];-75.2500
-79.00081353;-2.90450528;[0];-75.9375
-79.00057072;-2.904504848;[0];-76.6250
-79.00032792;-2.904504416;[0];-77.3750
-79.00008512;-2.904503984;[0];-78.1250
-78.99984232;-2.904503552;[0];-78.8125
-78.99959951;-2.90450312;[0];-79.5000
-78.99935671;-2.904502688;[0];-80.1250
-78.99911391;-2.904502256;[0];-80.8125
-78.99887111;-2.904501824;[0];-81.5000
-78.99862830;-2.904501392;[0];-82.0625
-78.9983855;-2.90450096;[0];-82.6875
-78.99814270;-2.904500527;[0];-83.2500
-78.99789990;-2.904500095;[0];-83.8125
-78.99765709;-2.904499662;[0];-84.3750
-78.99741429;-2.90449923;[0];-84.8750
-78.99717149;-2.904498797;[0];-85.3750
-78.99692869;-2.904498365;[0];-85.8750
-78.99668588;-2.904497932;[0];-86.3750
-78.99644308;-2.904497499;[0];-86.8125
-78.99620028;-2.904497067;[0];-87.3125
-78.99595748;-2.904496634;[0];-87.7500
-78.99571467;-2.904496201;[0];-88.1875
-78.99547187;-2.904495768;[0];-88.6250
-78.99522907;-2.904495335;[0];-89.0000
-78.99498627;-2.904494902;[0];-89.4375
-78.99474347;-2.904494469;[0];-89.8125
-78.99450066;-2.904494036;[0];-90.2500
-78.99425786;-2.904493603;[0];-90.6250
-78.99401506;-2.904493169;[0];-91.0000
-78.99377226;-2.904492736;[0];-91.3750
-78.99352946;-2.904492303;[0];-91.6875
-78.99328666;-2.904491869;[0];-92.0625
-78.99304385;-2.904491436;[0];-92.3750
-78.99280105;-2.904491003;[0];-92.7500
-78.99255825;-2.904490569;[0];-93.0625
-78.99231545;-2.904490135;[0];-93.3750
-78.99207265;-2.904489702;[0];-93.6875
-78.99182985;-2.904489268;[0];-94.0000
-78.99158704;-2.904488834;[0];-94.2500
-78.99134424;-2.9044884;[0];-94.5625
-78.99110144;-2.904487967;[0];-94.8750
-78.99085864;-2.904487533;[0];-95.1250
-78.99061584;-2.904487099;[0];-95.4375
-78.99037304;-2.904486665;[0];-95.6875
-78.99013024;-2.904486231;[0];-95.9375
-78.98988743;-2.904485797;[0];-96.1875
-78.98964463;-2.904485362;[0];-96.4375
-78.98940183;-2.904484928;[0];-96.6875
-78.98915903;-2.904484494;[0];-96.9375
-78.98891623;-2.90448406;[0];-97.1875
-78.98867343;-2.904483625;[0];-97.4375
-78.98843063;-2.904483191;[0];-97.6875
-78.98818783;-2.904482756;[0];-97.9375
-78.98794503;-2.904482322;[0];-98.1250
-78.98770223;-2.904481887;[0];-98.3750
-78.98745942;-2.904481452;[0];-98.6250
-78.98721662;-2.904481018;[0];-98.8125
-78.98697382;-2.904480583;[0];-99.0625
-78.98673102;-2.904480148;[0];-99.2500
-78.98648822;-2.904479713;[0];-99.5000
-78.98624542;-2.904479278;[0];-99.6875
-78.98600262;-2.904478843;[0];-99.8750
-78.98575982;-2.904478408;[0];-100.0625
-78.98551702;-2.904477973;[0];-100.3125
-78.98527422;-2.904477538;[0];-100.5000
-78.98503142;-2.904477103;[0];-100.6875
-78.98478862;-2.904476668;[0];-100.8750
-78.98454582;-2.904476233;[0];-101.0625
-78.98430302;-2.904475797;[0];-101.2500
-78.98406022;-2.904475362;[0];-101.4375
-78.98381742;-2.904474927;[0];-101.6250
-78.98357462;-2.904474491;[0];-101.8125
-78.98333181;-2.904474056;[0];-102.0000
-79.00979769;-2.904277098;[0];-101.5625
-79.00955488;-2.904276668;[0];-101.0000
-79.00931208;-2.904276238;[0];-100.4375
-79.00906927;-2.904275808;[0];-99.8125
-79.00882647;-2.904275378;[0];-99.3125
-79.00858366;-2.904274948;[0];-98.7500
-79.00834086;-2.904274518;[0];-98.1875
-79.00809806;-2.904274088;[0];-97.5625
-79.00785525;-2.904273658;[0];-97.0000
-79.00761245;-2.904273228;[0];-96.5625
-79.00736965;-2.904272797;[0];-96.1875
-79.00712684;-2.904272367;[0];-95.8750
-79.00688404;-2.904271937;[0];-95.7500
-79.00664123;-2.904271506;[0];-95.8125
-79.00639843;-2.904271076;[0];-96.6875
-79.00615563;-2.904270645;[0];-99.1250
-79.00542722;-2.904269353;[0];-97.8750
-79.00518441;-2.904268922;[0];-89.6250
-79.00494161;-2.904268491;[0];-85.6875
-79.00469881;-2.90426806;[0];-82.1875
-79.00445600;-2.904267629;[0];-64.3125
-79.00421320;-2.904267198;[0];-54.6875
-79.00397040;-2.904266767;[0];-50.6875
-79.00372759;-2.904266336;[0];-62.2500
-79.00348479;-2.904265905;[0];-65.9375
-79.00324199;-2.904265474;[0];-67.6250
-79.00299918;-2.904265043;[0];-78.1875
-79.00275638;-2.904264611;[0];-84.3125
-79.00251358;-2.90426418;[0];-78.8750
-79.00227077;-2.904263749;[0];-75.6875
-79.00202797;-2.904263317;[0];-74.7500
-79.00178517;-2.904262886;[0];-74.5625
-79.00154236;-2.904262454;[0];-74.9375
-79.00129956;-2.904262022;[0];-75.4375
-79.00105676;-2.904261591;[0];-76.0625
-79.00081396;-2.904261159;[0];-76.6875
-79.00057115;-2.904260727;[0];-77.3125
-79.00032835;-2.904260295;[0];-78.0625
-79.00008555;-2.904259864;[0];-78.7500
-78.99984275;-2.904259432;[0];-79.4375
-78.99959994;-2.904259;[0];-80.0625
-78.99935714;-2.904258568;[0];-80.6875
-78.99911434;-2.904258135;[0];-81.3750
-78.99887154;-2.904257703;[0];-82.0000
-78.99862873;-2.904257271;[0];-82.6250
-78.99838593;-2.904256839;[0];-83.1875
-78.99814313;-2.904256407;[0];-83.7500
-78.99790033;-2.904255974;[0];-84.3125
-78.99765752;-2.904255542;[0];-84.8125
-78.99741472;-2.904255109;[0];-85.3125
-78.99717192;-2.904254677;[0];-85.8125
-78.99692912;-2.904254244;[0];-86.3125
-78.99668631;-2.904253812;[0];-86.7500
-78.99644351;-2.904253379;[0];-87.2500
-78.99620071;-2.904252946;[0];-87.6875
-78.99595791;-2.904252514;[0];-88.1250
-78.99571511;-2.904252081;[0];-88.5625
-78.99547230;-2.904251648;[0];-89.0000
-78.99522950;-2.904251215;[0];-89.3750
-78.99498670;-2.904250782;[0];-89.8125
-78.99474390;-2.904250349;[0];-90.1875
-78.99450110;-2.904249916;[0];-90.5625
-78.99425829;-2.904249483;[0];-90.9375
-78.99401549;-2.904249049;[0];-91.3125
-78.99377269;-2.904248616;[0];-91.6250
-78.99352989;-2.904248183;[0];-92.0000
-78.99328709;-2.90424775;[0];-92.3125
-78.99304428;-2.904247316;[0];-92.6250
-78.99280148;-2.904246883;[0];-93.0000
-78.99255868;-2.904246449;[0];-93.3125
-78.99231588;-2.904246016;[0];-93.6250
-78.99207308;-2.904245582;[0];-93.8750
-78.99183028;-2.904245148;[0];-94.1875
-78.99158748;-2.904244715;[0];-94.5000
-78.99134467;-2.904244281;[0];-94.7500
-78.99110187;-2.904243847;[0];-95.0625
-78.99085907;-2.904243413;[0];-95.3125
-78.99061627;-2.904242979;[0];-95.6250
-78.99037347;-2.904242545;[0];-95.8750
-78.99013067;-2.904242111;[0];-96.1250
-78.98988787;-2.904241677;[0];-96.3750
-78.98964507;-2.904241243;[0];-96.6250
-78.98940226;-2.904240809;[0];-96.8750
-78.98915946;-2.904240375;[0];-97.1250
-78.98891666;-2.90423994;[0];-97.3750
-78.98867386;-2.904239506;[0];-97.6250
-78.98843106;-2.904239072;[0];-97.8750
-78.98818826;-2.904238637;[0];-98.0625
-78.98794546;-2.904238203;[0];-98.3125
-78.98770266;-2.904237768;[0];-98.5625
-78.98745986;-2.904237333;[0];-98.7500
-78.98721706;-2.904236899;[0];-99.0000
-78.98697425;-2.904236464;[0];-99.1875
-78.98673145;-2.904236029;[0];-99.3750
-78.98648865;-2.904235595;[0];-99.6250
-78.98624585;-2.90423516;[0];-99.8125
-78.98600305;-2.904234725;[0];-100.0000
-78.98576025;-2.90423429;[0];-100.2500
-78.98551745;-2.904233855;[0];-100.4375
-78.98527465;-2.90423342;[0];-100.6250
-78.98503185;-2.904232985;[0];-100.8125
-78.98478905;-2.904232549;[0];-101.0000
-78.98454625;-2.904232114;[0];-101.1875
-78.98430345;-2.904231679;[0];-101.3750
-78.98406065;-2.904231243;[0];-101.5625
-78.98381785;-2.904230808;[0];-101.7500
-78.98357505;-2.904230373;[0];-101.9375
-79.00979811;-2.904032976;[0];-101.8750
-79.00955531;-2.904032546;[0];-101.3125
-79.00931250;-2.904032116;[0];-100.8125
-79.0090697;-2.904031686;[0];-100.2500
-79.00882690;-2.904031256;[0];-99.6875
-79.00858409;-2.904030826;[0];-99.1875
-79.00834129;-2.904030396;[0];-98.6250
-79.00809848;-2.904029966;[0];-98.0625
-79.00785568;-2.904029536;[0];-97.5000
-79.00761288;-2.904029106;[0];-97.1250
-79.00737007;-2.904028675;[0];-96.8125
-79.00712727;-2.904028245;[0];-96.5000
-79.00688447;-2.904027815;[0];-96.5000
-79.00664166;-2.904027384;[0];-96.6250
-79.00639886;-2.904026954;[0];-97.7500
-79.00615606;-2.904026523;[0];-100.5625
-79.00542764;-2.904025231;[0];-98.2500
-79.00518484;-2.9040248;[0];-91.0000
-79.00494204;-2.90402437;[0];-87.9375
-79.00469923;-2.904023939;[0];-83.6250
-79.00445643;-2.904023508;[0];-69.2500
-79.00421363;-2.904023077;[0];-29.6250
-79.00397082;-2.904022646;[0];-59.1250
-79.00372802;-2.904022215;[0];-66.8125
-79.00348522;-2.904021784;[0];-70.4375
-79.00324242;-2.904021353;[0];-70.1875
-79.00299961;-2.904020921;[0];-78.8125
-79.00275681;-2.90402049;[0];-86.6875
-79.00251401;-2.904020059;[0];-81.4375
-79.00227120;-2.904019627;[0];-77.6250
-79.0020284;-2.904019196;[0];-76.2500
-79.00178560;-2.904018764;[0];-75.8750
-79.00154279;-2.904018333;[0];-76.1250
-79.00129999;-2.904017901;[0];-76.5000
-79.00105719;-2.90401747;[0];-77.0625
-79.00081439;-2.904017038;[0];-77.6250
-79.00057158;-2.904016606;[0];-78.1875
-79.00032878;-2.904016175;[0];-78.8125
-79.00008598;-2.904015743;[0];-79.5000
-78.99984318;-2.904015311;[0];-80.1250
-78.99960037;-2.904014879;[0];-80.6875
-78.99935757;-2.904014447;[0];-81.3125
-78.99911477;-2.904014015;[0];-81.9375
-78.99887196;-2.904013583;[0];-82.5000
-78.99862916;-2.90401315;[0];-83.1250
-78.99838636;-2.904012718;[0];-83.6875
-78.99814356;-2.904012286;[0];-84.1875
-78.99790076;-2.904011854;[0];-84.7500
-78.99765795;-2.904011421;[0];-85.2500
-78.99741515;-2.904010989;[0];-85.7500
-78.99717235;-2.904010556;[0];-86.1875
-78.99692955;-2.904010124;[0];-86.6250
-78.99668674;-2.904009691;[0];-87.1250
-78.99644394;-2.904009259;[0];-87.5625
-78.99620114;-2.904008826;[0];-88.0000
-78.99595834;-2.904008393;[0];-88.4375
-78.99571554;-2.90400796;[0];-88.8750
-78.99547273;-2.904007528;[0];-89.3125
-78.99522993;-2.904007095;[0];-89.6875
-78.99498713;-2.904006662;[0];-90.0625
-78.99474433;-2.904006229;[0];-90.4375
-78.99450153;-2.904005796;[0];-90.8125
-78.99425872;-2.904005363;[0];-91.1875
-78.99401592;-2.904004929;[0];-91.5625
-78.99377312;-2.904004496;[0];-91.8750
-78.99353032;-2.904004063;[0];-92.2500
-78.99328752;-2.90400363;[0];-92.5625
-78.99304472;-2.904003196;[0];-92.8750
-78.99280191;-2.904002763;[0];-93.1875
-78.99255911;-2.904002329;[0];-93.5000
-78.99231631;-2.904001896;[0];-93.8125
-78.99207351;-2.904001462;[0];-94.1250
-78.99183071;-2.904001029;[0];-94.3750
-78.99158791;-2.904000595;[0];-94.6875
-78.99134511;-2.904000161;[0];-95.0000
-78.99110230;-2.903999727;[0];-95.2500
-78.99085950;-2.903999294;[0];-95.5000
-78.99061670;-2.90399886;[0];-95.8125
-78.9903739;-2.903998426;[0];-96.0625
-78.99013110;-2.903997992;[0];-96.3125
-78.98988830;-2.903997558;[0];-96.5625
-78.98964550;-2.903997124;[0];-96.8125
-78.98940270;-2.90399669;[0];-97.0625
-78.98915990;-2.903996255;[0];-97.3125
-78.98891709;-2.903995821;[0];-97.5625
-78.98867429;-2.903995387;[0];-97.7500
-78.98843149;-2.903994952;[0];-98.0000
-78.98818869;-2.903994518;[0];-98.2500
-78.98794589;-2.903994084;[0];-98.4375
-78.98770309;-2.903993649;[0];-98.6875
-78.98746029;-2.903993214;[0];-98.9375
-78.98721749;-2.90399278;[0];-99.1250
-78.98697469;-2.903992345;[0];-99.3125
-78.98673189;-2.90399191;[0];-99.5625
-78.98648909;-2.903991476;[0];-99.7500
-78.98624629;-2.903991041;[0];-99.9375
-78.98600348;-2.903990606;[0];-100.1875
-78.98576068;-2.903990171;[0];-100.3750
-78.98551788;-2.903989736;[0];-100.5625
-78.98527508;-2.903989301;[0];-100.7500
-78.98503228;-2.903988866;[0];-100.9375
-78.98478948;-2.903988431;[0];-101.1250
-78.98454668;-2.903987996;[0];-101.3125
-78.98430388;-2.90398756;[0];-101.5000
-78.98406108;-2.903987125;[0];-101.6875
-78.98381828;-2.90398669;[0];-101.8750
-79.00955574;-2.903788424;[0];-101.6250
-79.00931293;-2.903787994;[0];-101.0625
-79.00907013;-2.903787564;[0];-100.5625
-79.00882732;-2.903787134;[0];-100.0625
-79.00858452;-2.903786704;[0];-99.5625
-79.00834172;-2.903786274;[0];-99.0625
-79.00809891;-2.903785844;[0];-98.5625
-79.00785611;-2.903785414;[0];-98.0625
-79.00761331;-2.903784984;[0];-97.7500
-79.00737050;-2.903784553;[0];-97.4375
-79.00712770;-2.903784123;[0];-97.1875
-79.00688489;-2.903783693;[0];-97.1875
-79.00664209;-2.903783262;[0];-97.4375
-79.00639929;-2.903782832;[0];-98.6875
-79.00615648;-2.903782401;[0];-101.6250
-79.00542807;-2.90378111;[0];-101.0625
-79.00518527;-2.903780679;[0];-94.1875
-79.00494247;-2.903780248;[0];-91.1875
-79.00469966;-2.903779817;[0];-93.4375
-79.00445686;-2.903779386;[0];-70.9375
-79.00421406;-2.903778955;[0];-70.6875
-79.00397125;-2.903778524;[0];-65.3125
-79.00372845;-2.903778093;[0];-74.7500
-79.00348565;-2.903777662;[0];-73.8750
-79.00324284;-2.903777231;[0];-74.8750
-79.00300004;-2.9037768;[0];-83.8750
-79.00275724;-2.903776369;[0];-88.6250
-79.00251443;-2.903775938;[0];-83.5625
-79.00227163;-2.903775506;[0];-79.5625
-79.00202883;-2.903775075;[0];-77.9375
-79.00178603;-2.903774643;[0];-77.3750
-79.00154322;-2.903774212;[0];-77.5000
-79.00130042;-2.90377378;[0];-77.7500
-79.00105762;-2.903773349;[0];-78.1875
-79.00081482;-2.903772917;[0];-78.6875
-79.00057201;-2.903772485;[0];-79.1250
-79.00032921;-2.903772054;[0];-79.7500
-79.00008641;-2.903771622;[0];-80.3125
-78.99984360;-2.90377119;[0];-80.8750
-78.99960080;-2.903770758;[0];-81.4375
-78.99935800;-2.903770326;[0];-82.0000
-78.99911520;-2.903769894;[0];-82.5625
-78.99887239;-2.903769462;[0];-83.1250
-78.99862959;-2.90376903;[0];-83.6875
-78.99838679;-2.903768598;[0];-84.2500
-78.99814399;-2.903768165;[0];-84.7500
-78.99790119;-2.903767733;[0];-85.2500
-78.99765838;-2.903767301;[0];-85.7500
-78.99741558;-2.903766868;[0];-86.1875
-78.99717278;-2.903766436;[0];-86.6875
-78.99692998;-2.903766003;[0];-87.1250
-78.99668717;-2.903765571;[0];-87.5625
-78.99644437;-2.903765138;[0];-88.0000
-78.99620157;-2.903764706;[0];-88.4375
-78.99595877;-2.903764273;[0];-88.8750
-78.99571597;-2.90376384;[0];-89.2500
-78.99547316;-2.903763407;[0];-89.6875
-78.99523036;-2.903762975;[0];-90.0625
-78.99498756;-2.903762542;[0];-90.4375
-78.99474476;-2.903762109;[0];-90.8125
-78.99450196;-2.903761676;[0];-91.1875
-78.99425916;-2.903761243;[0];-91.5000
-78.99401635;-2.903760809;[0];-91.8750
-78.99377355;-2.903760376;[0];-92.1875
-78.99353075;-2.903759943;[0];-92.5000
-78.99328795;-2.90375951;[0];-92.8125
-78.99304515;-2.903759076;[0];-93.1250
-78.99280235;-2.903758643;[0];-93.4375
-78.99255954;-2.90375821;[0];-93.7500
-78.99231674;-2.903757776;[0];-94.0625
-78.99207394;-2.903757343;[0];-94.3750
-78.99183114;-2.903756909;[0];-94.6250
-78.99158834;-2.903756475;[0];-94.9375
-78.99134554;-2.903756042;[0];-95.1875
-78.99110274;-2.903755608;[0];-95.4375
-78.99085993;-2.903755174;[0];-95.7500
-78.99061713;-2.90375474;[0];-96.0000
-78.99037433;-2.903754306;[0];-96.2500
-78.99013153;-2.903753872;[0];-96.5000
-78.98988873;-2.903753438;[0];-96.7500
-78.98964593;-2.903753004;[0];-97.0000
-78.98940313;-2.90375257;[0];-97.2500
-78.98916033;-2.903752136;[0];-97.5000
-78.98891753;-2.903751702;[0];-97.6875
-78.98867473;-2.903751268;[0];-97.9375
-78.98843192;-2.903750833;[0];-98.1875
-78.98818912;-2.903750399;[0];-98.3750
-78.98794632;-2.903749964;[0];-98.6250
-78.98770352;-2.90374953;[0];-98.8750
-78.98746072;-2.903749095;[0];-99.0625
-78.98721792;-2.903748661;[0];-99.2500
-78.98697512;-2.903748226;[0];-99.5000
-78.98673232;-2.903747792;[0];-99.6875
-78.98648952;-2.903747357;[0];-99.8750
-78.98624672;-2.903746922;[0];-100.1250
-78.98600392;-2.903746487;[0];-100.3125
-78.98576112;-2.903746052;[0];-100.5000
-78.98551832;-2.903745617;[0];-100.6875
-78.98527552;-2.903745182;[0];-100.8750
-78.98503272;-2.903744747;[0];-101.0625
-78.98478992;-2.903744312;[0];-101.2500
-78.98454712;-2.903743877;[0];-101.4375
-78.98430431;-2.903743442;[0];-101.6250
-78.98406151;-2.903743006;[0];-101.8125
-78.98381871;-2.903742571;[0];-102.0000
-79.00955616;-2.903544301;[0];-102.0000
-79.00931336;-2.903543871;[0];-101.5000
-79.00907056;-2.903543442;[0];-100.9375
-79.00882775;-2.903543012;[0];-100.5000
-79.00858495;-2.903542582;[0];-100.0625
-79.00834214;-2.903542152;[0];-99.5625
-79.00809934;-2.903541722;[0];-99.1875
-79.00785654;-2.903541292;[0];-98.7500
-79.00761373;-2.903540862;[0];-98.5000
-79.00737093;-2.903540431;[0];-98.3125
-79.00712813;-2.903540001;[0];-98.2500
-79.00688532;-2.903539571;[0];-98.3125
-79.00664252;-2.90353914;[0];-98.4375
-79.00639972;-2.90353871;[0];-99.5000
-79.00615691;-2.90353828;[0];-102.0000
-79.00518570;-2.903536557;[0];-100.1875
-79.00494289;-2.903536126;[0];-96.8125
-79.00470009;-2.903535696;[0];-91.8750
-79.00445729;-2.903535265;[0];-95.1250
-79.00421449;-2.903534834;[0];-83.1875
-79.00397168;-2.903534403;[0];-84.2500
-79.00372888;-2.903533972;[0];-82.5000
-79.00348608;-2.903533541;[0];-79.0000
-79.00324327;-2.90353311;[0];-81.1875
-79.00300047;-2.903532679;[0];-91.6875
-79.00275767;-2.903532247;[0];-90.5000
-79.00251486;-2.903531816;[0];-84.9375
-79.00227206;-2.903531385;[0];-81.1875
-79.00202926;-2.903530954;[0];-79.6250
-79.00178646;-2.903530522;[0];-78.9375
-79.00154365;-2.903530091;[0];-78.8750
-79.00130085;-2.903529659;[0];-79.0625
-79.00105805;-2.903529228;[0];-79.3125
-79.00081524;-2.903528796;[0];-79.7500
-79.00057244;-2.903528364;[0];-80.1875
-79.00032964;-2.903527933;[0];-80.6875
-79.00008684;-2.903527501;[0];-81.1875
-78.99984403;-2.903527069;[0];-81.7500
-78.99960123;-2.903526637;[0];-82.2500
-78.99935843;-2.903526205;[0];-82.7500
-78.99911563;-2.903525773;[0];-83.3125
-78.99887282;-2.903525341;[0];-83.8125
-78.99863002;-2.903524909;[0];-84.3125
-78.99838722;-2.903524477;[0];-84.8125
-78.99814442;-2.903524045;[0];-85.3125
-78.99790162;-2.903523613;[0];-85.8125
-78.99765881;-2.90352318;[0];-86.2500
-78.99741601;-2.903522748;[0];-86.7500
-78.99717321;-2.903522315;[0];-87.1875
-78.99693041;-2.903521883;[0];-87.6250
-78.99668760;-2.903521451;[0];-88.0625
-78.99644480;-2.903521018;[0];-88.4375
-78.996202;-2.903520585;[0];-88.8750
-78.99595920;-2.903520153;[0];-89.2500
-78.99571640;-2.90351972;[0];-89.6875
-78.99547359;-2.903519287;[0];-90.0625
-78.99523079;-2.903518854;[0];-90.4375
-78.99498799;-2.903518421;[0];-90.7500
-78.99474519;-2.903517989;[0];-91.1250
-78.99450239;-2.903517556;[0];-91.5000
-78.99425959;-2.903517123;[0];-91.8125
-78.99401678;-2.903516689;[0];-92.1875
-78.99377398;-2.903516256;[0];-92.5000
-78.99353118;-2.903515823;[0];-92.8125
-78.99328838;-2.90351539;[0];-93.1250
-78.99304558;-2.903514957;[0];-93.4375
-78.99280278;-2.903514523;[0];-93.7500
-78.99255998;-2.90351409;[0];-94.0625
-78.99231717;-2.903513656;[0];-94.3750
-78.99207437;-2.903513223;[0];-94.6250
-78.99183157;-2.903512789;[0];-94.9375
-78.99158877;-2.903512356;[0];-95.1875
-78.99134597;-2.903511922;[0];-95.5000
-78.99110317;-2.903511488;[0];-95.7500
-78.99086037;-2.903511055;[0];-96.0000
-78.99061756;-2.903510621;[0];-96.2500
-78.99037476;-2.903510187;[0];-96.5625
-78.99013196;-2.903509753;[0];-96.8125
-78.98988916;-2.903509319;[0];-97.0625
-78.98964636;-2.903508885;[0];-97.2500
-78.98940356;-2.903508451;[0];-97.5000
-78.98916076;-2.903508017;[0];-97.7500
-78.98891796;-2.903507583;[0];-98.0000
-78.98867516;-2.903507148;[0];-98.1875
-78.98843236;-2.903506714;[0];-98.4375
-78.98818956;-2.90350628;[0];-98.6250
-78.98794675;-2.903505845;[0];-98.8750
-78.98770395;-2.903505411;[0];-99.0625
-78.98746115;-2.903504976;[0];-99.3125
-78.98721835;-2.903504542;[0];-99.5000
-78.98697555;-2.903504107;[0];-99.6875
-78.98673275;-2.903503673;[0];-99.9375
-78.98648995;-2.903503238;[0];-100.1250
-78.98624715;-2.903502803;[0];-100.3125
-78.98600435;-2.903502368;[0];-100.5000
-78.98576155;-2.903501933;[0];-100.6875
-78.98551875;-2.903501499;[0];-100.8750
-78.98527595;-2.903501064;[0];-101.0625
-78.98503315;-2.903500629;[0];-101.2500
-78.98479035;-2.903500194;[0];-101.4375
-78.98454755;-2.903499758;[0];-101.6250
-78.98430475;-2.903499323;[0];-101.8125
-78.98406195;-2.903498888;[0];-102.0000
-79.00907098;-2.903299319;[0];-101.6875
-79.00882818;-2.90329889;[0];-101.2500
-79.00858538;-2.90329846;[0];-100.8750
-79.00834257;-2.90329803;[0];-100.4375
-79.00809977;-2.9032976;[0];-99.9375
-79.00785696;-2.90329717;[0];-99.3750
-79.00761416;-2.903296739;[0];-99.0000
-79.00737136;-2.903296309;[0];-98.8125
-79.00712855;-2.903295879;[0];-98.7500
-79.00688575;-2.903295449;[0];-98.9375
-79.00664295;-2.903295019;[0];-99.5625
-79.00640014;-2.903294588;[0];-100.8750
-79.00494332;-2.903292005;[0];-97.9375
-79.00470052;-2.903291574;[0];-96.1250
-79.00445772;-2.903291143;[0];-92.7500
-79.00421491;-2.903290712;[0];-87.1875
-79.00397211;-2.903290281;[0];-84.5625
-79.00372931;-2.903289851;[0];-84.3750
-79.00348650;-2.90328942;[0];-84.9375
-79.00324370;-2.903288988;[0];-89.9375
-79.00300090;-2.903288557;[0];-94.6250
-79.00275810;-2.903288126;[0];-92.1250
-79.00251529;-2.903287695;[0];-85.6875
-79.00227249;-2.903287264;[0];-82.5625
-79.00202969;-2.903286832;[0];-81.2500
-79.00178688;-2.903286401;[0];-80.5625
-79.00154408;-2.90328597;[0];-80.3750
-79.00130128;-2.903285538;[0];-80.3750
-79.00105848;-2.903285107;[0];-80.6250
-79.00081567;-2.903284675;[0];-80.8750
-79.00057287;-2.903284243;[0];-81.1875
-79.00033007;-2.903283812;[0];-81.6250
-79.00008727;-2.90328338;[0];-82.1250
-78.99984446;-2.903282948;[0];-82.6250
-78.99960166;-2.903282516;[0];-83.0625
-78.99935886;-2.903282084;[0];-83.5000
-78.99911606;-2.903281652;[0];-84.0000
-78.99887325;-2.90328122;[0];-84.5625
-78.99863045;-2.903280788;[0];-85.0000
-78.99838765;-2.903280356;[0];-85.5000
-78.99814485;-2.903279924;[0];-85.9375
-78.99790205;-2.903279492;[0];-86.3750
-78.99765924;-2.90327906;[0];-86.8125
-78.99741644;-2.903278627;[0];-87.2500
-78.99717364;-2.903278195;[0];-87.6875
-78.99693084;-2.903277763;[0];-88.1250
-78.99668803;-2.90327733;[0];-88.5000
-78.99644523;-2.903276898;[0];-88.9375
-78.99620243;-2.903276465;[0];-89.3125
-78.99595963;-2.903276032;[0];-89.6875
-78.99571683;-2.9032756;[0];-90.0625
-78.99547403;-2.903275167;[0];-90.4375
-78.99523122;-2.903274734;[0];-90.8125
-78.99498842;-2.903274301;[0];-91.1875
-78.99474562;-2.903273868;[0];-91.5000
-78.99450282;-2.903273436;[0];-91.8750
-78.99426002;-2.903273003;[0];-92.1875
-78.99401722;-2.903272569;[0];-92.5625
-78.99377441;-2.903272136;[0];-92.8750
-78.99353161;-2.903271703;[0];-93.1875
-78.99328881;-2.90327127;[0];-93.5000
-78.99304601;-2.903270837;[0];-93.8125
-78.99280321;-2.903270403;[0];-94.0625
-78.99256041;-2.90326997;[0];-94.3750
-78.99231760;-2.903269537;[0];-94.6250
-78.99207480;-2.903269103;[0];-94.9375
-78.99183200;-2.90326867;[0];-95.1875
-78.9915892;-2.903268236;[0];-95.5000
-78.99134640;-2.903267803;[0];-95.7500
-78.99110360;-2.903267369;[0];-96.0000
-78.99086080;-2.903266935;[0];-96.2500
-78.99061800;-2.903266501;[0];-96.5000
-78.99037520;-2.903266067;[0];-96.7500
-78.99013239;-2.903265634;[0];-97.0000
-78.98988959;-2.9032652;[0];-97.2500
-78.98964679;-2.903264766;[0];-97.4375
-78.98940399;-2.903264332;[0];-97.6875
-78.98916119;-2.903263898;[0];-97.9375
-78.98891839;-2.903263463;[0];-98.1875
-78.98867559;-2.903263029;[0];-98.3750
-78.98843279;-2.903262595;[0];-98.6250
-78.98818999;-2.903262161;[0];-98.8125
-78.98794719;-2.903261726;[0];-99.0625
-78.98770439;-2.903261292;[0];-99.2500
-78.98746159;-2.903260857;[0];-99.5000
-78.98721878;-2.903260423;[0];-99.6875
-78.98697598;-2.903259988;[0];-99.8750
-78.98673318;-2.903259554;[0];-100.1250
-78.98649038;-2.903259119;[0];-100.3125
-78.98624758;-2.903258684;[0];-100.5000
-78.98600478;-2.90325825;[0];-100.6875
-78.98576198;-2.903257815;[0];-100.8750
-78.98551918;-2.90325738;[0];-101.0625
-78.98527638;-2.903256945;[0];-101.2500
-78.98503358;-2.90325651;[0];-101.4375
-78.98479078;-2.903256075;[0];-101.6250
-78.98454798;-2.90325564;[0];-101.8125
-78.98430518;-2.903255205;[0];-102.0000
-79.00882861;-2.903054767;[0];-101.5625
-79.00858580;-2.903054337;[0];-101.1250
-79.00834300;-2.903053908;[0];-100.7500
-79.00810020;-2.903053478;[0];-100.3750
-79.00785739;-2.903053048;[0];-100.0000
-79.00761459;-2.903052617;[0];-99.8750
-79.00737179;-2.903052187;[0];-99.9375
-79.00712898;-2.903051757;[0];-100.1250
-79.00688618;-2.903051327;[0];-100.4375
-79.00664337;-2.903050897;[0];-101.1875
-79.00640057;-2.903050466;[0];-102.0000
-79.00470095;-2.903047452;[0];-100.8125
-79.00445815;-2.903047022;[0];-96.0000
-79.00421534;-2.903046591;[0];-90.9375
-79.00397254;-2.90304616;[0];-89.0625
-79.00372974;-2.903045729;[0];-89.9375
-79.00348693;-2.903045298;[0];-93.6250
-79.00324413;-2.903044867;[0];-98.0000
-79.00300133;-2.903044436;[0];-97.0625
-79.00275852;-2.903044005;[0];-91.4375
-79.00251572;-2.903043574;[0];-86.5625
-79.00227292;-2.903043142;[0];-84.0000
-79.00203012;-2.903042711;[0];-82.6250
-79.00178731;-2.90304228;[0];-82.1250
-79.00154451;-2.903041848;[0];-81.8125
-79.00130171;-2.903041417;[0];-81.8125
-79.00105891;-2.903040986;[0];-81.9375
-79.00081610;-2.903040554;[0];-82.0625
-79.0005733;-2.903040122;[0];-82.3125
-79.00033050;-2.903039691;[0];-82.7500
-79.00008770;-2.903039259;[0];-83.1250
-78.99984489;-2.903038827;[0];-83.5000
-78.99960209;-2.903038395;[0];-83.8750
-78.99935929;-2.903037964;[0];-84.3125
-78.99911649;-2.903037532;[0];-84.7500
-78.99887368;-2.9030371;[0];-85.2500
-78.99863088;-2.903036668;[0];-85.6875
-78.99838808;-2.903036236;[0];-86.1250
-78.99814528;-2.903035804;[0];-86.5625
-78.99790247;-2.903035371;[0];-86.9375
-78.99765967;-2.903034939;[0];-87.3750
-78.99741687;-2.903034507;[0];-87.8125
-78.99717407;-2.903034075;[0];-88.1875
-78.99693127;-2.903033642;[0];-88.5625
-78.99668846;-2.90303321;[0];-89.0000
-78.99644566;-2.903032777;[0];-89.3750
-78.99620286;-2.903032345;[0];-89.7500
-78.99596006;-2.903031912;[0];-90.1250
-78.99571726;-2.903031479;[0];-90.5000
-78.99547446;-2.903031047;[0];-90.8750
-78.99523165;-2.903030614;[0];-91.2500
-78.99498885;-2.903030181;[0];-91.5625
-78.99474605;-2.903029748;[0];-91.9375
-78.99450325;-2.903029315;[0];-92.2500
-78.99426045;-2.903028882;[0];-92.5625
-78.99401765;-2.903028449;[0];-92.8750
-78.99377484;-2.903028016;[0];-93.1875
-78.99353204;-2.903027583;[0];-93.5000
-78.99328924;-2.90302715;[0];-93.8125
-78.99304644;-2.903026717;[0];-94.0625
-78.99280364;-2.903026284;[0];-94.3750
-78.99256084;-2.90302585;[0];-94.6250
-78.99231804;-2.903025417;[0];-94.9375
-78.99207523;-2.903024984;[0];-95.1875
-78.99183243;-2.90302455;[0];-95.5000
-78.99158963;-2.903024116;[0];-95.7500
-78.99134683;-2.903023683;[0];-96.0000
-78.99110403;-2.903023249;[0];-96.2500
-78.99086123;-2.903022816;[0];-96.5625
-78.99061843;-2.903022382;[0];-96.8125
-78.99037563;-2.903021948;[0];-97.0625
-78.99013283;-2.903021514;[0];-97.2500
-78.98989002;-2.90302108;[0];-97.5000
-78.98964722;-2.903020646;[0];-97.7500
-78.98940442;-2.903020212;[0];-98.0000
-78.98916162;-2.903019778;[0];-98.1875
-78.98891882;-2.903019344;[0];-98.4375
-78.98867602;-2.90301891;[0];-98.6250
-78.98843322;-2.903018476;[0];-98.8750
-78.98819042;-2.903018042;[0];-99.0625
-78.98794762;-2.903017607;[0];-99.2500
-78.98770482;-2.903017173;[0];-99.5000
-78.98746202;-2.903016738;[0];-99.6875
-78.98721922;-2.903016304;[0];-99.8750
-78.98697642;-2.903015869;[0];-100.0625
-78.98673362;-2.903015435;[0];-100.3125
-78.98649082;-2.903015;[0];-100.5000
-78.98624802;-2.903014566;[0];-100.6875
-78.98600521;-2.903014131;[0];-100.8750
-78.98576241;-2.903013696;[0];-101.0625
-78.98551961;-2.903013261;[0];-101.2500
-78.98527681;-2.903012826;[0];-101.4375
-78.98503401;-2.903012391;[0];-101.6250
-78.98479121;-2.903011956;[0];-101.8125
-78.98454841;-2.903011521;[0];-102.0000
-79.00858623;-2.902810215;[0];-101.8125
-79.00834343;-2.902809785;[0];-101.6250
-79.00810062;-2.902809355;[0];-101.3750
-79.00785782;-2.902808925;[0];-101.2500
-79.00761502;-2.902808495;[0];-101.1875
-79.00737221;-2.902808065;[0];-101.3125
-79.00712941;-2.902807635;[0];-101.5000
-79.00688661;-2.902807205;[0];-101.6250
-79.00421577;-2.902802469;[0];-98.6250
-79.00397297;-2.902802039;[0];-98.0000
-79.00373016;-2.902801608;[0];-100.1875
-79.00348736;-2.902801177;[0];-100.7500
-79.00324456;-2.902800746;[0];-100.6250
-79.00300176;-2.902800315;[0];-95.7500
-79.00275895;-2.902799884;[0];-90.5625
-79.00251615;-2.902799452;[0];-87.3125
-79.00227335;-2.902799021;[0];-85.4375
-79.00203055;-2.90279859;[0];-84.1250
-79.00178774;-2.902798159;[0];-83.5625
-79.00154494;-2.902797727;[0];-83.1875
-79.00130214;-2.902797296;[0];-83.1875
-79.00105933;-2.902796864;[0];-83.1875
-79.00081653;-2.902796433;[0];-83.2500
-79.00057373;-2.902796001;[0];-83.5625
-79.00033093;-2.90279557;[0];-83.8125
-79.00008812;-2.902795138;[0];-84.1250
-78.99984532;-2.902794706;[0];-84.4375
-78.99960252;-2.902794275;[0];-84.7500
-78.99935972;-2.902793843;[0];-85.1875
-78.99911692;-2.902793411;[0];-85.6250
-78.99887411;-2.902792979;[0];-86.0000
-78.99863131;-2.902792547;[0];-86.4375
-78.99838851;-2.902792115;[0];-86.8125
-78.99814571;-2.902791683;[0];-87.1875
-78.99790290;-2.902791251;[0];-87.5625
-78.99766010;-2.902790819;[0];-87.9375
-78.9974173;-2.902790386;[0];-88.3750
-78.99717450;-2.902789954;[0];-88.7500
-78.99693170;-2.902789522;[0];-89.1250
-78.99668889;-2.902789089;[0];-89.5000
-78.99644609;-2.902788657;[0];-89.8125
-78.99620329;-2.902788224;[0];-90.1875
-78.99596049;-2.902787792;[0];-90.6250
-78.99571769;-2.902787359;[0];-90.9375
-78.99547489;-2.902786927;[0];-91.3125
-78.99523208;-2.902786494;[0];-91.6250
-78.99498928;-2.902786061;[0];-92.0000
-78.99474648;-2.902785628;[0];-92.3125
-78.99450368;-2.902785195;[0];-92.6250
-78.99426088;-2.902784762;[0];-92.9375
-78.99401808;-2.902784329;[0];-93.2500
-78.99377527;-2.902783896;[0];-93.5625
-78.99353247;-2.902783463;[0];-93.8125
-78.99328967;-2.90278303;[0];-94.1250
-78.99304687;-2.902782597;[0];-94.4375
-78.99280407;-2.902782164;[0];-94.6875
-78.99256127;-2.902781731;[0];-95.0000
-78.99231847;-2.902781297;[0];-95.2500
-78.99207567;-2.902780864;[0];-95.5625
-78.99183286;-2.90278043;[0];-95.8125
-78.99159006;-2.902779997;[0];-96.0625
-78.99134726;-2.902779563;[0];-96.3125
-78.99110446;-2.90277913;[0];-96.5625
-78.99086166;-2.902778696;[0];-96.7500
-78.99061886;-2.902778262;[0];-97.0000
-78.99037606;-2.902777829;[0];-97.2500
-78.99013326;-2.902777395;[0];-97.5000
-78.98989046;-2.902776961;[0];-97.6875
-78.98964766;-2.902776527;[0];-97.9375
-78.98940485;-2.902776093;[0];-98.1875
-78.98916205;-2.902775659;[0];-98.4375
-78.98891925;-2.902775225;[0];-98.6250
-78.98867645;-2.902774791;[0];-98.8750
-78.98843365;-2.902774357;[0];-99.0625
-78.98819085;-2.902773922;[0];-99.3125
-78.98794805;-2.902773488;[0];-99.5000
-78.98770525;-2.902773054;[0];-99.6875
-78.98746245;-2.902772619;[0];-99.9375
-78.98721965;-2.902772185;[0];-100.1250
-78.98697685;-2.90277175;[0];-100.3125
-78.98673405;-2.902771316;[0];-100.5000
-78.98649125;-2.902770881;[0];-100.7500
-78.98624845;-2.902770447;[0];-100.9375
-78.98600565;-2.902770012;[0];-101.1250
-78.98576285;-2.902769577;[0];-101.2500
-78.98552005;-2.902769142;[0];-101.4375
-78.98527725;-2.902768708;[0];-101.6250
-78.98503445;-2.902768273;[0];-101.8125
-78.98479165;-2.902767838;[0];-102.0000
-79.00324499;-2.902556624;[0];-97.5625
-79.00300218;-2.902556193;[0];-93.2500
-79.00275938;-2.902555762;[0];-90.0000
-79.00251658;-2.902555331;[0];-88.1250
-79.00227378;-2.9025549;[0];-86.6250
-79.00203097;-2.902554469;[0];-85.8125
-79.00178817;-2.902554038;[0];-84.9375
-79.00154537;-2.902553606;[0];-84.5625
-79.00130257;-2.902553175;[0];-84.5000
-79.00105976;-2.902552743;[0];-84.3750
-79.00081696;-2.902552312;[0];-84.4375
-79.00057416;-2.90255188;[0];-84.6875
-79.00033136;-2.902551449;[0];-84.8750
-79.00008855;-2.902551017;[0];-85.1250
-78.99984575;-2.902550586;[0];-85.5000
-78.99960295;-2.902550154;[0];-85.7500
-78.99936015;-2.902549722;[0];-86.0625
-78.99911735;-2.90254929;[0];-86.4375
-78.99887454;-2.902548858;[0];-86.8125
-78.99863174;-2.902548426;[0];-87.1250
-78.99838894;-2.902547994;[0];-87.5625
-78.99814614;-2.902547562;[0];-87.9375
-78.99790333;-2.90254713;[0];-88.2500
-78.99766053;-2.902546698;[0];-88.6250
-78.99741773;-2.902546266;[0];-88.9375
-78.99717493;-2.902545834;[0];-89.3125
-78.99693213;-2.902545401;[0];-89.6250
-78.99668933;-2.902544969;[0];-90.0000
-78.99644652;-2.902544537;[0];-90.3125
-78.99620372;-2.902544104;[0];-90.6875
-78.99596092;-2.902543672;[0];-91.0625
-78.99571812;-2.902543239;[0];-91.4375
-78.99547532;-2.902542806;[0];-91.7500
-78.99523251;-2.902542374;[0];-92.0625
-78.99498971;-2.902541941;[0];-92.3750
-78.99474691;-2.902541508;[0];-92.6875
-78.99450411;-2.902541075;[0];-93.0000
-78.99426131;-2.902540642;[0];-93.3125
-78.99401851;-2.902540209;[0];-93.6250
-78.99377571;-2.902539776;[0];-93.9375
-78.99353290;-2.902539343;[0];-94.1875
-78.99329010;-2.90253891;[0];-94.5000
-78.99304730;-2.902538477;[0];-94.7500
-78.9928045;-2.902538044;[0];-95.0000
-78.99256170;-2.902537611;[0];-95.2500
-78.99231890;-2.902537177;[0];-95.5625
-78.99207610;-2.902536744;[0];-95.8125
-78.99183330;-2.902536311;[0];-96.0625
-78.99159049;-2.902535877;[0];-96.3125
-78.99134769;-2.902535444;[0];-96.5625
-78.99110489;-2.90253501;[0];-96.8125
-78.99086209;-2.902534577;[0];-97.0625
-78.99061929;-2.902534143;[0];-97.3125
-78.99037649;-2.902533709;[0];-97.5625
-78.99013369;-2.902533275;[0];-97.8125
-78.98989089;-2.902532842;[0];-98.0000
-78.98964809;-2.902532408;[0];-98.2500
-78.98940529;-2.902531974;[0];-98.4375
-78.98916249;-2.90253154;[0];-98.6875
-78.98891968;-2.902531106;[0];-98.8750
-78.98867688;-2.902530672;[0];-99.0625
-78.98843408;-2.902530237;[0];-99.3125
-78.98819128;-2.902529803;[0];-99.5000
-78.98794848;-2.902529369;[0];-99.6875
-78.98770568;-2.902528935;[0];-99.8750
-78.98746288;-2.9025285;[0];-100.1250
-78.98722008;-2.902528066;[0];-100.3125
-78.98697728;-2.902527632;[0];-100.5000
-78.98673448;-2.902527197;[0];-100.6875
-78.98649168;-2.902526762;[0];-100.8750
-78.98624888;-2.902526328;[0];-101.0625
-78.98600608;-2.902525893;[0];-101.2500
-78.98576328;-2.902525458;[0];-101.4375
-78.98552048;-2.902525024;[0];-101.6250
-78.98527768;-2.902524589;[0];-101.8125
-78.98503488;-2.902524154;[0];-102.0000
-79.00591625;-2.90231724;[0];-101.8125
-79.00373102;-2.902313365;[0];-100.0625
-79.00348822;-2.902312934;[0];-97.0625
-79.00324542;-2.902312503;[0];-94.4375
-79.00300261;-2.902312072;[0];-92.0000
-79.00275981;-2.902311641;[0];-90.2500
-79.00251701;-2.90231121;[0];-88.7500
-79.00227421;-2.902310779;[0];-87.7500
-79.00203140;-2.902310348;[0];-87.1250
-79.0017886;-2.902309916;[0];-86.5625
-79.00154580;-2.902309485;[0];-86.2500
-79.00130300;-2.902309054;[0];-85.7500
-79.00106019;-2.902308622;[0];-85.5625
-79.00081739;-2.902308191;[0];-85.6875
-79.00057459;-2.902307759;[0];-85.7500
-79.00033179;-2.902307328;[0];-85.9375
-79.00008898;-2.902306896;[0];-86.1875
-78.99984618;-2.902306465;[0];-86.4375
-78.99960338;-2.902306033;[0];-86.6250
-78.99936058;-2.902305601;[0];-87.0000
-78.99911777;-2.902305169;[0];-87.3125
-78.99887497;-2.902304738;[0];-87.6250
-78.99863217;-2.902304306;[0];-87.9375
-78.99838937;-2.902303874;[0];-88.2500
-78.99814657;-2.902303442;[0];-88.5625
-78.99790376;-2.90230301;[0];-88.8750
-78.99766096;-2.902302578;[0];-89.2500
-78.99741816;-2.902302145;[0];-89.6250
-78.99717536;-2.902301713;[0];-89.9375
-78.99693256;-2.902301281;[0];-90.2500
-78.99668976;-2.902300849;[0];-90.5625
-78.99644695;-2.902300416;[0];-90.8750
-78.99620415;-2.902299984;[0];-91.2500
-78.99596135;-2.902299551;[0];-91.5625
-78.99571855;-2.902299119;[0];-91.8750
-78.99547575;-2.902298686;[0];-92.1250
-78.99523295;-2.902298253;[0];-92.4375
-78.99499014;-2.902297821;[0];-92.8125
-78.99474734;-2.902297388;[0];-93.1250
-78.99450454;-2.902296955;[0];-93.4375
-78.99426174;-2.902296522;[0];-93.6875
-78.99401894;-2.902296089;[0];-94.0000
-78.99377614;-2.902295657;[0];-94.2500
-78.99353333;-2.902295224;[0];-94.5000
-78.99329053;-2.90229479;[0];-94.8125
-78.99304773;-2.902294357;[0];-95.0625
-78.99280493;-2.902293924;[0];-95.3750
-78.99256213;-2.902293491;[0];-95.6250
-78.99231933;-2.902293058;[0];-95.8750
-78.99207653;-2.902292624;[0];-96.1250
-78.99183373;-2.902292191;[0];-96.3750
-78.99159093;-2.902291758;[0];-96.6250
-78.99134812;-2.902291324;[0];-96.8750
-78.99110532;-2.902290891;[0];-97.1250
-78.99086252;-2.902290457;[0];-97.3125
-78.99061972;-2.902290023;[0];-97.5625
-78.99037692;-2.90228959;[0];-97.7500
-78.99013412;-2.902289156;[0];-98.0000
-78.98989132;-2.902288722;[0];-98.2500
-78.98964852;-2.902288288;[0];-98.4375
-78.98940572;-2.902287854;[0];-98.6875
-78.98916292;-2.90228742;[0];-98.8750
-78.98892012;-2.902286986;[0];-99.1250
-78.98867732;-2.902286552;[0];-99.3125
-78.98843452;-2.902286118;[0];-99.5625
-78.98819171;-2.902285684;[0];-99.7500
-78.98794891;-2.90228525;[0];-99.9375
-78.98770611;-2.902284816;[0];-100.1875
-78.98746331;-2.902284381;[0];-100.3750
-78.98722051;-2.902283947;[0];-100.5625
-78.98697771;-2.902283513;[0];-100.7500
-78.98673491;-2.902283078;[0];-100.9375
-78.98649211;-2.902282644;[0];-101.1250
-78.98624931;-2.902282209;[0];-101.3125
-78.98600651;-2.902281774;[0];-101.4375
-78.98576371;-2.90228134;[0];-101.6250
-78.98552091;-2.902280905;[0];-101.8125
-78.98527811;-2.90228047;[0];-102.0000
-79.00640228;-2.902073979;[0];-101.8125
-79.00615948;-2.902073549;[0];-101.3125
-79.00591668;-2.902073118;[0];-101.5625
-79.00567387;-2.902072688;[0];-101.9375
-79.00445986;-2.902070535;[0];-101.5625
-79.00421706;-2.902070105;[0];-99.7500
-79.00397425;-2.902069674;[0];-97.9375
-79.00373145;-2.902069243;[0];-96.0625
-79.00348865;-2.902068812;[0];-94.3125
-79.00324584;-2.902068382;[0];-93.0000
-79.00300304;-2.902067951;[0];-91.7500
-79.00276024;-2.90206752;[0];-90.4375
-79.00251744;-2.902067089;[0];-89.5625
-79.00227463;-2.902066658;[0];-88.8125
-79.00203183;-2.902066226;[0];-88.1250
-79.00178903;-2.902065795;[0];-87.7500
-79.00154623;-2.902065364;[0];-87.5000
-79.00130342;-2.902064933;[0];-87.2500
-79.00106062;-2.902064501;[0];-86.7500
-79.00081782;-2.90206407;[0];-86.8125
-79.00057502;-2.902063638;[0];-86.8750
-79.00033222;-2.902063207;[0];-87.0625
-79.00008941;-2.902062775;[0];-87.1875
-78.99984661;-2.902062344;[0];-87.3125
-78.99960381;-2.902061912;[0];-87.6250
-78.99936101;-2.90206148;[0];-87.8750
-78.99911820;-2.902061049;[0];-88.1250
-78.99887540;-2.902060617;[0];-88.4375
-78.9986326;-2.902060185;[0];-88.7500
-78.99838980;-2.902059753;[0];-89.0625
-78.99814700;-2.902059321;[0];-89.3125
-78.99790419;-2.902058889;[0];-89.6250
-78.99766139;-2.902058457;[0];-89.9375
-78.99741859;-2.902058025;[0];-90.1875
-78.99717579;-2.902057593;[0];-90.5000
-78.99693299;-2.90205716;[0];-90.8125
-78.99669019;-2.902056728;[0];-91.1250
-78.99644738;-2.902056296;[0];-91.5000
-78.99620458;-2.902055863;[0];-91.8125
-78.99596178;-2.902055431;[0];-92.0625
-78.99571898;-2.902054998;[0];-92.3750
-78.99547618;-2.902054566;[0];-92.6875
-78.99523338;-2.902054133;[0];-92.9375
-78.99499057;-2.902053701;[0];-93.2500
-78.99474777;-2.902053268;[0];-93.5000
-78.99450497;-2.902052835;[0];-93.8125
-78.99426217;-2.902052402;[0];-94.0625
-78.99401937;-2.902051969;[0];-94.3125
-78.99377657;-2.902051537;[0];-94.6250
-78.99353377;-2.902051104;[0];-94.8750
-78.99329096;-2.902050671;[0];-95.1875
-78.99304816;-2.902050238;[0];-95.4375
-78.99280536;-2.902049804;[0];-95.6875
-78.99256256;-2.902049371;[0];-95.9375
-78.99231976;-2.902048938;[0];-96.1875
-78.99207696;-2.902048505;[0];-96.4375
-78.99183416;-2.902048071;[0];-96.6250
-78.99159136;-2.902047638;[0];-96.8750
-78.99134856;-2.902047205;[0];-97.1250
-78.99110575;-2.902046771;[0];-97.3750
-78.99086295;-2.902046337;[0];-97.6250
-78.99062015;-2.902045904;[0];-97.8750
-78.99037735;-2.90204547;[0];-98.0625
-78.99013455;-2.902045037;[0];-98.3125
-78.98989175;-2.902044603;[0];-98.5000
-78.98964895;-2.902044169;[0];-98.7500
-78.98940615;-2.902043735;[0];-98.9375
-78.98916335;-2.902043301;[0];-99.1250
-78.98892055;-2.902042867;[0];-99.3125
-78.98867775;-2.902042433;[0];-99.5625
-78.98843495;-2.902041999;[0];-99.7500
-78.98819215;-2.902041565;[0];-99.9375
-78.98794935;-2.902041131;[0];-100.1250
-78.98770655;-2.902040697;[0];-100.3125
-78.98746375;-2.902040262;[0];-100.5625
-78.98722095;-2.902039828;[0];-100.7500
-78.98697814;-2.902039394;[0];-100.9375
-78.98673534;-2.902038959;[0];-101.1250
-78.98649254;-2.902038525;[0];-101.3125
-78.98624974;-2.90203809;[0];-101.5000
-78.98600694;-2.902037656;[0];-101.6875
-78.98576414;-2.902037221;[0];-101.8750
-79.00664551;-2.901830287;[0];-102.0000
-79.00640271;-2.901829857;[0];-101.3750
-79.00615991;-2.901829427;[0];-101.4375
-79.00591710;-2.901828997;[0];-101.5000
-79.00470309;-2.901826844;[0];-100.8125
-79.00446029;-2.901826414;[0];-98.7500
-79.00421748;-2.901825983;[0];-97.1875
-79.00397468;-2.901825553;[0];-95.7500
-79.00373188;-2.901825122;[0];-94.5625
-79.00348908;-2.901824691;[0];-93.5625
-79.00324627;-2.90182426;[0];-92.5625
-79.00300347;-2.901823829;[0];-91.7500
-79.00276067;-2.901823398;[0];-91.0625
-79.00251787;-2.901822967;[0];-90.3750
-79.00227506;-2.901822536;[0];-89.6875
-79.00203226;-2.901822105;[0];-89.2500
-79.00178946;-2.901821674;[0];-88.8750
-79.00154666;-2.901821243;[0];-88.5625
-79.00130385;-2.901820812;[0];-88.3750
-79.00106105;-2.90182038;[0];-88.3125
-79.00081825;-2.901819949;[0];-88.3125
-79.00057545;-2.901819517;[0];-88.0000
-79.00033264;-2.901819086;[0];-88.0625
-79.00008984;-2.901818654;[0];-88.1250
-78.99984704;-2.901818223;[0];-88.3125
-78.99960424;-2.901817791;[0];-88.5000
-78.99936144;-2.90181736;[0];-88.7500
-78.99911863;-2.901816928;[0];-89.0000
-78.99887583;-2.901816496;[0];-89.2500
-78.99863303;-2.901816064;[0];-89.5000
-78.99839023;-2.901815632;[0];-89.7500
-78.99814743;-2.9018152;[0];-90.0000
-78.99790462;-2.901814768;[0];-90.3125
-78.99766182;-2.901814336;[0];-90.6250
-78.99741902;-2.901813904;[0];-90.8750
-78.99717622;-2.901813472;[0];-91.1250
-78.99693342;-2.90181304;[0];-91.4375
-78.99669062;-2.901812608;[0];-91.6875
-78.99644781;-2.901812175;[0];-92.0000
-78.99620501;-2.901811743;[0];-92.2500
-78.99596221;-2.901811311;[0];-92.5625
-78.99571941;-2.901810878;[0];-92.8750
-78.99547661;-2.901810446;[0];-93.1875
-78.99523381;-2.901810013;[0];-93.4375
-78.99499100;-2.90180958;[0];-93.7500
-78.99474820;-2.901809148;[0];-94.0000
-78.99450540;-2.901808715;[0];-94.2500
-78.9942626;-2.901808282;[0];-94.5000
-78.99401980;-2.901807849;[0];-94.7500
-78.99377700;-2.901807417;[0];-95.0000
-78.99353420;-2.901806984;[0];-95.2500
-78.99329140;-2.901806551;[0];-95.5000
-78.99304859;-2.901806118;[0];-95.7500
-78.99280579;-2.901805685;[0];-96.0000
-78.99256299;-2.901805251;[0];-96.2500
-78.99232019;-2.901804818;[0];-96.5000
-78.99207739;-2.901804385;[0];-96.7500
-78.99183459;-2.901803952;[0];-97.0000
-78.99159179;-2.901803518;[0];-97.2500
-78.99134899;-2.901803085;[0];-97.4375
-78.99110619;-2.901802651;[0];-97.6875
-78.99086339;-2.901802218;[0];-97.8750
-78.99062058;-2.901801784;[0];-98.1250
-78.99037778;-2.901801351;[0];-98.3125
-78.99013498;-2.901800917;[0];-98.5000
-78.98989218;-2.901800483;[0];-98.7500
-78.98964938;-2.90180005;[0];-98.9375
-78.98940658;-2.901799616;[0];-99.1875
-78.98916378;-2.901799182;[0];-99.3750
-78.98892098;-2.901798748;[0];-99.6250
-78.98867818;-2.901798314;[0];-99.8125
-78.98843538;-2.90179788;[0];-100.0000
-78.98819258;-2.901797446;[0];-100.1875
-78.98794978;-2.901797012;[0];-100.3750
-78.98770698;-2.901796578;[0];-100.5625
-78.98746418;-2.901796143;[0];-100.7500
-78.98722138;-2.901795709;[0];-100.9375
-78.98697858;-2.901795275;[0];-101.1250
-78.98673578;-2.90179484;[0];-101.3125
-78.98649298;-2.901794406;[0];-101.5000
-78.98625018;-2.901793971;[0];-101.6875
-78.98600738;-2.901793537;[0];-101.8750
-78.98576458;-2.901793102;[0];-102.0000
-79.00664594;-2.901586165;[0];-101.6875
-79.00640314;-2.901585735;[0];-101.7500
-79.00616034;-2.901585305;[0];-101.6250
-79.00591753;-2.901584875;[0];-102.0000
-79.00494632;-2.901583153;[0];-101.4375
-79.00470352;-2.901582723;[0];-99.3750
-79.00446072;-2.901582292;[0];-97.5000
-79.00421791;-2.901581862;[0];-96.1250
-79.00397511;-2.901581431;[0];-94.8750
-79.00373231;-2.901581;[0];-94.0000
-79.00348950;-2.90158057;[0];-93.3125
-79.00324670;-2.901580139;[0];-92.6250
-79.00300390;-2.901579708;[0];-92.1250
-79.00276110;-2.901579277;[0];-91.6250
-79.00251829;-2.901578846;[0];-91.1250
-79.00227549;-2.901578415;[0];-90.6250
-79.00203269;-2.901577984;[0];-90.2500
-79.00178989;-2.901577553;[0];-89.8750
-79.00154708;-2.901577122;[0];-89.6250
-79.00130428;-2.90157669;[0];-89.4375
-79.00106148;-2.901576259;[0];-89.4375
-79.00081868;-2.901575828;[0];-89.3750
-79.00057588;-2.901575396;[0];-89.3750
-79.00033307;-2.901574965;[0];-89.1250
-79.00009027;-2.901574534;[0];-89.1875
-78.99984747;-2.901574102;[0];-89.2500
-78.99960467;-2.90157367;[0];-89.3750
-78.99936187;-2.901573239;[0];-89.6250
-78.99911906;-2.901572807;[0];-89.8125
-78.99887626;-2.901572375;[0];-90.0000
-78.99863346;-2.901571944;[0];-90.2500
-78.99839066;-2.901571512;[0];-90.5625
-78.99814786;-2.90157108;[0];-90.7500
-78.99790505;-2.901570648;[0];-91.0000
-78.99766225;-2.901570216;[0];-91.1875
-78.99741945;-2.901569784;[0];-91.4375
-78.99717665;-2.901569352;[0];-91.7500
-78.99693385;-2.90156892;[0];-92.0625
-78.99669104;-2.901568487;[0];-92.3125
-78.99644824;-2.901568055;[0];-92.5625
-78.99620544;-2.901567623;[0];-92.8750
-78.99596264;-2.90156719;[0];-93.1250
-78.99571984;-2.901566758;[0];-93.3750
-78.99547704;-2.901566325;[0];-93.6250
-78.99523424;-2.901565893;[0];-93.8750
-78.99499143;-2.90156546;[0];-94.1250
-78.99474863;-2.901565028;[0];-94.4375
-78.99450583;-2.901564595;[0];-94.6875
-78.99426303;-2.901564162;[0];-95.0000
-78.99402023;-2.901563729;[0];-95.1875
-78.99377743;-2.901563297;[0];-95.4375
-78.99353463;-2.901562864;[0];-95.6875
-78.99329183;-2.901562431;[0];-95.9375
-78.99304902;-2.901561998;[0];-96.1875
-78.99280622;-2.901561565;[0];-96.3750
-78.99256342;-2.901561132;[0];-96.6250
-78.99232062;-2.901560698;[0];-96.8125
-78.99207782;-2.901560265;[0];-97.0625
-78.99183502;-2.901559832;[0];-97.2500
-78.99159222;-2.901559399;[0];-97.5000
-78.99134942;-2.901558965;[0];-97.7500
-78.99110662;-2.901558532;[0];-97.9375
-78.99086382;-2.901558098;[0];-98.1875
-78.99062102;-2.901557665;[0];-98.4375
-78.99037821;-2.901557231;[0];-98.6250
-78.99013541;-2.901556798;[0];-98.8125
-78.98989261;-2.901556364;[0];-99.0625
-78.98964981;-2.90155593;[0];-99.2500
-78.98940701;-2.901555497;[0];-99.4375
-78.98916421;-2.901555063;[0];-99.6250
-78.98892141;-2.901554629;[0];-99.8125
-78.98867861;-2.901554195;[0];-100.0000
-78.98843581;-2.901553761;[0];-100.1875
-78.98819301;-2.901553327;[0];-100.4375
-78.98795021;-2.901552893;[0];-100.6250
-78.98770741;-2.901552459;[0];-100.8125
-78.98746461;-2.901552024;[0];-101.0000
-78.98722181;-2.90155159;[0];-101.1875
-78.98697901;-2.901551156;[0];-101.3750
-78.98673621;-2.901550721;[0];-101.5625
-78.98649341;-2.901550287;[0];-101.7500
-78.98625061;-2.901549853;[0];-101.9375
-79.00640357;-2.901341613;[0];-102.0000
-79.00494675;-2.901339032;[0];-100.7500
-79.00470395;-2.901338601;[0];-98.8750
-79.00446114;-2.901338171;[0];-97.1875
-79.00421834;-2.90133774;[0];-96.0000
-79.00397554;-2.90133731;[0];-94.9375
-79.00373274;-2.901336879;[0];-94.1875
-79.00348993;-2.901336448;[0];-93.4375
-79.00324713;-2.901336017;[0];-93.0000
-79.00300433;-2.901335587;[0];-92.5625
-79.00276153;-2.901335156;[0];-92.1875
-79.00251872;-2.901334725;[0];-91.8750
-79.00227592;-2.901334294;[0];-91.5000
-79.00203312;-2.901333863;[0];-91.1250
-79.00179032;-2.901333432;[0];-90.8125
-79.00154751;-2.901333001;[0];-90.6250
-79.00130471;-2.901332569;[0];-90.5000
-79.00106191;-2.901332138;[0];-90.3750
-79.00081911;-2.901331707;[0];-90.3750
-79.00057630;-2.901331276;[0];-90.3750
-79.00033350;-2.901330844;[0];-90.3750
-79.0000907;-2.901330413;[0];-90.4375
-78.99984790;-2.901329981;[0];-90.1875
-78.99960510;-2.90132955;[0];-90.3750
-78.99936229;-2.901329118;[0];-90.4375
-78.99911949;-2.901328686;[0];-90.6250
-78.99887669;-2.901328255;[0];-90.8750
-78.99863389;-2.901327823;[0];-91.0625
-78.99839109;-2.901327391;[0];-91.1875
-78.99814828;-2.901326959;[0];-91.4375
-78.99790548;-2.901326527;[0];-91.6875
-78.99766268;-2.901326095;[0];-91.9375
-78.99741988;-2.901325663;[0];-92.1250
-78.99717708;-2.901325231;[0];-92.3750
-78.99693428;-2.901324799;[0];-92.6250
-78.99669147;-2.901324367;[0];-92.8750
-78.99644867;-2.901323935;[0];-93.1875
-78.99620587;-2.901323502;[0];-93.4375
-78.99596307;-2.90132307;[0];-93.6875
-78.99572027;-2.901322638;[0];-93.9375
-78.99547747;-2.901322205;[0];-94.1250
-78.99523467;-2.901321773;[0];-94.3750
-78.99499186;-2.90132134;[0];-94.6250
-78.99474906;-2.901320908;[0];-94.8750
-78.99450626;-2.901320475;[0];-95.1250
-78.99426346;-2.901320042;[0];-95.3125
-78.99402066;-2.901319609;[0];-95.5625
-78.99377786;-2.901319177;[0];-95.8750
-78.99353506;-2.901318744;[0];-96.1250
-78.99329226;-2.901318311;[0];-96.3750
-78.99304946;-2.901317878;[0];-96.5625
-78.99280665;-2.901317445;[0];-96.8125
-78.99256385;-2.901317012;[0];-97.0000
-78.99232105;-2.901316579;[0];-97.1875
-78.99207825;-2.901316146;[0];-97.4375
-78.99183545;-2.901315712;[0];-97.6250
-78.99159265;-2.901315279;[0];-97.8750
-78.99134985;-2.901314846;[0];-98.0625
-78.99110705;-2.901314412;[0];-98.2500
-78.99086425;-2.901313979;[0];-98.4375
-78.99062145;-2.901313545;[0];-98.6875
-78.99037865;-2.901313112;[0];-98.8750
-78.99013585;-2.901312678;[0];-99.0625
-78.98989305;-2.901312245;[0];-99.3125
-78.98965024;-2.901311811;[0];-99.5000
-78.98940744;-2.901311377;[0];-99.6875
-78.98916464;-2.901310943;[0];-99.9375
-78.98892184;-2.90131051;[0];-100.1250
-78.98867904;-2.901310076;[0];-100.3125
-78.98843624;-2.901309642;[0];-100.5000
-78.98819344;-2.901309208;[0];-100.6875
-78.98795064;-2.901308774;[0];-100.8750
-78.98770784;-2.901308339;[0];-101.0000
-78.98746504;-2.901307905;[0];-101.1875
-78.98722224;-2.901307471;[0];-101.3750
-78.98697944;-2.901307037;[0];-101.5625
-78.98673664;-2.901306603;[0];-101.7500
-78.98649384;-2.901306168;[0];-101.9375
-79.00518998;-2.90109534;[0];-101.9375
-79.00494718;-2.90109491;[0];-100.3750
-79.00470437;-2.90109448;[0];-98.6875
-79.00446157;-2.901094049;[0];-97.1250
-79.00421877;-2.901093619;[0];-96.0625
-79.00397597;-2.901093188;[0];-95.0625
-79.00373316;-2.901092757;[0];-94.3125
-79.00349036;-2.901092327;[0];-93.7500
-79.00324756;-2.901091896;[0];-93.4375
-79.00300476;-2.901091465;[0];-93.0000
-79.00276195;-2.901091034;[0];-92.7500
-79.00251915;-2.901090604;[0];-92.5000
-79.00227635;-2.901090173;[0];-92.2500
-79.00203355;-2.901089742;[0];-91.9375
-79.00179074;-2.901089311;[0];-91.7500
-79.00154794;-2.901088879;[0];-91.6250
-79.00130514;-2.901088448;[0];-91.5000
-79.00106234;-2.901088017;[0];-91.4375
-79.00081954;-2.901087586;[0];-91.3125
-79.00057673;-2.901087155;[0];-91.3125
-79.00033393;-2.901086723;[0];-91.3125
-79.00009113;-2.901086292;[0];-91.3750
-78.99984833;-2.90108586;[0];-91.4375
-78.99960553;-2.901085429;[0];-91.3750
-78.99936272;-2.901084997;[0];-91.3750
-78.99911992;-2.901084566;[0];-91.5000
-78.99887712;-2.901084134;[0];-91.6250
-78.99863432;-2.901083702;[0];-91.7500
-78.99839152;-2.90108327;[0];-92.0000
-78.99814871;-2.901082839;[0];-92.1875
-78.99790591;-2.901082407;[0];-92.3125
-78.99766311;-2.901081975;[0];-92.5000
-78.99742031;-2.901081543;[0];-92.7500
-78.99717751;-2.901081111;[0];-93.0000
-78.99693471;-2.901080679;[0];-93.2500
-78.99669190;-2.901080247;[0];-93.4375
-78.99644910;-2.901079814;[0];-93.6875
-78.99620630;-2.901079382;[0];-93.9375
-78.9959635;-2.90107895;[0];-94.1875
-78.99572070;-2.901078517;[0];-94.4375
-78.99547790;-2.901078085;[0];-94.6875
-78.99523510;-2.901077653;[0];-94.9375
-78.99499229;-2.90107722;[0];-95.1250
-78.99474949;-2.901076787;[0];-95.3750
-78.99450669;-2.901076355;[0];-95.5625
-78.99426389;-2.901075922;[0];-95.8125
-78.99402109;-2.901075489;[0];-96.0000
-78.99377829;-2.901075057;[0];-96.2500
-78.99353549;-2.901074624;[0];-96.4375
-78.99329269;-2.901074191;[0];-96.6875
-78.99304989;-2.901073758;[0];-96.8750
-78.99280708;-2.901073325;[0];-97.1250
-78.99256428;-2.901072892;[0];-97.3750
-78.99232148;-2.901072459;[0];-97.6250
-78.99207868;-2.901072026;[0];-97.8125
-78.99183588;-2.901071593;[0];-98.0000
-78.99159308;-2.901071159;[0];-98.1875
-78.99135028;-2.901070726;[0];-98.4375
-78.99110748;-2.901070293;[0];-98.6250
-78.99086468;-2.901069859;[0];-98.8125
-78.99062188;-2.901069426;[0];-99.0000
-78.99037908;-2.901068992;[0];-99.1875
-78.99013628;-2.901068559;[0];-99.3750
-78.98989348;-2.901068125;[0];-99.5625
-78.98965068;-2.901067692;[0];-99.7500
-78.98940788;-2.901067258;[0];-99.9375
-78.98916507;-2.901066824;[0];-100.1250
-78.98892227;-2.90106639;[0];-100.3125
-78.98867947;-2.901065956;[0];-100.5000
-78.98843667;-2.901065523;[0];-100.6875
-78.98819387;-2.901065089;[0];-100.8750
-78.98795107;-2.901064655;[0];-101.1250
-78.98770827;-2.90106422;[0];-101.3125
-78.98746547;-2.901063786;[0];-101.4375
-78.98722267;-2.901063352;[0];-101.6250
-78.98697987;-2.901062918;[0];-101.8125
-78.98673707;-2.901062484;[0];-102.0000
-79.00519041;-2.900851219;[0];-101.8750
-79.00494761;-2.900850788;[0];-100.3750
-79.00470480;-2.900850358;[0];-98.7500
-79.004462;-2.900849928;[0];-97.3750
-79.00421920;-2.900849497;[0];-96.3750
-79.00397639;-2.900849067;[0];-95.3750
-79.00373359;-2.900848636;[0];-94.7500
-79.00349079;-2.900848205;[0];-94.2500
-79.00324799;-2.900847775;[0];-93.9375
-79.00300518;-2.900847344;[0];-93.6250
-79.00276238;-2.900846913;[0];-93.4375
-79.00251958;-2.900846482;[0];-93.1875
-79.00227678;-2.900846051;[0];-93.0000
-79.00203398;-2.90084562;[0];-92.8125
-79.00179117;-2.900845189;[0];-92.6875
-79.00154837;-2.900844758;[0];-92.5000
-79.00130557;-2.900844327;[0];-92.4375
-79.00106277;-2.900843896;[0];-92.3125
-79.00081996;-2.900843465;[0];-92.2500
-79.00057716;-2.900843034;[0];-92.1875
-79.00033436;-2.900842602;[0];-92.1875
-79.00009156;-2.900842171;[0];-92.2500
-78.99984876;-2.900841739;[0];-92.3750
-78.99960595;-2.900841308;[0];-92.3750
-78.99936315;-2.900840876;[0];-92.5625
-78.99912035;-2.900840445;[0];-92.2500
-78.99887755;-2.900840013;[0];-92.4375
-78.99863475;-2.900839581;[0];-92.5625
-78.99839195;-2.90083915;[0];-92.6875
-78.99814914;-2.900838718;[0];-92.8125
-78.99790634;-2.900838286;[0];-93.0625
-78.99766354;-2.900837854;[0];-93.1875
-78.99742074;-2.900837422;[0];-93.3750
-78.99717794;-2.90083699;[0];-93.5625
-78.99693514;-2.900836558;[0];-93.8125
-78.99669233;-2.900836126;[0];-94.0625
-78.99644953;-2.900835694;[0];-94.3125
-78.99620673;-2.900835262;[0];-94.5000
-78.99596393;-2.900834829;[0];-94.6875
-78.99572113;-2.900834397;[0];-94.9375
-78.99547833;-2.900833965;[0];-95.1250
-78.99523553;-2.900833532;[0];-95.3750
-78.99499273;-2.9008331;[0];-95.6250
-78.99474992;-2.900832667;[0];-95.8750
-78.99450712;-2.900832235;[0];-96.0625
-78.99426432;-2.900831802;[0];-96.2500
-78.99402152;-2.900831369;[0];-96.5000
-78.99377872;-2.900830937;[0];-96.6875
-78.99353592;-2.900830504;[0];-96.8750
-78.99329312;-2.900830071;[0];-97.0625
-78.99305032;-2.900829638;[0];-97.3125
-78.99280752;-2.900829205;[0];-97.5000
-78.99256471;-2.900828772;[0];-97.6875
-78.99232191;-2.900828339;[0];-97.8750
-78.99207911;-2.900827906;[0];-98.1250
-78.99183631;-2.900827473;[0];-98.3125
-78.99159351;-2.90082704;[0];-98.5625
-78.99135071;-2.900826607;[0];-98.7500
-78.99110791;-2.900826173;[0];-98.9375
-78.99086511;-2.90082574;[0];-99.1250
-78.99062231;-2.900825306;[0];-99.3125
-78.99037951;-2.900824873;[0];-99.5000
-78.99013671;-2.900824439;[0];-99.6875
-78.98989391;-2.900824006;[0];-99.8750
-78.98965111;-2.900823572;[0];-100.0625
-78.98940831;-2.900823139;[0];-100.2500
-78.98916551;-2.900822705;[0];-100.4375
-78.98892271;-2.900822271;[0];-100.6250
-78.98867991;-2.900821837;[0];-100.7500
-78.98843711;-2.900821403;[0];-100.9375
-78.98819431;-2.900820969;[0];-101.1250
-78.98795151;-2.900820535;[0];-101.3125
-78.98770871;-2.900820101;[0];-101.5000
-78.98746590;-2.900819667;[0];-101.6875
-78.98722310;-2.900819233;[0];-101.8125
-78.98698030;-2.900818799;[0];-102.0000
-79.00519084;-2.900607097;[0];-101.8750
-79.00494803;-2.900606667;[0];-100.2500
-79.00470523;-2.900606236;[0];-98.8750
-79.00446243;-2.900605806;[0];-97.6250
-79.00421963;-2.900605376;[0];-96.6875
-79.00397682;-2.900604945;[0];-95.8125
-79.00373402;-2.900604515;[0];-95.2500
-79.00349122;-2.900604084;[0];-94.8125
-79.00324842;-2.900603653;[0];-94.5000
-79.00300561;-2.900603223;[0];-94.2500
-79.00276281;-2.900602792;[0];-93.9375
-79.00252001;-2.900602361;[0];-93.8125
-79.00227721;-2.90060193;[0];-93.6875
-79.00203440;-2.900601499;[0];-93.6875
-79.00179160;-2.900601068;[0];-93.5625
-79.00154880;-2.900600637;[0];-93.3750
-79.00130600;-2.900600206;[0];-93.2500
-79.00106320;-2.900599775;[0];-93.1875
-79.00082039;-2.900599344;[0];-93.0625
-79.00057759;-2.900598913;[0];-93.0625
-79.00033479;-2.900598481;[0];-93.0625
-79.00009199;-2.90059805;[0];-93.0625
-78.99984919;-2.900597619;[0];-93.1875
-78.99960638;-2.900597187;[0];-93.2500
-78.99936358;-2.900596756;[0];-93.3125
-78.99912078;-2.900596324;[0];-93.3750
-78.99887798;-2.900595892;[0];-93.3750
-78.99863518;-2.900595461;[0];-93.2500
-78.99839238;-2.900595029;[0];-93.4375
-78.99814957;-2.900594597;[0];-93.5625
-78.99790677;-2.900594166;[0];-93.6875
-78.99766397;-2.900593734;[0];-93.8125
-78.99742117;-2.900593302;[0];-94.0625
-78.99717837;-2.90059287;[0];-94.2500
-78.99693557;-2.900592438;[0];-94.4375
-78.99669276;-2.900592006;[0];-94.6250
-78.99644996;-2.900591574;[0];-94.8125
-78.99620716;-2.900591141;[0];-95.0625
-78.99596436;-2.900590709;[0];-95.2500
-78.99572156;-2.900590277;[0];-95.4375
-78.99547876;-2.900589845;[0];-95.6875
-78.99523596;-2.900589412;[0];-95.8750
-78.99499316;-2.90058898;[0];-96.0625
-78.99475035;-2.900588547;[0];-96.2500
-78.99450755;-2.900588115;[0];-96.5000
-78.99426475;-2.900587682;[0];-96.7500
-78.99402195;-2.900587249;[0];-96.9375
-78.99377915;-2.900586817;[0];-97.1250
-78.99353635;-2.900586384;[0];-97.3125
-78.99329355;-2.900585951;[0];-97.5000
-78.99305075;-2.900585518;[0];-97.6875
-78.99280795;-2.900585085;[0];-97.8750
-78.99256515;-2.900584652;[0];-98.0625
-78.99232234;-2.900584219;[0];-98.2500
-78.99207954;-2.900583786;[0];-98.4375
-78.99183674;-2.900583353;[0];-98.6250
-78.99159394;-2.90058292;[0];-98.8125
-78.99135114;-2.900582487;[0];-99.0625
-78.99110834;-2.900582054;[0];-99.2500
-78.99086554;-2.90058162;[0];-99.4375
-78.99062274;-2.900581187;[0];-99.6875
-78.99037994;-2.900580754;[0];-99.8750
-78.99013714;-2.90058032;[0];-100.0000
-78.98989434;-2.900579886;[0];-100.1875
-78.98965154;-2.900579453;[0];-100.3750
-78.98940874;-2.900579019;[0];-100.5625
-78.98916594;-2.900578586;[0];-100.7500
-78.98892314;-2.900578152;[0];-100.8750
-78.98868034;-2.900577718;[0];-101.0625
-78.98843754;-2.900577284;[0];-101.2500
-78.98819474;-2.90057685;[0];-101.4375
-78.98795194;-2.900576416;[0];-101.5625
-78.98770914;-2.900575982;[0];-101.7500
-78.98746634;-2.900575548;[0];-101.8750
-79.00519126;-2.900362975;[0];-101.8125
-79.00494846;-2.900362545;[0];-100.3750
-79.00470566;-2.900362115;[0];-99.1250
-79.00446286;-2.900361684;[0];-97.9375
-79.00422005;-2.900361254;[0];-97.0625
-79.00397725;-2.900360824;[0];-96.2500
-79.00373445;-2.900360393;[0];-95.7500
-79.00349165;-2.900359962;[0];-95.3125
-79.00324884;-2.900359532;[0];-95.0000
-79.00300604;-2.900359101;[0];-94.8750
-79.00276324;-2.90035867;[0];-94.6250
-79.00252044;-2.90035824;[0];-94.6250
-79.00227764;-2.900357809;[0];-94.5000
-79.00203483;-2.900357378;[0];-94.3750
-79.00179203;-2.900356947;[0];-94.2500
-79.00154923;-2.900356516;[0];-94.1875
-79.00130643;-2.900356085;[0];-94.0625
-79.00106362;-2.900355654;[0];-94.0000
-79.00082082;-2.900355223;[0];-93.9375
-79.00057802;-2.900354792;[0];-93.8750
-79.00033522;-2.90035436;[0];-93.9375
-79.00009242;-2.900353929;[0];-93.9375
-78.99984961;-2.900353498;[0];-93.9375
-78.99960681;-2.900353066;[0];-94.0625
-78.99936401;-2.900352635;[0];-94.0625
-78.99912121;-2.900352203;[0];-94.1875
-78.99887841;-2.900351772;[0];-94.2500
-78.99863561;-2.90035134;[0];-94.3750
-78.99839280;-2.900350908;[0];-94.1250
-78.99815000;-2.900350477;[0];-94.2500
-78.99790720;-2.900350045;[0];-94.3750
-78.99766440;-2.900349613;[0];-94.5000
-78.99742160;-2.900349181;[0];-94.6250
-78.99717880;-2.900348749;[0];-94.8125
-78.99693600;-2.900348317;[0];-95.0625
-78.99669319;-2.900347885;[0];-95.1875
-78.99645039;-2.900347453;[0];-95.3750
-78.99620759;-2.900347021;[0];-95.5625
-78.99596479;-2.900346589;[0];-95.7500
-78.99572199;-2.900346157;[0];-96.0000
-78.99547919;-2.900345724;[0];-96.1875
-78.99523639;-2.900345292;[0];-96.3750
-78.99499359;-2.90034486;[0];-96.5625
-78.99475078;-2.900344427;[0];-96.7500
-78.99450798;-2.900343995;[0];-96.9375
-78.99426518;-2.900343562;[0];-97.1250
-78.99402238;-2.900343129;[0];-97.3125
-78.99377958;-2.900342697;[0];-97.5625
-78.99353678;-2.900342264;[0];-97.7500
-78.99329398;-2.900341831;[0];-97.9375
-78.99305118;-2.900341399;[0];-98.1250
-78.99280838;-2.900340966;[0];-98.3125
-78.99256558;-2.900340533;[0];-98.5000
-78.99232278;-2.9003401;[0];-98.6875
-78.99207997;-2.900339667;[0];-98.8750
-78.99183717;-2.900339234;[0];-99.0000
-78.99159437;-2.9003388;[0];-99.1875
-78.99135157;-2.900338367;[0];-99.3750
-78.99110877;-2.900337934;[0];-99.5625
-78.99086597;-2.900337501;[0];-99.7500
-78.99062317;-2.900337067;[0];-99.9375
-78.99038037;-2.900336634;[0];-100.1250
-78.99013757;-2.900336201;[0];-100.3125
-78.98989477;-2.900335767;[0];-100.5000
-78.98965197;-2.900335334;[0];-100.6875
-78.98940917;-2.9003349;[0];-100.8750
-78.98916637;-2.900334466;[0];-101.0625
-78.98892357;-2.900334033;[0];-101.1875
-78.98868077;-2.900333599;[0];-101.3750
-78.98843797;-2.900333165;[0];-101.5000
-78.98819517;-2.900332731;[0];-101.6875
-78.98795237;-2.900332297;[0];-101.8750
-78.98770957;-2.900331863;[0];-102.0000
-79.00494889;-2.900118423;[0];-100.6875
-79.00470609;-2.900117993;[0];-99.5000
-79.00446328;-2.900117563;[0];-98.4375
-79.00422048;-2.900117132;[0];-97.6250
-79.00397768;-2.900116702;[0];-96.8750
-79.00373488;-2.900116272;[0];-96.3750
-79.00349207;-2.900115841;[0];-96.0000
-79.00324927;-2.90011541;[0];-95.6250
-79.00300647;-2.90011498;[0];-95.5000
-79.00276367;-2.900114549;[0];-95.3750
-79.00252087;-2.900114118;[0];-95.1875
-79.00227806;-2.900113688;[0];-95.1250
-79.00203526;-2.900113257;[0];-95.0000
-79.00179246;-2.900112826;[0];-95.0625
-79.00154966;-2.900112395;[0];-94.9375
-79.00130686;-2.900111964;[0];-94.8750
-79.00106405;-2.900111533;[0];-94.7500
-79.00082125;-2.900111102;[0];-94.7500
-79.00057845;-2.900110671;[0];-94.7500
-79.00033565;-2.900110239;[0];-94.6875
-79.00009285;-2.900109808;[0];-94.7500
-78.99985004;-2.900109377;[0];-94.6875
-78.99960724;-2.900108945;[0];-94.7500
-78.99936444;-2.900108514;[0];-94.8125
-78.99912164;-2.900108083;[0];-94.8750
-78.99887884;-2.900107651;[0];-95.0000
-78.99863604;-2.900107219;[0];-95.0625
-78.99839323;-2.900106788;[0];-95.1250
-78.99815043;-2.900106356;[0];-95.1875
-78.99790763;-2.900105924;[0];-95.0000
-78.99766483;-2.900105493;[0];-95.1875
-78.99742203;-2.900105061;[0];-95.3125
-78.99717923;-2.900104629;[0];-95.4375
-78.99693643;-2.900104197;[0];-95.5625
-78.99669362;-2.900103765;[0];-95.8125
-78.99645082;-2.900103333;[0];-96.0000
-78.99620802;-2.900102901;[0];-96.1250
-78.99596522;-2.900102469;[0];-96.3125
-78.99572242;-2.900102036;[0];-96.4375
-78.99547962;-2.900101604;[0];-96.6250
-78.99523682;-2.900101172;[0];-96.8125
-78.99499402;-2.900100739;[0];-97.0625
-78.99475121;-2.900100307;[0];-97.2500
-78.99450841;-2.900099875;[0];-97.3750
-78.99426561;-2.900099442;[0];-97.5625
-78.99402281;-2.900099009;[0];-97.7500
-78.99378001;-2.900098577;[0];-97.9375
-78.99353721;-2.900098144;[0];-98.1250
-78.99329441;-2.900097711;[0];-98.3125
-78.99305161;-2.900097279;[0];-98.5000
-78.99280881;-2.900096846;[0];-98.6875
-78.99256601;-2.900096413;[0];-98.8750
-78.99232321;-2.90009598;[0];-99.0625
-78.99208041;-2.900095547;[0];-99.2500
-78.99183760;-2.900095114;[0];-99.3750
-78.99159480;-2.900094681;[0];-99.5625
-78.99135200;-2.900094248;[0];-99.7500
-78.99110920;-2.900093815;[0];-99.9375
-78.99086640;-2.900093381;[0];-100.0625
-78.99062360;-2.900092948;[0];-100.2500
-78.99038080;-2.900092515;[0];-100.4375
-78.99013800;-2.900092081;[0];-100.5625
-78.98989520;-2.900091648;[0];-100.7500
-78.9896524;-2.900091214;[0];-100.9375
-78.9894096;-2.900090781;[0];-101.1250
-78.9891668;-2.900090347;[0];-101.3125
-78.988924;-2.900089913;[0];-101.4375
-78.9886812;-2.90008948;[0];-101.6250
-78.9884384;-2.900089046;[0];-101.8125
-78.9881956;-2.900088612;[0];-102.0000
-79.00494932;-2.899874302;[0];-101.0000
-79.00470651;-2.899873872;[0];-99.9375
-79.00446371;-2.899873441;[0];-98.9375
-79.00422091;-2.899873011;[0];-98.1875
-79.00397811;-2.899872581;[0];-97.5000
-79.00373531;-2.89987215;[0];-97.0000
-79.00349250;-2.89987172;[0];-96.6875
-79.0032497;-2.899871289;[0];-96.2500
-79.00300690;-2.899870858;[0];-96.1875
-79.00276410;-2.899870428;[0];-96.0625
-79.00252129;-2.899869997;[0];-95.8125
-79.00227849;-2.899869566;[0];-95.8750
-79.00203569;-2.899869136;[0];-95.7500
-79.00179289;-2.899868705;[0];-95.6875
-79.00155009;-2.899868274;[0];-95.6250
-79.00130728;-2.899867843;[0];-95.6250
-79.00106448;-2.899867412;[0];-95.5625
-79.00082168;-2.899866981;[0];-95.5000
-79.00057888;-2.89986655;[0];-95.5000
-79.00033608;-2.899866118;[0];-95.5000
-79.00009327;-2.899865687;[0];-95.4375
-78.99985047;-2.899865256;[0];-95.5000
-78.99960767;-2.899864825;[0];-95.5000
-78.99936487;-2.899864393;[0];-95.5000
-78.99912207;-2.899863962;[0];-95.5625
-78.99887927;-2.89986353;[0];-95.6875
-78.99863646;-2.899863099;[0];-95.7500
-78.99839366;-2.899862667;[0];-95.8125
-78.99815086;-2.899862235;[0];-95.8750
-78.99790806;-2.899861804;[0];-96.0625
-78.99766526;-2.899861372;[0];-95.9375
-78.99742246;-2.89986094;[0];-95.9375
-78.99717966;-2.899860508;[0];-96.0625
-78.99693685;-2.899860076;[0];-96.1875
-78.99669405;-2.899859644;[0];-96.3125
-78.99645125;-2.899859212;[0];-96.5000
-78.99620845;-2.89985878;[0];-96.6875
-78.99596565;-2.899858348;[0];-96.8750
-78.99572285;-2.899857916;[0];-97.0000
-78.99548005;-2.899857484;[0];-97.1250
-78.99523725;-2.899857052;[0];-97.3125
-78.99499445;-2.899856619;[0];-97.4375
-78.99475164;-2.899856187;[0];-97.6250
-78.99450884;-2.899855754;[0];-97.8750
-78.99426604;-2.899855322;[0];-98.0625
-78.99402324;-2.899854889;[0];-98.1875
-78.99378044;-2.899854457;[0];-98.3750
-78.99353764;-2.899854024;[0];-98.5625
-78.99329484;-2.899853592;[0];-98.6875
-78.99305204;-2.899853159;[0];-98.8750
-78.99280924;-2.899852726;[0];-99.0000
-78.99256644;-2.899852293;[0];-99.2500
-78.99232364;-2.89985186;[0];-99.4375
-78.99208084;-2.899851427;[0];-99.6250
-78.99183804;-2.899850994;[0];-99.7500
-78.99159523;-2.899850561;[0];-99.9375
-78.99135243;-2.899850128;[0];-100.1250
-78.99110963;-2.899849695;[0];-100.2500
-78.99086683;-2.899849262;[0];-100.4375
-78.99062403;-2.899848828;[0];-100.5625
-78.99038123;-2.899848395;[0];-100.7500
-78.99013843;-2.899847962;[0];-100.9375
-78.98989563;-2.899847528;[0];-101.0625
-78.98965283;-2.899847095;[0];-101.2500
-78.98941003;-2.899846661;[0];-101.3750
-78.98916723;-2.899846228;[0];-101.5625
-78.98892443;-2.899845794;[0];-101.6875
-78.98868163;-2.89984536;[0];-101.8750
-79.00494975;-2.89963018;[0];-101.3750
-79.00470694;-2.89962975;[0];-100.3125
-79.00446414;-2.89962932;[0];-99.3750
-79.00422134;-2.899628889;[0];-98.7500
-79.00397854;-2.899628459;[0];-98.1250
-79.00373573;-2.899628029;[0];-97.5625
-79.00349293;-2.899627598;[0];-97.1875
-79.00325013;-2.899627168;[0];-96.9375
-79.00300733;-2.899626737;[0];-96.7500
-79.00276452;-2.899626306;[0];-96.6250
-79.00252172;-2.899625876;[0];-96.5000
-79.00227892;-2.899625445;[0];-96.4375
-79.00203612;-2.899625014;[0];-96.3750
-79.00179332;-2.899624583;[0];-96.3125
-79.00155051;-2.899624153;[0];-96.3750
-79.00130771;-2.899623722;[0];-96.3125
-79.00106491;-2.899623291;[0];-96.3125
-79.00082211;-2.89962286;[0];-96.2500
-79.00057931;-2.899622429;[0];-96.1875
-79.00033651;-2.899621997;[0];-96.1875
-79.00009370;-2.899621566;[0];-96.1875
-78.99985090;-2.899621135;[0];-96.1875
-78.9996081;-2.899620704;[0];-96.1875
-78.99936530;-2.899620272;[0];-96.1875
-78.99912250;-2.899619841;[0];-96.2500
-78.99887970;-2.899619409;[0];-96.3125
-78.99863689;-2.899618978;[0];-96.4375
-78.99839409;-2.899618546;[0];-96.4375
-78.99815129;-2.899618115;[0];-96.6250
-78.99790849;-2.899617683;[0];-96.6875
-78.99766569;-2.899617251;[0];-96.7500
-78.99742289;-2.89961682;[0];-96.8750
-78.99718009;-2.899616388;[0];-96.6250
-78.99693728;-2.899615956;[0];-96.8125
-78.99669448;-2.899615524;[0];-96.9375
-78.99645168;-2.899615092;[0];-97.0625
-78.99620888;-2.89961466;[0];-97.1875
-78.99596608;-2.899614228;[0];-97.3125
-78.99572328;-2.899613796;[0];-97.5000
-78.99548048;-2.899613364;[0];-97.6875
-78.99523768;-2.899612931;[0];-97.8125
-78.99499488;-2.899612499;[0];-97.9375
-78.99475207;-2.899612067;[0];-98.1250
-78.99450927;-2.899611634;[0];-98.2500
-78.99426647;-2.899611202;[0];-98.4375
-78.99402367;-2.899610769;[0];-98.6250
-78.99378087;-2.899610337;[0];-98.8125
-78.99353807;-2.899609904;[0];-99.0000
-78.99329527;-2.899609472;[0];-99.1250
-78.99305247;-2.899609039;[0];-99.2500
-78.99280967;-2.899608606;[0];-99.4375
-78.99256687;-2.899608173;[0];-99.5625
-78.99232407;-2.89960774;[0];-99.7500
-78.99208127;-2.899607308;[0];-99.9375
-78.99183847;-2.899606875;[0];-100.1250
-78.99159567;-2.899606442;[0];-100.3125
-78.99135287;-2.899606008;[0];-100.4375
-78.99111006;-2.899605575;[0];-100.6250
-78.99086726;-2.899605142;[0];-100.7500
-78.99062446;-2.899604709;[0];-100.9375
-78.99038166;-2.899604276;[0];-101.0625
-78.99013886;-2.899603842;[0];-101.2500
-78.98989606;-2.899603409;[0];-101.3750
-78.98965326;-2.899602976;[0];-101.5625
-78.98941046;-2.899602542;[0];-101.6875
-78.98916766;-2.899602108;[0];-101.8750
-78.98892486;-2.899601675;[0];-102.0000
-79.00495017;-2.899386059;[0];-101.7500
-79.00470737;-2.899385628;[0];-100.6875
-79.00446457;-2.899385198;[0];-99.8750
-79.00422177;-2.899384768;[0];-99.2500
-79.00397896;-2.899384338;[0];-98.6875
-79.00373616;-2.899383907;[0];-98.1250
-79.00349336;-2.899383477;[0];-97.7500
-79.00325056;-2.899383046;[0];-97.5625
-79.00300775;-2.899382616;[0];-97.3125
-79.00276495;-2.899382185;[0];-97.1875
-79.00252215;-2.899381755;[0];-97.1250
-79.00227935;-2.899381324;[0];-97.0000
-79.00203655;-2.899380893;[0];-97.0625
-79.00179374;-2.899380462;[0];-97.0000
-79.00155094;-2.899380031;[0];-96.9375
-79.00130814;-2.899379601;[0];-97.0625
-79.00106534;-2.89937917;[0];-96.9375
-79.00082254;-2.899378739;[0];-96.9375
-79.00057974;-2.899378308;[0];-96.8750
-79.00033693;-2.899377876;[0];-96.8750
-79.00009413;-2.899377445;[0];-96.8750
-78.99985133;-2.899377014;[0];-96.9375
-78.99960853;-2.899376583;[0];-96.8750
-78.99936573;-2.899376152;[0];-96.9375
-78.99912293;-2.89937572;[0];-96.9375
-78.99888012;-2.899375289;[0];-97.0000
-78.99863732;-2.899374857;[0];-97.0000
-78.99839452;-2.899374426;[0];-97.1250
-78.99815172;-2.899373994;[0];-97.1875
-78.99790892;-2.899373563;[0];-97.3125
-78.99766612;-2.899373131;[0];-97.3750
-78.99742332;-2.899372699;[0];-97.5000
-78.99718052;-2.899372267;[0];-97.6250
-78.99693771;-2.899371836;[0];-97.5625
-78.99669491;-2.899371404;[0];-97.5000
-78.99645211;-2.899370972;[0];-97.6250
-78.99620931;-2.89937054;[0];-97.7500
-78.99596651;-2.899370108;[0];-97.8750
-78.99572371;-2.899369676;[0];-98.0000
-78.99548091;-2.899369243;[0];-98.1250
-78.99523811;-2.899368811;[0];-98.3125
-78.99499531;-2.899368379;[0];-98.5000
-78.99475250;-2.899367947;[0];-98.6250
-78.99450970;-2.899367514;[0];-98.7500
-78.99426690;-2.899367082;[0];-98.8750
-78.99402410;-2.899366649;[0];-99.0000
-78.99378130;-2.899366217;[0];-99.1875
-78.9935385;-2.899365784;[0];-99.3750
-78.99329570;-2.899365352;[0];-99.5625
-78.99305290;-2.899364919;[0];-99.6875
-78.99281010;-2.899364486;[0];-99.8125
-78.99256730;-2.899364054;[0];-100.0000
-78.99232450;-2.899363621;[0];-100.1250
-78.99208170;-2.899363188;[0];-100.3125
-78.99183890;-2.899362755;[0];-100.4375
-78.99159610;-2.899362322;[0];-100.5625
-78.99135330;-2.899361889;[0];-100.7500
-78.99111050;-2.899361456;[0];-100.9375
-78.99086770;-2.899361023;[0];-101.1250
-78.99062490;-2.899360589;[0];-101.2500
-78.99038209;-2.899360156;[0];-101.4375
-78.99013929;-2.899359723;[0];-101.5625
-78.98989649;-2.89935929;[0];-101.7500
-78.98965369;-2.899358856;[0];-101.8750
-78.98941089;-2.899358423;[0];-102.0000
-79.00470780;-2.899141507;[0];-101.1250
-79.00446500;-2.899141077;[0];-100.3750
-79.00422219;-2.899140646;[0];-99.8125
-79.00397939;-2.899140216;[0];-99.2500
-79.00373659;-2.899139786;[0];-98.7500
-79.00349379;-2.899139355;[0];-98.3750
-79.00325099;-2.899138925;[0];-98.1250
-79.00300818;-2.899138494;[0];-97.9375
-79.00276538;-2.899138064;[0];-97.8750
-79.00252258;-2.899137633;[0];-97.8125
-79.00227978;-2.899137203;[0];-97.6250
-79.00203698;-2.899136772;[0];-97.6875
-79.00179417;-2.899136341;[0];-97.6250
-79.00155137;-2.89913591;[0];-97.6250
-79.00130857;-2.899135479;[0];-97.6250
-79.00106577;-2.899135049;[0];-97.6250
-79.00082297;-2.899134618;[0];-97.6250
-79.00058016;-2.899134187;[0];-97.5625
-79.00033736;-2.899133756;[0];-97.5625
-79.00009456;-2.899133324;[0];-97.5625
-78.99985176;-2.899132893;[0];-97.5625
-78.99960896;-2.899132462;[0];-97.5625
-78.99936616;-2.899132031;[0];-97.5000
-78.99912336;-2.899131599;[0];-97.5625
-78.99888055;-2.899131168;[0];-97.5625
-78.99863775;-2.899130737;[0];-97.6250
-78.99839495;-2.899130305;[0];-97.6875
-78.99815215;-2.899129874;[0];-97.8125
-78.99790935;-2.899129442;[0];-97.9375
-78.99766655;-2.89912901;[0];-98.0000
-78.99742375;-2.899128579;[0];-98.1250
-78.99718094;-2.899128147;[0];-98.1875
-78.99693814;-2.899127715;[0];-98.2500
-78.99669534;-2.899127283;[0];-98.4375
-78.99645254;-2.899126851;[0];-98.1875
-78.99620974;-2.899126419;[0];-98.2500
-78.99596694;-2.899125987;[0];-98.4375
-78.99572414;-2.899125555;[0];-98.5000
-78.99548134;-2.899125123;[0];-98.6250
-78.99523854;-2.899124691;[0];-98.7500
-78.99499574;-2.899124259;[0];-98.8750
-78.99475293;-2.899123827;[0];-99.0625
-78.99451013;-2.899123394;[0];-99.1875
-78.99426733;-2.899122962;[0];-99.3750
-78.99402453;-2.899122529;[0];-99.5000
-78.99378173;-2.899122097;[0];-99.6250
-78.99353893;-2.899121664;[0];-99.7500
-78.99329613;-2.899121232;[0];-99.8750
-78.99305333;-2.899120799;[0];-100.0625
-78.99281053;-2.899120366;[0];-100.2500
-78.99256773;-2.899119934;[0];-100.3750
-78.99232493;-2.899119501;[0];-100.5625
-78.99208213;-2.899119068;[0];-100.6875
-78.99183933;-2.899118635;[0];-100.8125
-78.99159653;-2.899118202;[0];-100.9375
-78.99135373;-2.899117769;[0];-101.1250
-78.99111093;-2.899117336;[0];-101.2500
-78.99086813;-2.899116903;[0];-101.3750
-78.99062533;-2.89911647;[0];-101.5625
-78.99038253;-2.899116037;[0];-101.6875
-78.99013973;-2.899115603;[0];-101.8750
-79.00470823;-2.898897385;[0];-101.5625
-79.00446542;-2.898896955;[0];-100.8750
-79.00422262;-2.898896525;[0];-100.3125
-79.00397982;-2.898896095;[0];-99.8125
-79.00373702;-2.898895664;[0];-99.3750
-79.00349422;-2.898895234;[0];-99.0000
-79.00325141;-2.898894803;[0];-98.7500
-79.00300861;-2.898894373;[0];-98.5000
-79.00276581;-2.898893943;[0];-98.5000
-79.00252301;-2.898893512;[0];-98.3750
-79.00228021;-2.898893081;[0];-98.3125
-79.00203740;-2.898892651;[0];-98.1875
-79.00179460;-2.89889222;[0];-98.2500
-79.0015518;-2.898891789;[0];-98.2500
-79.00130900;-2.898891358;[0];-98.1875
-79.00106620;-2.898890927;[0];-98.2500
-79.00082339;-2.898890497;[0];-98.1875
-79.00058059;-2.898890066;[0];-98.2500
-79.00033779;-2.898889635;[0];-98.1875
-79.00009499;-2.898889203;[0];-98.1875
-78.99985219;-2.898888772;[0];-98.1875
-78.99960939;-2.898888341;[0];-98.1875
-78.99936659;-2.89888791;[0];-98.1875
-78.99912378;-2.898887479;[0];-98.1875
-78.99888098;-2.898887047;[0];-98.2500
-78.99863818;-2.898886616;[0];-98.2500
-78.99839538;-2.898886184;[0];-98.3125
-78.99815258;-2.898885753;[0];-98.3750
-78.99790978;-2.898885321;[0];-98.4375
-78.99766698;-2.89888489;[0];-98.6250
-78.99742418;-2.898884458;[0];-98.6250
-78.99718137;-2.898884026;[0];-98.8125
-78.99693857;-2.898883595;[0];-98.8750
-78.99669577;-2.898883163;[0];-98.9375
-78.99645297;-2.898882731;[0];-99.0625
-78.99621017;-2.898882299;[0];-99.0000
-78.99596737;-2.898881867;[0];-98.8750
-78.99572457;-2.898881435;[0];-99.0625
-78.99548177;-2.898881003;[0];-99.1250
-78.99523897;-2.898880571;[0];-99.2500
-78.99499617;-2.898880139;[0];-99.3750
-78.99475336;-2.898879706;[0];-99.5000
-78.99451056;-2.898879274;[0];-99.6250
-78.99426776;-2.898878842;[0];-99.8125
-78.99402496;-2.898878409;[0];-99.9375
-78.99378216;-2.898877977;[0];-100.0625
-78.99353936;-2.898877544;[0];-100.1875
-78.99329656;-2.898877112;[0];-100.3125
-78.99305376;-2.898876679;[0];-100.4375
-78.99281096;-2.898876247;[0];-100.5625
-78.99256816;-2.898875814;[0];-100.7500
-78.99232536;-2.898875381;[0];-100.8750
-78.99208256;-2.898874948;[0];-101.0625
-78.99183976;-2.898874516;[0];-101.1875
-78.99159696;-2.898874083;[0];-101.3125
-78.99135416;-2.89887365;[0];-101.4375
-78.99111136;-2.898873217;[0];-101.5625
-78.99086856;-2.898872784;[0];-101.7500
-78.99062576;-2.89887235;[0];-101.8750
-78.99038296;-2.898871917;[0];-102.0000
-79.00446585;-2.898652833;[0];-101.3750
-79.00422305;-2.898652403;[0];-100.8750
-79.00398025;-2.898651973;[0];-100.3750
-79.00373745;-2.898651543;[0];-99.9375
-79.00349464;-2.898651112;[0];-99.6250
-79.00325184;-2.898650682;[0];-99.3750
-79.00300904;-2.898650252;[0];-99.1250
-79.00276624;-2.898649821;[0];-99.0000
-79.00252344;-2.898649391;[0];-98.9375
-79.00228063;-2.89864896;[0];-98.8750
-79.00203783;-2.898648529;[0];-98.7500
-79.00179503;-2.898648099;[0];-98.8750
-79.00155223;-2.898647668;[0];-98.8125
-79.00130943;-2.898647237;[0];-98.8125
-79.00106663;-2.898646806;[0];-98.8125
-79.00082382;-2.898646376;[0];-98.8750
-79.00058102;-2.898645945;[0];-98.8125
-79.00033822;-2.898645514;[0];-98.8125
-79.00009542;-2.898645083;[0];-98.7500
-78.99985262;-2.898644651;[0];-98.7500
-78.99960982;-2.89864422;[0];-98.7500
-78.99936701;-2.898643789;[0];-98.8125
-78.99912421;-2.898643358;[0];-98.8125
-78.99888141;-2.898642927;[0];-98.8125
-78.99863861;-2.898642495;[0];-98.8750
-78.99839581;-2.898642064;[0];-98.9375
-78.99815301;-2.898641632;[0];-99.0000
-78.99791021;-2.898641201;[0];-99.0000
-78.99766741;-2.898640769;[0];-99.1250
-78.99742460;-2.898640338;[0];-99.2500
-78.99718180;-2.898639906;[0];-99.3125
-78.99693900;-2.898639474;[0];-99.3750
-78.99669620;-2.898639042;[0];-99.5000
-78.9964534;-2.898638611;[0];-99.5625
-78.99621060;-2.898638179;[0];-99.6250
-78.99596780;-2.898637747;[0];-99.8125
-78.99572500;-2.898637315;[0];-99.5625
-78.99548220;-2.898636883;[0];-99.6250
-78.99523940;-2.898636451;[0];-99.7500
-78.99499660;-2.898636018;[0];-99.8750
-78.99475379;-2.898635586;[0];-99.9375
-78.99451099;-2.898635154;[0];-100.0625
-78.99426819;-2.898634722;[0];-100.1875
-78.99402539;-2.898634289;[0];-100.3125
-78.99378259;-2.898633857;[0];-100.5000
-78.99353979;-2.898633425;[0];-100.6250
-78.99329699;-2.898632992;[0];-100.7500
-78.99305419;-2.898632559;[0];-100.8750
-78.99281139;-2.898632127;[0];-100.9375
-78.99256859;-2.898631694;[0];-101.0625
-78.99232579;-2.898631261;[0];-101.1875
-78.99208299;-2.898630829;[0];-101.3750
-78.99184019;-2.898630396;[0];-101.5000
-78.99159739;-2.898629963;[0];-101.6875
-78.99135459;-2.89862953;[0];-101.8125
-78.99111179;-2.898629097;[0];-101.9375
-79.00446628;-2.898408712;[0];-101.8750
-79.00422348;-2.898408282;[0];-101.4375
-79.00398068;-2.898407852;[0];-100.9375
-79.00373787;-2.898407421;[0];-100.5000
-79.00349507;-2.898406991;[0];-100.1875
-79.00325227;-2.898406561;[0];-99.9375
-79.00300947;-2.89840613;[0];-99.7500
-79.00276667;-2.8984057;[0];-99.5625
-79.00252386;-2.898405269;[0];-99.5000
-79.00228106;-2.898404839;[0];-99.5625
-79.00203826;-2.898404408;[0];-99.3750
-79.00179546;-2.898403978;[0];-99.3750
-79.00155266;-2.898403547;[0];-99.3750
-79.00130986;-2.898403116;[0];-99.3750
-79.00106705;-2.898402685;[0];-99.3125
-79.00082425;-2.898402255;[0];-99.3750
-79.00058145;-2.898401824;[0];-99.3750
-79.00033865;-2.898401393;[0];-99.3750
-79.00009585;-2.898400962;[0];-99.3750
-78.99985305;-2.898400531;[0];-99.3750
-78.99961024;-2.898400099;[0];-99.3125
-78.99936744;-2.898399668;[0];-99.3750
-78.99912464;-2.898399237;[0];-99.3750
-78.99888184;-2.898398806;[0];-99.4375
-78.99863904;-2.898398374;[0];-99.4375
-78.99839624;-2.898397943;[0];-99.5000
-78.99815344;-2.898397512;[0];-99.5625
-78.99791064;-2.89839708;[0];-99.5625
-78.99766783;-2.898396649;[0];-99.6250
-78.99742503;-2.898396217;[0];-99.6875
-78.99718223;-2.898395785;[0];-99.8125
-78.99693943;-2.898395354;[0];-99.9375
-78.99669663;-2.898394922;[0];-100.0000
-78.99645383;-2.89839449;[0];-100.1250
-78.99621103;-2.898394058;[0];-100.1875
-78.99596823;-2.898393626;[0];-100.2500
-78.99572543;-2.898393194;[0];-100.3750
-78.99548263;-2.898392762;[0];-100.3750
-78.99523983;-2.89839233;[0];-100.1875
-78.99499702;-2.898391898;[0];-100.3125
-78.99475422;-2.898391466;[0];-100.4375
-78.99451142;-2.898391034;[0];-100.5000
-78.99426862;-2.898390602;[0];-100.6250
-78.99402582;-2.898390169;[0];-100.7500
-78.99378302;-2.898389737;[0];-100.8125
-78.99354022;-2.898389305;[0];-101.0000
-78.99329742;-2.898388872;[0];-101.1250
-78.99305462;-2.89838844;[0];-101.2500
-78.99281182;-2.898388007;[0];-101.3750
-78.99256902;-2.898387574;[0];-101.5000
-78.99232622;-2.898387142;[0];-101.6250
-78.99208342;-2.898386709;[0];-101.7500
-78.99184062;-2.898386276;[0];-101.8125
-78.99159782;-2.898385843;[0];-101.9375
-79.00422391;-2.89816416;[0];-101.9375
-79.00398110;-2.89816373;[0];-101.5000
-79.00373830;-2.8981633;[0];-101.0000
-79.00349550;-2.89816287;[0];-100.7500
-79.00325270;-2.898162439;[0];-100.4375
-79.00300990;-2.898162009;[0];-100.3125
-79.00276709;-2.898161579;[0];-100.1250
-79.00252429;-2.898161148;[0];-100.1250
-79.00228149;-2.898160718;[0];-100.0000
-79.00203869;-2.898160287;[0];-99.9375
-79.00179589;-2.898159856;[0];-99.8125
-79.00155309;-2.898159426;[0];-99.9375
-79.00131028;-2.898158995;[0];-99.8750
-79.00106748;-2.898158564;[0];-99.8750
-79.00082468;-2.898158133;[0];-99.8750
-79.00058188;-2.898157703;[0];-100.0000
-79.00033908;-2.898157272;[0];-99.9375
-79.00009628;-2.898156841;[0];-99.9375
-78.99985347;-2.89815641;[0];-99.9375
-78.99961067;-2.898155979;[0];-99.9375
-78.99936787;-2.898155547;[0];-99.9375
-78.99912507;-2.898155116;[0];-99.9375
-78.99888227;-2.898154685;[0];-100.0000
-78.99863947;-2.898154254;[0];-100.0625
-78.99839667;-2.898153822;[0];-100.0625
-78.99815387;-2.898153391;[0];-100.1250
-78.99791107;-2.89815296;[0];-100.1875
-78.99766826;-2.898152528;[0];-100.1875
-78.99742546;-2.898152097;[0];-100.2500
-78.99718266;-2.898151665;[0];-100.3125
-78.99693986;-2.898151233;[0];-100.4375
-78.99669706;-2.898150802;[0];-100.5000
-78.99645426;-2.89815037;[0];-100.5625
-78.99621146;-2.898149938;[0];-100.6875
-78.99596866;-2.898149506;[0];-100.7500
-78.99572586;-2.898149074;[0];-100.8125
-78.99548306;-2.898148642;[0];-100.8750
-78.99524026;-2.89814821;[0];-101.0625
-78.99499745;-2.898147778;[0];-100.8750
-78.99475465;-2.898147346;[0];-100.8125
-78.99451185;-2.898146914;[0];-101.0000
-78.99426905;-2.898146482;[0];-101.0625
-78.99402625;-2.898146049;[0];-101.1875
-78.99378345;-2.898145617;[0];-101.2500
-78.99354065;-2.898145185;[0];-101.3750
-78.99329785;-2.898144752;[0];-101.5000
-78.99305505;-2.89814432;[0];-101.6250
-78.99281225;-2.898143887;[0];-101.7500
-78.99256945;-2.898143455;[0];-101.8750
-78.99232665;-2.898143022;[0];-102.0000
-79.00398153;-2.897919609;[0];-102.0000
-79.00373873;-2.897919178;[0];-101.5625
-79.00349593;-2.897918748;[0];-101.2500
-79.00325313;-2.897918318;[0];-100.9375
-79.00301032;-2.897917888;[0];-100.8125
-79.00276752;-2.897917457;[0];-100.6250
-79.00252472;-2.897917027;[0];-100.6250
-79.00228192;-2.897916596;[0];-100.5000
-79.00203912;-2.897916166;[0];-100.5000
-79.00179632;-2.897915735;[0];-100.3750
-79.00155351;-2.897915305;[0];-100.4375
-79.00131071;-2.897914874;[0];-100.4375
-79.00106791;-2.897914443;[0];-100.4375
-79.00082511;-2.897914012;[0];-100.3750
-79.00058231;-2.897913582;[0];-100.4375
-79.00033951;-2.897913151;[0];-100.5000
-79.00009670;-2.89791272;[0];-100.4375
-78.99985390;-2.897912289;[0];-100.5000
-78.99961110;-2.897911858;[0];-100.5000
-78.9993683;-2.897911427;[0];-100.5000
-78.99912550;-2.897910995;[0];-100.5000
-78.99888270;-2.897910564;[0];-100.5625
-78.99863990;-2.897910133;[0];-100.5625
-78.99839710;-2.897909702;[0];-100.6250
-78.99815430;-2.89790927;[0];-100.6250
-78.99791149;-2.897908839;[0];-100.6875
-78.99766869;-2.897908408;[0];-100.7500
-78.99742589;-2.897907976;[0];-100.7500
-78.99718309;-2.897907544;[0];-100.8750
-78.99694029;-2.897907113;[0];-100.8750
-78.99669749;-2.897906681;[0];-101.0000
-78.99645469;-2.897906249;[0];-101.0625
-78.99621189;-2.897905818;[0];-101.1250
-78.99596909;-2.897905386;[0];-101.2500
-78.99572629;-2.897904954;[0];-101.3125
-78.99548349;-2.897904522;[0];-101.3750
-78.99524069;-2.89790409;[0];-101.4375
-78.99499788;-2.897903658;[0];-101.5625
-78.99475508;-2.897903226;[0];-101.5625
-78.99451228;-2.897902794;[0];-101.3750
-78.99426948;-2.897902362;[0];-101.5000
-78.99402668;-2.897901929;[0];-101.6250
-78.99378388;-2.897901497;[0];-101.6875
-78.99354108;-2.897901065;[0];-101.8125
-78.99329828;-2.897900632;[0];-101.8750
-78.99305548;-2.8979002;[0];-102.0000
-79.00373916;-2.897675057;[0];-102.0000
-79.00349636;-2.897674627;[0];-101.7500
-79.00325355;-2.897674196;[0];-101.5000
-79.00301075;-2.897673766;[0];-101.3750
-79.00276795;-2.897673336;[0];-101.1250
-79.00252515;-2.897672906;[0];-101.0625
-79.00228235;-2.897672475;[0];-101.0000
-79.00203955;-2.897672045;[0];-101.0625
-79.00179674;-2.897671614;[0];-100.9375
-79.00155394;-2.897671183;[0];-100.8750
-79.00131114;-2.897670753;[0];-101.0000
-79.00106834;-2.897670322;[0];-100.9375
-79.00082554;-2.897669891;[0];-100.9375
-79.00058274;-2.897669461;[0];-100.9375
-79.00033993;-2.89766903;[0];-101.0000
-79.00009713;-2.897668599;[0];-101.0000
-78.99985433;-2.897668168;[0];-101.0000
-78.99961153;-2.897667737;[0];-101.0625
-78.99936873;-2.897667306;[0];-101.0625
-78.99912593;-2.897666875;[0];-101.0625
-78.99888313;-2.897666444;[0];-101.0625
-78.99864033;-2.897666012;[0];-101.1250
-78.99839753;-2.897665581;[0];-101.1875
-78.99815472;-2.89766515;[0];-101.1875
-78.99791192;-2.897664718;[0];-101.1875
-78.99766912;-2.897664287;[0];-101.2500
-78.99742632;-2.897663855;[0];-101.3125
-78.99718352;-2.897663424;[0];-101.3125
-78.99694072;-2.897662992;[0];-101.4375
-78.99669792;-2.897662561;[0];-101.4375
-78.99645512;-2.897662129;[0];-101.5000
-78.99621232;-2.897661697;[0];-101.6250
-78.99596952;-2.897661266;[0];-101.6875
-78.99572672;-2.897660834;[0];-101.7500
-78.99548392;-2.897660402;[0];-101.8750
-78.99524111;-2.89765997;[0];-101.9375
-78.99499831;-2.897659538;[0];-102.0000
-78.99402711;-2.897657809;[0];-102.0000
-79.00325398;-2.897430075;[0];-102.0000
-79.00301118;-2.897429645;[0];-101.8750
-79.00276838;-2.897429215;[0];-101.6875
-79.00252558;-2.897428784;[0];-101.5625
-79.00228277;-2.897428354;[0];-101.5625
-79.00203997;-2.897427923;[0];-101.5000
-79.00179717;-2.897427493;[0];-101.4375
-79.00155437;-2.897427062;[0];-101.3125
-79.00131157;-2.897426632;[0];-101.4375
-79.00106877;-2.897426201;[0];-101.4375
-79.00082597;-2.89742577;[0];-101.4375
-79.00058316;-2.89742534;[0];-101.3750
-79.00034036;-2.897424909;[0];-101.5000
-79.00009756;-2.897424478;[0];-101.5625
-78.99985476;-2.897424047;[0];-101.5000
-78.99961196;-2.897423616;[0];-101.6250
-78.99936916;-2.897423185;[0];-101.5625
-78.99912636;-2.897422754;[0];-101.5625
-78.99888356;-2.897422323;[0];-101.6250
-78.99864076;-2.897421892;[0];-101.6250
-78.99839795;-2.89742146;[0];-101.6875
-78.99815515;-2.897421029;[0];-101.6875
-78.99791235;-2.897420598;[0];-101.7500
-78.99766955;-2.897420166;[0];-101.7500
-78.99742675;-2.897419735;[0];-101.8125
-78.99718395;-2.897419303;[0];-101.8750
-78.99694115;-2.897418872;[0];-101.8750
-78.99669835;-2.89741844;[0];-101.9375
-78.99645555;-2.897418009;[0];-101.9375
-79.00204040;-2.897183802;[0];-101.9375
-79.00179760;-2.897183372;[0];-101.9375
-79.00155480;-2.897182941;[0];-101.8750
-79.00131200;-2.897182511;[0];-101.8125
-79.00106920;-2.89718208;[0];-101.9375
-79.00082639;-2.897181649;[0];-101.9375
-79.00058359;-2.897181219;[0];-101.9375
-79.00034079;-2.897180788;[0];-101.9375
-79.00009799;-2.897180357;[0];-102.0000